{"referenceId":null,"name":"RadioButtonsWidgetForm","description":"","editorJson":{"tabs":[],"fields":[{"fieldType":"ContainerRepresentation","id":"1524473661115","name":"Label","type":"container","value":null,"required":false,"readOnly":false,"overrideId":false,"colspan":1,"placeholder":null,"minLength":0,"maxLength":0,"minValue":null,"maxValue":null,"regexPattern":null,"optionType":null,"hasEmptyValue":null,"options":null,"restUrl":null,"restResponsePath":null,"restIdProperty":null,"restLabelProperty":null,"tab":null,"className":null,"dateDisplayFormat":null,"layout":null,"sizeX":2,"sizeY":1,"row":-1,"col":-1,"visibilityCondition":null,"numberOfColumns":2,"fields":{"1":[{"fieldType":"FormFieldRepresentation","id":"Dollars","name":"Check","type":"boolean","value":null,"required":true,"readOnly":false,"overrideId":true,"colspan":2,"placeholder":null,"minLength":0,"maxLength":0,"minValue":null,"maxValue":null,"regexPattern":null,"optionType":null,"hasEmptyValue":null,"options":null,"restUrl":null,"restResponsePath":null,"restIdProperty":null,"restLabelProperty":null,"tab":null,"className":null,"params":{"existingColspan":2,"maxColspan":2},"dateDisplayFormat":null,"layout":{"row":-1,"column":-1,"colspan":1},"sizeX":1,"sizeY":1,"row":-1,"col":-1,"visibilityCondition":null},{"fieldType":"RestFieldRepresentation","id":"RockFM","name":"Radio posts","type":"radio-buttons","value":null,"required":true,"readOnly":false,"overrideId":true,"colspan":2,"placeholder":"Choose radio station","minLength":0,"maxLength":0,"minValue":null,"maxValue":null,"regexPattern":null,"optionType":null,"hasEmptyValue":null,"options":[{"id":"option_1","name":"Rock FM"},{"id":"option_2","name":"Europa FM"},{"id":"option_3","name":"Guerilla"}],"restUrl":null,"restResponsePath":null,"restIdProperty":null,"restLabelProperty":null,"tab":null,"className":null,"params":{"existingColspan":2,"maxColspan":2},"dateDisplayFormat":null,"layout":{"row":-1,"column":-1,"colspan":1},"sizeX":1,"sizeY":2,"row":-1,"col":-1,"visibilityCondition":{"leftFormFieldId":"Dollars","leftRestResponseId":null,"operator":"==","rightValue":"true","rightType":null,"rightFormFieldId":"","rightRestResponseId":"","nextConditionOperator":"","nextCondition":null},"endpoint":null,"requestHeaders":null}]}}],"outcomes":[],"javascriptEvents":[],"className":"","style":"","customFieldTemplates":{},"metadata":{},"variables":[],"customFieldsValueInfo":{},"gridsterForm":false}}