{"bounds":{"lowerRight":{"x":1485.0,"y":700.0},"upperLeft":{"x":0.0,"y":0.0}},"resourceId":"canvas","stencil":{"id":"BPMNDiagram"},"stencilset":{"namespace":"http://b3mn.org/stencilset/bpmn2.0#","url":"../editor/stencilsets/bpmn2.0/bpmn2.0.json"},"properties":{"process_id":"addPeopleProcess","name":"addPeopleProcess","executionlisteners":{"executionListeners":[]},"eventlisteners":{"eventListeners":[]},"signaldefinitions":[],"messagedefinitions":[],"process_namespace":"http://www.activiti.org/processdef"},"childShapes":[{"bounds":{"lowerRight":{"x":130.0,"y":193.0},"upperLeft":{"x":100.0,"y":163.0}},"resourceId":"startEvent1","childShapes":[],"stencil":{"id":"StartNoneEvent"},"properties":{"overrideid":"startEvent1","executionlisteners":{"executionListeners":[]},"asynchronousdefinition":false,"exclusivedefinition":false},"outgoing":[{"resourceId":"sid-F721CF6A-2B1C-4754-9FB4-2D947E14F8F5"}]},{"bounds":{"lowerRight":{"x":275.0,"y":218.0},"upperLeft":{"x":175.0,"y":138.0}},"resourceId":"sid-7882F90C-F0FA-4190-B26F-AA71E226E2C3","childShapes":[],"stencil":{"id":"UserTask"},"properties":{"overrideid":"sid-7882F90C-F0FA-4190-B26F-AA71E226E2C3","usertasksendemail":true,"usertaskassignment":{"assignment":{"type":"idm","idm":{"type":"initiator"},"initiatorCanCompleteTask":false}},"formreference":{"id":80170,"name":"Add People widget form"},"executionlisteners":{"executionListeners":[]},"isforcompensation":false,"asynchronousdefinition":false,"exclusivedefinition":false,"tasklisteners":{"taskListeners":[]}},"outgoing":[{"resourceId":"sid-9B8398AD-C74A-44CD-8B60-89C0E7EFDDCB"}]},{"bounds":{"lowerRight":{"x":172.0,"y":212.0},"upperLeft":{"x":128.0,"y":212.0}},"resourceId":"sid-F721CF6A-2B1C-4754-9FB4-2D947E14F8F5","childShapes":[],"stencil":{"id":"SequenceFlow"},"dockers":[{"x":15.0,"y":15.0},{"x":50.0,"y":40.0}],"outgoing":[{"resourceId":"sid-7882F90C-F0FA-4190-B26F-AA71E226E2C3"}],"target":{"resourceId":"sid-7882F90C-F0FA-4190-B26F-AA71E226E2C3"},"properties":{"overrideid":"sid-F721CF6A-2B1C-4754-9FB4-2D947E14F8F5","executionlisteners":{"executionListeners":[]}}},{"bounds":{"lowerRight":{"x":348.0,"y":192.0},"upperLeft":{"x":320.0,"y":164.0}},"resourceId":"sid-8B0E85DB-D68A-4250-AEBD-FF773B22C1A8","childShapes":[],"stencil":{"id":"EndNoneEvent"},"properties":{"overrideid":"sid-8B0E85DB-D68A-4250-AEBD-FF773B22C1A8","executionlisteners":{"executionListeners":[]},"asynchronousdefinition":false,"exclusivedefinition":false},"outgoing":[]},{"bounds":{"lowerRight":{"x":172.0,"y":212.0},"upperLeft":{"x":128.0,"y":212.0}},"resourceId":"sid-9B8398AD-C74A-44CD-8B60-89C0E7EFDDCB","childShapes":[],"stencil":{"id":"SequenceFlow"},"dockers":[{"x":50.0,"y":40.0},{"x":14.0,"y":14.0}],"outgoing":[{"resourceId":"sid-8B0E85DB-D68A-4250-AEBD-FF773B22C1A8"}],"target":{"resourceId":"sid-8B0E85DB-D68A-4250-AEBD-FF773B22C1A8"},"properties":{"overrideid":"sid-9B8398AD-C74A-44CD-8B60-89C0E7EFDDCB","executionlisteners":{"executionListeners":[]}}}]}