<?xml version='1.0' encoding='UTF-8'?>
<definitions xmlns="http://www.omg.org/spec/BPMN/20100524/MODEL" xmlns:xsi="http://www.w3.org/2001/XMLSchema-instance" xmlns:xsd="http://www.w3.org/2001/XMLSchema" xmlns:activiti="http://activiti.org/bpmn" xmlns:bpmndi="http://www.omg.org/spec/BPMN/20100524/DI" xmlns:omgdc="http://www.omg.org/spec/DD/20100524/DC" xmlns:omgdi="http://www.omg.org/spec/DD/20100524/DI" typeLanguage="http://www.w3.org/2001/XMLSchema" expressionLanguage="http://www.w3.org/1999/XPath" targetNamespace="http://www.activiti.org/processdef" xmlns:modeler="http://activiti.com/modeler" modeler:version="1.0en" modeler:exportDateTime="20181018110458506" modeler:modelId="3004" modeler:modelVersion="18" modeler:modelLastUpdated="1539860693079">
  <process id="addPeopleProcess" name="addPeopleProcess" isExecutable="true">
    <startEvent id="startEvent1">
      <extensionElements>
        <modeler:editor-resource-id><![CDATA[startEvent1]]></modeler:editor-resource-id>
      </extensionElements>
    </startEvent>
    <userTask id="sid-7882F90C-F0FA-4190-B26F-AA71E226E2C3" activiti:assignee="$INITIATOR" activiti:formKey="3003">
      <extensionElements>
        <modeler:allow-send-email><![CDATA[true]]></modeler:allow-send-email>
        <modeler:form-reference-id><![CDATA[3003]]></modeler:form-reference-id>
        <modeler:form-reference-name><![CDATA[Add People widget- general and visibility properties]]></modeler:form-reference-name>
        <modeler:activiti-idm-initiator><![CDATA[true]]></modeler:activiti-idm-initiator>
        <modeler:editor-resource-id><![CDATA[sid-7882F90C-F0FA-4190-B26F-AA71E226E2C3]]></modeler:editor-resource-id>
      </extensionElements>
    </userTask>
    <sequenceFlow id="sid-F721CF6A-2B1C-4754-9FB4-2D947E14F8F5" sourceRef="startEvent1" targetRef="sid-7882F90C-F0FA-4190-B26F-AA71E226E2C3">
      <extensionElements>
        <modeler:editor-resource-id><![CDATA[sid-F721CF6A-2B1C-4754-9FB4-2D947E14F8F5]]></modeler:editor-resource-id>
      </extensionElements>
    </sequenceFlow>
    <endEvent id="sid-8B0E85DB-D68A-4250-AEBD-FF773B22C1A8">
      <extensionElements>
        <modeler:editor-resource-id><![CDATA[sid-8B0E85DB-D68A-4250-AEBD-FF773B22C1A8]]></modeler:editor-resource-id>
      </extensionElements>
    </endEvent>
    <sequenceFlow id="sid-9B8398AD-C74A-44CD-8B60-89C0E7EFDDCB" sourceRef="sid-7882F90C-F0FA-4190-B26F-AA71E226E2C3" targetRef="sid-8B0E85DB-D68A-4250-AEBD-FF773B22C1A8">
      <extensionElements>
        <modeler:editor-resource-id><![CDATA[sid-9B8398AD-C74A-44CD-8B60-89C0E7EFDDCB]]></modeler:editor-resource-id>
      </extensionElements>
    </sequenceFlow>
  </process>
  <bpmndi:BPMNDiagram id="BPMNDiagram_addPeopleProcess">
    <bpmndi:BPMNPlane bpmnElement="addPeopleProcess" id="BPMNPlane_addPeopleProcess">
      <bpmndi:BPMNShape bpmnElement="startEvent1" id="BPMNShape_startEvent1">
        <omgdc:Bounds height="30.0" width="30.0" x="100.0" y="163.0"/>
      </bpmndi:BPMNShape>
      <bpmndi:BPMNShape bpmnElement="sid-7882F90C-F0FA-4190-B26F-AA71E226E2C3" id="BPMNShape_sid-7882F90C-F0FA-4190-B26F-AA71E226E2C3">
        <omgdc:Bounds height="80.0" width="100.0" x="175.0" y="138.0"/>
      </bpmndi:BPMNShape>
      <bpmndi:BPMNShape bpmnElement="sid-8B0E85DB-D68A-4250-AEBD-FF773B22C1A8" id="BPMNShape_sid-8B0E85DB-D68A-4250-AEBD-FF773B22C1A8">
        <omgdc:Bounds height="28.0" width="28.0" x="320.0" y="164.0"/>
      </bpmndi:BPMNShape>
      <bpmndi:BPMNEdge bpmnElement="sid-F721CF6A-2B1C-4754-9FB4-2D947E14F8F5" id="BPMNEdge_sid-F721CF6A-2B1C-4754-9FB4-2D947E14F8F5">
        <omgdi:waypoint x="130.0" y="178.0"/>
        <omgdi:waypoint x="175.0" y="178.0"/>
      </bpmndi:BPMNEdge>
      <bpmndi:BPMNEdge bpmnElement="sid-9B8398AD-C74A-44CD-8B60-89C0E7EFDDCB" id="BPMNEdge_sid-9B8398AD-C74A-44CD-8B60-89C0E7EFDDCB">
        <omgdi:waypoint x="275.0" y="178.0"/>
        <omgdi:waypoint x="320.0" y="178.0"/>
      </bpmndi:BPMNEdge>
    </bpmndi:BPMNPlane>
  </bpmndi:BPMNDiagram>
</definitions>