{"bounds":{"lowerRight":{"x":1485.0,"y":700.0},"upperLeft":{"x":0.0,"y":0.0}},"resourceId":"canvas","stencil":{"id":"BPMNDiagram"},"stencilset":{"namespace":"http://b3mn.org/stencilset/bpmn2.0#","url":"../editor/stencilsets/bpmn2.0/bpmn2.0.json"},"properties":{"process_id":"ALL_WIDGETS","name":"ALL_WIDGETS","executionlisteners":{"executionListeners":[]},"eventlisteners":{"eventListeners":[]},"signaldefinitions":[],"messagedefinitions":[],"process_namespace":"http://www.activiti.org/processdef"},"childShapes":[{"bounds":{"lowerRight":{"x":130.0,"y":193.0},"upperLeft":{"x":100.0,"y":163.0}},"resourceId":"startEvent1","childShapes":[],"stencil":{"id":"StartNoneEvent"},"properties":{"overrideid":"startEvent1","executionlisteners":{"executionListeners":[]},"asynchronousdefinition":false,"exclusivedefinition":false},"outgoing":[{"resourceId":"sid-BBE705B7-59C5-475F-BEC8-63094A75B9A7"}]},{"bounds":{"lowerRight":{"x":275.0,"y":218.0},"upperLeft":{"x":175.0,"y":138.0}},"resourceId":"sid-BC9CB906-35A0-4C49-A488-1A15B731A78C","childShapes":[],"stencil":{"id":"UserTask"},"properties":{"overrideid":"sid-BC9CB906-35A0-4C49-A488-1A15B731A78C","usertasksendemail":true,"usertaskassignment":{"assignment":{"type":"idm","idm":{"type":"initiator"},"initiatorCanCompleteTask":false}},"formreference":{"id":80174,"name":"ALL_WIDGETS"},"executionlisteners":{"executionListeners":[]},"isforcompensation":false,"asynchronousdefinition":false,"exclusivedefinition":false,"tasklisteners":{"taskListeners":[]}},"outgoing":[{"resourceId":"sid-043B4258-6D8E-480A-8F57-966FDAE72A35"}]},{"bounds":{"lowerRight":{"x":172.0,"y":212.0},"upperLeft":{"x":128.0,"y":212.0}},"resourceId":"sid-BBE705B7-59C5-475F-BEC8-63094A75B9A7","childShapes":[],"stencil":{"id":"SequenceFlow"},"dockers":[{"x":15.0,"y":15.0},{"x":50.0,"y":40.0}],"outgoing":[{"resourceId":"sid-BC9CB906-35A0-4C49-A488-1A15B731A78C"}],"target":{"resourceId":"sid-BC9CB906-35A0-4C49-A488-1A15B731A78C"},"properties":{"overrideid":"sid-BBE705B7-59C5-475F-BEC8-63094A75B9A7","executionlisteners":{"executionListeners":[]}}},{"bounds":{"lowerRight":{"x":348.0,"y":192.0},"upperLeft":{"x":320.0,"y":164.0}},"resourceId":"sid-FF43193D-A24C-411B-9670-383ED21F720F","childShapes":[],"stencil":{"id":"EndNoneEvent"},"properties":{"overrideid":"sid-FF43193D-A24C-411B-9670-383ED21F720F","executionlisteners":{"executionListeners":[]},"asynchronousdefinition":false,"exclusivedefinition":false},"outgoing":[]},{"bounds":{"lowerRight":{"x":172.0,"y":212.0},"upperLeft":{"x":128.0,"y":212.0}},"resourceId":"sid-043B4258-6D8E-480A-8F57-966FDAE72A35","childShapes":[],"stencil":{"id":"SequenceFlow"},"dockers":[{"x":50.0,"y":40.0},{"x":14.0,"y":14.0}],"outgoing":[{"resourceId":"sid-FF43193D-A24C-411B-9670-383ED21F720F"}],"target":{"resourceId":"sid-FF43193D-A24C-411B-9670-383ED21F720F"},"properties":{"overrideid":"sid-043B4258-6D8E-480A-8F57-966FDAE72A35","executionlisteners":{"executionListeners":[]}}}]}