<?xml version='1.0' encoding='UTF-8'?>
<definitions xmlns="http://www.omg.org/spec/BPMN/20100524/MODEL" xmlns:xsi="http://www.w3.org/2001/XMLSchema-instance" xmlns:xsd="http://www.w3.org/2001/XMLSchema" xmlns:activiti="http://activiti.org/bpmn" xmlns:bpmndi="http://www.omg.org/spec/BPMN/20100524/DI" xmlns:omgdc="http://www.omg.org/spec/DD/20100524/DC" xmlns:omgdi="http://www.omg.org/spec/DD/20100524/DI" typeLanguage="http://www.w3.org/2001/XMLSchema" expressionLanguage="http://www.w3.org/1999/XPath" targetNamespace="http://www.activiti.org/processdef" xmlns:modeler="http://activiti.com/modeler" modeler:version="1.0en" modeler:exportDateTime="20200310182257933" modeler:modelId="80202" modeler:modelVersion="4" modeler:modelLastUpdated="1583864569818">
  <process id="ALL_WIDGETS" name="ALL_WIDGETS" isExecutable="true">
    <startEvent id="startEvent1">
      <extensionElements>
        <modeler:editor-resource-id><![CDATA[startEvent1]]></modeler:editor-resource-id>
      </extensionElements>
    </startEvent>
    <userTask id="sid-BC9CB906-35A0-4C49-A488-1A15B731A78C" activiti:assignee="$INITIATOR" activiti:formKey="80174">
      <extensionElements>
        <modeler:allow-send-email><![CDATA[true]]></modeler:allow-send-email>
        <modeler:form-reference-id><![CDATA[80174]]></modeler:form-reference-id>
        <modeler:form-reference-name><![CDATA[ALL_WIDGETS]]></modeler:form-reference-name>
        <modeler:activiti-idm-initiator><![CDATA[true]]></modeler:activiti-idm-initiator>
        <modeler:initiator-can-complete><![CDATA[false]]></modeler:initiator-can-complete>
        <modeler:editor-resource-id><![CDATA[sid-BC9CB906-35A0-4C49-A488-1A15B731A78C]]></modeler:editor-resource-id>
      </extensionElements>
    </userTask>
    <sequenceFlow id="sid-BBE705B7-59C5-475F-BEC8-63094A75B9A7" sourceRef="startEvent1" targetRef="sid-BC9CB906-35A0-4C49-A488-1A15B731A78C">
      <extensionElements>
        <modeler:editor-resource-id><![CDATA[sid-BBE705B7-59C5-475F-BEC8-63094A75B9A7]]></modeler:editor-resource-id>
      </extensionElements>
    </sequenceFlow>
    <endEvent id="sid-FF43193D-A24C-411B-9670-383ED21F720F" activiti:async="true" activiti:exclusive="false">
      <extensionElements>
        <activiti:executionListener event="start" class="com.activiti.runtime.activiti.ContentProcessorExecutionListener">
          <activiti:field name="externalContentHandler">
            <activiti:expression><![CDATA[${externalContentHandler}]]></activiti:expression>
          </activiti:field>
        </activiti:executionListener>
        <modeler:editor-resource-id><![CDATA[sid-FF43193D-A24C-411B-9670-383ED21F720F]]></modeler:editor-resource-id>
        <modeler:ignore-listener-on-import><![CDATA[com.activiti.runtime.activiti.ContentProcessorExecutionListener]]></modeler:ignore-listener-on-import>
      </extensionElements>
    </endEvent>
    <sequenceFlow id="sid-043B4258-6D8E-480A-8F57-966FDAE72A35" sourceRef="sid-BC9CB906-35A0-4C49-A488-1A15B731A78C" targetRef="sid-FF43193D-A24C-411B-9670-383ED21F720F">
      <extensionElements>
        <modeler:editor-resource-id><![CDATA[sid-043B4258-6D8E-480A-8F57-966FDAE72A35]]></modeler:editor-resource-id>
      </extensionElements>
    </sequenceFlow>
  </process>
  <bpmndi:BPMNDiagram id="BPMNDiagram_ALL_WIDGETS">
    <bpmndi:BPMNPlane bpmnElement="ALL_WIDGETS" id="BPMNPlane_ALL_WIDGETS">
      <bpmndi:BPMNShape bpmnElement="startEvent1" id="BPMNShape_startEvent1">
        <omgdc:Bounds height="30.0" width="30.0" x="100.0" y="163.0"/>
      </bpmndi:BPMNShape>
      <bpmndi:BPMNShape bpmnElement="sid-BC9CB906-35A0-4C49-A488-1A15B731A78C" id="BPMNShape_sid-BC9CB906-35A0-4C49-A488-1A15B731A78C">
        <omgdc:Bounds height="80.0" width="100.0" x="175.0" y="138.0"/>
      </bpmndi:BPMNShape>
      <bpmndi:BPMNShape bpmnElement="sid-FF43193D-A24C-411B-9670-383ED21F720F" id="BPMNShape_sid-FF43193D-A24C-411B-9670-383ED21F720F">
        <omgdc:Bounds height="28.0" width="28.0" x="320.0" y="164.0"/>
      </bpmndi:BPMNShape>
      <bpmndi:BPMNEdge bpmnElement="sid-043B4258-6D8E-480A-8F57-966FDAE72A35" id="BPMNEdge_sid-043B4258-6D8E-480A-8F57-966FDAE72A35">
        <omgdi:waypoint x="275.0" y="178.0"/>
        <omgdi:waypoint x="320.0" y="178.0"/>
      </bpmndi:BPMNEdge>
      <bpmndi:BPMNEdge bpmnElement="sid-BBE705B7-59C5-475F-BEC8-63094A75B9A7" id="BPMNEdge_sid-BBE705B7-59C5-475F-BEC8-63094A75B9A7">
        <omgdi:waypoint x="130.0" y="178.0"/>
        <omgdi:waypoint x="175.0" y="178.0"/>
      </bpmndi:BPMNEdge>
    </bpmndi:BPMNPlane>
  </bpmndi:BPMNDiagram>
</definitions>