{"bounds":{"lowerRight":{"x":1485.0,"y":700.0},"upperLeft":{"x":0.0,"y":0.0}},"resourceId":"canvas","stencil":{"id":"BPMNDiagram"},"stencilset":{"namespace":"http://b3mn.org/stencilset/bpmn2.0#","url":"../editor/stencilsets/bpmn2.0/bpmn2.0.json"},"properties":{"process_id":"AmountProcess","name":"AmountProcess","executionlisteners":{"executionListeners":[]},"eventlisteners":{"eventListeners":[]},"signaldefinitions":[],"messagedefinitions":[],"process_namespace":"http://www.activiti.org/processdef"},"childShapes":[{"bounds":{"lowerRight":{"x":130.0,"y":193.0},"upperLeft":{"x":100.0,"y":163.0}},"resourceId":"startEvent1","childShapes":[],"stencil":{"id":"StartNoneEvent"},"properties":{"overrideid":"startEvent1","executionlisteners":{"executionListeners":[]},"asynchronousdefinition":false,"exclusivedefinition":false},"outgoing":[{"resourceId":"sid-C946A7DC-6A8A-40D4-9316-30026E1BDF68"}]},{"bounds":{"lowerRight":{"x":275.0,"y":218.0},"upperLeft":{"x":175.0,"y":138.0}},"resourceId":"sid-72646C69-C8E6-48CE-92FF-B3575478BE19","childShapes":[],"stencil":{"id":"UserTask"},"properties":{"overrideid":"sid-72646C69-C8E6-48CE-92FF-B3575478BE19","usertasksendemail":true,"usertaskassignment":{"assignment":{"type":"idm","idm":{"type":"initiator"},"initiatorCanCompleteTask":false}},"formreference":{"id":4890,"name":"AmountForm"},"executionlisteners":{"executionListeners":[]},"isforcompensation":false,"asynchronousdefinition":false,"exclusivedefinition":false,"tasklisteners":{"taskListeners":[]}},"outgoing":[{"resourceId":"sid-0108FB52-089B-4DC2-AF48-9E5977499D05"}]},{"bounds":{"lowerRight":{"x":172.0,"y":212.0},"upperLeft":{"x":128.0,"y":212.0}},"resourceId":"sid-C946A7DC-6A8A-40D4-9316-30026E1BDF68","childShapes":[],"stencil":{"id":"SequenceFlow"},"dockers":[{"x":15.0,"y":15.0},{"x":50.0,"y":40.0}],"outgoing":[{"resourceId":"sid-72646C69-C8E6-48CE-92FF-B3575478BE19"}],"target":{"resourceId":"sid-72646C69-C8E6-48CE-92FF-B3575478BE19"},"properties":{"overrideid":"sid-C946A7DC-6A8A-40D4-9316-30026E1BDF68","executionlisteners":{"executionListeners":[]}}},{"bounds":{"lowerRight":{"x":348.0,"y":192.0},"upperLeft":{"x":320.0,"y":164.0}},"resourceId":"sid-72001481-6B9B-4527-9464-3817E00FAF12","childShapes":[],"stencil":{"id":"EndNoneEvent"},"properties":{"overrideid":"sid-72001481-6B9B-4527-9464-3817E00FAF12","executionlisteners":{"executionListeners":[]},"asynchronousdefinition":false,"exclusivedefinition":false},"outgoing":[]},{"bounds":{"lowerRight":{"x":172.0,"y":212.0},"upperLeft":{"x":128.0,"y":212.0}},"resourceId":"sid-0108FB52-089B-4DC2-AF48-9E5977499D05","childShapes":[],"stencil":{"id":"SequenceFlow"},"dockers":[{"x":50.0,"y":40.0},{"x":14.0,"y":14.0}],"outgoing":[{"resourceId":"sid-72001481-6B9B-4527-9464-3817E00FAF12"}],"target":{"resourceId":"sid-72001481-6B9B-4527-9464-3817E00FAF12"},"properties":{"overrideid":"sid-0108FB52-089B-4DC2-AF48-9E5977499D05","executionlisteners":{"executionListeners":[]}}}]}