<?xml version='1.0' encoding='UTF-8'?>
<definitions xmlns="http://www.omg.org/spec/BPMN/20100524/MODEL" xmlns:xsi="http://www.w3.org/2001/XMLSchema-instance" xmlns:xsd="http://www.w3.org/2001/XMLSchema" xmlns:activiti="http://activiti.org/bpmn" xmlns:bpmndi="http://www.omg.org/spec/BPMN/20100524/DI" xmlns:omgdc="http://www.omg.org/spec/DD/20100524/DC" xmlns:omgdi="http://www.omg.org/spec/DD/20100524/DI" typeLanguage="http://www.w3.org/2001/XMLSchema" expressionLanguage="http://www.w3.org/1999/XPath" targetNamespace="http://www.activiti.org/processdef" xmlns:modeler="http://activiti.com/modeler" modeler:version="1.0en" modeler:exportDateTime="20200311112239043" modeler:modelId="83470" modeler:modelVersion="3" modeler:modelLastUpdated="1583925756196">
  <process id="AmountProcess" name="AmountProcess" isExecutable="true">
    <startEvent id="startEvent1">
      <extensionElements>
        <modeler:editor-resource-id><![CDATA[startEvent1]]></modeler:editor-resource-id>
      </extensionElements>
    </startEvent>
    <userTask id="sid-72646C69-C8E6-48CE-92FF-B3575478BE19" activiti:assignee="$INITIATOR" activiti:formKey="83447">
      <extensionElements>
        <modeler:allow-send-email><![CDATA[true]]></modeler:allow-send-email>
        <modeler:form-reference-id><![CDATA[83447]]></modeler:form-reference-id>
        <modeler:form-reference-name><![CDATA[AmountForm]]></modeler:form-reference-name>
        <modeler:activiti-idm-initiator><![CDATA[true]]></modeler:activiti-idm-initiator>
        <modeler:initiator-can-complete><![CDATA[false]]></modeler:initiator-can-complete>
        <modeler:editor-resource-id><![CDATA[sid-72646C69-C8E6-48CE-92FF-B3575478BE19]]></modeler:editor-resource-id>
      </extensionElements>
    </userTask>
    <sequenceFlow id="sid-C946A7DC-6A8A-40D4-9316-30026E1BDF68" sourceRef="startEvent1" targetRef="sid-72646C69-C8E6-48CE-92FF-B3575478BE19">
      <extensionElements>
        <modeler:editor-resource-id><![CDATA[sid-C946A7DC-6A8A-40D4-9316-30026E1BDF68]]></modeler:editor-resource-id>
      </extensionElements>
    </sequenceFlow>
    <endEvent id="sid-72001481-6B9B-4527-9464-3817E00FAF12">
      <extensionElements>
        <modeler:editor-resource-id><![CDATA[sid-72001481-6B9B-4527-9464-3817E00FAF12]]></modeler:editor-resource-id>
      </extensionElements>
    </endEvent>
    <sequenceFlow id="sid-0108FB52-089B-4DC2-AF48-9E5977499D05" sourceRef="sid-72646C69-C8E6-48CE-92FF-B3575478BE19" targetRef="sid-72001481-6B9B-4527-9464-3817E00FAF12">
      <extensionElements>
        <modeler:editor-resource-id><![CDATA[sid-0108FB52-089B-4DC2-AF48-9E5977499D05]]></modeler:editor-resource-id>
      </extensionElements>
    </sequenceFlow>
  </process>
  <bpmndi:BPMNDiagram id="BPMNDiagram_AmountProcess">
    <bpmndi:BPMNPlane bpmnElement="AmountProcess" id="BPMNPlane_AmountProcess">
      <bpmndi:BPMNShape bpmnElement="startEvent1" id="BPMNShape_startEvent1">
        <omgdc:Bounds height="30.0" width="30.0" x="100.0" y="163.0"/>
      </bpmndi:BPMNShape>
      <bpmndi:BPMNShape bpmnElement="sid-72646C69-C8E6-48CE-92FF-B3575478BE19" id="BPMNShape_sid-72646C69-C8E6-48CE-92FF-B3575478BE19">
        <omgdc:Bounds height="80.0" width="100.0" x="175.0" y="138.0"/>
      </bpmndi:BPMNShape>
      <bpmndi:BPMNShape bpmnElement="sid-72001481-6B9B-4527-9464-3817E00FAF12" id="BPMNShape_sid-72001481-6B9B-4527-9464-3817E00FAF12">
        <omgdc:Bounds height="28.0" width="28.0" x="320.0" y="164.0"/>
      </bpmndi:BPMNShape>
      <bpmndi:BPMNEdge bpmnElement="sid-C946A7DC-6A8A-40D4-9316-30026E1BDF68" id="BPMNEdge_sid-C946A7DC-6A8A-40D4-9316-30026E1BDF68">
        <omgdi:waypoint x="130.0" y="178.0"/>
        <omgdi:waypoint x="175.0" y="178.0"/>
      </bpmndi:BPMNEdge>
      <bpmndi:BPMNEdge bpmnElement="sid-0108FB52-089B-4DC2-AF48-9E5977499D05" id="BPMNEdge_sid-0108FB52-089B-4DC2-AF48-9E5977499D05">
        <omgdi:waypoint x="275.0" y="178.0"/>
        <omgdi:waypoint x="320.0" y="178.0"/>
      </bpmndi:BPMNEdge>
    </bpmndi:BPMNPlane>
  </bpmndi:BPMNDiagram>
</definitions>