{"resourceId":24891,"properties":{"process_id":"AttachfolderfromCS","name":"Attach folder from CS","documentation":"","process_author":"","process_version":"","process_namespace":"http://www.activiti.org/processdef","executionlisteners":"","eventlisteners":"","signaldefinitions":"","messagedefinitions":"","executionvariables":"","metadata":""},"stencil":{"id":"BPMNDiagram"},"childShapes":[{"resourceId":"startEvent1","properties":{"overrideid":"","name":"","documentation":"","executionlisteners":"","initiator":"","formkeydefinition":"","formreference":"","fieldstovariables":"","formproperties":""},"stencil":{"id":"StartNoneEvent"},"childShapes":[],"outgoing":[{"resourceId":"sid-9A113126-A8AC-4850-9931-C1DC56B8BEC2"}],"bounds":{"lowerRight":{"x":150,"y":165.00000000000003},"upperLeft":{"x":120.00000000000001,"y":135.00000000000003}},"dockers":[]},{"resourceId":"sid-E121D204-B196-44EA-B29B-9484E5229CC0","properties":{"overrideid":"","name":"Attach Folder","documentation":"","asynchronousdefinition":"false","exclusivedefinition":"false","executionlisteners":"","multiinstance_type":"None","multiinstance_cardinality":"","multiinstance_collection":"","multiinstance_variable":"","multiinstance_condition":"","isforcompensation":"false","usertasksendemail":true,"usertaskassignment":"","formkeydefinition":"","formreference":{"id":24890,"name":"upload-folder-cs","referenceId":null,"variablesmapping":[]},"fieldstovariables":"","duedatedefinition":"","prioritydefinition":"","categorydefinition":"","formproperties":"","tasklisteners":"","emailtemplate":""},"stencil":{"id":"UserTask"},"childShapes":[],"outgoing":[{"resourceId":"sid-D9AF47FF-BB1E-4E63-A420-93DAABF62F68"}],"bounds":{"lowerRight":{"x":295,"y":190.00000000000003},"upperLeft":{"x":195,"y":110.00000000000003}},"dockers":[]},{"resourceId":"sid-9A113126-A8AC-4850-9931-C1DC56B8BEC2","properties":{"overrideid":"","name":"","documentation":"","conditionsequenceflow":"","executionlisteners":"","defaultflow":"false"},"stencil":{"id":"SequenceFlow"},"childShapes":[],"outgoing":[{"resourceId":"sid-E121D204-B196-44EA-B29B-9484E5229CC0"}],"bounds":{"lowerRight":{"x":194.15625,"y":150.00000000000003},"upperLeft":{"x":150.609375,"y":150.00000000000003}},"dockers":[{"x":15,"y":15},{"x":50,"y":40}],"target":{"resourceId":"sid-E121D204-B196-44EA-B29B-9484E5229CC0"}},{"resourceId":"sid-20FF8F45-6317-4108-BF55-B10CB01797EA","properties":{"overrideid":"","name":"","documentation":"","executionlisteners":""},"stencil":{"id":"EndNoneEvent"},"childShapes":[],"outgoing":[],"bounds":{"lowerRight":{"x":368,"y":164.00000000000003},"upperLeft":{"x":340,"y":136.00000000000003}},"dockers":[]},{"resourceId":"sid-D9AF47FF-BB1E-4E63-A420-93DAABF62F68","properties":{"overrideid":"","name":"","documentation":"","conditionsequenceflow":"","executionlisteners":"","defaultflow":"false"},"stencil":{"id":"SequenceFlow"},"childShapes":[],"outgoing":[{"resourceId":"sid-20FF8F45-6317-4108-BF55-B10CB01797EA"}],"bounds":{"lowerRight":{"x":339.375,"y":150.00000000000003},"upperLeft":{"x":295.390625,"y":150.00000000000003}},"dockers":[{"x":50,"y":40},{"x":14,"y":14}],"target":{"resourceId":"sid-20FF8F45-6317-4108-BF55-B10CB01797EA"}}],"bounds":{"lowerRight":{"x":1200,"y":1050},"upperLeft":{"x":0,"y":0}},"stencilset":{"url":"stencilsets/bpmn2.0/bpmn2.0.json","namespace":"http://b3mn.org/stencilset/bpmn2.0#"},"ssextensions":[]}