{"bounds":{"lowerRight":{"x":1485.0,"y":700.0},"upperLeft":{"x":0.0,"y":0.0}},"resourceId":"canvas","stencil":{"id":"BPMNDiagram"},"stencilset":{"namespace":"http://b3mn.org/stencilset/bpmn2.0#","url":"../editor/stencilsets/bpmn2.0/bpmn2.0.json"},"properties":{"process_id":"ADF-180-test","name":"ADF-180-test","executionlisteners":{"executionListeners":[]},"eventlisteners":{"eventListeners":[]},"signaldefinitions":[],"messagedefinitions":[],"process_namespace":"http://www.activiti.org/processdef"},"childShapes":[{"bounds":{"lowerRight":{"x":130.0,"y":193.0},"upperLeft":{"x":100.0,"y":163.0}},"resourceId":"startEvent1","childShapes":[],"stencil":{"id":"StartNoneEvent"},"properties":{"overrideid":"startEvent1","executionlisteners":{"executionListeners":[]},"asynchronousdefinition":false,"exclusivedefinition":false},"outgoing":[{"resourceId":"sid-035922ED-D126-47AA-A3CF-CDB1EA4F94F0"}]},{"bounds":{"lowerRight":{"x":172.0,"y":212.0},"upperLeft":{"x":128.0,"y":212.0}},"resourceId":"sid-035922ED-D126-47AA-A3CF-CDB1EA4F94F0","childShapes":[],"stencil":{"id":"SequenceFlow"},"dockers":[{"x":15.0,"y":15.0},{"x":50.0,"y":40.0}],"outgoing":[{"resourceId":"sid-E509F87B-EB6E-4C2B-95F2-EA905C0D61C1"}],"target":{"resourceId":"sid-E509F87B-EB6E-4C2B-95F2-EA905C0D61C1"},"properties":{"overrideid":"sid-035922ED-D126-47AA-A3CF-CDB1EA4F94F0","executionlisteners":{"executionListeners":[]}}},{"bounds":{"lowerRight":{"x":275.0,"y":218.0},"upperLeft":{"x":175.0,"y":138.0}},"resourceId":"sid-E509F87B-EB6E-4C2B-95F2-EA905C0D61C1","childShapes":[],"stencil":{"id":"GenerateDocumentTask"},"properties":{"overrideid":"sid-E509F87B-EB6E-4C2B-95F2-EA905C0D61C1","name":"Generate Document","generatedocumenttaskoutputformat":"word","executionvariable_document":{"variableName":"generatedDocument","variableType":"document"},"generatedocumenttemplate":{"id":1491,"name":"empty.docx"},"executionlisteners":{"executionListeners":[]},"isforcompensation":false,"asynchronousdefinition":true,"exclusivedefinition":true},"outgoing":[{"resourceId":"sid-023E81AC-7569-42F1-BE37-8E0C1F6E0AF7"}]},{"bounds":{"lowerRight":{"x":420.0,"y":218.0},"upperLeft":{"x":320.0,"y":138.0}},"resourceId":"sid-89377C9E-5941-4D21-8F44-D5CC51E01F3E","childShapes":[],"stencil":{"id":"UserTask"},"properties":{"overrideid":"sid-89377C9E-5941-4D21-8F44-D5CC51E01F3E","name":"View Document","usertasksendemail":true,"usertaskassignment":{"assignment":{"type":"idm","idm":{"type":"initiator"},"initiatorCanCompleteTask":false}},"formreference":{"id":80175,"name":"View Document"},"executionlisteners":{"executionListeners":[]},"isforcompensation":false,"asynchronousdefinition":false,"exclusivedefinition":false,"tasklisteners":{"taskListeners":[]}},"outgoing":[{"resourceId":"sid-62B00369-1DB1-4D4B-AF6A-53149191F999"}]},{"bounds":{"lowerRight":{"x":172.0,"y":212.0},"upperLeft":{"x":128.0,"y":212.0}},"resourceId":"sid-023E81AC-7569-42F1-BE37-8E0C1F6E0AF7","childShapes":[],"stencil":{"id":"SequenceFlow"},"dockers":[{"x":50.0,"y":40.0},{"x":50.0,"y":40.0}],"outgoing":[{"resourceId":"sid-89377C9E-5941-4D21-8F44-D5CC51E01F3E"}],"target":{"resourceId":"sid-89377C9E-5941-4D21-8F44-D5CC51E01F3E"},"properties":{"overrideid":"sid-023E81AC-7569-42F1-BE37-8E0C1F6E0AF7","executionlisteners":{"executionListeners":[]}}},{"bounds":{"lowerRight":{"x":493.0,"y":192.0},"upperLeft":{"x":465.0,"y":164.0}},"resourceId":"sid-19B1D43F-0A11-47D3-9C25-5E0F9C8E31DF","childShapes":[],"stencil":{"id":"EndNoneEvent"},"properties":{"overrideid":"sid-19B1D43F-0A11-47D3-9C25-5E0F9C8E31DF","executionlisteners":{"executionListeners":[]},"asynchronousdefinition":false,"exclusivedefinition":false},"outgoing":[]},{"bounds":{"lowerRight":{"x":172.0,"y":212.0},"upperLeft":{"x":128.0,"y":212.0}},"resourceId":"sid-62B00369-1DB1-4D4B-AF6A-53149191F999","childShapes":[],"stencil":{"id":"SequenceFlow"},"dockers":[{"x":50.0,"y":40.0},{"x":14.0,"y":14.0}],"outgoing":[{"resourceId":"sid-19B1D43F-0A11-47D3-9C25-5E0F9C8E31DF"}],"target":{"resourceId":"sid-19B1D43F-0A11-47D3-9C25-5E0F9C8E31DF"},"properties":{"overrideid":"sid-62B00369-1DB1-4D4B-AF6A-53149191F999","executionlisteners":{"executionListeners":[]}}}]}