<?xml version='1.0' encoding='UTF-8'?>
<definitions xmlns="http://www.omg.org/spec/BPMN/20100524/MODEL" xmlns:xsi="http://www.w3.org/2001/XMLSchema-instance" xmlns:xsd="http://www.w3.org/2001/XMLSchema" xmlns:activiti="http://activiti.org/bpmn" xmlns:bpmndi="http://www.omg.org/spec/BPMN/20100524/DI" xmlns:omgdc="http://www.omg.org/spec/DD/20100524/DC" xmlns:omgdi="http://www.omg.org/spec/DD/20100524/DI" typeLanguage="http://www.w3.org/2001/XMLSchema" expressionLanguage="http://www.w3.org/1999/XPath" targetNamespace="http://www.activiti.org/processdef" xmlns:modeler="http://activiti.com/modeler" modeler:version="1.0en" modeler:exportDateTime="20200416064731539" modeler:modelId="24929" modeler:modelVersion="6" modeler:modelLastUpdated="1587019640251">
  <process id="attachfolder" name="attach folder" isExecutable="true">
    <startEvent id="startEvent1">
      <extensionElements>
        <modeler:editor-resource-id><![CDATA[startEvent1]]></modeler:editor-resource-id>
      </extensionElements>
    </startEvent>
    <userTask id="sid-D174C769-15A9-42CF-B158-B7A83B928A74" name="Upload folder&#xa;" activiti:assignee="$INITIATOR" activiti:formKey="24898">
      <extensionElements>
        <modeler:allow-send-email><![CDATA[true]]></modeler:allow-send-email>
        <modeler:form-reference-id><![CDATA[24898]]></modeler:form-reference-id>
        <modeler:form-reference-name><![CDATA[upload-folder]]></modeler:form-reference-name>
        <modeler:activiti-idm-initiator><![CDATA[true]]></modeler:activiti-idm-initiator>
        <modeler:initiator-can-complete><![CDATA[false]]></modeler:initiator-can-complete>
        <modeler:editor-resource-id><![CDATA[sid-D174C769-15A9-42CF-B158-B7A83B928A74]]></modeler:editor-resource-id>
      </extensionElements>
    </userTask>
    <sequenceFlow id="sid-1D0325EF-0E01-4225-AA9C-7C1A77664BF4" sourceRef="startEvent1" targetRef="sid-D174C769-15A9-42CF-B158-B7A83B928A74">
      <extensionElements>
        <modeler:editor-resource-id><![CDATA[sid-1D0325EF-0E01-4225-AA9C-7C1A77664BF4]]></modeler:editor-resource-id>
      </extensionElements>
    </sequenceFlow>
    <endEvent id="sid-40C55997-4647-4046-BA2F-8188AA7DC9F6">
      <extensionElements>
        <modeler:editor-resource-id><![CDATA[sid-40C55997-4647-4046-BA2F-8188AA7DC9F6]]></modeler:editor-resource-id>
      </extensionElements>
    </endEvent>
    <sequenceFlow id="sid-E4FC20C7-A58B-43E1-8545-E53F007B8FFB" sourceRef="sid-D174C769-15A9-42CF-B158-B7A83B928A74" targetRef="sid-40C55997-4647-4046-BA2F-8188AA7DC9F6">
      <extensionElements>
        <modeler:editor-resource-id><![CDATA[sid-E4FC20C7-A58B-43E1-8545-E53F007B8FFB]]></modeler:editor-resource-id>
      </extensionElements>
    </sequenceFlow>
  </process>
  <bpmndi:BPMNDiagram id="BPMNDiagram_attachfolder">
    <bpmndi:BPMNPlane bpmnElement="attachfolder" id="BPMNPlane_attachfolder">
      <bpmndi:BPMNShape bpmnElement="startEvent1" id="BPMNShape_startEvent1">
        <omgdc:Bounds height="30.0" width="30.0" x="195.00000000000003" y="135.00000000000003"/>
      </bpmndi:BPMNShape>
      <bpmndi:BPMNShape bpmnElement="sid-D174C769-15A9-42CF-B158-B7A83B928A74" id="BPMNShape_sid-D174C769-15A9-42CF-B158-B7A83B928A74">
        <omgdc:Bounds height="80.0" width="100.0" x="270.0" y="110.00000000000003"/>
      </bpmndi:BPMNShape>
      <bpmndi:BPMNShape bpmnElement="sid-40C55997-4647-4046-BA2F-8188AA7DC9F6" id="BPMNShape_sid-40C55997-4647-4046-BA2F-8188AA7DC9F6">
        <omgdc:Bounds height="28.0" width="28.0" x="415.0" y="136.00000000000003"/>
      </bpmndi:BPMNShape>
      <bpmndi:BPMNEdge bpmnElement="sid-E4FC20C7-A58B-43E1-8545-E53F007B8FFB" id="BPMNEdge_sid-E4FC20C7-A58B-43E1-8545-E53F007B8FFB">
        <omgdi:waypoint x="370.0" y="150.00000000000003"/>
        <omgdi:waypoint x="415.0" y="150.00000000000003"/>
      </bpmndi:BPMNEdge>
      <bpmndi:BPMNEdge bpmnElement="sid-1D0325EF-0E01-4225-AA9C-7C1A77664BF4" id="BPMNEdge_sid-1D0325EF-0E01-4225-AA9C-7C1A77664BF4">
        <omgdi:waypoint x="225.00000000000003" y="150.00000000000003"/>
        <omgdi:waypoint x="270.0" y="150.00000000000003"/>
      </bpmndi:BPMNEdge>
    </bpmndi:BPMNPlane>
  </bpmndi:BPMNDiagram>
</definitions>