<?xml version='1.0' encoding='UTF-8'?>
<definitions xmlns="http://www.omg.org/spec/BPMN/20100524/MODEL" xmlns:xsi="http://www.w3.org/2001/XMLSchema-instance" xmlns:xsd="http://www.w3.org/2001/XMLSchema" xmlns:activiti="http://activiti.org/bpmn" xmlns:bpmndi="http://www.omg.org/spec/BPMN/20100524/DI" xmlns:omgdc="http://www.omg.org/spec/DD/20100524/DC" xmlns:omgdi="http://www.omg.org/spec/DD/20100524/DI" typeLanguage="http://www.w3.org/2001/XMLSchema" expressionLanguage="http://www.w3.org/1999/XPath" targetNamespace="http://www.activiti.org/processdef" xmlns:modeler="http://activiti.com/modeler" modeler:version="1.0en" modeler:exportDateTime="20181017153347509" modeler:modelId="2008" modeler:modelVersion="15" modeler:modelLastUpdated="1539790106214">
  <process id="ADF-180-test" name="ADF-180-test" isExecutable="true">
    <startEvent id="startEvent1">
      <extensionElements>
        <modeler:editor-resource-id><![CDATA[startEvent1]]></modeler:editor-resource-id>
      </extensionElements>
    </startEvent>
    <sequenceFlow id="sid-035922ED-D126-47AA-A3CF-CDB1EA4F94F0" sourceRef="startEvent1" targetRef="sid-E509F87B-EB6E-4C2B-95F2-EA905C0D61C1">
      <extensionElements>
        <modeler:editor-resource-id><![CDATA[sid-035922ED-D126-47AA-A3CF-CDB1EA4F94F0]]></modeler:editor-resource-id>
      </extensionElements>
    </sequenceFlow>
    <serviceTask id="sid-E509F87B-EB6E-4C2B-95F2-EA905C0D61C1" name="Generate Document" activiti:async="true" activiti:delegateExpression="${activiti_generateDocumentDelegate}">
      <extensionElements>
        <activiti:field name="outputFormat">
          <activiti:string><![CDATA[word]]></activiti:string>
        </activiti:field>
        <activiti:field name="templateId">
          <activiti:string><![CDATA[1]]></activiti:string>
        </activiti:field>
        <activiti:field name="templateName">
          <activiti:string><![CDATA[empty.docx]]></activiti:string>
        </activiti:field>
        <activiti:field name="variableName">
          <activiti:string><![CDATA[generatedDocument]]></activiti:string>
        </activiti:field>
        <modeler:executionvariables modeler:variableName="generatedDocument" modeler:variableType="document"/>
        <modeler:editor-resource-id><![CDATA[sid-E509F87B-EB6E-4C2B-95F2-EA905C0D61C1]]></modeler:editor-resource-id>
      </extensionElements>
    </serviceTask>
    <userTask id="sid-89377C9E-5941-4D21-8F44-D5CC51E01F3E" name="View Document" activiti:assignee="$INITIATOR" activiti:formKey="2007">
      <extensionElements>
        <modeler:allow-send-email><![CDATA[true]]></modeler:allow-send-email>
        <modeler:form-reference-id><![CDATA[2007]]></modeler:form-reference-id>
        <modeler:form-reference-name><![CDATA[View Document]]></modeler:form-reference-name>
        <modeler:activiti-idm-initiator><![CDATA[true]]></modeler:activiti-idm-initiator>
        <modeler:initiator-can-complete><![CDATA[false]]></modeler:initiator-can-complete>
        <modeler:editor-resource-id><![CDATA[sid-89377C9E-5941-4D21-8F44-D5CC51E01F3E]]></modeler:editor-resource-id>
      </extensionElements>
    </userTask>
    <sequenceFlow id="sid-023E81AC-7569-42F1-BE37-8E0C1F6E0AF7" sourceRef="sid-E509F87B-EB6E-4C2B-95F2-EA905C0D61C1" targetRef="sid-89377C9E-5941-4D21-8F44-D5CC51E01F3E">
      <extensionElements>
        <modeler:editor-resource-id><![CDATA[sid-023E81AC-7569-42F1-BE37-8E0C1F6E0AF7]]></modeler:editor-resource-id>
      </extensionElements>
    </sequenceFlow>
    <endEvent id="sid-19B1D43F-0A11-47D3-9C25-5E0F9C8E31DF">
      <extensionElements>
        <modeler:editor-resource-id><![CDATA[sid-19B1D43F-0A11-47D3-9C25-5E0F9C8E31DF]]></modeler:editor-resource-id>
      </extensionElements>
    </endEvent>
    <sequenceFlow id="sid-62B00369-1DB1-4D4B-AF6A-53149191F999" sourceRef="sid-89377C9E-5941-4D21-8F44-D5CC51E01F3E" targetRef="sid-19B1D43F-0A11-47D3-9C25-5E0F9C8E31DF">
      <extensionElements>
        <modeler:editor-resource-id><![CDATA[sid-62B00369-1DB1-4D4B-AF6A-53149191F999]]></modeler:editor-resource-id>
      </extensionElements>
    </sequenceFlow>
  </process>
  <bpmndi:BPMNDiagram id="BPMNDiagram_ADF-180-test">
    <bpmndi:BPMNPlane bpmnElement="ADF-180-test" id="BPMNPlane_ADF-180-test">
      <bpmndi:BPMNShape bpmnElement="startEvent1" id="BPMNShape_startEvent1">
        <omgdc:Bounds height="30.0" width="30.0" x="100.0" y="163.0"/>
      </bpmndi:BPMNShape>
      <bpmndi:BPMNShape bpmnElement="sid-E509F87B-EB6E-4C2B-95F2-EA905C0D61C1" id="BPMNShape_sid-E509F87B-EB6E-4C2B-95F2-EA905C0D61C1">
        <omgdc:Bounds height="80.0" width="100.0" x="175.0" y="138.0"/>
      </bpmndi:BPMNShape>
      <bpmndi:BPMNShape bpmnElement="sid-89377C9E-5941-4D21-8F44-D5CC51E01F3E" id="BPMNShape_sid-89377C9E-5941-4D21-8F44-D5CC51E01F3E">
        <omgdc:Bounds height="80.0" width="100.0" x="320.0" y="138.0"/>
      </bpmndi:BPMNShape>
      <bpmndi:BPMNShape bpmnElement="sid-19B1D43F-0A11-47D3-9C25-5E0F9C8E31DF" id="BPMNShape_sid-19B1D43F-0A11-47D3-9C25-5E0F9C8E31DF">
        <omgdc:Bounds height="28.0" width="28.0" x="465.0" y="164.0"/>
      </bpmndi:BPMNShape>
      <bpmndi:BPMNEdge bpmnElement="sid-62B00369-1DB1-4D4B-AF6A-53149191F999" id="BPMNEdge_sid-62B00369-1DB1-4D4B-AF6A-53149191F999">
        <omgdi:waypoint x="420.0" y="178.0"/>
        <omgdi:waypoint x="465.0" y="178.0"/>
      </bpmndi:BPMNEdge>
      <bpmndi:BPMNEdge bpmnElement="sid-035922ED-D126-47AA-A3CF-CDB1EA4F94F0" id="BPMNEdge_sid-035922ED-D126-47AA-A3CF-CDB1EA4F94F0">
        <omgdi:waypoint x="130.0" y="178.0"/>
        <omgdi:waypoint x="175.0" y="178.0"/>
      </bpmndi:BPMNEdge>
      <bpmndi:BPMNEdge bpmnElement="sid-023E81AC-7569-42F1-BE37-8E0C1F6E0AF7" id="BPMNEdge_sid-023E81AC-7569-42F1-BE37-8E0C1F6E0AF7">
        <omgdi:waypoint x="275.0" y="178.0"/>
        <omgdi:waypoint x="320.0" y="178.0"/>
      </bpmndi:BPMNEdge>
    </bpmndi:BPMNPlane>
  </bpmndi:BPMNDiagram>
</definitions>