{"bounds":{"lowerRight":{"x":1485.0,"y":700.0},"upperLeft":{"x":0.0,"y":0.0}},"resourceId":"canvas","stencil":{"id":"BPMNDiagram"},"stencilset":{"namespace":"http://b3mn.org/stencilset/bpmn2.0#","url":"../editor/stencilsets/bpmn2.0/bpmn2.0.json"},"properties":{"process_id":"attachfolder","name":"attach folder","executionlisteners":{"executionListeners":[]},"eventlisteners":{"eventListeners":[]},"signaldefinitions":[],"messagedefinitions":[],"process_namespace":"http://www.activiti.org/processdef"},"childShapes":[{"bounds":{"lowerRight":{"x":225.00000000000003,"y":165.00000000000003},"upperLeft":{"x":195.00000000000003,"y":135.00000000000003}},"resourceId":"startEvent1","childShapes":[],"stencil":{"id":"StartNoneEvent"},"properties":{"overrideid":"startEvent1","executionlisteners":{"executionListeners":[]},"asynchronousdefinition":false,"exclusivedefinition":false},"outgoing":[{"resourceId":"sid-1D0325EF-0E01-4225-AA9C-7C1A77664BF4"}]},{"bounds":{"lowerRight":{"x":370.0,"y":190.00000000000003},"upperLeft":{"x":270.0,"y":110.00000000000003}},"resourceId":"sid-D174C769-15A9-42CF-B158-B7A83B928A74","childShapes":[],"stencil":{"id":"UserTask"},"properties":{"overrideid":"sid-D174C769-15A9-42CF-B158-B7A83B928A74","name":"Upload folder\n","usertasksendemail":true,"usertaskassignment":{"assignment":{"type":"idm","idm":{"type":"initiator"},"initiatorCanCompleteTask":false}},"formreference":{"id":24898,"name":"upload-folder"},"executionlisteners":{"executionListeners":[]},"isforcompensation":false,"asynchronousdefinition":false,"exclusivedefinition":false,"tasklisteners":{"taskListeners":[]}},"outgoing":[{"resourceId":"sid-E4FC20C7-A58B-43E1-8545-E53F007B8FFB"}]},{"bounds":{"lowerRight":{"x":172.0,"y":212.0},"upperLeft":{"x":128.0,"y":212.0}},"resourceId":"sid-1D0325EF-0E01-4225-AA9C-7C1A77664BF4","childShapes":[],"stencil":{"id":"SequenceFlow"},"dockers":[{"x":15.0,"y":15.0},{"x":50.0,"y":40.0}],"outgoing":[{"resourceId":"sid-D174C769-15A9-42CF-B158-B7A83B928A74"}],"target":{"resourceId":"sid-D174C769-15A9-42CF-B158-B7A83B928A74"},"properties":{"overrideid":"sid-1D0325EF-0E01-4225-AA9C-7C1A77664BF4","executionlisteners":{"executionListeners":[]}}},{"bounds":{"lowerRight":{"x":443.0,"y":164.00000000000003},"upperLeft":{"x":415.0,"y":136.00000000000003}},"resourceId":"sid-40C55997-4647-4046-BA2F-8188AA7DC9F6","childShapes":[],"stencil":{"id":"EndNoneEvent"},"properties":{"overrideid":"sid-40C55997-4647-4046-BA2F-8188AA7DC9F6","executionlisteners":{"executionListeners":[]},"asynchronousdefinition":false,"exclusivedefinition":false},"outgoing":[]},{"bounds":{"lowerRight":{"x":172.0,"y":212.0},"upperLeft":{"x":128.0,"y":212.0}},"resourceId":"sid-E4FC20C7-A58B-43E1-8545-E53F007B8FFB","childShapes":[],"stencil":{"id":"SequenceFlow"},"dockers":[{"x":50.0,"y":40.0},{"x":14.0,"y":14.0}],"outgoing":[{"resourceId":"sid-40C55997-4647-4046-BA2F-8188AA7DC9F6"}],"target":{"resourceId":"sid-40C55997-4647-4046-BA2F-8188AA7DC9F6"},"properties":{"overrideid":"sid-E4FC20C7-A58B-43E1-8545-E53F007B8FFB","executionlisteners":{"executionListeners":[]}}}]}