{"resourceId":2008,"properties":{"process_id":"ADF-180-test","name":"ADF-180-test","documentation":"","process_author":"","process_version":"","process_namespace":"http://www.activiti.org/processdef","executionlisteners":"{\"executionListeners\":[]}","eventlisteners":"{\"eventListeners\":[]}","signaldefinitions":"[]","messagedefinitions":"[]","executionvariables":"","metadata":""},"stencil":{"id":"BPMNDiagram"},"childShapes":[{"resourceId":"startEvent1","properties":{"overrideid":"startEvent1","name":"","documentation":"","executionlisteners":{"executionListeners":[]},"initiator":"","formkeydefinition":"","formreference":"","fieldstovariables":"","formproperties":"","asynchronousdefinition":false,"exclusivedefinition":false},"stencil":{"id":"StartNoneEvent"},"childShapes":[],"outgoing":[{"resourceId":"sid-035922ED-D126-47AA-A3CF-CDB1EA4F94F0"}],"bounds":{"lowerRight":{"x":130,"y":193},"upperLeft":{"x":100,"y":163}},"dockers":[]},{"resourceId":"sid-035922ED-D126-47AA-A3CF-CDB1EA4F94F0","properties":{"overrideid":"sid-035922ED-D126-47AA-A3CF-CDB1EA4F94F0","name":"","documentation":"","conditionsequenceflow":"","executionlisteners":{"executionListeners":[]},"defaultflow":"false"},"stencil":{"id":"SequenceFlow"},"childShapes":[],"outgoing":[{"resourceId":"sid-E509F87B-EB6E-4C2B-95F2-EA905C0D61C1"}],"bounds":{"lowerRight":{"x":174.15625,"y":178},"upperLeft":{"x":130.609375,"y":178}},"dockers":[{"x":15,"y":15},{"x":50,"y":40}],"target":{"resourceId":"sid-E509F87B-EB6E-4C2B-95F2-EA905C0D61C1"}},{"resourceId":"sid-E509F87B-EB6E-4C2B-95F2-EA905C0D61C1","properties":{"overrideid":"sid-E509F87B-EB6E-4C2B-95F2-EA905C0D61C1","name":"Generate Document","documentation":"","generatedocumenttemplate":{"id":1,"name":"empty.docx"},"generatedocumenttaskoutputformat":"word","executionvariable_document":{"variableName":"generatedDocument","variableType":"document"},"generatedocumentfilename":"","isforcompensation":false,"executionlisteners":{"executionListeners":[]},"exclusivedefinition":true,"asynchronousdefinition":true},"stencil":{"id":"GenerateDocumentTask"},"childShapes":[],"outgoing":[{"resourceId":"sid-023E81AC-7569-42F1-BE37-8E0C1F6E0AF7"}],"bounds":{"lowerRight":{"x":275,"y":218},"upperLeft":{"x":175,"y":138}},"dockers":[]},{"resourceId":"sid-89377C9E-5941-4D21-8F44-D5CC51E01F3E","properties":{"overrideid":"sid-89377C9E-5941-4D21-8F44-D5CC51E01F3E","name":"View Document","documentation":"","asynchronousdefinition":false,"exclusivedefinition":false,"executionlisteners":{"executionListeners":[]},"multiinstance_type":"None","multiinstance_cardinality":"","multiinstance_collection":"","multiinstance_variable":"","multiinstance_condition":"","isforcompensation":false,"usertasksendemail":true,"usertaskassignment":{"assignment":{"type":"idm","idm":{"type":"initiator"}}},"formkeydefinition":"","formreference":{"id":2007,"name":"View Document"},"fieldstovariables":"","duedatedefinition":"","prioritydefinition":"","categorydefinition":"","formproperties":"","tasklisteners":{"taskListeners":[]},"emailtemplate":""},"stencil":{"id":"UserTask"},"childShapes":[],"outgoing":[{"resourceId":"sid-62B00369-1DB1-4D4B-AF6A-53149191F999"}],"bounds":{"lowerRight":{"x":420,"y":218},"upperLeft":{"x":320,"y":138}},"dockers":[]},{"resourceId":"sid-023E81AC-7569-42F1-BE37-8E0C1F6E0AF7","properties":{"overrideid":"sid-023E81AC-7569-42F1-BE37-8E0C1F6E0AF7","name":"","documentation":"","conditionsequenceflow":"","executionlisteners":{"executionListeners":[]},"defaultflow":"false"},"stencil":{"id":"SequenceFlow"},"childShapes":[],"outgoing":[{"resourceId":"sid-89377C9E-5941-4D21-8F44-D5CC51E01F3E"}],"bounds":{"lowerRight":{"x":319.15625,"y":178},"upperLeft":{"x":275.84375,"y":178}},"dockers":[{"x":50,"y":40},{"x":50,"y":40}],"target":{"resourceId":"sid-89377C9E-5941-4D21-8F44-D5CC51E01F3E"}},{"resourceId":"sid-19B1D43F-0A11-47D3-9C25-5E0F9C8E31DF","properties":{"overrideid":"sid-19B1D43F-0A11-47D3-9C25-5E0F9C8E31DF","name":"","documentation":"","executionlisteners":{"executionListeners":[]},"asynchronousdefinition":false,"exclusivedefinition":false},"stencil":{"id":"EndNoneEvent"},"childShapes":[],"outgoing":[],"bounds":{"lowerRight":{"x":493,"y":192},"upperLeft":{"x":465,"y":164}},"dockers":[]},{"resourceId":"sid-62B00369-1DB1-4D4B-AF6A-53149191F999","properties":{"overrideid":"sid-62B00369-1DB1-4D4B-AF6A-53149191F999","name":"","documentation":"","conditionsequenceflow":"","executionlisteners":{"executionListeners":[]},"defaultflow":"false"},"stencil":{"id":"SequenceFlow"},"childShapes":[],"outgoing":[{"resourceId":"sid-19B1D43F-0A11-47D3-9C25-5E0F9C8E31DF"}],"bounds":{"lowerRight":{"x":464.375,"y":178},"upperLeft":{"x":420.390625,"y":178}},"dockers":[{"x":50,"y":40},{"x":14,"y":14}],"target":{"resourceId":"sid-19B1D43F-0A11-47D3-9C25-5E0F9C8E31DF"}}],"bounds":{"lowerRight":{"x":1200,"y":1050},"upperLeft":{"x":0,"y":0}},"stencilset":{"url":"stencilsets/bpmn2.0/bpmn2.0.json","namespace":"http://b3mn.org/stencilset/bpmn2.0#"},"ssextensions":[]}