<?xml version='1.0' encoding='UTF-8'?>
<definitions xmlns="http://www.omg.org/spec/BPMN/20100524/MODEL" xmlns:xsi="http://www.w3.org/2001/XMLSchema-instance" xmlns:xsd="http://www.w3.org/2001/XMLSchema" xmlns:activiti="http://activiti.org/bpmn" xmlns:bpmndi="http://www.omg.org/spec/BPMN/20100524/DI" xmlns:omgdc="http://www.omg.org/spec/DD/20100524/DC" xmlns:omgdi="http://www.omg.org/spec/DD/20100524/DI" typeLanguage="http://www.w3.org/2001/XMLSchema" expressionLanguage="http://www.w3.org/1999/XPath" targetNamespace="http://www.activiti.org/processdef" xmlns:modeler="http://activiti.com/modeler" modeler:version="1.0en" modeler:exportDateTime="20200416064731585" modeler:modelId="24891" modeler:modelVersion="6" modeler:modelLastUpdated="1587019640639">
  <process id="AttachfolderfromCS" name="Attach folder from CS" isExecutable="true">
    <startEvent id="startEvent1">
      <extensionElements>
        <modeler:editor-resource-id><![CDATA[startEvent1]]></modeler:editor-resource-id>
      </extensionElements>
    </startEvent>
    <userTask id="sid-E121D204-B196-44EA-B29B-9484E5229CC0" name="Attach Folder" activiti:assignee="$INITIATOR" activiti:formKey="24890">
      <extensionElements>
        <modeler:allow-send-email><![CDATA[true]]></modeler:allow-send-email>
        <modeler:form-reference-id><![CDATA[24890]]></modeler:form-reference-id>
        <modeler:form-reference-name><![CDATA[upload-folder-cs]]></modeler:form-reference-name>
        <modeler:activiti-idm-initiator><![CDATA[true]]></modeler:activiti-idm-initiator>
        <modeler:editor-resource-id><![CDATA[sid-E121D204-B196-44EA-B29B-9484E5229CC0]]></modeler:editor-resource-id>
      </extensionElements>
    </userTask>
    <sequenceFlow id="sid-9A113126-A8AC-4850-9931-C1DC56B8BEC2" sourceRef="startEvent1" targetRef="sid-E121D204-B196-44EA-B29B-9484E5229CC0">
      <extensionElements>
        <modeler:editor-resource-id><![CDATA[sid-9A113126-A8AC-4850-9931-C1DC56B8BEC2]]></modeler:editor-resource-id>
      </extensionElements>
    </sequenceFlow>
    <endEvent id="sid-20FF8F45-6317-4108-BF55-B10CB01797EA">
      <extensionElements>
        <modeler:editor-resource-id><![CDATA[sid-20FF8F45-6317-4108-BF55-B10CB01797EA]]></modeler:editor-resource-id>
      </extensionElements>
    </endEvent>
    <sequenceFlow id="sid-D9AF47FF-BB1E-4E63-A420-93DAABF62F68" sourceRef="sid-E121D204-B196-44EA-B29B-9484E5229CC0" targetRef="sid-20FF8F45-6317-4108-BF55-B10CB01797EA">
      <extensionElements>
        <modeler:editor-resource-id><![CDATA[sid-D9AF47FF-BB1E-4E63-A420-93DAABF62F68]]></modeler:editor-resource-id>
      </extensionElements>
    </sequenceFlow>
  </process>
  <bpmndi:BPMNDiagram id="BPMNDiagram_AttachfolderfromCS">
    <bpmndi:BPMNPlane bpmnElement="AttachfolderfromCS" id="BPMNPlane_AttachfolderfromCS">
      <bpmndi:BPMNShape bpmnElement="startEvent1" id="BPMNShape_startEvent1">
        <omgdc:Bounds height="30.0" width="29.999999999999986" x="120.00000000000001" y="135.00000000000003"/>
      </bpmndi:BPMNShape>
      <bpmndi:BPMNShape bpmnElement="sid-E121D204-B196-44EA-B29B-9484E5229CC0" id="BPMNShape_sid-E121D204-B196-44EA-B29B-9484E5229CC0">
        <omgdc:Bounds height="80.0" width="100.0" x="195.0" y="110.00000000000003"/>
      </bpmndi:BPMNShape>
      <bpmndi:BPMNShape bpmnElement="sid-20FF8F45-6317-4108-BF55-B10CB01797EA" id="BPMNShape_sid-20FF8F45-6317-4108-BF55-B10CB01797EA">
        <omgdc:Bounds height="28.0" width="28.0" x="340.0" y="136.00000000000003"/>
      </bpmndi:BPMNShape>
      <bpmndi:BPMNEdge bpmnElement="sid-9A113126-A8AC-4850-9931-C1DC56B8BEC2" id="BPMNEdge_sid-9A113126-A8AC-4850-9931-C1DC56B8BEC2">
        <omgdi:waypoint x="150.0" y="150.00000000000003"/>
        <omgdi:waypoint x="195.0" y="150.00000000000003"/>
      </bpmndi:BPMNEdge>
      <bpmndi:BPMNEdge bpmnElement="sid-D9AF47FF-BB1E-4E63-A420-93DAABF62F68" id="BPMNEdge_sid-D9AF47FF-BB1E-4E63-A420-93DAABF62F68">
        <omgdi:waypoint x="295.0" y="150.00000000000003"/>
        <omgdi:waypoint x="340.0" y="150.00000000000003"/>
      </bpmndi:BPMNEdge>
    </bpmndi:BPMNPlane>
  </bpmndi:BPMNDiagram>
</definitions>