{"bounds":{"lowerRight":{"x":1485.0,"y":700.0},"upperLeft":{"x":0.0,"y":0.0}},"resourceId":"canvas","stencil":{"id":"BPMNDiagram"},"stencilset":{"namespace":"http://b3mn.org/stencilset/bpmn2.0#","url":"../editor/stencilsets/bpmn2.0/bpmn2.0.json"},"properties":{"process_id":"AttachFile-TwoAlfrescoRepositories","name":"AttachFile-TwoAlfrescoRepositories","executionlisteners":{"executionListeners":[]},"eventlisteners":{"eventListeners":[]},"signaldefinitions":[],"messagedefinitions":[],"process_namespace":"http://www.activiti.org/processdef"},"childShapes":[{"bounds":{"lowerRight":{"x":130.0,"y":193.0},"upperLeft":{"x":100.0,"y":163.0}},"resourceId":"startEvent1","childShapes":[],"stencil":{"id":"StartNoneEvent"},"properties":{"overrideid":"startEvent1","executionlisteners":{"executionListeners":[]},"asynchronousdefinition":false,"exclusivedefinition":false},"outgoing":[{"resourceId":"sid-20FAFA09-0E05-43B0-BA5D-8D7C89D24496"}]},{"bounds":{"lowerRight":{"x":325.0,"y":218.0},"upperLeft":{"x":225.0,"y":138.0}},"resourceId":"sid-A509EC78-5667-4711-8654-5023D593DAF3","childShapes":[],"stencil":{"id":"UserTask"},"properties":{"overrideid":"sid-A509EC78-5667-4711-8654-5023D593DAF3","usertasksendemail":true,"usertaskassignment":{"assignment":{"type":"idm","idm":{"type":"initiator"}}},"formreference":{"id":45403,"name":"AttachFile-TwoAlfrescoRepositories"},"executionlisteners":{"executionListeners":[]},"isforcompensation":false,"asynchronousdefinition":false,"exclusivedefinition":false,"tasklisteners":{"taskListeners":[]}},"outgoing":[{"resourceId":"sid-D413076D-0D35-4831-8522-E81103064892"}]},{"bounds":{"lowerRight":{"x":517.0,"y":192.0},"upperLeft":{"x":489.0,"y":164.0}},"resourceId":"sid-6250BD3E-4580-453B-81E4-705BAB980B81","childShapes":[],"stencil":{"id":"EndNoneEvent"},"properties":{"overrideid":"sid-6250BD3E-4580-453B-81E4-705BAB980B81","executionlisteners":{"executionListeners":[]},"asynchronousdefinition":false,"exclusivedefinition":false},"outgoing":[]},{"bounds":{"lowerRight":{"x":172.0,"y":212.0},"upperLeft":{"x":128.0,"y":212.0}},"resourceId":"sid-20FAFA09-0E05-43B0-BA5D-8D7C89D24496","childShapes":[],"stencil":{"id":"SequenceFlow"},"dockers":[{"x":15.0,"y":15.0},{"x":50.0,"y":40.0}],"outgoing":[{"resourceId":"sid-A509EC78-5667-4711-8654-5023D593DAF3"}],"target":{"resourceId":"sid-A509EC78-5667-4711-8654-5023D593DAF3"},"properties":{"overrideid":"sid-20FAFA09-0E05-43B0-BA5D-8D7C89D24496","executionlisteners":{"executionListeners":[]}}},{"bounds":{"lowerRight":{"x":172.0,"y":212.0},"upperLeft":{"x":128.0,"y":212.0}},"resourceId":"sid-D413076D-0D35-4831-8522-E81103064892","childShapes":[],"stencil":{"id":"SequenceFlow"},"dockers":[{"x":50.0,"y":40.0},{"x":14.0,"y":14.0}],"outgoing":[{"resourceId":"sid-6250BD3E-4580-453B-81E4-705BAB980B81"}],"target":{"resourceId":"sid-6250BD3E-4580-453B-81E4-705BAB980B81"},"properties":{"overrideid":"sid-D413076D-0D35-4831-8522-E81103064892","executionlisteners":{"executionListeners":[]}}}]}