<?xml version='1.0' encoding='UTF-8'?>
<definitions xmlns="http://www.omg.org/spec/BPMN/20100524/MODEL" xmlns:xsi="http://www.w3.org/2001/XMLSchema-instance" xmlns:xsd="http://www.w3.org/2001/XMLSchema" xmlns:activiti="http://activiti.org/bpmn" xmlns:bpmndi="http://www.omg.org/spec/BPMN/20100524/DI" xmlns:omgdc="http://www.omg.org/spec/DD/20100524/DC" xmlns:omgdi="http://www.omg.org/spec/DD/20100524/DI" typeLanguage="http://www.w3.org/2001/XMLSchema" expressionLanguage="http://www.w3.org/1999/XPath" targetNamespace="http://www.activiti.org/processdef" xmlns:modeler="http://activiti.com/modeler" modeler:version="1.0en" modeler:exportDateTime="20200416064731589" modeler:modelId="45404" modeler:modelVersion="6" modeler:modelLastUpdated="1587019640664">
  <process id="AttachFile-TwoAlfrescoRepositories" name="AttachFile-TwoAlfrescoRepositories" isExecutable="true">
    <startEvent id="startEvent1">
      <extensionElements>
        <modeler:editor-resource-id><![CDATA[startEvent1]]></modeler:editor-resource-id>
      </extensionElements>
    </startEvent>
    <userTask id="sid-A509EC78-5667-4711-8654-5023D593DAF3" activiti:assignee="$INITIATOR" activiti:formKey="45403">
      <extensionElements>
        <modeler:allow-send-email><![CDATA[true]]></modeler:allow-send-email>
        <modeler:form-reference-id><![CDATA[45403]]></modeler:form-reference-id>
        <modeler:form-reference-name><![CDATA[AttachFile-TwoAlfrescoRepositories]]></modeler:form-reference-name>
        <modeler:activiti-idm-initiator><![CDATA[true]]></modeler:activiti-idm-initiator>
        <modeler:initiator-can-complete><![CDATA[false]]></modeler:initiator-can-complete>
        <modeler:editor-resource-id><![CDATA[sid-A509EC78-5667-4711-8654-5023D593DAF3]]></modeler:editor-resource-id>
      </extensionElements>
    </userTask>
    <endEvent id="sid-6250BD3E-4580-453B-81E4-705BAB980B81" activiti:async="true" activiti:exclusive="false">
      <extensionElements>
        <activiti:executionListener event="start" class="com.activiti.runtime.activiti.ContentProcessorExecutionListener">
          <activiti:field name="externalContentHandler">
            <activiti:expression><![CDATA[${externalContentHandler}]]></activiti:expression>
          </activiti:field>
        </activiti:executionListener>
        <modeler:editor-resource-id><![CDATA[sid-6250BD3E-4580-453B-81E4-705BAB980B81]]></modeler:editor-resource-id>
        <modeler:ignore-listener-on-import><![CDATA[com.activiti.runtime.activiti.ContentProcessorExecutionListener]]></modeler:ignore-listener-on-import>
      </extensionElements>
    </endEvent>
    <sequenceFlow id="sid-20FAFA09-0E05-43B0-BA5D-8D7C89D24496" sourceRef="startEvent1" targetRef="sid-A509EC78-5667-4711-8654-5023D593DAF3">
      <extensionElements>
        <modeler:editor-resource-id><![CDATA[sid-20FAFA09-0E05-43B0-BA5D-8D7C89D24496]]></modeler:editor-resource-id>
      </extensionElements>
    </sequenceFlow>
    <sequenceFlow id="sid-D413076D-0D35-4831-8522-E81103064892" sourceRef="sid-A509EC78-5667-4711-8654-5023D593DAF3" targetRef="sid-6250BD3E-4580-453B-81E4-705BAB980B81">
      <extensionElements>
        <modeler:editor-resource-id><![CDATA[sid-D413076D-0D35-4831-8522-E81103064892]]></modeler:editor-resource-id>
      </extensionElements>
    </sequenceFlow>
  </process>
  <bpmndi:BPMNDiagram id="BPMNDiagram_AttachFile-TwoAlfrescoRepositories">
    <bpmndi:BPMNPlane bpmnElement="AttachFile-TwoAlfrescoRepositories" id="BPMNPlane_AttachFile-TwoAlfrescoRepositories">
      <bpmndi:BPMNShape bpmnElement="startEvent1" id="BPMNShape_startEvent1">
        <omgdc:Bounds height="30.0" width="30.0" x="100.0" y="163.0"/>
      </bpmndi:BPMNShape>
      <bpmndi:BPMNShape bpmnElement="sid-A509EC78-5667-4711-8654-5023D593DAF3" id="BPMNShape_sid-A509EC78-5667-4711-8654-5023D593DAF3">
        <omgdc:Bounds height="80.0" width="100.0" x="225.0" y="138.0"/>
      </bpmndi:BPMNShape>
      <bpmndi:BPMNShape bpmnElement="sid-6250BD3E-4580-453B-81E4-705BAB980B81" id="BPMNShape_sid-6250BD3E-4580-453B-81E4-705BAB980B81">
        <omgdc:Bounds height="28.0" width="28.0" x="489.0" y="164.0"/>
      </bpmndi:BPMNShape>
      <bpmndi:BPMNEdge bpmnElement="sid-D413076D-0D35-4831-8522-E81103064892" id="BPMNEdge_sid-D413076D-0D35-4831-8522-E81103064892">
        <omgdi:waypoint x="325.0" y="178.0"/>
        <omgdi:waypoint x="489.0" y="178.0"/>
      </bpmndi:BPMNEdge>
      <bpmndi:BPMNEdge bpmnElement="sid-20FAFA09-0E05-43B0-BA5D-8D7C89D24496" id="BPMNEdge_sid-20FAFA09-0E05-43B0-BA5D-8D7C89D24496">
        <omgdi:waypoint x="130.0" y="178.0"/>
        <omgdi:waypoint x="225.0" y="178.0"/>
      </bpmndi:BPMNEdge>
    </bpmndi:BPMNPlane>
  </bpmndi:BPMNDiagram>
</definitions>