<?xml version='1.0' encoding='UTF-8'?>
<definitions xmlns="http://www.omg.org/spec/BPMN/20100524/MODEL" xmlns:xsi="http://www.w3.org/2001/XMLSchema-instance" xmlns:xsd="http://www.w3.org/2001/XMLSchema" xmlns:activiti="http://activiti.org/bpmn" xmlns:bpmndi="http://www.omg.org/spec/BPMN/20100524/DI" xmlns:omgdc="http://www.omg.org/spec/DD/20100524/DC" xmlns:omgdi="http://www.omg.org/spec/DD/20100524/DI" typeLanguage="http://www.w3.org/2001/XMLSchema" expressionLanguage="http://www.w3.org/1999/XPath" targetNamespace="http://www.activiti.org/processdef" xmlns:modeler="http://activiti.com/modeler" modeler:version="1.0en" modeler:exportDateTime="20181024094951133" modeler:modelId="28" modeler:modelVersion="3" modeler:modelLastUpdated="1540374569941">
  <process id="CheckboxWidgetProcess" name="CheckboxWidgetProcess" isExecutable="true">
    <startEvent id="startEvent1">
      <extensionElements>
        <modeler:editor-resource-id><![CDATA[startEvent1]]></modeler:editor-resource-id>
      </extensionElements>
    </startEvent>
    <userTask id="sid-9E06CDDC-248D-46E1-8446-30345201E4C2" activiti:assignee="$INITIATOR" activiti:formKey="19">
      <extensionElements>
        <modeler:allow-send-email><![CDATA[true]]></modeler:allow-send-email>
        <modeler:form-reference-id><![CDATA[19]]></modeler:form-reference-id>
        <modeler:form-reference-name><![CDATA[CheckboxWidgetForm]]></modeler:form-reference-name>
        <modeler:activiti-idm-initiator><![CDATA[true]]></modeler:activiti-idm-initiator>
        <modeler:initiator-can-complete><![CDATA[false]]></modeler:initiator-can-complete>
        <modeler:editor-resource-id><![CDATA[sid-9E06CDDC-248D-46E1-8446-30345201E4C2]]></modeler:editor-resource-id>
      </extensionElements>
    </userTask>
    <sequenceFlow id="sid-7BDA9F3F-5521-4C1A-941E-16182E53D9C4" sourceRef="startEvent1" targetRef="sid-9E06CDDC-248D-46E1-8446-30345201E4C2">
      <extensionElements>
        <modeler:editor-resource-id><![CDATA[sid-7BDA9F3F-5521-4C1A-941E-16182E53D9C4]]></modeler:editor-resource-id>
      </extensionElements>
    </sequenceFlow>
    <endEvent id="sid-FF2B36F0-5EFA-47E8-B730-01CCF4B029BD">
      <extensionElements>
        <modeler:editor-resource-id><![CDATA[sid-FF2B36F0-5EFA-47E8-B730-01CCF4B029BD]]></modeler:editor-resource-id>
      </extensionElements>
    </endEvent>
    <sequenceFlow id="sid-AD669D7C-3AD2-414D-B743-48BBC06074B7" sourceRef="sid-9E06CDDC-248D-46E1-8446-30345201E4C2" targetRef="sid-FF2B36F0-5EFA-47E8-B730-01CCF4B029BD">
      <extensionElements>
        <modeler:editor-resource-id><![CDATA[sid-AD669D7C-3AD2-414D-B743-48BBC06074B7]]></modeler:editor-resource-id>
      </extensionElements>
    </sequenceFlow>
  </process>
  <bpmndi:BPMNDiagram id="BPMNDiagram_CheckboxWidgetProcess">
    <bpmndi:BPMNPlane bpmnElement="CheckboxWidgetProcess" id="BPMNPlane_CheckboxWidgetProcess">
      <bpmndi:BPMNShape bpmnElement="startEvent1" id="BPMNShape_startEvent1">
        <omgdc:Bounds height="30.0" width="30.0" x="100.0" y="163.0"/>
      </bpmndi:BPMNShape>
      <bpmndi:BPMNShape bpmnElement="sid-9E06CDDC-248D-46E1-8446-30345201E4C2" id="BPMNShape_sid-9E06CDDC-248D-46E1-8446-30345201E4C2">
        <omgdc:Bounds height="80.0" width="100.0" x="175.0" y="138.0"/>
      </bpmndi:BPMNShape>
      <bpmndi:BPMNShape bpmnElement="sid-FF2B36F0-5EFA-47E8-B730-01CCF4B029BD" id="BPMNShape_sid-FF2B36F0-5EFA-47E8-B730-01CCF4B029BD">
        <omgdc:Bounds height="28.0" width="28.0" x="320.0" y="164.0"/>
      </bpmndi:BPMNShape>
      <bpmndi:BPMNEdge bpmnElement="sid-7BDA9F3F-5521-4C1A-941E-16182E53D9C4" id="BPMNEdge_sid-7BDA9F3F-5521-4C1A-941E-16182E53D9C4">
        <omgdi:waypoint x="130.0" y="178.0"/>
        <omgdi:waypoint x="175.0" y="178.0"/>
      </bpmndi:BPMNEdge>
      <bpmndi:BPMNEdge bpmnElement="sid-AD669D7C-3AD2-414D-B743-48BBC06074B7" id="BPMNEdge_sid-AD669D7C-3AD2-414D-B743-48BBC06074B7">
        <omgdi:waypoint x="275.0" y="178.0"/>
        <omgdi:waypoint x="320.0" y="178.0"/>
      </bpmndi:BPMNEdge>
    </bpmndi:BPMNPlane>
  </bpmndi:BPMNDiagram>
</definitions>