<?xml version='1.0' encoding='UTF-8'?>
<definitions xmlns="http://www.omg.org/spec/BPMN/20100524/MODEL" xmlns:xsi="http://www.w3.org/2001/XMLSchema-instance" xmlns:xsd="http://www.w3.org/2001/XMLSchema" xmlns:activiti="http://activiti.org/bpmn" xmlns:bpmndi="http://www.omg.org/spec/BPMN/20100524/DI" xmlns:omgdc="http://www.omg.org/spec/DD/20100524/DC" xmlns:omgdi="http://www.omg.org/spec/DD/20100524/DI" typeLanguage="http://www.w3.org/2001/XMLSchema" expressionLanguage="http://www.w3.org/1999/XPath" targetNamespace="http://www.activiti.org/processdef" xmlns:modeler="http://activiti.com/modeler" modeler:version="1.0en" modeler:exportDateTime="20181019113711134" modeler:modelId="4021" modeler:modelVersion="19" modeler:modelLastUpdated="1539948760205">
  <process id="CheckboxVisibilityProcess" name="CheckboxVisibilityProcess" isExecutable="true">
    <startEvent id="startEvent1">
      <extensionElements>
        <modeler:editor-resource-id><![CDATA[startEvent1]]></modeler:editor-resource-id>
      </extensionElements>
    </startEvent>
    <userTask id="sid-505EBFF2-8478-41CE-A812-DD674C2BB85B" activiti:assignee="$INITIATOR" activiti:formKey="4020">
      <extensionElements>
        <modeler:allow-send-email><![CDATA[true]]></modeler:allow-send-email>
        <modeler:form-reference-id><![CDATA[4020]]></modeler:form-reference-id>
        <modeler:form-reference-name><![CDATA[CheckboxVisibilityForm]]></modeler:form-reference-name>
        <modeler:activiti-idm-initiator><![CDATA[true]]></modeler:activiti-idm-initiator>
        <modeler:editor-resource-id><![CDATA[sid-505EBFF2-8478-41CE-A812-DD674C2BB85B]]></modeler:editor-resource-id>
      </extensionElements>
    </userTask>
    <sequenceFlow id="sid-84733371-48DE-4437-B5A9-64DE40752915" sourceRef="startEvent1" targetRef="sid-505EBFF2-8478-41CE-A812-DD674C2BB85B">
      <extensionElements>
        <modeler:editor-resource-id><![CDATA[sid-84733371-48DE-4437-B5A9-64DE40752915]]></modeler:editor-resource-id>
      </extensionElements>
    </sequenceFlow>
    <endEvent id="sid-4E76925E-588A-4FB2-8CDD-7E75FB1D4298">
      <extensionElements>
        <modeler:editor-resource-id><![CDATA[sid-4E76925E-588A-4FB2-8CDD-7E75FB1D4298]]></modeler:editor-resource-id>
      </extensionElements>
    </endEvent>
    <sequenceFlow id="sid-33FC96ED-80FB-41D8-8ACC-F33D9713BCB3" sourceRef="sid-505EBFF2-8478-41CE-A812-DD674C2BB85B" targetRef="sid-4E76925E-588A-4FB2-8CDD-7E75FB1D4298">
      <extensionElements>
        <modeler:editor-resource-id><![CDATA[sid-33FC96ED-80FB-41D8-8ACC-F33D9713BCB3]]></modeler:editor-resource-id>
      </extensionElements>
    </sequenceFlow>
  </process>
  <bpmndi:BPMNDiagram id="BPMNDiagram_CheckboxVisibilityProcess">
    <bpmndi:BPMNPlane bpmnElement="CheckboxVisibilityProcess" id="BPMNPlane_CheckboxVisibilityProcess">
      <bpmndi:BPMNShape bpmnElement="startEvent1" id="BPMNShape_startEvent1">
        <omgdc:Bounds height="30.0" width="30.0" x="100.0" y="163.0"/>
      </bpmndi:BPMNShape>
      <bpmndi:BPMNShape bpmnElement="sid-505EBFF2-8478-41CE-A812-DD674C2BB85B" id="BPMNShape_sid-505EBFF2-8478-41CE-A812-DD674C2BB85B">
        <omgdc:Bounds height="80.0" width="100.0" x="175.0" y="138.0"/>
      </bpmndi:BPMNShape>
      <bpmndi:BPMNShape bpmnElement="sid-4E76925E-588A-4FB2-8CDD-7E75FB1D4298" id="BPMNShape_sid-4E76925E-588A-4FB2-8CDD-7E75FB1D4298">
        <omgdc:Bounds height="28.0" width="28.0" x="320.0" y="164.0"/>
      </bpmndi:BPMNShape>
      <bpmndi:BPMNEdge bpmnElement="sid-84733371-48DE-4437-B5A9-64DE40752915" id="BPMNEdge_sid-84733371-48DE-4437-B5A9-64DE40752915">
        <omgdi:waypoint x="130.0" y="178.0"/>
        <omgdi:waypoint x="175.0" y="178.0"/>
      </bpmndi:BPMNEdge>
      <bpmndi:BPMNEdge bpmnElement="sid-33FC96ED-80FB-41D8-8ACC-F33D9713BCB3" id="BPMNEdge_sid-33FC96ED-80FB-41D8-8ACC-F33D9713BCB3">
        <omgdi:waypoint x="275.0" y="178.0"/>
        <omgdi:waypoint x="320.0" y="178.0"/>
      </bpmndi:BPMNEdge>
    </bpmndi:BPMNPlane>
  </bpmndi:BPMNDiagram>
</definitions>