{"bounds":{"lowerRight":{"x":1485.0,"y":700.0},"upperLeft":{"x":0.0,"y":0.0}},"resourceId":"canvas","stencil":{"id":"BPMNDiagram"},"stencilset":{"namespace":"http://b3mn.org/stencilset/bpmn2.0#","url":"../editor/stencilsets/bpmn2.0/bpmn2.0.json"},"properties":{"process_id":"CheckboxWidgetProcess","name":"CheckboxWidgetProcess","executionlisteners":{"executionListeners":[]},"eventlisteners":{"eventListeners":[]},"signaldefinitions":[],"messagedefinitions":[],"process_namespace":"http://www.activiti.org/processdef"},"childShapes":[{"bounds":{"lowerRight":{"x":130.0,"y":193.0},"upperLeft":{"x":100.0,"y":163.0}},"resourceId":"startEvent1","childShapes":[],"stencil":{"id":"StartNoneEvent"},"properties":{"overrideid":"startEvent1","executionlisteners":{"executionListeners":[]},"asynchronousdefinition":false,"exclusivedefinition":false},"outgoing":[{"resourceId":"sid-7BDA9F3F-5521-4C1A-941E-16182E53D9C4"}]},{"bounds":{"lowerRight":{"x":275.0,"y":218.0},"upperLeft":{"x":175.0,"y":138.0}},"resourceId":"sid-9E06CDDC-248D-46E1-8446-30345201E4C2","childShapes":[],"stencil":{"id":"UserTask"},"properties":{"overrideid":"sid-9E06CDDC-248D-46E1-8446-30345201E4C2","usertasksendemail":true,"usertaskassignment":{"assignment":{"type":"idm","idm":{"type":"initiator"}}},"formreference":{"id":19,"name":"CheckboxWidgetForm"},"executionlisteners":{"executionListeners":[]},"isforcompensation":false,"asynchronousdefinition":false,"exclusivedefinition":false,"tasklisteners":{"taskListeners":[]}},"outgoing":[{"resourceId":"sid-AD669D7C-3AD2-414D-B743-48BBC06074B7"}]},{"bounds":{"lowerRight":{"x":172.0,"y":212.0},"upperLeft":{"x":128.0,"y":212.0}},"resourceId":"sid-7BDA9F3F-5521-4C1A-941E-16182E53D9C4","childShapes":[],"stencil":{"id":"SequenceFlow"},"dockers":[{"x":15.0,"y":15.0},{"x":50.0,"y":40.0}],"outgoing":[{"resourceId":"sid-9E06CDDC-248D-46E1-8446-30345201E4C2"}],"target":{"resourceId":"sid-9E06CDDC-248D-46E1-8446-30345201E4C2"},"properties":{"overrideid":"sid-7BDA9F3F-5521-4C1A-941E-16182E53D9C4","executionlisteners":{"executionListeners":[]}}},{"bounds":{"lowerRight":{"x":348.0,"y":192.0},"upperLeft":{"x":320.0,"y":164.0}},"resourceId":"sid-FF2B36F0-5EFA-47E8-B730-01CCF4B029BD","childShapes":[],"stencil":{"id":"EndNoneEvent"},"properties":{"overrideid":"sid-FF2B36F0-5EFA-47E8-B730-01CCF4B029BD","executionlisteners":{"executionListeners":[]},"asynchronousdefinition":false,"exclusivedefinition":false},"outgoing":[]},{"bounds":{"lowerRight":{"x":172.0,"y":212.0},"upperLeft":{"x":128.0,"y":212.0}},"resourceId":"sid-AD669D7C-3AD2-414D-B743-48BBC06074B7","childShapes":[],"stencil":{"id":"SequenceFlow"},"dockers":[{"x":50.0,"y":40.0},{"x":14.0,"y":14.0}],"outgoing":[{"resourceId":"sid-FF2B36F0-5EFA-47E8-B730-01CCF4B029BD"}],"target":{"resourceId":"sid-FF2B36F0-5EFA-47E8-B730-01CCF4B029BD"},"properties":{"overrideid":"sid-AD669D7C-3AD2-414D-B743-48BBC06074B7","executionlisteners":{"executionListeners":[]}}}]}