{"bounds":{"lowerRight":{"x":1485.0,"y":700.0},"upperLeft":{"x":0.0,"y":0.0}},"resourceId":"canvas","stencil":{"id":"BPMNDiagram"},"stencilset":{"namespace":"http://b3mn.org/stencilset/bpmn2.0#","url":"../editor/stencilsets/bpmn2.0/bpmn2.0.json"},"properties":{"process_id":"CheckboxVisibilityProcess","name":"CheckboxVisibilityProcess","executionlisteners":{"executionListeners":[]},"eventlisteners":{"eventListeners":[]},"signaldefinitions":[],"messagedefinitions":[],"process_namespace":"http://www.activiti.org/processdef"},"childShapes":[{"bounds":{"lowerRight":{"x":130.0,"y":193.0},"upperLeft":{"x":100.0,"y":163.0}},"resourceId":"startEvent1","childShapes":[],"stencil":{"id":"StartNoneEvent"},"properties":{"overrideid":"startEvent1","executionlisteners":{"executionListeners":[]},"asynchronousdefinition":false,"exclusivedefinition":false},"outgoing":[{"resourceId":"sid-84733371-48DE-4437-B5A9-64DE40752915"}]},{"bounds":{"lowerRight":{"x":275.0,"y":218.0},"upperLeft":{"x":175.0,"y":138.0}},"resourceId":"sid-505EBFF2-8478-41CE-A812-DD674C2BB85B","childShapes":[],"stencil":{"id":"UserTask"},"properties":{"overrideid":"sid-505EBFF2-8478-41CE-A812-DD674C2BB85B","usertasksendemail":true,"usertaskassignment":{"assignment":{"type":"idm","idm":{"type":"initiator"},"initiatorCanCompleteTask":false}},"formreference":{"id":4895,"name":"CheckboxVisibilityForm"},"executionlisteners":{"executionListeners":[]},"isforcompensation":false,"asynchronousdefinition":false,"exclusivedefinition":false,"tasklisteners":{"taskListeners":[]}},"outgoing":[{"resourceId":"sid-33FC96ED-80FB-41D8-8ACC-F33D9713BCB3"}]},{"bounds":{"lowerRight":{"x":172.0,"y":212.0},"upperLeft":{"x":128.0,"y":212.0}},"resourceId":"sid-84733371-48DE-4437-B5A9-64DE40752915","childShapes":[],"stencil":{"id":"SequenceFlow"},"dockers":[{"x":15.0,"y":15.0},{"x":50.0,"y":40.0}],"outgoing":[{"resourceId":"sid-505EBFF2-8478-41CE-A812-DD674C2BB85B"}],"target":{"resourceId":"sid-505EBFF2-8478-41CE-A812-DD674C2BB85B"},"properties":{"overrideid":"sid-84733371-48DE-4437-B5A9-64DE40752915","executionlisteners":{"executionListeners":[]}}},{"bounds":{"lowerRight":{"x":348.0,"y":192.0},"upperLeft":{"x":320.0,"y":164.0}},"resourceId":"sid-4E76925E-588A-4FB2-8CDD-7E75FB1D4298","childShapes":[],"stencil":{"id":"EndNoneEvent"},"properties":{"overrideid":"sid-4E76925E-588A-4FB2-8CDD-7E75FB1D4298","executionlisteners":{"executionListeners":[]},"asynchronousdefinition":false,"exclusivedefinition":false},"outgoing":[]},{"bounds":{"lowerRight":{"x":172.0,"y":212.0},"upperLeft":{"x":128.0,"y":212.0}},"resourceId":"sid-33FC96ED-80FB-41D8-8ACC-F33D9713BCB3","childShapes":[],"stencil":{"id":"SequenceFlow"},"dockers":[{"x":50.0,"y":40.0},{"x":14.0,"y":14.0}],"outgoing":[{"resourceId":"sid-4E76925E-588A-4FB2-8CDD-7E75FB1D4298"}],"target":{"resourceId":"sid-4E76925E-588A-4FB2-8CDD-7E75FB1D4298"},"properties":{"overrideid":"sid-33FC96ED-80FB-41D8-8ACC-F33D9713BCB3","executionlisteners":{"executionListeners":[]}}}]}