<?xml version='1.0' encoding='UTF-8'?>
<definitions xmlns="http://www.omg.org/spec/BPMN/20100524/MODEL" xmlns:xsi="http://www.w3.org/2001/XMLSchema-instance" xmlns:xsd="http://www.w3.org/2001/XMLSchema" xmlns:activiti="http://activiti.org/bpmn" xmlns:bpmndi="http://www.omg.org/spec/BPMN/20100524/DI" xmlns:omgdc="http://www.omg.org/spec/DD/20100524/DC" xmlns:omgdi="http://www.omg.org/spec/DD/20100524/DI" typeLanguage="http://www.w3.org/2001/XMLSchema" expressionLanguage="http://www.w3.org/1999/XPath" targetNamespace="http://www.activiti.org/processdef" xmlns:modeler="http://activiti.com/modeler" modeler:version="1.0en" modeler:exportDateTime="20190711124722135" modeler:modelId="4910" modeler:modelVersion="1" modeler:modelLastUpdated="1562844430256">
  <process id="DateTimeProcess" name="DateTimeProcess" isExecutable="true">
    <startEvent id="startEvent1">
      <extensionElements>
        <modeler:editor-resource-id><![CDATA[startEvent1]]></modeler:editor-resource-id>
      </extensionElements>
    </startEvent>
    <userTask id="sid-9CA4964D-A5C1-4ED8-A9C1-9A447CE3DDBE" activiti:assignee="$INITIATOR" activiti:formKey="4881">
      <extensionElements>
        <modeler:allow-send-email><![CDATA[true]]></modeler:allow-send-email>
        <modeler:form-reference-id><![CDATA[4881]]></modeler:form-reference-id>
        <modeler:form-reference-name><![CDATA[Date and time Widget - Advanced properties]]></modeler:form-reference-name>
        <modeler:activiti-idm-initiator><![CDATA[true]]></modeler:activiti-idm-initiator>
        <modeler:initiator-can-complete><![CDATA[false]]></modeler:initiator-can-complete>
        <modeler:editor-resource-id><![CDATA[sid-9CA4964D-A5C1-4ED8-A9C1-9A447CE3DDBE]]></modeler:editor-resource-id>
      </extensionElements>
    </userTask>
    <sequenceFlow id="sid-1DDBB6A8-99B3-483E-9C15-92C038D94FBE" sourceRef="startEvent1" targetRef="sid-9CA4964D-A5C1-4ED8-A9C1-9A447CE3DDBE">
      <extensionElements>
        <modeler:editor-resource-id><![CDATA[sid-1DDBB6A8-99B3-483E-9C15-92C038D94FBE]]></modeler:editor-resource-id>
      </extensionElements>
    </sequenceFlow>
    <endEvent id="sid-4C50BF2E-ABAC-45B3-9562-88031CA519E5">
      <extensionElements>
        <modeler:editor-resource-id><![CDATA[sid-4C50BF2E-ABAC-45B3-9562-88031CA519E5]]></modeler:editor-resource-id>
      </extensionElements>
    </endEvent>
    <sequenceFlow id="sid-25FA2211-EE4F-4418-A47A-E41A5EE9AC0B" sourceRef="sid-9CA4964D-A5C1-4ED8-A9C1-9A447CE3DDBE" targetRef="sid-4C50BF2E-ABAC-45B3-9562-88031CA519E5">
      <extensionElements>
        <modeler:editor-resource-id><![CDATA[sid-25FA2211-EE4F-4418-A47A-E41A5EE9AC0B]]></modeler:editor-resource-id>
      </extensionElements>
    </sequenceFlow>
  </process>
  <bpmndi:BPMNDiagram id="BPMNDiagram_DateTimeProcess">
    <bpmndi:BPMNPlane bpmnElement="DateTimeProcess" id="BPMNPlane_DateTimeProcess">
      <bpmndi:BPMNShape bpmnElement="startEvent1" id="BPMNShape_startEvent1">
        <omgdc:Bounds height="30.0" width="30.0" x="100.0" y="163.0"/>
      </bpmndi:BPMNShape>
      <bpmndi:BPMNShape bpmnElement="sid-9CA4964D-A5C1-4ED8-A9C1-9A447CE3DDBE" id="BPMNShape_sid-9CA4964D-A5C1-4ED8-A9C1-9A447CE3DDBE">
        <omgdc:Bounds height="80.0" width="100.0" x="175.0" y="138.0"/>
      </bpmndi:BPMNShape>
      <bpmndi:BPMNShape bpmnElement="sid-4C50BF2E-ABAC-45B3-9562-88031CA519E5" id="BPMNShape_sid-4C50BF2E-ABAC-45B3-9562-88031CA519E5">
        <omgdc:Bounds height="28.0" width="28.0" x="300.0" y="164.0"/>
      </bpmndi:BPMNShape>
      <bpmndi:BPMNEdge bpmnElement="sid-1DDBB6A8-99B3-483E-9C15-92C038D94FBE" id="BPMNEdge_sid-1DDBB6A8-99B3-483E-9C15-92C038D94FBE">
        <omgdi:waypoint x="130.0" y="178.0"/>
        <omgdi:waypoint x="175.0" y="178.0"/>
      </bpmndi:BPMNEdge>
      <bpmndi:BPMNEdge bpmnElement="sid-25FA2211-EE4F-4418-A47A-E41A5EE9AC0B" id="BPMNEdge_sid-25FA2211-EE4F-4418-A47A-E41A5EE9AC0B">
        <omgdi:waypoint x="275.0" y="178.0"/>
        <omgdi:waypoint x="300.0" y="178.0"/>
      </bpmndi:BPMNEdge>
    </bpmndi:BPMNPlane>
  </bpmndi:BPMNDiagram>
</definitions>