<?xml version='1.0' encoding='UTF-8'?>
<definitions xmlns="http://www.omg.org/spec/BPMN/20100524/MODEL" xmlns:xsi="http://www.w3.org/2001/XMLSchema-instance" xmlns:xsd="http://www.w3.org/2001/XMLSchema" xmlns:activiti="http://activiti.org/bpmn" xmlns:bpmndi="http://www.omg.org/spec/BPMN/20100524/DI" xmlns:omgdc="http://www.omg.org/spec/DD/20100524/DC" xmlns:omgdi="http://www.omg.org/spec/DD/20100524/DI" typeLanguage="http://www.w3.org/2001/XMLSchema" expressionLanguage="http://www.w3.org/1999/XPath" targetNamespace="http://www.activiti.org/processdef" xmlns:modeler="http://activiti.com/modeler" modeler:version="1.0en" modeler:exportDateTime="20200416064731557" modeler:modelId="24922" modeler:modelVersion="6" modeler:modelLastUpdated="1587019640420">
  <process id="DateWidgetProcess" name="DateWidgetProcess" isExecutable="true">
    <startEvent id="startEvent1">
      <extensionElements>
        <modeler:editor-resource-id><![CDATA[startEvent1]]></modeler:editor-resource-id>
      </extensionElements>
    </startEvent>
    <userTask id="sid-00F32B1D-C307-48C1-8F5C-65AC1D5EF294" activiti:assignee="$INITIATOR" activiti:formKey="24912">
      <extensionElements>
        <modeler:allow-send-email><![CDATA[true]]></modeler:allow-send-email>
        <modeler:form-reference-id><![CDATA[24912]]></modeler:form-reference-id>
        <modeler:form-reference-name><![CDATA[Date widget - general properties]]></modeler:form-reference-name>
        <modeler:activiti-idm-initiator><![CDATA[true]]></modeler:activiti-idm-initiator>
        <modeler:initiator-can-complete><![CDATA[false]]></modeler:initiator-can-complete>
        <modeler:editor-resource-id><![CDATA[sid-00F32B1D-C307-48C1-8F5C-65AC1D5EF294]]></modeler:editor-resource-id>
      </extensionElements>
    </userTask>
    <sequenceFlow id="sid-E121921C-7805-4BC1-8972-2387303A4B8D" sourceRef="startEvent1" targetRef="sid-00F32B1D-C307-48C1-8F5C-65AC1D5EF294">
      <extensionElements>
        <modeler:editor-resource-id><![CDATA[sid-E121921C-7805-4BC1-8972-2387303A4B8D]]></modeler:editor-resource-id>
      </extensionElements>
    </sequenceFlow>
    <endEvent id="sid-479BB8E0-9D6D-46E5-968F-3C55DBAF6C95">
      <extensionElements>
        <modeler:editor-resource-id><![CDATA[sid-479BB8E0-9D6D-46E5-968F-3C55DBAF6C95]]></modeler:editor-resource-id>
      </extensionElements>
    </endEvent>
    <sequenceFlow id="sid-41BF42F8-605A-4D1D-B1F3-E417DC342024" sourceRef="sid-00F32B1D-C307-48C1-8F5C-65AC1D5EF294" targetRef="sid-479BB8E0-9D6D-46E5-968F-3C55DBAF6C95">
      <extensionElements>
        <modeler:editor-resource-id><![CDATA[sid-41BF42F8-605A-4D1D-B1F3-E417DC342024]]></modeler:editor-resource-id>
      </extensionElements>
    </sequenceFlow>
  </process>
  <bpmndi:BPMNDiagram id="BPMNDiagram_DateWidgetProcess">
    <bpmndi:BPMNPlane bpmnElement="DateWidgetProcess" id="BPMNPlane_DateWidgetProcess">
      <bpmndi:BPMNShape bpmnElement="startEvent1" id="BPMNShape_startEvent1">
        <omgdc:Bounds height="30.0" width="30.0" x="100.0" y="163.0"/>
      </bpmndi:BPMNShape>
      <bpmndi:BPMNShape bpmnElement="sid-00F32B1D-C307-48C1-8F5C-65AC1D5EF294" id="BPMNShape_sid-00F32B1D-C307-48C1-8F5C-65AC1D5EF294">
        <omgdc:Bounds height="80.0" width="100.0" x="165.0" y="135.0"/>
      </bpmndi:BPMNShape>
      <bpmndi:BPMNShape bpmnElement="sid-479BB8E0-9D6D-46E5-968F-3C55DBAF6C95" id="BPMNShape_sid-479BB8E0-9D6D-46E5-968F-3C55DBAF6C95">
        <omgdc:Bounds height="28.0" width="28.0" x="320.0" y="164.0"/>
      </bpmndi:BPMNShape>
      <bpmndi:BPMNEdge bpmnElement="sid-41BF42F8-605A-4D1D-B1F3-E417DC342024" id="BPMNEdge_sid-41BF42F8-605A-4D1D-B1F3-E417DC342024">
        <omgdi:waypoint x="265.0" y="175.0"/>
        <omgdi:waypoint x="292.5" y="175.0"/>
        <omgdi:waypoint x="292.5" y="178.0"/>
        <omgdi:waypoint x="320.0" y="178.0"/>
      </bpmndi:BPMNEdge>
      <bpmndi:BPMNEdge bpmnElement="sid-E121921C-7805-4BC1-8972-2387303A4B8D" id="BPMNEdge_sid-E121921C-7805-4BC1-8972-2387303A4B8D">
        <omgdi:waypoint x="129.9932545528355" y="177.5502023634149"/>
        <omgdi:waypoint x="165.0" y="176.5"/>
      </bpmndi:BPMNEdge>
    </bpmndi:BPMNPlane>
  </bpmndi:BPMNDiagram>
</definitions>