{"bounds":{"lowerRight":{"x":1485.0,"y":700.0},"upperLeft":{"x":0.0,"y":0.0}},"resourceId":"canvas","stencil":{"id":"BPMNDiagram"},"stencilset":{"namespace":"http://b3mn.org/stencilset/bpmn2.0#","url":"../editor/stencilsets/bpmn2.0/bpmn2.0.json"},"properties":{"process_id":"DateWidgetProcess","name":"DateWidgetProcess","executionlisteners":{"executionListeners":[]},"eventlisteners":{"eventListeners":[]},"signaldefinitions":[],"messagedefinitions":[],"process_namespace":"http://www.activiti.org/processdef"},"childShapes":[{"bounds":{"lowerRight":{"x":130.0,"y":193.0},"upperLeft":{"x":100.0,"y":163.0}},"resourceId":"startEvent1","childShapes":[],"stencil":{"id":"StartNoneEvent"},"properties":{"overrideid":"startEvent1","executionlisteners":{"executionListeners":[]},"asynchronousdefinition":false,"exclusivedefinition":false},"outgoing":[{"resourceId":"sid-E121921C-7805-4BC1-8972-2387303A4B8D"}]},{"bounds":{"lowerRight":{"x":265.0,"y":215.0},"upperLeft":{"x":165.0,"y":135.0}},"resourceId":"sid-00F32B1D-C307-48C1-8F5C-65AC1D5EF294","childShapes":[],"stencil":{"id":"UserTask"},"properties":{"overrideid":"sid-00F32B1D-C307-48C1-8F5C-65AC1D5EF294","usertasksendemail":true,"usertaskassignment":{"assignment":{"type":"idm","idm":{"type":"initiator"},"initiatorCanCompleteTask":false}},"formreference":{"id":83453,"name":"Date widget - general properties"},"executionlisteners":{"executionListeners":[]},"isforcompensation":false,"asynchronousdefinition":false,"exclusivedefinition":false,"tasklisteners":{"taskListeners":[]}},"outgoing":[{"resourceId":"sid-41BF42F8-605A-4D1D-B1F3-E417DC342024"}]},{"bounds":{"lowerRight":{"x":172.0,"y":212.0},"upperLeft":{"x":128.0,"y":212.0}},"resourceId":"sid-E121921C-7805-4BC1-8972-2387303A4B8D","childShapes":[],"stencil":{"id":"SequenceFlow"},"dockers":[{"x":15.0,"y":15.0},{"x":50.0,"y":40.0}],"outgoing":[{"resourceId":"sid-00F32B1D-C307-48C1-8F5C-65AC1D5EF294"}],"target":{"resourceId":"sid-00F32B1D-C307-48C1-8F5C-65AC1D5EF294"},"properties":{"overrideid":"sid-E121921C-7805-4BC1-8972-2387303A4B8D","executionlisteners":{"executionListeners":[]}}},{"bounds":{"lowerRight":{"x":348.0,"y":192.0},"upperLeft":{"x":320.0,"y":164.0}},"resourceId":"sid-479BB8E0-9D6D-46E5-968F-3C55DBAF6C95","childShapes":[],"stencil":{"id":"EndNoneEvent"},"properties":{"overrideid":"sid-479BB8E0-9D6D-46E5-968F-3C55DBAF6C95","executionlisteners":{"executionListeners":[]},"asynchronousdefinition":false,"exclusivedefinition":false},"outgoing":[]},{"bounds":{"lowerRight":{"x":172.0,"y":212.0},"upperLeft":{"x":128.0,"y":212.0}},"resourceId":"sid-41BF42F8-605A-4D1D-B1F3-E417DC342024","childShapes":[],"stencil":{"id":"SequenceFlow"},"dockers":[{"x":50.0,"y":40.0},{"x":292.5,"y":175.0},{"x":292.5,"y":178.0},{"x":14.0,"y":14.0}],"outgoing":[{"resourceId":"sid-479BB8E0-9D6D-46E5-968F-3C55DBAF6C95"}],"target":{"resourceId":"sid-479BB8E0-9D6D-46E5-968F-3C55DBAF6C95"},"properties":{"overrideid":"sid-41BF42F8-605A-4D1D-B1F3-E417DC342024","executionlisteners":{"executionListeners":[]}}}]}