{"bounds":{"lowerRight":{"x":1485.0,"y":700.0},"upperLeft":{"x":0.0,"y":0.0}},"resourceId":"canvas","stencil":{"id":"BPMNDiagram"},"stencilset":{"namespace":"http://b3mn.org/stencilset/bpmn2.0#","url":"../editor/stencilsets/bpmn2.0/bpmn2.0.json"},"properties":{"process_id":"DateTimeProcess","name":"DateTimeProcess","executionlisteners":{"executionListeners":[]},"eventlisteners":{"eventListeners":[]},"signaldefinitions":[],"messagedefinitions":[],"process_namespace":"http://www.activiti.org/processdef"},"childShapes":[{"bounds":{"lowerRight":{"x":130.0,"y":193.0},"upperLeft":{"x":100.0,"y":163.0}},"resourceId":"startEvent1","childShapes":[],"stencil":{"id":"StartNoneEvent"},"properties":{"overrideid":"startEvent1","executionlisteners":{"executionListeners":[]},"asynchronousdefinition":false,"exclusivedefinition":false},"outgoing":[{"resourceId":"sid-1DDBB6A8-99B3-483E-9C15-92C038D94FBE"}]},{"bounds":{"lowerRight":{"x":275.0,"y":218.0},"upperLeft":{"x":175.0,"y":138.0}},"resourceId":"sid-9CA4964D-A5C1-4ED8-A9C1-9A447CE3DDBE","childShapes":[],"stencil":{"id":"UserTask"},"properties":{"overrideid":"sid-9CA4964D-A5C1-4ED8-A9C1-9A447CE3DDBE","usertasksendemail":true,"usertaskassignment":{"assignment":{"type":"idm","idm":{"type":"initiator"},"initiatorCanCompleteTask":false}},"formreference":{"id":4881,"name":"Date and time Widget - Advanced properties"},"executionlisteners":{"executionListeners":[]},"isforcompensation":false,"asynchronousdefinition":false,"exclusivedefinition":false,"tasklisteners":{"taskListeners":[]}},"outgoing":[{"resourceId":"sid-25FA2211-EE4F-4418-A47A-E41A5EE9AC0B"}]},{"bounds":{"lowerRight":{"x":172.0,"y":212.0},"upperLeft":{"x":128.0,"y":212.0}},"resourceId":"sid-1DDBB6A8-99B3-483E-9C15-92C038D94FBE","childShapes":[],"stencil":{"id":"SequenceFlow"},"dockers":[{"x":15.0,"y":15.0},{"x":50.0,"y":40.0}],"outgoing":[{"resourceId":"sid-9CA4964D-A5C1-4ED8-A9C1-9A447CE3DDBE"}],"target":{"resourceId":"sid-9CA4964D-A5C1-4ED8-A9C1-9A447CE3DDBE"},"properties":{"overrideid":"sid-1DDBB6A8-99B3-483E-9C15-92C038D94FBE","executionlisteners":{"executionListeners":[]}}},{"bounds":{"lowerRight":{"x":328.0,"y":192.0},"upperLeft":{"x":300.0,"y":164.0}},"resourceId":"sid-4C50BF2E-ABAC-45B3-9562-88031CA519E5","childShapes":[],"stencil":{"id":"EndNoneEvent"},"properties":{"overrideid":"sid-4C50BF2E-ABAC-45B3-9562-88031CA519E5","executionlisteners":{"executionListeners":[]},"asynchronousdefinition":false,"exclusivedefinition":false},"outgoing":[]},{"bounds":{"lowerRight":{"x":172.0,"y":212.0},"upperLeft":{"x":128.0,"y":212.0}},"resourceId":"sid-25FA2211-EE4F-4418-A47A-E41A5EE9AC0B","childShapes":[],"stencil":{"id":"SequenceFlow"},"dockers":[{"x":50.0,"y":40.0},{"x":14.0,"y":14.0}],"outgoing":[{"resourceId":"sid-4C50BF2E-ABAC-45B3-9562-88031CA519E5"}],"target":{"resourceId":"sid-4C50BF2E-ABAC-45B3-9562-88031CA519E5"},"properties":{"overrideid":"sid-25FA2211-EE4F-4418-A47A-E41A5EE9AC0B","executionlisteners":{"executionListeners":[]}}}]}