{"bounds":{"lowerRight":{"x":1485.0,"y":700.0},"upperLeft":{"x":0.0,"y":0.0}},"resourceId":"canvas","stencil":{"id":"BPMNDiagram"},"stencilset":{"namespace":"http://b3mn.org/stencilset/bpmn2.0#","url":"../editor/stencilsets/bpmn2.0/bpmn2.0.json"},"properties":{"process_id":"DropdownProcess","name":"DropdownProcess","executionlisteners":{"executionListeners":[]},"eventlisteners":{"eventListeners":[]},"signaldefinitions":[],"messagedefinitions":[],"process_namespace":"http://www.activiti.org/processdef"},"childShapes":[{"bounds":{"lowerRight":{"x":120.0,"y":180.0},"upperLeft":{"x":90.0,"y":150.0}},"resourceId":"startEvent1","childShapes":[],"stencil":{"id":"StartNoneEvent"},"properties":{"overrideid":"startEvent1","executionlisteners":{"executionListeners":[]},"asynchronousdefinition":false,"exclusivedefinition":false},"outgoing":[{"resourceId":"sid-08A08867-8B52-48C8-9484-FCC05F293CD2"}]},{"bounds":{"lowerRight":{"x":265.0,"y":205.0},"upperLeft":{"x":165.0,"y":125.0}},"resourceId":"sid-E81DE855-B6FB-4EDA-A398-9CBD81B60F4A","childShapes":[],"stencil":{"id":"UserTask"},"properties":{"overrideid":"sid-E81DE855-B6FB-4EDA-A398-9CBD81B60F4A","usertasksendemail":true,"usertaskassignment":{"assignment":{"type":"idm","idm":{"type":"initiator"},"initiatorCanCompleteTask":false}},"formreference":{"id":80183,"name":"Dropdown widget_visibility"},"executionlisteners":{"executionListeners":[]},"isforcompensation":false,"asynchronousdefinition":false,"exclusivedefinition":false,"tasklisteners":{"taskListeners":[]}},"outgoing":[{"resourceId":"sid-CC23503F-3463-4BF0-9659-DB17AA79AC70"}]},{"bounds":{"lowerRight":{"x":172.0,"y":212.0},"upperLeft":{"x":128.0,"y":212.0}},"resourceId":"sid-08A08867-8B52-48C8-9484-FCC05F293CD2","childShapes":[],"stencil":{"id":"SequenceFlow"},"dockers":[{"x":15.0,"y":15.0},{"x":50.0,"y":40.0}],"outgoing":[{"resourceId":"sid-E81DE855-B6FB-4EDA-A398-9CBD81B60F4A"}],"target":{"resourceId":"sid-E81DE855-B6FB-4EDA-A398-9CBD81B60F4A"},"properties":{"overrideid":"sid-08A08867-8B52-48C8-9484-FCC05F293CD2","executionlisteners":{"executionListeners":[]}}},{"bounds":{"lowerRight":{"x":338.0,"y":179.0},"upperLeft":{"x":310.0,"y":151.0}},"resourceId":"sid-10421C18-34F4-41AC-AEFD-57AC7C581A61","childShapes":[],"stencil":{"id":"EndNoneEvent"},"properties":{"overrideid":"sid-10421C18-34F4-41AC-AEFD-57AC7C581A61","executionlisteners":{"executionListeners":[]},"asynchronousdefinition":false,"exclusivedefinition":false},"outgoing":[]},{"bounds":{"lowerRight":{"x":172.0,"y":212.0},"upperLeft":{"x":128.0,"y":212.0}},"resourceId":"sid-CC23503F-3463-4BF0-9659-DB17AA79AC70","childShapes":[],"stencil":{"id":"SequenceFlow"},"dockers":[{"x":50.0,"y":40.0},{"x":14.0,"y":14.0}],"outgoing":[{"resourceId":"sid-10421C18-34F4-41AC-AEFD-57AC7C581A61"}],"target":{"resourceId":"sid-10421C18-34F4-41AC-AEFD-57AC7C581A61"},"properties":{"overrideid":"sid-CC23503F-3463-4BF0-9659-DB17AA79AC70","executionlisteners":{"executionListeners":[]}}}]}