<?xml version='1.0' encoding='UTF-8'?>
<definitions xmlns="http://www.omg.org/spec/BPMN/20100524/MODEL" xmlns:xsi="http://www.w3.org/2001/XMLSchema-instance" xmlns:xsd="http://www.w3.org/2001/XMLSchema" xmlns:activiti="http://activiti.org/bpmn" xmlns:bpmndi="http://www.omg.org/spec/BPMN/20100524/DI" xmlns:omgdc="http://www.omg.org/spec/DD/20100524/DC" xmlns:omgdi="http://www.omg.org/spec/DD/20100524/DI" typeLanguage="http://www.w3.org/2001/XMLSchema" expressionLanguage="http://www.w3.org/1999/XPath" targetNamespace="http://www.activiti.org/processdef" xmlns:modeler="http://activiti.com/modeler" modeler:version="1.0en" modeler:exportDateTime="20181024094951157" modeler:modelId="25" modeler:modelVersion="3" modeler:modelLastUpdated="1540374569972">
  <process id="DropdownProcess" name="DropdownProcess" isExecutable="true">
    <startEvent id="startEvent1">
      <extensionElements>
        <modeler:editor-resource-id><![CDATA[startEvent1]]></modeler:editor-resource-id>
      </extensionElements>
    </startEvent>
    <userTask id="sid-E81DE855-B6FB-4EDA-A398-9CBD81B60F4A" activiti:assignee="$INITIATOR" activiti:formKey="7">
      <extensionElements>
        <modeler:allow-send-email><![CDATA[true]]></modeler:allow-send-email>
        <modeler:form-reference-id><![CDATA[7]]></modeler:form-reference-id>
        <modeler:form-reference-name><![CDATA[Dropdown widget_visibility]]></modeler:form-reference-name>
        <modeler:activiti-idm-initiator><![CDATA[true]]></modeler:activiti-idm-initiator>
        <modeler:initiator-can-complete><![CDATA[false]]></modeler:initiator-can-complete>
        <modeler:editor-resource-id><![CDATA[sid-E81DE855-B6FB-4EDA-A398-9CBD81B60F4A]]></modeler:editor-resource-id>
      </extensionElements>
    </userTask>
    <sequenceFlow id="sid-08A08867-8B52-48C8-9484-FCC05F293CD2" sourceRef="startEvent1" targetRef="sid-E81DE855-B6FB-4EDA-A398-9CBD81B60F4A">
      <extensionElements>
        <modeler:editor-resource-id><![CDATA[sid-08A08867-8B52-48C8-9484-FCC05F293CD2]]></modeler:editor-resource-id>
      </extensionElements>
    </sequenceFlow>
    <endEvent id="sid-10421C18-34F4-41AC-AEFD-57AC7C581A61">
      <extensionElements>
        <modeler:editor-resource-id><![CDATA[sid-10421C18-34F4-41AC-AEFD-57AC7C581A61]]></modeler:editor-resource-id>
      </extensionElements>
    </endEvent>
    <sequenceFlow id="sid-CC23503F-3463-4BF0-9659-DB17AA79AC70" sourceRef="sid-E81DE855-B6FB-4EDA-A398-9CBD81B60F4A" targetRef="sid-10421C18-34F4-41AC-AEFD-57AC7C581A61">
      <extensionElements>
        <modeler:editor-resource-id><![CDATA[sid-CC23503F-3463-4BF0-9659-DB17AA79AC70]]></modeler:editor-resource-id>
      </extensionElements>
    </sequenceFlow>
  </process>
  <bpmndi:BPMNDiagram id="BPMNDiagram_DropdownProcess">
    <bpmndi:BPMNPlane bpmnElement="DropdownProcess" id="BPMNPlane_DropdownProcess">
      <bpmndi:BPMNShape bpmnElement="startEvent1" id="BPMNShape_startEvent1">
        <omgdc:Bounds height="30.0" width="30.0" x="90.0" y="150.0"/>
      </bpmndi:BPMNShape>
      <bpmndi:BPMNShape bpmnElement="sid-E81DE855-B6FB-4EDA-A398-9CBD81B60F4A" id="BPMNShape_sid-E81DE855-B6FB-4EDA-A398-9CBD81B60F4A">
        <omgdc:Bounds height="80.0" width="100.0" x="165.0" y="125.0"/>
      </bpmndi:BPMNShape>
      <bpmndi:BPMNShape bpmnElement="sid-10421C18-34F4-41AC-AEFD-57AC7C581A61" id="BPMNShape_sid-10421C18-34F4-41AC-AEFD-57AC7C581A61">
        <omgdc:Bounds height="28.0" width="28.0" x="310.0" y="151.0"/>
      </bpmndi:BPMNShape>
      <bpmndi:BPMNEdge bpmnElement="sid-CC23503F-3463-4BF0-9659-DB17AA79AC70" id="BPMNEdge_sid-CC23503F-3463-4BF0-9659-DB17AA79AC70">
        <omgdi:waypoint x="265.0" y="165.0"/>
        <omgdi:waypoint x="310.0" y="165.0"/>
      </bpmndi:BPMNEdge>
      <bpmndi:BPMNEdge bpmnElement="sid-08A08867-8B52-48C8-9484-FCC05F293CD2" id="BPMNEdge_sid-08A08867-8B52-48C8-9484-FCC05F293CD2">
        <omgdi:waypoint x="120.0" y="165.0"/>
        <omgdi:waypoint x="165.0" y="165.0"/>
      </bpmndi:BPMNEdge>
    </bpmndi:BPMNPlane>
  </bpmndi:BPMNDiagram>
</definitions>