{"resourceId":5028,"properties":{"process_id":"DynamicWidgetFormProcess","name":"DynamicWidgetFormProcess","documentation":"","process_author":"","process_version":"","process_namespace":"http://www.activiti.org/processdef","executionlisteners":"","eventlisteners":"","signaldefinitions":"","messagedefinitions":"","executionvariables":"","metadata":""},"stencil":{"id":"BPMNDiagram"},"childShapes":[{"resourceId":"startEvent1","properties":{"overrideid":"","name":"","documentation":"","executionlisteners":"","initiator":"","formkeydefinition":"","formreference":"","fieldstovariables":"","formproperties":""},"stencil":{"id":"StartNoneEvent"},"childShapes":[],"outgoing":[{"resourceId":"sid-FB2860CF-89C0-4CFA-936E-B486E9E3D7D6"}],"bounds":{"lowerRight":{"x":120,"y":180},"upperLeft":{"x":90,"y":150}},"dockers":[]},{"resourceId":"sid-C97FA9E0-4433-4A70-8A4B-0BF30725F7A0","properties":{"overrideid":"","name":"","documentation":"","asynchronousdefinition":"false","exclusivedefinition":"false","executionlisteners":"","multiinstance_type":"None","multiinstance_cardinality":"","multiinstance_collection":"","multiinstance_variable":"","multiinstance_condition":"","isforcompensation":"false","usertasksendemail":true,"usertaskassignment":"","formkeydefinition":"","formreference":{"id":5027,"name":"Dynamic Widget Form","referenceId":null,"variablesmapping":[]},"fieldstovariables":"","duedatedefinition":"","prioritydefinition":"","categorydefinition":"","formproperties":"","tasklisteners":"","emailtemplate":""},"stencil":{"id":"UserTask"},"childShapes":[],"outgoing":[{"resourceId":"sid-D427608C-7635-469A-AF21-EBD4B8351ECA"}],"bounds":{"lowerRight":{"x":265,"y":200},"upperLeft":{"x":165,"y":120}},"dockers":[]},{"resourceId":"sid-FB2860CF-89C0-4CFA-936E-B486E9E3D7D6","properties":{"overrideid":"","name":"","documentation":"","conditionsequenceflow":"","executionlisteners":"","defaultflow":"false"},"stencil":{"id":"SequenceFlow"},"childShapes":[],"outgoing":[{"resourceId":"sid-C97FA9E0-4433-4A70-8A4B-0BF30725F7A0"}],"bounds":{"lowerRight":{"x":164.15625,"y":165},"upperLeft":{"x":120.0625,"y":160}},"dockers":[{"x":15,"y":15},{"x":142.5,"y":165},{"x":142.5,"y":160},{"x":50,"y":40}],"target":{"resourceId":"sid-C97FA9E0-4433-4A70-8A4B-0BF30725F7A0"}},{"resourceId":"sid-C31689B8-C501-4035-9755-DDB14EFE298C","properties":{"overrideid":"","name":"","documentation":"","executionlisteners":""},"stencil":{"id":"EndNoneEvent"},"childShapes":[],"outgoing":[],"bounds":{"lowerRight":{"x":338,"y":179},"upperLeft":{"x":310,"y":151}},"dockers":[]},{"resourceId":"sid-D427608C-7635-469A-AF21-EBD4B8351ECA","properties":{"overrideid":"","name":"","documentation":"","conditionsequenceflow":"","executionlisteners":"","defaultflow":"false"},"stencil":{"id":"SequenceFlow"},"childShapes":[],"outgoing":[{"resourceId":"sid-C31689B8-C501-4035-9755-DDB14EFE298C"}],"bounds":{"lowerRight":{"x":309.3125,"y":165},"upperLeft":{"x":265.84375,"y":160}},"dockers":[{"x":50,"y":40},{"x":287.5,"y":160},{"x":287.5,"y":165},{"x":14,"y":14}],"target":{"resourceId":"sid-C31689B8-C501-4035-9755-DDB14EFE298C"}}],"bounds":{"lowerRight":{"x":1200,"y":1050},"upperLeft":{"x":0,"y":0}},"stencilset":{"url":"stencilsets/bpmn2.0/bpmn2.0.json","namespace":"http://b3mn.org/stencilset/bpmn2.0#"},"ssextensions":[]}