{"bounds":{"lowerRight":{"x":1485.0,"y":700.0},"upperLeft":{"x":0.0,"y":0.0}},"resourceId":"canvas","stencil":{"id":"BPMNDiagram"},"stencilset":{"namespace":"http://b3mn.org/stencilset/bpmn2.0#","url":"../editor/stencilsets/bpmn2.0/bpmn2.0.json"},"properties":{"process_id":"DynamicWidgetFormProcess","name":"DynamicWidgetFormProcess","executionlisteners":{"executionListeners":[]},"eventlisteners":{"eventListeners":[]},"signaldefinitions":[],"messagedefinitions":[],"process_namespace":"http://www.activiti.org/processdef"},"childShapes":[{"bounds":{"lowerRight":{"x":120.0,"y":180.0},"upperLeft":{"x":90.0,"y":150.0}},"resourceId":"startEvent1","childShapes":[],"stencil":{"id":"StartNoneEvent"},"properties":{"overrideid":"startEvent1","executionlisteners":{"executionListeners":[]},"asynchronousdefinition":false,"exclusivedefinition":false},"outgoing":[{"resourceId":"sid-FB2860CF-89C0-4CFA-936E-B486E9E3D7D6"}]},{"bounds":{"lowerRight":{"x":265.0,"y":200.0},"upperLeft":{"x":165.0,"y":120.0}},"resourceId":"sid-C97FA9E0-4433-4A70-8A4B-0BF30725F7A0","childShapes":[],"stencil":{"id":"UserTask"},"properties":{"overrideid":"sid-C97FA9E0-4433-4A70-8A4B-0BF30725F7A0","usertasksendemail":true,"usertaskassignment":{"assignment":{"type":"idm","idm":{"type":"initiator"},"initiatorCanCompleteTask":false}},"formreference":{"id":83449,"name":"Dynamic Widget Form"},"executionlisteners":{"executionListeners":[]},"isforcompensation":false,"asynchronousdefinition":false,"exclusivedefinition":false,"tasklisteners":{"taskListeners":[]}},"outgoing":[{"resourceId":"sid-D427608C-7635-469A-AF21-EBD4B8351ECA"}]},{"bounds":{"lowerRight":{"x":172.0,"y":212.0},"upperLeft":{"x":128.0,"y":212.0}},"resourceId":"sid-FB2860CF-89C0-4CFA-936E-B486E9E3D7D6","childShapes":[],"stencil":{"id":"SequenceFlow"},"dockers":[{"x":15.0,"y":15.0},{"x":142.5,"y":165.0},{"x":142.5,"y":160.0},{"x":50.0,"y":40.0}],"outgoing":[{"resourceId":"sid-C97FA9E0-4433-4A70-8A4B-0BF30725F7A0"}],"target":{"resourceId":"sid-C97FA9E0-4433-4A70-8A4B-0BF30725F7A0"},"properties":{"overrideid":"sid-FB2860CF-89C0-4CFA-936E-B486E9E3D7D6","executionlisteners":{"executionListeners":[]}}},{"bounds":{"lowerRight":{"x":338.0,"y":179.0},"upperLeft":{"x":310.0,"y":151.0}},"resourceId":"sid-C31689B8-C501-4035-9755-DDB14EFE298C","childShapes":[],"stencil":{"id":"EndNoneEvent"},"properties":{"overrideid":"sid-C31689B8-C501-4035-9755-DDB14EFE298C","executionlisteners":{"executionListeners":[]},"asynchronousdefinition":false,"exclusivedefinition":false},"outgoing":[]},{"bounds":{"lowerRight":{"x":172.0,"y":212.0},"upperLeft":{"x":128.0,"y":212.0}},"resourceId":"sid-D427608C-7635-469A-AF21-EBD4B8351ECA","childShapes":[],"stencil":{"id":"SequenceFlow"},"dockers":[{"x":50.0,"y":40.0},{"x":287.5,"y":160.0},{"x":287.5,"y":165.0},{"x":14.0,"y":14.0}],"outgoing":[{"resourceId":"sid-C31689B8-C501-4035-9755-DDB14EFE298C"}],"target":{"resourceId":"sid-C31689B8-C501-4035-9755-DDB14EFE298C"},"properties":{"overrideid":"sid-D427608C-7635-469A-AF21-EBD4B8351ECA","executionlisteners":{"executionListeners":[]}}}]}