<?xml version='1.0' encoding='UTF-8'?>
<definitions xmlns="http://www.omg.org/spec/BPMN/20100524/MODEL" xmlns:xsi="http://www.w3.org/2001/XMLSchema-instance" xmlns:xsd="http://www.w3.org/2001/XMLSchema" xmlns:activiti="http://activiti.org/bpmn" xmlns:bpmndi="http://www.omg.org/spec/BPMN/20100524/DI" xmlns:omgdc="http://www.omg.org/spec/DD/20100524/DC" xmlns:omgdi="http://www.omg.org/spec/DD/20100524/DI" typeLanguage="http://www.w3.org/2001/XMLSchema" expressionLanguage="http://www.w3.org/1999/XPath" targetNamespace="http://www.activiti.org/processdef" xmlns:modeler="http://activiti.com/modeler" modeler:version="1.0en" modeler:exportDateTime="20200416064731544" modeler:modelId="24927" modeler:modelVersion="6" modeler:modelLastUpdated="1587019640298">
  <process id="DynamicTableProcess" name="DynamicTableProcess" isExecutable="true">
    <startEvent id="startEvent1">
      <extensionElements>
        <modeler:editor-resource-id><![CDATA[startEvent1]]></modeler:editor-resource-id>
      </extensionElements>
    </startEvent>
    <userTask id="sid-679B3BFE-3D0B-4317-B1CA-D5FD8CF9D844" activiti:assignee="$INITIATOR" activiti:formKey="24900">
      <extensionElements>
        <modeler:allow-send-email><![CDATA[true]]></modeler:allow-send-email>
        <modeler:form-reference-id><![CDATA[24900]]></modeler:form-reference-id>
        <modeler:form-reference-name><![CDATA[Dynamic Table]]></modeler:form-reference-name>
        <modeler:activiti-idm-initiator><![CDATA[true]]></modeler:activiti-idm-initiator>
        <modeler:initiator-can-complete><![CDATA[false]]></modeler:initiator-can-complete>
        <modeler:editor-resource-id><![CDATA[sid-679B3BFE-3D0B-4317-B1CA-D5FD8CF9D844]]></modeler:editor-resource-id>
      </extensionElements>
    </userTask>
    <sequenceFlow id="sid-DE7908EC-7DEC-4D3A-A140-B8FAB0EDA5BA" sourceRef="startEvent1" targetRef="sid-679B3BFE-3D0B-4317-B1CA-D5FD8CF9D844">
      <extensionElements>
        <modeler:editor-resource-id><![CDATA[sid-DE7908EC-7DEC-4D3A-A140-B8FAB0EDA5BA]]></modeler:editor-resource-id>
      </extensionElements>
    </sequenceFlow>
    <endEvent id="sid-95139792-2B5A-44F7-B519-FCCFA95D79B2">
      <extensionElements>
        <modeler:editor-resource-id><![CDATA[sid-95139792-2B5A-44F7-B519-FCCFA95D79B2]]></modeler:editor-resource-id>
      </extensionElements>
    </endEvent>
    <sequenceFlow id="sid-BCBB35C5-B3C1-4430-AB3A-00810269EBB7" sourceRef="sid-679B3BFE-3D0B-4317-B1CA-D5FD8CF9D844" targetRef="sid-95139792-2B5A-44F7-B519-FCCFA95D79B2">
      <extensionElements>
        <modeler:editor-resource-id><![CDATA[sid-BCBB35C5-B3C1-4430-AB3A-00810269EBB7]]></modeler:editor-resource-id>
      </extensionElements>
    </sequenceFlow>
  </process>
  <bpmndi:BPMNDiagram id="BPMNDiagram_DynamicTableProcess">
    <bpmndi:BPMNPlane bpmnElement="DynamicTableProcess" id="BPMNPlane_DynamicTableProcess">
      <bpmndi:BPMNShape bpmnElement="startEvent1" id="BPMNShape_startEvent1">
        <omgdc:Bounds height="30.0" width="30.0" x="100.0" y="163.0"/>
      </bpmndi:BPMNShape>
      <bpmndi:BPMNShape bpmnElement="sid-679B3BFE-3D0B-4317-B1CA-D5FD8CF9D844" id="BPMNShape_sid-679B3BFE-3D0B-4317-B1CA-D5FD8CF9D844">
        <omgdc:Bounds height="80.0" width="100.0" x="165.0" y="135.0"/>
      </bpmndi:BPMNShape>
      <bpmndi:BPMNShape bpmnElement="sid-95139792-2B5A-44F7-B519-FCCFA95D79B2" id="BPMNShape_sid-95139792-2B5A-44F7-B519-FCCFA95D79B2">
        <omgdc:Bounds height="28.0" width="28.0" x="315.0" y="164.0"/>
      </bpmndi:BPMNShape>
      <bpmndi:BPMNEdge bpmnElement="sid-BCBB35C5-B3C1-4430-AB3A-00810269EBB7" id="BPMNEdge_sid-BCBB35C5-B3C1-4430-AB3A-00810269EBB7">
        <omgdi:waypoint x="265.0" y="175.0"/>
        <omgdi:waypoint x="290.0" y="175.0"/>
        <omgdi:waypoint x="290.0" y="178.0"/>
        <omgdi:waypoint x="315.0" y="178.0"/>
      </bpmndi:BPMNEdge>
      <bpmndi:BPMNEdge bpmnElement="sid-DE7908EC-7DEC-4D3A-A140-B8FAB0EDA5BA" id="BPMNEdge_sid-DE7908EC-7DEC-4D3A-A140-B8FAB0EDA5BA">
        <omgdi:waypoint x="129.9932545528355" y="177.5502023634149"/>
        <omgdi:waypoint x="165.0" y="176.5"/>
      </bpmndi:BPMNEdge>
    </bpmndi:BPMNPlane>
  </bpmndi:BPMNDiagram>
</definitions>