{"bounds":{"lowerRight":{"x":1485.0,"y":700.0},"upperLeft":{"x":0.0,"y":0.0}},"resourceId":"canvas","stencil":{"id":"BPMNDiagram"},"stencilset":{"namespace":"http://b3mn.org/stencilset/bpmn2.0#","url":"../editor/stencilsets/bpmn2.0/bpmn2.0.json"},"properties":{"process_id":"DynamicTableProcess","name":"DynamicTableProcess","executionlisteners":{"executionListeners":[]},"eventlisteners":{"eventListeners":[]},"signaldefinitions":[],"messagedefinitions":[],"process_namespace":"http://www.activiti.org/processdef"},"childShapes":[{"bounds":{"lowerRight":{"x":130.0,"y":193.0},"upperLeft":{"x":100.0,"y":163.0}},"resourceId":"startEvent1","childShapes":[],"stencil":{"id":"StartNoneEvent"},"properties":{"overrideid":"startEvent1","executionlisteners":{"executionListeners":[]},"asynchronousdefinition":false,"exclusivedefinition":false},"outgoing":[{"resourceId":"sid-DE7908EC-7DEC-4D3A-A140-B8FAB0EDA5BA"}]},{"bounds":{"lowerRight":{"x":265.0,"y":215.0},"upperLeft":{"x":165.0,"y":135.0}},"resourceId":"sid-679B3BFE-3D0B-4317-B1CA-D5FD8CF9D844","childShapes":[],"stencil":{"id":"UserTask"},"properties":{"overrideid":"sid-679B3BFE-3D0B-4317-B1CA-D5FD8CF9D844","usertasksendemail":true,"usertaskassignment":{"assignment":{"type":"idm","idm":{"type":"initiator"},"initiatorCanCompleteTask":false}},"formreference":{"id":4892,"name":"Dynamic Table"},"executionlisteners":{"executionListeners":[]},"isforcompensation":false,"asynchronousdefinition":false,"exclusivedefinition":false,"tasklisteners":{"taskListeners":[]}},"outgoing":[{"resourceId":"sid-BCBB35C5-B3C1-4430-AB3A-00810269EBB7"}]},{"bounds":{"lowerRight":{"x":172.0,"y":212.0},"upperLeft":{"x":128.0,"y":212.0}},"resourceId":"sid-DE7908EC-7DEC-4D3A-A140-B8FAB0EDA5BA","childShapes":[],"stencil":{"id":"SequenceFlow"},"dockers":[{"x":15.0,"y":15.0},{"x":50.0,"y":40.0}],"outgoing":[{"resourceId":"sid-679B3BFE-3D0B-4317-B1CA-D5FD8CF9D844"}],"target":{"resourceId":"sid-679B3BFE-3D0B-4317-B1CA-D5FD8CF9D844"},"properties":{"overrideid":"sid-DE7908EC-7DEC-4D3A-A140-B8FAB0EDA5BA","executionlisteners":{"executionListeners":[]}}},{"bounds":{"lowerRight":{"x":343.0,"y":192.0},"upperLeft":{"x":315.0,"y":164.0}},"resourceId":"sid-95139792-2B5A-44F7-B519-FCCFA95D79B2","childShapes":[],"stencil":{"id":"EndNoneEvent"},"properties":{"overrideid":"sid-95139792-2B5A-44F7-B519-FCCFA95D79B2","executionlisteners":{"executionListeners":[]},"asynchronousdefinition":false,"exclusivedefinition":false},"outgoing":[]},{"bounds":{"lowerRight":{"x":172.0,"y":212.0},"upperLeft":{"x":128.0,"y":212.0}},"resourceId":"sid-BCBB35C5-B3C1-4430-AB3A-00810269EBB7","childShapes":[],"stencil":{"id":"SequenceFlow"},"dockers":[{"x":50.0,"y":40.0},{"x":290.0,"y":175.0},{"x":290.0,"y":178.0},{"x":14.0,"y":14.0}],"outgoing":[{"resourceId":"sid-95139792-2B5A-44F7-B519-FCCFA95D79B2"}],"target":{"resourceId":"sid-95139792-2B5A-44F7-B519-FCCFA95D79B2"},"properties":{"overrideid":"sid-BCBB35C5-B3C1-4430-AB3A-00810269EBB7","executionlisteners":{"executionListeners":[]}}}]}