<?xml version='1.0' encoding='UTF-8'?>
<definitions xmlns="http://www.omg.org/spec/BPMN/20100524/MODEL" xmlns:xsi="http://www.w3.org/2001/XMLSchema-instance" xmlns:xsd="http://www.w3.org/2001/XMLSchema" xmlns:activiti="http://activiti.org/bpmn" xmlns:bpmndi="http://www.omg.org/spec/BPMN/20100524/DI" xmlns:omgdc="http://www.omg.org/spec/DD/20100524/DC" xmlns:omgdi="http://www.omg.org/spec/DD/20100524/DI" typeLanguage="http://www.w3.org/2001/XMLSchema" expressionLanguage="http://www.w3.org/1999/XPath" targetNamespace="http://www.activiti.org/processdef" xmlns:modeler="http://activiti.com/modeler" modeler:version="1.0en" modeler:exportDateTime="20200310182257941" modeler:modelId="80199" modeler:modelVersion="4" modeler:modelLastUpdated="1583864569923">
  <process id="DynamicWidgetFormProcess" name="DynamicWidgetFormProcess" isExecutable="true">
    <startEvent id="startEvent1">
      <extensionElements>
        <modeler:editor-resource-id><![CDATA[startEvent1]]></modeler:editor-resource-id>
      </extensionElements>
    </startEvent>
    <userTask id="sid-C97FA9E0-4433-4A70-8A4B-0BF30725F7A0" activiti:assignee="$INITIATOR" activiti:formKey="80182">
      <extensionElements>
        <modeler:allow-send-email><![CDATA[true]]></modeler:allow-send-email>
        <modeler:form-reference-id><![CDATA[80182]]></modeler:form-reference-id>
        <modeler:form-reference-name><![CDATA[Dynamic Widget Form]]></modeler:form-reference-name>
        <modeler:activiti-idm-initiator><![CDATA[true]]></modeler:activiti-idm-initiator>
        <modeler:initiator-can-complete><![CDATA[false]]></modeler:initiator-can-complete>
        <modeler:editor-resource-id><![CDATA[sid-C97FA9E0-4433-4A70-8A4B-0BF30725F7A0]]></modeler:editor-resource-id>
      </extensionElements>
    </userTask>
    <sequenceFlow id="sid-FB2860CF-89C0-4CFA-936E-B486E9E3D7D6" sourceRef="startEvent1" targetRef="sid-C97FA9E0-4433-4A70-8A4B-0BF30725F7A0">
      <extensionElements>
        <modeler:editor-resource-id><![CDATA[sid-FB2860CF-89C0-4CFA-936E-B486E9E3D7D6]]></modeler:editor-resource-id>
      </extensionElements>
    </sequenceFlow>
    <endEvent id="sid-C31689B8-C501-4035-9755-DDB14EFE298C">
      <extensionElements>
        <modeler:editor-resource-id><![CDATA[sid-C31689B8-C501-4035-9755-DDB14EFE298C]]></modeler:editor-resource-id>
      </extensionElements>
    </endEvent>
    <sequenceFlow id="sid-D427608C-7635-469A-AF21-EBD4B8351ECA" sourceRef="sid-C97FA9E0-4433-4A70-8A4B-0BF30725F7A0" targetRef="sid-C31689B8-C501-4035-9755-DDB14EFE298C">
      <extensionElements>
        <modeler:editor-resource-id><![CDATA[sid-D427608C-7635-469A-AF21-EBD4B8351ECA]]></modeler:editor-resource-id>
      </extensionElements>
    </sequenceFlow>
  </process>
  <bpmndi:BPMNDiagram id="BPMNDiagram_DynamicWidgetFormProcess">
    <bpmndi:BPMNPlane bpmnElement="DynamicWidgetFormProcess" id="BPMNPlane_DynamicWidgetFormProcess">
      <bpmndi:BPMNShape bpmnElement="startEvent1" id="BPMNShape_startEvent1">
        <omgdc:Bounds height="30.0" width="30.0" x="90.0" y="150.0"/>
      </bpmndi:BPMNShape>
      <bpmndi:BPMNShape bpmnElement="sid-C97FA9E0-4433-4A70-8A4B-0BF30725F7A0" id="BPMNShape_sid-C97FA9E0-4433-4A70-8A4B-0BF30725F7A0">
        <omgdc:Bounds height="80.0" width="100.0" x="165.0" y="120.0"/>
      </bpmndi:BPMNShape>
      <bpmndi:BPMNShape bpmnElement="sid-C31689B8-C501-4035-9755-DDB14EFE298C" id="BPMNShape_sid-C31689B8-C501-4035-9755-DDB14EFE298C">
        <omgdc:Bounds height="28.0" width="28.0" x="310.0" y="151.0"/>
      </bpmndi:BPMNShape>
      <bpmndi:BPMNEdge bpmnElement="sid-D427608C-7635-469A-AF21-EBD4B8351ECA" id="BPMNEdge_sid-D427608C-7635-469A-AF21-EBD4B8351ECA">
        <omgdi:waypoint x="265.0" y="160.0"/>
        <omgdi:waypoint x="287.5" y="160.0"/>
        <omgdi:waypoint x="287.5" y="165.0"/>
        <omgdi:waypoint x="310.0" y="165.0"/>
      </bpmndi:BPMNEdge>
      <bpmndi:BPMNEdge bpmnElement="sid-FB2860CF-89C0-4CFA-936E-B486E9E3D7D6" id="BPMNEdge_sid-FB2860CF-89C0-4CFA-936E-B486E9E3D7D6">
        <omgdi:waypoint x="120.0" y="165.0"/>
        <omgdi:waypoint x="142.5" y="165.0"/>
        <omgdi:waypoint x="142.5" y="160.0"/>
        <omgdi:waypoint x="165.0" y="160.0"/>
      </bpmndi:BPMNEdge>
    </bpmndi:BPMNPlane>
  </bpmndi:BPMNDiagram>
</definitions>