{"resourceId":4009,"properties":{"process_id":"DynamicTableProcess","name":"DynamicTableProcess","documentation":"","process_author":"","process_version":"","process_namespace":"http://www.activiti.org/processdef","executionlisteners":"","eventlisteners":"","signaldefinitions":"","messagedefinitions":"","executionvariables":"","metadata":""},"stencil":{"id":"BPMNDiagram"},"childShapes":[{"resourceId":"startEvent1","properties":{"overrideid":"","name":"","documentation":"","executionlisteners":"","initiator":"","formkeydefinition":"","formreference":"","fieldstovariables":"","formproperties":""},"stencil":{"id":"StartNoneEvent"},"childShapes":[],"outgoing":[{"resourceId":"sid-DE7908EC-7DEC-4D3A-A140-B8FAB0EDA5BA"}],"bounds":{"lowerRight":{"x":130,"y":193},"upperLeft":{"x":100,"y":163}},"dockers":[]},{"resourceId":"sid-679B3BFE-3D0B-4317-B1CA-D5FD8CF9D844","properties":{"overrideid":"","name":"","documentation":"","asynchronousdefinition":"false","exclusivedefinition":"false","executionlisteners":"","multiinstance_type":"None","multiinstance_cardinality":"","multiinstance_collection":"","multiinstance_variable":"","multiinstance_condition":"","isforcompensation":"false","usertasksendemail":true,"usertaskassignment":"","formkeydefinition":"","formreference":{"id":4010,"name":"Dynamic Table","referenceId":null,"variablesmapping":[]},"fieldstovariables":"","duedatedefinition":"","prioritydefinition":"","categorydefinition":"","formproperties":"","tasklisteners":"","emailtemplate":""},"stencil":{"id":"UserTask"},"childShapes":[],"outgoing":[{"resourceId":"sid-BCBB35C5-B3C1-4430-AB3A-00810269EBB7"}],"bounds":{"lowerRight":{"x":265,"y":215},"upperLeft":{"x":165,"y":135}},"dockers":[]},{"resourceId":"sid-DE7908EC-7DEC-4D3A-A140-B8FAB0EDA5BA","properties":{"overrideid":"","name":"","documentation":"","conditionsequenceflow":"","executionlisteners":"","defaultflow":"false"},"stencil":{"id":"SequenceFlow"},"childShapes":[],"outgoing":[{"resourceId":"sid-679B3BFE-3D0B-4317-B1CA-D5FD8CF9D844"}],"bounds":{"lowerRight":{"x":164.78169969647763,"y":177.54813849089433},"upperLeft":{"x":130.06205030352237,"y":176.50654900910567}},"dockers":[{"x":15,"y":15},{"x":50,"y":40}],"target":{"resourceId":"sid-679B3BFE-3D0B-4317-B1CA-D5FD8CF9D844"}},{"resourceId":"sid-95139792-2B5A-44F7-B519-FCCFA95D79B2","properties":{"overrideid":"","name":"","documentation":"","executionlisteners":""},"stencil":{"id":"EndNoneEvent"},"childShapes":[],"outgoing":[],"bounds":{"lowerRight":{"x":343,"y":192},"upperLeft":{"x":315,"y":164}},"dockers":[]},{"resourceId":"sid-BCBB35C5-B3C1-4430-AB3A-00810269EBB7","properties":{"overrideid":"","name":"","documentation":"","conditionsequenceflow":"","executionlisteners":"","defaultflow":"false"},"stencil":{"id":"SequenceFlow"},"childShapes":[],"outgoing":[{"resourceId":"sid-95139792-2B5A-44F7-B519-FCCFA95D79B2"}],"bounds":{"lowerRight":{"x":314.59375,"y":178},"upperLeft":{"x":265.21875,"y":175}},"dockers":[{"x":50,"y":40},{"x":290,"y":175},{"x":290,"y":178},{"x":14,"y":14}],"target":{"resourceId":"sid-95139792-2B5A-44F7-B519-FCCFA95D79B2"}}],"bounds":{"lowerRight":{"x":1200,"y":1050},"upperLeft":{"x":0,"y":0}},"stencilset":{"url":"stencilsets/bpmn2.0/bpmn2.0.json","namespace":"http://b3mn.org/stencilset/bpmn2.0#"},"ssextensions":[]}