<?xml version='1.0' encoding='UTF-8'?>
<definitions xmlns="http://www.omg.org/spec/BPMN/20100524/MODEL" xmlns:xsi="http://www.w3.org/2001/XMLSchema-instance" xmlns:xsd="http://www.w3.org/2001/XMLSchema" xmlns:activiti="http://activiti.org/bpmn" xmlns:bpmndi="http://www.omg.org/spec/BPMN/20100524/DI" xmlns:omgdc="http://www.omg.org/spec/DD/20100524/DC" xmlns:omgdi="http://www.omg.org/spec/DD/20100524/DI" typeLanguage="http://www.w3.org/2001/XMLSchema" expressionLanguage="http://www.w3.org/1999/XPath" targetNamespace="http://www.activiti.org/processdef" xmlns:modeler="http://activiti.com/modeler" modeler:version="1.0en" modeler:exportDateTime="20200310182257948" modeler:modelId="80196" modeler:modelVersion="4" modeler:modelLastUpdated="1583864570041">
  <process id="HeaderProcess" name="HeaderProcess" isExecutable="true">
    <startEvent id="startEvent1">
      <extensionElements>
        <modeler:editor-resource-id><![CDATA[startEvent1]]></modeler:editor-resource-id>
      </extensionElements>
    </startEvent>
    <userTask id="sid-B4070E1C-30C3-4C46-A1BD-2D9A7E2B3C72" activiti:assignee="$INITIATOR" activiti:formKey="80187">
      <extensionElements>
        <modeler:allow-send-email><![CDATA[true]]></modeler:allow-send-email>
        <modeler:form-reference-id><![CDATA[80187]]></modeler:form-reference-id>
        <modeler:form-reference-name><![CDATA[Header form]]></modeler:form-reference-name>
        <modeler:activiti-idm-initiator><![CDATA[true]]></modeler:activiti-idm-initiator>
        <modeler:initiator-can-complete><![CDATA[false]]></modeler:initiator-can-complete>
        <modeler:editor-resource-id><![CDATA[sid-B4070E1C-30C3-4C46-A1BD-2D9A7E2B3C72]]></modeler:editor-resource-id>
      </extensionElements>
    </userTask>
    <sequenceFlow id="sid-02265415-F8E8-46AD-8C53-3977ECD22B94" sourceRef="startEvent1" targetRef="sid-B4070E1C-30C3-4C46-A1BD-2D9A7E2B3C72">
      <extensionElements>
        <modeler:editor-resource-id><![CDATA[sid-02265415-F8E8-46AD-8C53-3977ECD22B94]]></modeler:editor-resource-id>
      </extensionElements>
    </sequenceFlow>
    <endEvent id="sid-0A444517-7E4F-426E-A97B-268D5E7899A3">
      <extensionElements>
        <modeler:editor-resource-id><![CDATA[sid-0A444517-7E4F-426E-A97B-268D5E7899A3]]></modeler:editor-resource-id>
      </extensionElements>
    </endEvent>
    <sequenceFlow id="sid-569212C0-A569-44D9-9EEA-2561F1629F15" sourceRef="sid-B4070E1C-30C3-4C46-A1BD-2D9A7E2B3C72" targetRef="sid-0A444517-7E4F-426E-A97B-268D5E7899A3">
      <extensionElements>
        <modeler:editor-resource-id><![CDATA[sid-569212C0-A569-44D9-9EEA-2561F1629F15]]></modeler:editor-resource-id>
      </extensionElements>
    </sequenceFlow>
  </process>
  <bpmndi:BPMNDiagram id="BPMNDiagram_HeaderProcess">
    <bpmndi:BPMNPlane bpmnElement="HeaderProcess" id="BPMNPlane_HeaderProcess">
      <bpmndi:BPMNShape bpmnElement="startEvent1" id="BPMNShape_startEvent1">
        <omgdc:Bounds height="30.0" width="30.0" x="100.0" y="163.0"/>
      </bpmndi:BPMNShape>
      <bpmndi:BPMNShape bpmnElement="sid-B4070E1C-30C3-4C46-A1BD-2D9A7E2B3C72" id="BPMNShape_sid-B4070E1C-30C3-4C46-A1BD-2D9A7E2B3C72">
        <omgdc:Bounds height="80.0" width="100.0" x="175.0" y="138.0"/>
      </bpmndi:BPMNShape>
      <bpmndi:BPMNShape bpmnElement="sid-0A444517-7E4F-426E-A97B-268D5E7899A3" id="BPMNShape_sid-0A444517-7E4F-426E-A97B-268D5E7899A3">
        <omgdc:Bounds height="28.0" width="28.0" x="320.0" y="164.0"/>
      </bpmndi:BPMNShape>
      <bpmndi:BPMNEdge bpmnElement="sid-02265415-F8E8-46AD-8C53-3977ECD22B94" id="BPMNEdge_sid-02265415-F8E8-46AD-8C53-3977ECD22B94">
        <omgdi:waypoint x="130.0" y="178.0"/>
        <omgdi:waypoint x="175.0" y="178.0"/>
      </bpmndi:BPMNEdge>
      <bpmndi:BPMNEdge bpmnElement="sid-569212C0-A569-44D9-9EEA-2561F1629F15" id="BPMNEdge_sid-569212C0-A569-44D9-9EEA-2561F1629F15">
        <omgdi:waypoint x="275.0" y="178.0"/>
        <omgdi:waypoint x="320.0" y="178.0"/>
      </bpmndi:BPMNEdge>
    </bpmndi:BPMNPlane>
  </bpmndi:BPMNDiagram>
</definitions>