{"bounds":{"lowerRight":{"x":1485.0,"y":700.0},"upperLeft":{"x":0.0,"y":0.0}},"resourceId":"canvas","stencil":{"id":"BPMNDiagram"},"stencilset":{"namespace":"http://b3mn.org/stencilset/bpmn2.0#","url":"../editor/stencilsets/bpmn2.0/bpmn2.0.json"},"properties":{"process_id":"HeaderProcess","name":"HeaderProcess","executionlisteners":{"executionListeners":[]},"eventlisteners":{"eventListeners":[]},"signaldefinitions":[],"messagedefinitions":[],"process_namespace":"http://www.activiti.org/processdef"},"childShapes":[{"bounds":{"lowerRight":{"x":130.0,"y":193.0},"upperLeft":{"x":100.0,"y":163.0}},"resourceId":"startEvent1","childShapes":[],"stencil":{"id":"StartNoneEvent"},"properties":{"overrideid":"startEvent1","executionlisteners":{"executionListeners":[]},"asynchronousdefinition":false,"exclusivedefinition":false},"outgoing":[{"resourceId":"sid-02265415-F8E8-46AD-8C53-3977ECD22B94"}]},{"bounds":{"lowerRight":{"x":275.0,"y":218.0},"upperLeft":{"x":175.0,"y":138.0}},"resourceId":"sid-B4070E1C-30C3-4C46-A1BD-2D9A7E2B3C72","childShapes":[],"stencil":{"id":"UserTask"},"properties":{"overrideid":"sid-B4070E1C-30C3-4C46-A1BD-2D9A7E2B3C72","usertasksendemail":true,"usertaskassignment":{"assignment":{"type":"idm","idm":{"type":"initiator"},"initiatorCanCompleteTask":false}},"formreference":{"id":80187,"name":"Header form"},"executionlisteners":{"executionListeners":[]},"isforcompensation":false,"asynchronousdefinition":false,"exclusivedefinition":false,"tasklisteners":{"taskListeners":[]}},"outgoing":[{"resourceId":"sid-569212C0-A569-44D9-9EEA-2561F1629F15"}]},{"bounds":{"lowerRight":{"x":172.0,"y":212.0},"upperLeft":{"x":128.0,"y":212.0}},"resourceId":"sid-02265415-F8E8-46AD-8C53-3977ECD22B94","childShapes":[],"stencil":{"id":"SequenceFlow"},"dockers":[{"x":15.0,"y":15.0},{"x":50.0,"y":40.0}],"outgoing":[{"resourceId":"sid-B4070E1C-30C3-4C46-A1BD-2D9A7E2B3C72"}],"target":{"resourceId":"sid-B4070E1C-30C3-4C46-A1BD-2D9A7E2B3C72"},"properties":{"overrideid":"sid-02265415-F8E8-46AD-8C53-3977ECD22B94","executionlisteners":{"executionListeners":[]}}},{"bounds":{"lowerRight":{"x":348.0,"y":192.0},"upperLeft":{"x":320.0,"y":164.0}},"resourceId":"sid-0A444517-7E4F-426E-A97B-268D5E7899A3","childShapes":[],"stencil":{"id":"EndNoneEvent"},"properties":{"overrideid":"sid-0A444517-7E4F-426E-A97B-268D5E7899A3","executionlisteners":{"executionListeners":[]},"asynchronousdefinition":false,"exclusivedefinition":false},"outgoing":[]},{"bounds":{"lowerRight":{"x":172.0,"y":212.0},"upperLeft":{"x":128.0,"y":212.0}},"resourceId":"sid-569212C0-A569-44D9-9EEA-2561F1629F15","childShapes":[],"stencil":{"id":"SequenceFlow"},"dockers":[{"x":50.0,"y":40.0},{"x":14.0,"y":14.0}],"outgoing":[{"resourceId":"sid-0A444517-7E4F-426E-A97B-268D5E7899A3"}],"target":{"resourceId":"sid-0A444517-7E4F-426E-A97B-268D5E7899A3"},"properties":{"overrideid":"sid-569212C0-A569-44D9-9EEA-2561F1629F15","executionlisteners":{"executionListeners":[]}}}]}