{"resourceId":4012,"properties":{"process_id":"HyperlinkProcess","name":"HyperlinkProcess","documentation":"","process_author":"","process_version":"","process_namespace":"http://www.activiti.org/processdef","executionlisteners":"","eventlisteners":"","signaldefinitions":"","messagedefinitions":"","executionvariables":"","metadata":""},"stencil":{"id":"BPMNDiagram"},"childShapes":[{"resourceId":"startEvent1","properties":{"overrideid":"","name":"","documentation":"","executionlisteners":"","initiator":"","formkeydefinition":"","formreference":"","fieldstovariables":"","formproperties":""},"stencil":{"id":"StartNoneEvent"},"childShapes":[],"outgoing":[{"resourceId":"sid-CB39D0C3-90C6-4102-8D49-029D8E7188C7"}],"bounds":{"lowerRight":{"x":130,"y":193},"upperLeft":{"x":100,"y":163}},"dockers":[]},{"resourceId":"sid-321FEDA9-88C9-451C-AFC1-F54D29346385","properties":{"overrideid":"","name":"","documentation":"","asynchronousdefinition":"false","exclusivedefinition":"false","executionlisteners":"","multiinstance_type":"None","multiinstance_cardinality":"","multiinstance_collection":"","multiinstance_variable":"","multiinstance_condition":"","isforcompensation":"false","usertasksendemail":true,"usertaskassignment":"","formkeydefinition":"","formreference":{"id":4011,"name":"Hyperlink form","referenceId":null,"variablesmapping":[]},"fieldstovariables":"","duedatedefinition":"","prioritydefinition":"","categorydefinition":"","formproperties":"","tasklisteners":"","emailtemplate":""},"stencil":{"id":"UserTask"},"childShapes":[],"outgoing":[{"resourceId":"sid-E6F73E0F-0595-4CBE-9900-406523D7DDA5"}],"bounds":{"lowerRight":{"x":275,"y":218},"upperLeft":{"x":175,"y":138}},"dockers":[]},{"resourceId":"sid-CB39D0C3-90C6-4102-8D49-029D8E7188C7","properties":{"overrideid":"","name":"","documentation":"","conditionsequenceflow":"","executionlisteners":"","defaultflow":"false"},"stencil":{"id":"SequenceFlow"},"childShapes":[],"outgoing":[{"resourceId":"sid-321FEDA9-88C9-451C-AFC1-F54D29346385"}],"bounds":{"lowerRight":{"x":174.15625,"y":178},"upperLeft":{"x":130.609375,"y":178}},"dockers":[{"x":15,"y":15},{"x":50,"y":40}],"target":{"resourceId":"sid-321FEDA9-88C9-451C-AFC1-F54D29346385"}},{"resourceId":"sid-FC9F6D7F-63E9-4ABF-9F6A-2CDF0E54D259","properties":{"overrideid":"","name":"","documentation":"","executionlisteners":""},"stencil":{"id":"EndNoneEvent"},"childShapes":[],"outgoing":[],"bounds":{"lowerRight":{"x":348,"y":192},"upperLeft":{"x":320,"y":164}},"dockers":[]},{"resourceId":"sid-E6F73E0F-0595-4CBE-9900-406523D7DDA5","properties":{"overrideid":"","name":"","documentation":"","conditionsequenceflow":"","executionlisteners":"","defaultflow":"false"},"stencil":{"id":"SequenceFlow"},"childShapes":[],"outgoing":[{"resourceId":"sid-FC9F6D7F-63E9-4ABF-9F6A-2CDF0E54D259"}],"bounds":{"lowerRight":{"x":319.375,"y":178},"upperLeft":{"x":275.390625,"y":178}},"dockers":[{"x":50,"y":40},{"x":14,"y":14}],"target":{"resourceId":"sid-FC9F6D7F-63E9-4ABF-9F6A-2CDF0E54D259"}}],"bounds":{"lowerRight":{"x":1200,"y":1050},"upperLeft":{"x":0,"y":0}},"stencilset":{"url":"stencilsets/bpmn2.0/bpmn2.0.json","namespace":"http://b3mn.org/stencilset/bpmn2.0#"},"ssextensions":[]}