<?xml version='1.0' encoding='UTF-8'?>
<definitions xmlns="http://www.omg.org/spec/BPMN/20100524/MODEL" xmlns:xsi="http://www.w3.org/2001/XMLSchema-instance" xmlns:xsd="http://www.w3.org/2001/XMLSchema" xmlns:activiti="http://activiti.org/bpmn" xmlns:bpmndi="http://www.omg.org/spec/BPMN/20100524/DI" xmlns:omgdc="http://www.omg.org/spec/DD/20100524/DC" xmlns:omgdi="http://www.omg.org/spec/DD/20100524/DI" typeLanguage="http://www.w3.org/2001/XMLSchema" expressionLanguage="http://www.w3.org/1999/XPath" targetNamespace="http://www.activiti.org/processdef" xmlns:modeler="http://activiti.com/modeler" modeler:version="1.0en" modeler:exportDateTime="20200414120728544" modeler:modelId="24918" modeler:modelVersion="2" modeler:modelLastUpdated="1586866026899">
  <process id="HyperlinkWidgetProcess" name="HyperlinkProcess" isExecutable="true">
    <startEvent id="startEvent1">
      <extensionElements>
        <modeler:editor-resource-id><![CDATA[startEvent1]]></modeler:editor-resource-id>
      </extensionElements>
    </startEvent>
    <userTask id="sid-056FD0E8-CA02-404B-A98C-575138954563" activiti:assignee="$INITIATOR" activiti:formKey="24904">
      <extensionElements>
        <modeler:allow-send-email><![CDATA[true]]></modeler:allow-send-email>
        <modeler:form-reference-id><![CDATA[24904]]></modeler:form-reference-id>
        <modeler:form-reference-name><![CDATA[HyperlinkForm]]></modeler:form-reference-name>
        <modeler:activiti-idm-initiator><![CDATA[true]]></modeler:activiti-idm-initiator>
        <modeler:initiator-can-complete><![CDATA[false]]></modeler:initiator-can-complete>
        <modeler:editor-resource-id><![CDATA[sid-056FD0E8-CA02-404B-A98C-575138954563]]></modeler:editor-resource-id>
      </extensionElements>
    </userTask>
    <sequenceFlow id="sid-37AE888D-CD46-4AFD-A8B5-03886ED8180A" sourceRef="startEvent1" targetRef="sid-056FD0E8-CA02-404B-A98C-575138954563">
      <extensionElements>
        <modeler:editor-resource-id><![CDATA[sid-37AE888D-CD46-4AFD-A8B5-03886ED8180A]]></modeler:editor-resource-id>
      </extensionElements>
    </sequenceFlow>
    <endEvent id="sid-500C491B-79E4-4E7A-AF43-6106A010F029">
      <extensionElements>
        <modeler:editor-resource-id><![CDATA[sid-500C491B-79E4-4E7A-AF43-6106A010F029]]></modeler:editor-resource-id>
      </extensionElements>
    </endEvent>
    <sequenceFlow id="sid-1A106786-E4CE-4CEE-89DD-9F4AF8D21FE5" sourceRef="sid-056FD0E8-CA02-404B-A98C-575138954563" targetRef="sid-500C491B-79E4-4E7A-AF43-6106A010F029">
      <extensionElements>
        <modeler:editor-resource-id><![CDATA[sid-1A106786-E4CE-4CEE-89DD-9F4AF8D21FE5]]></modeler:editor-resource-id>
      </extensionElements>
    </sequenceFlow>
  </process>
  <bpmndi:BPMNDiagram id="BPMNDiagram_HyperlinkWidgetProcess">
    <bpmndi:BPMNPlane bpmnElement="HyperlinkWidgetProcess" id="BPMNPlane_HyperlinkWidgetProcess">
      <bpmndi:BPMNShape bpmnElement="startEvent1" id="BPMNShape_startEvent1">
        <omgdc:Bounds height="30.0" width="30.0" x="90.0" y="150.0"/>
      </bpmndi:BPMNShape>
      <bpmndi:BPMNShape bpmnElement="sid-056FD0E8-CA02-404B-A98C-575138954563" id="BPMNShape_sid-056FD0E8-CA02-404B-A98C-575138954563">
        <omgdc:Bounds height="80.0" width="100.0" x="165.0" y="125.0"/>
      </bpmndi:BPMNShape>
      <bpmndi:BPMNShape bpmnElement="sid-500C491B-79E4-4E7A-AF43-6106A010F029" id="BPMNShape_sid-500C491B-79E4-4E7A-AF43-6106A010F029">
        <omgdc:Bounds height="28.0" width="28.0" x="310.0" y="151.0"/>
      </bpmndi:BPMNShape>
      <bpmndi:BPMNEdge bpmnElement="sid-1A106786-E4CE-4CEE-89DD-9F4AF8D21FE5" id="BPMNEdge_sid-1A106786-E4CE-4CEE-89DD-9F4AF8D21FE5">
        <omgdi:waypoint x="265.0" y="165.0"/>
        <omgdi:waypoint x="310.0" y="165.0"/>
      </bpmndi:BPMNEdge>
      <bpmndi:BPMNEdge bpmnElement="sid-37AE888D-CD46-4AFD-A8B5-03886ED8180A" id="BPMNEdge_sid-37AE888D-CD46-4AFD-A8B5-03886ED8180A">
        <omgdi:waypoint x="120.0" y="165.0"/>
        <omgdi:waypoint x="165.0" y="165.0"/>
      </bpmndi:BPMNEdge>
    </bpmndi:BPMNPlane>
  </bpmndi:BPMNDiagram>
</definitions>