<?xml version='1.0' encoding='UTF-8'?>
<definitions xmlns="http://www.omg.org/spec/BPMN/20100524/MODEL" xmlns:xsi="http://www.w3.org/2001/XMLSchema-instance" xmlns:xsd="http://www.w3.org/2001/XMLSchema" xmlns:activiti="http://activiti.org/bpmn" xmlns:bpmndi="http://www.omg.org/spec/BPMN/20100524/DI" xmlns:omgdc="http://www.omg.org/spec/DD/20100524/DC" xmlns:omgdi="http://www.omg.org/spec/DD/20100524/DI" typeLanguage="http://www.w3.org/2001/XMLSchema" expressionLanguage="http://www.w3.org/1999/XPath" targetNamespace="http://www.activiti.org/processdef" xmlns:modeler="http://activiti.com/modeler" modeler:version="1.0en" modeler:exportDateTime="20181017153347498" modeler:modelId="4012" modeler:modelVersion="14" modeler:modelLastUpdated="1539790106203">
  <process id="HyperlinkProcess" name="HyperlinkProcess" isExecutable="true">
    <startEvent id="startEvent1">
      <extensionElements>
        <modeler:editor-resource-id><![CDATA[startEvent1]]></modeler:editor-resource-id>
      </extensionElements>
    </startEvent>
    <userTask id="sid-321FEDA9-88C9-451C-AFC1-F54D29346385" activiti:assignee="$INITIATOR" activiti:formKey="4011">
      <extensionElements>
        <modeler:allow-send-email><![CDATA[true]]></modeler:allow-send-email>
        <modeler:form-reference-id><![CDATA[4011]]></modeler:form-reference-id>
        <modeler:form-reference-name><![CDATA[Hyperlink form]]></modeler:form-reference-name>
        <modeler:activiti-idm-initiator><![CDATA[true]]></modeler:activiti-idm-initiator>
        <modeler:editor-resource-id><![CDATA[sid-321FEDA9-88C9-451C-AFC1-F54D29346385]]></modeler:editor-resource-id>
      </extensionElements>
    </userTask>
    <sequenceFlow id="sid-CB39D0C3-90C6-4102-8D49-029D8E7188C7" sourceRef="startEvent1" targetRef="sid-321FEDA9-88C9-451C-AFC1-F54D29346385">
      <extensionElements>
        <modeler:editor-resource-id><![CDATA[sid-CB39D0C3-90C6-4102-8D49-029D8E7188C7]]></modeler:editor-resource-id>
      </extensionElements>
    </sequenceFlow>
    <endEvent id="sid-FC9F6D7F-63E9-4ABF-9F6A-2CDF0E54D259">
      <extensionElements>
        <modeler:editor-resource-id><![CDATA[sid-FC9F6D7F-63E9-4ABF-9F6A-2CDF0E54D259]]></modeler:editor-resource-id>
      </extensionElements>
    </endEvent>
    <sequenceFlow id="sid-E6F73E0F-0595-4CBE-9900-406523D7DDA5" sourceRef="sid-321FEDA9-88C9-451C-AFC1-F54D29346385" targetRef="sid-FC9F6D7F-63E9-4ABF-9F6A-2CDF0E54D259">
      <extensionElements>
        <modeler:editor-resource-id><![CDATA[sid-E6F73E0F-0595-4CBE-9900-406523D7DDA5]]></modeler:editor-resource-id>
      </extensionElements>
    </sequenceFlow>
  </process>
  <bpmndi:BPMNDiagram id="BPMNDiagram_HyperlinkProcess">
    <bpmndi:BPMNPlane bpmnElement="HyperlinkProcess" id="BPMNPlane_HyperlinkProcess">
      <bpmndi:BPMNShape bpmnElement="startEvent1" id="BPMNShape_startEvent1">
        <omgdc:Bounds height="30.0" width="30.0" x="100.0" y="163.0"/>
      </bpmndi:BPMNShape>
      <bpmndi:BPMNShape bpmnElement="sid-321FEDA9-88C9-451C-AFC1-F54D29346385" id="BPMNShape_sid-321FEDA9-88C9-451C-AFC1-F54D29346385">
        <omgdc:Bounds height="80.0" width="100.0" x="175.0" y="138.0"/>
      </bpmndi:BPMNShape>
      <bpmndi:BPMNShape bpmnElement="sid-FC9F6D7F-63E9-4ABF-9F6A-2CDF0E54D259" id="BPMNShape_sid-FC9F6D7F-63E9-4ABF-9F6A-2CDF0E54D259">
        <omgdc:Bounds height="28.0" width="28.0" x="320.0" y="164.0"/>
      </bpmndi:BPMNShape>
      <bpmndi:BPMNEdge bpmnElement="sid-E6F73E0F-0595-4CBE-9900-406523D7DDA5" id="BPMNEdge_sid-E6F73E0F-0595-4CBE-9900-406523D7DDA5">
        <omgdi:waypoint x="275.0" y="178.0"/>
        <omgdi:waypoint x="320.0" y="178.0"/>
      </bpmndi:BPMNEdge>
      <bpmndi:BPMNEdge bpmnElement="sid-CB39D0C3-90C6-4102-8D49-029D8E7188C7" id="BPMNEdge_sid-CB39D0C3-90C6-4102-8D49-029D8E7188C7">
        <omgdi:waypoint x="130.0" y="178.0"/>
        <omgdi:waypoint x="175.0" y="178.0"/>
      </bpmndi:BPMNEdge>
    </bpmndi:BPMNPlane>
  </bpmndi:BPMNDiagram>
</definitions>