{"bounds":{"lowerRight":{"x":1485.0,"y":700.0},"upperLeft":{"x":0.0,"y":0.0}},"resourceId":"canvas","stencil":{"id":"BPMNDiagram"},"stencilset":{"namespace":"http://b3mn.org/stencilset/bpmn2.0#","url":"../editor/stencilsets/bpmn2.0/bpmn2.0.json"},"properties":{"process_id":"HyperlinkWidgetProcess","name":"HyperlinkProcess","executionlisteners":{"executionListeners":[]},"eventlisteners":{"eventListeners":[]},"signaldefinitions":[],"messagedefinitions":[],"process_namespace":"http://www.activiti.org/processdef"},"childShapes":[{"bounds":{"lowerRight":{"x":120.0,"y":180.0},"upperLeft":{"x":90.0,"y":150.0}},"resourceId":"startEvent1","childShapes":[],"stencil":{"id":"StartNoneEvent"},"properties":{"overrideid":"startEvent1","executionlisteners":{"executionListeners":[]},"asynchronousdefinition":false,"exclusivedefinition":false},"outgoing":[{"resourceId":"sid-37AE888D-CD46-4AFD-A8B5-03886ED8180A"}]},{"bounds":{"lowerRight":{"x":265.0,"y":205.0},"upperLeft":{"x":165.0,"y":125.0}},"resourceId":"sid-056FD0E8-CA02-404B-A98C-575138954563","childShapes":[],"stencil":{"id":"UserTask"},"properties":{"overrideid":"sid-056FD0E8-CA02-404B-A98C-575138954563","usertasksendemail":true,"usertaskassignment":{"assignment":{"type":"idm","idm":{"type":"initiator"},"initiatorCanCompleteTask":false}},"formreference":{"id":83439,"name":"HyperlinkForm"},"executionlisteners":{"executionListeners":[]},"isforcompensation":false,"asynchronousdefinition":false,"exclusivedefinition":false,"tasklisteners":{"taskListeners":[]}},"outgoing":[{"resourceId":"sid-1A106786-E4CE-4CEE-89DD-9F4AF8D21FE5"}]},{"bounds":{"lowerRight":{"x":172.0,"y":212.0},"upperLeft":{"x":128.0,"y":212.0}},"resourceId":"sid-37AE888D-CD46-4AFD-A8B5-03886ED8180A","childShapes":[],"stencil":{"id":"SequenceFlow"},"dockers":[{"x":15.0,"y":15.0},{"x":50.0,"y":40.0}],"outgoing":[{"resourceId":"sid-056FD0E8-CA02-404B-A98C-575138954563"}],"target":{"resourceId":"sid-056FD0E8-CA02-404B-A98C-575138954563"},"properties":{"overrideid":"sid-37AE888D-CD46-4AFD-A8B5-03886ED8180A","executionlisteners":{"executionListeners":[]}}},{"bounds":{"lowerRight":{"x":338.0,"y":179.0},"upperLeft":{"x":310.0,"y":151.0}},"resourceId":"sid-500C491B-79E4-4E7A-AF43-6106A010F029","childShapes":[],"stencil":{"id":"EndNoneEvent"},"properties":{"overrideid":"sid-500C491B-79E4-4E7A-AF43-6106A010F029","executionlisteners":{"executionListeners":[]},"asynchronousdefinition":false,"exclusivedefinition":false},"outgoing":[]},{"bounds":{"lowerRight":{"x":172.0,"y":212.0},"upperLeft":{"x":128.0,"y":212.0}},"resourceId":"sid-1A106786-E4CE-4CEE-89DD-9F4AF8D21FE5","childShapes":[],"stencil":{"id":"SequenceFlow"},"dockers":[{"x":50.0,"y":40.0},{"x":14.0,"y":14.0}],"outgoing":[{"resourceId":"sid-500C491B-79E4-4E7A-AF43-6106A010F029"}],"target":{"resourceId":"sid-500C491B-79E4-4E7A-AF43-6106A010F029"},"properties":{"overrideid":"sid-1A106786-E4CE-4CEE-89DD-9F4AF8D21FE5","executionlisteners":{"executionListeners":[]}}}]}