<?xml version='1.0' encoding='UTF-8'?>
<definitions xmlns="http://www.omg.org/spec/BPMN/20100524/MODEL" xmlns:xsi="http://www.w3.org/2001/XMLSchema-instance" xmlns:xsd="http://www.w3.org/2001/XMLSchema" xmlns:activiti="http://activiti.org/bpmn" xmlns:bpmndi="http://www.omg.org/spec/BPMN/20100524/DI" xmlns:omgdc="http://www.omg.org/spec/DD/20100524/DC" xmlns:omgdi="http://www.omg.org/spec/DD/20100524/DI" typeLanguage="http://www.w3.org/2001/XMLSchema" expressionLanguage="http://www.w3.org/1999/XPath" targetNamespace="http://www.activiti.org/processdef" xmlns:modeler="http://activiti.com/modeler" modeler:version="1.0en" modeler:exportDateTime="20200414120728549" modeler:modelId="24916" modeler:modelVersion="2" modeler:modelLastUpdated="1586866026930">
  <process id="MultiWidgetProcess" name="MultiWidgetProcess" isExecutable="true">
    <startEvent id="startEvent1">
      <extensionElements>
        <modeler:editor-resource-id><![CDATA[startEvent1]]></modeler:editor-resource-id>
      </extensionElements>
    </startEvent>
    <userTask id="sid-4FF895E4-DDEB-4B53-A2DE-E0438A8231B4" activiti:assignee="$INITIATOR" activiti:formKey="24899">
      <extensionElements>
        <modeler:allow-send-email><![CDATA[true]]></modeler:allow-send-email>
        <modeler:form-reference-id><![CDATA[24899]]></modeler:form-reference-id>
        <modeler:form-reference-name><![CDATA[MultiLineWidgetForm]]></modeler:form-reference-name>
        <modeler:activiti-idm-initiator><![CDATA[true]]></modeler:activiti-idm-initiator>
        <modeler:initiator-can-complete><![CDATA[false]]></modeler:initiator-can-complete>
        <modeler:editor-resource-id><![CDATA[sid-4FF895E4-DDEB-4B53-A2DE-E0438A8231B4]]></modeler:editor-resource-id>
      </extensionElements>
    </userTask>
    <sequenceFlow id="sid-BEC6D96B-CBFD-4E09-96D5-0E25D77C6081" sourceRef="startEvent1" targetRef="sid-4FF895E4-DDEB-4B53-A2DE-E0438A8231B4">
      <extensionElements>
        <modeler:editor-resource-id><![CDATA[sid-BEC6D96B-CBFD-4E09-96D5-0E25D77C6081]]></modeler:editor-resource-id>
      </extensionElements>
    </sequenceFlow>
    <endEvent id="sid-38571757-D4F9-4D45-875C-B4E8BCAA2F2B">
      <extensionElements>
        <modeler:editor-resource-id><![CDATA[sid-38571757-D4F9-4D45-875C-B4E8BCAA2F2B]]></modeler:editor-resource-id>
      </extensionElements>
    </endEvent>
    <sequenceFlow id="sid-8786ACAA-FDE3-4A32-8208-E42BD6FC4539" sourceRef="sid-4FF895E4-DDEB-4B53-A2DE-E0438A8231B4" targetRef="sid-38571757-D4F9-4D45-875C-B4E8BCAA2F2B">
      <extensionElements>
        <modeler:editor-resource-id><![CDATA[sid-8786ACAA-FDE3-4A32-8208-E42BD6FC4539]]></modeler:editor-resource-id>
      </extensionElements>
    </sequenceFlow>
  </process>
  <bpmndi:BPMNDiagram id="BPMNDiagram_MultiWidgetProcess">
    <bpmndi:BPMNPlane bpmnElement="MultiWidgetProcess" id="BPMNPlane_MultiWidgetProcess">
      <bpmndi:BPMNShape bpmnElement="startEvent1" id="BPMNShape_startEvent1">
        <omgdc:Bounds height="30.0" width="30.0" x="100.0" y="163.0"/>
      </bpmndi:BPMNShape>
      <bpmndi:BPMNShape bpmnElement="sid-4FF895E4-DDEB-4B53-A2DE-E0438A8231B4" id="BPMNShape_sid-4FF895E4-DDEB-4B53-A2DE-E0438A8231B4">
        <omgdc:Bounds height="80.0" width="100.0" x="165.0" y="135.0"/>
      </bpmndi:BPMNShape>
      <bpmndi:BPMNShape bpmnElement="sid-38571757-D4F9-4D45-875C-B4E8BCAA2F2B" id="BPMNShape_sid-38571757-D4F9-4D45-875C-B4E8BCAA2F2B">
        <omgdc:Bounds height="28.0" width="28.0" x="320.0" y="164.0"/>
      </bpmndi:BPMNShape>
      <bpmndi:BPMNEdge bpmnElement="sid-8786ACAA-FDE3-4A32-8208-E42BD6FC4539" id="BPMNEdge_sid-8786ACAA-FDE3-4A32-8208-E42BD6FC4539">
        <omgdi:waypoint x="265.0" y="175.0"/>
        <omgdi:waypoint x="292.5" y="175.0"/>
        <omgdi:waypoint x="292.5" y="178.0"/>
        <omgdi:waypoint x="320.0" y="178.0"/>
      </bpmndi:BPMNEdge>
      <bpmndi:BPMNEdge bpmnElement="sid-BEC6D96B-CBFD-4E09-96D5-0E25D77C6081" id="BPMNEdge_sid-BEC6D96B-CBFD-4E09-96D5-0E25D77C6081">
        <omgdi:waypoint x="129.9932545528355" y="177.5502023634149"/>
        <omgdi:waypoint x="165.0" y="176.5"/>
      </bpmndi:BPMNEdge>
    </bpmndi:BPMNPlane>
  </bpmndi:BPMNDiagram>
</definitions>