{"bounds":{"lowerRight":{"x":1485.0,"y":700.0},"upperLeft":{"x":0.0,"y":0.0}},"resourceId":"canvas","stencil":{"id":"BPMNDiagram"},"stencilset":{"namespace":"http://b3mn.org/stencilset/bpmn2.0#","url":"../editor/stencilsets/bpmn2.0/bpmn2.0.json"},"properties":{"process_id":"MultiWidgetProcess","name":"MultiWidgetProcess","executionlisteners":{"executionListeners":[]},"eventlisteners":{"eventListeners":[]},"signaldefinitions":[],"messagedefinitions":[],"process_namespace":"http://www.activiti.org/processdef"},"childShapes":[{"bounds":{"lowerRight":{"x":130.0,"y":193.0},"upperLeft":{"x":100.0,"y":163.0}},"resourceId":"startEvent1","childShapes":[],"stencil":{"id":"StartNoneEvent"},"properties":{"overrideid":"startEvent1","executionlisteners":{"executionListeners":[]},"asynchronousdefinition":false,"exclusivedefinition":false},"outgoing":[{"resourceId":"sid-BEC6D96B-CBFD-4E09-96D5-0E25D77C6081"}]},{"bounds":{"lowerRight":{"x":265.0,"y":215.0},"upperLeft":{"x":165.0,"y":135.0}},"resourceId":"sid-4FF895E4-DDEB-4B53-A2DE-E0438A8231B4","childShapes":[],"stencil":{"id":"UserTask"},"properties":{"overrideid":"sid-4FF895E4-DDEB-4B53-A2DE-E0438A8231B4","usertasksendemail":true,"usertaskassignment":{"assignment":{"type":"idm","idm":{"type":"initiator"},"initiatorCanCompleteTask":false}},"formreference":{"id":4891,"name":"MultiLineWidgetForm"},"executionlisteners":{"executionListeners":[]},"isforcompensation":false,"asynchronousdefinition":false,"exclusivedefinition":false,"tasklisteners":{"taskListeners":[]}},"outgoing":[{"resourceId":"sid-8786ACAA-FDE3-4A32-8208-E42BD6FC4539"}]},{"bounds":{"lowerRight":{"x":172.0,"y":212.0},"upperLeft":{"x":128.0,"y":212.0}},"resourceId":"sid-BEC6D96B-CBFD-4E09-96D5-0E25D77C6081","childShapes":[],"stencil":{"id":"SequenceFlow"},"dockers":[{"x":15.0,"y":15.0},{"x":50.0,"y":40.0}],"outgoing":[{"resourceId":"sid-4FF895E4-DDEB-4B53-A2DE-E0438A8231B4"}],"target":{"resourceId":"sid-4FF895E4-DDEB-4B53-A2DE-E0438A8231B4"},"properties":{"overrideid":"sid-BEC6D96B-CBFD-4E09-96D5-0E25D77C6081","executionlisteners":{"executionListeners":[]}}},{"bounds":{"lowerRight":{"x":348.0,"y":192.0},"upperLeft":{"x":320.0,"y":164.0}},"resourceId":"sid-38571757-D4F9-4D45-875C-B4E8BCAA2F2B","childShapes":[],"stencil":{"id":"EndNoneEvent"},"properties":{"overrideid":"sid-38571757-D4F9-4D45-875C-B4E8BCAA2F2B","executionlisteners":{"executionListeners":[]},"asynchronousdefinition":false,"exclusivedefinition":false},"outgoing":[]},{"bounds":{"lowerRight":{"x":172.0,"y":212.0},"upperLeft":{"x":128.0,"y":212.0}},"resourceId":"sid-8786ACAA-FDE3-4A32-8208-E42BD6FC4539","childShapes":[],"stencil":{"id":"SequenceFlow"},"dockers":[{"x":50.0,"y":40.0},{"x":292.5,"y":175.0},{"x":292.5,"y":178.0},{"x":14.0,"y":14.0}],"outgoing":[{"resourceId":"sid-38571757-D4F9-4D45-875C-B4E8BCAA2F2B"}],"target":{"resourceId":"sid-38571757-D4F9-4D45-875C-B4E8BCAA2F2B"},"properties":{"overrideid":"sid-8786ACAA-FDE3-4A32-8208-E42BD6FC4539","executionlisteners":{"executionListeners":[]}}}]}