<?xml version='1.0' encoding='UTF-8'?>
<definitions xmlns="http://www.omg.org/spec/BPMN/20100524/MODEL" xmlns:xsi="http://www.w3.org/2001/XMLSchema-instance" xmlns:xsd="http://www.w3.org/2001/XMLSchema" xmlns:activiti="http://activiti.org/bpmn" xmlns:bpmndi="http://www.omg.org/spec/BPMN/20100524/DI" xmlns:omgdc="http://www.omg.org/spec/DD/20100524/DC" xmlns:omgdi="http://www.omg.org/spec/DD/20100524/DI" typeLanguage="http://www.w3.org/2001/XMLSchema" expressionLanguage="http://www.w3.org/1999/XPath" targetNamespace="http://www.activiti.org/processdef" xmlns:modeler="http://activiti.com/modeler" modeler:version="1.0en" modeler:exportDateTime="20200416064731541" modeler:modelId="24928" modeler:modelVersion="6" modeler:modelLastUpdated="1587019640274">
  <process id="NumberProcess" name="NumberProcess" isExecutable="true">
    <startEvent id="startEvent1">
      <extensionElements>
        <modeler:editor-resource-id><![CDATA[startEvent1]]></modeler:editor-resource-id>
      </extensionElements>
    </startEvent>
    <userTask id="sid-40E5D606-DEFC-423C-ADFC-2E3E61F38AAA" activiti:assignee="$INITIATOR" activiti:formKey="24913">
      <extensionElements>
        <modeler:allow-send-email><![CDATA[true]]></modeler:allow-send-email>
        <modeler:form-reference-id><![CDATA[24913]]></modeler:form-reference-id>
        <modeler:form-reference-name><![CDATA[Number form]]></modeler:form-reference-name>
        <modeler:activiti-idm-initiator><![CDATA[true]]></modeler:activiti-idm-initiator>
        <modeler:initiator-can-complete><![CDATA[false]]></modeler:initiator-can-complete>
        <modeler:editor-resource-id><![CDATA[sid-40E5D606-DEFC-423C-ADFC-2E3E61F38AAA]]></modeler:editor-resource-id>
      </extensionElements>
    </userTask>
    <sequenceFlow id="sid-7FFE7390-81CE-499F-BB6E-FC22568D9C46" sourceRef="startEvent1" targetRef="sid-40E5D606-DEFC-423C-ADFC-2E3E61F38AAA">
      <extensionElements>
        <modeler:editor-resource-id><![CDATA[sid-7FFE7390-81CE-499F-BB6E-FC22568D9C46]]></modeler:editor-resource-id>
      </extensionElements>
    </sequenceFlow>
    <endEvent id="sid-6BD9E0F0-F8F4-4B46-925D-F354B73211A9">
      <extensionElements>
        <modeler:editor-resource-id><![CDATA[sid-6BD9E0F0-F8F4-4B46-925D-F354B73211A9]]></modeler:editor-resource-id>
      </extensionElements>
    </endEvent>
    <sequenceFlow id="sid-A57FC132-BB90-40BF-B4AA-29F766EF9199" sourceRef="sid-40E5D606-DEFC-423C-ADFC-2E3E61F38AAA" targetRef="sid-6BD9E0F0-F8F4-4B46-925D-F354B73211A9">
      <extensionElements>
        <modeler:editor-resource-id><![CDATA[sid-A57FC132-BB90-40BF-B4AA-29F766EF9199]]></modeler:editor-resource-id>
      </extensionElements>
    </sequenceFlow>
  </process>
  <bpmndi:BPMNDiagram id="BPMNDiagram_NumberProcess">
    <bpmndi:BPMNPlane bpmnElement="NumberProcess" id="BPMNPlane_NumberProcess">
      <bpmndi:BPMNShape bpmnElement="startEvent1" id="BPMNShape_startEvent1">
        <omgdc:Bounds height="30.0" width="30.0" x="100.0" y="163.0"/>
      </bpmndi:BPMNShape>
      <bpmndi:BPMNShape bpmnElement="sid-40E5D606-DEFC-423C-ADFC-2E3E61F38AAA" id="BPMNShape_sid-40E5D606-DEFC-423C-ADFC-2E3E61F38AAA">
        <omgdc:Bounds height="80.0" width="100.0" x="175.0" y="138.0"/>
      </bpmndi:BPMNShape>
      <bpmndi:BPMNShape bpmnElement="sid-6BD9E0F0-F8F4-4B46-925D-F354B73211A9" id="BPMNShape_sid-6BD9E0F0-F8F4-4B46-925D-F354B73211A9">
        <omgdc:Bounds height="28.0" width="28.0" x="320.0" y="164.0"/>
      </bpmndi:BPMNShape>
      <bpmndi:BPMNEdge bpmnElement="sid-7FFE7390-81CE-499F-BB6E-FC22568D9C46" id="BPMNEdge_sid-7FFE7390-81CE-499F-BB6E-FC22568D9C46">
        <omgdi:waypoint x="130.0" y="178.0"/>
        <omgdi:waypoint x="175.0" y="178.0"/>
      </bpmndi:BPMNEdge>
      <bpmndi:BPMNEdge bpmnElement="sid-A57FC132-BB90-40BF-B4AA-29F766EF9199" id="BPMNEdge_sid-A57FC132-BB90-40BF-B4AA-29F766EF9199">
        <omgdi:waypoint x="275.0" y="178.0"/>
        <omgdi:waypoint x="320.0" y="178.0"/>
      </bpmndi:BPMNEdge>
    </bpmndi:BPMNPlane>
  </bpmndi:BPMNDiagram>
</definitions>