{"bounds":{"lowerRight":{"x":1485.0,"y":700.0},"upperLeft":{"x":0.0,"y":0.0}},"resourceId":"canvas","stencil":{"id":"BPMNDiagram"},"stencilset":{"namespace":"http://b3mn.org/stencilset/bpmn2.0#","url":"../editor/stencilsets/bpmn2.0/bpmn2.0.json"},"properties":{"process_id":"NumberProcess","name":"NumberProcess","executionlisteners":{"executionListeners":[]},"eventlisteners":{"eventListeners":[]},"signaldefinitions":[],"messagedefinitions":[],"process_namespace":"http://www.activiti.org/processdef"},"childShapes":[{"bounds":{"lowerRight":{"x":130.0,"y":193.0},"upperLeft":{"x":100.0,"y":163.0}},"resourceId":"startEvent1","childShapes":[],"stencil":{"id":"StartNoneEvent"},"properties":{"overrideid":"startEvent1","executionlisteners":{"executionListeners":[]},"asynchronousdefinition":false,"exclusivedefinition":false},"outgoing":[{"resourceId":"sid-7FFE7390-81CE-499F-BB6E-FC22568D9C46"}]},{"bounds":{"lowerRight":{"x":275.0,"y":218.0},"upperLeft":{"x":175.0,"y":138.0}},"resourceId":"sid-40E5D606-DEFC-423C-ADFC-2E3E61F38AAA","childShapes":[],"stencil":{"id":"UserTask"},"properties":{"overrideid":"sid-40E5D606-DEFC-423C-ADFC-2E3E61F38AAA","usertasksendemail":true,"usertaskassignment":{"assignment":{"type":"idm","idm":{"type":"initiator"}}},"formreference":{"id":6,"name":"Number form"},"executionlisteners":{"executionListeners":[]},"isforcompensation":false,"asynchronousdefinition":false,"exclusivedefinition":false,"tasklisteners":{"taskListeners":[]}},"outgoing":[{"resourceId":"sid-A57FC132-BB90-40BF-B4AA-29F766EF9199"}]},{"bounds":{"lowerRight":{"x":172.0,"y":212.0},"upperLeft":{"x":128.0,"y":212.0}},"resourceId":"sid-7FFE7390-81CE-499F-BB6E-FC22568D9C46","childShapes":[],"stencil":{"id":"SequenceFlow"},"dockers":[{"x":15.0,"y":15.0},{"x":50.0,"y":40.0}],"outgoing":[{"resourceId":"sid-40E5D606-DEFC-423C-ADFC-2E3E61F38AAA"}],"target":{"resourceId":"sid-40E5D606-DEFC-423C-ADFC-2E3E61F38AAA"},"properties":{"overrideid":"sid-7FFE7390-81CE-499F-BB6E-FC22568D9C46","executionlisteners":{"executionListeners":[]}}},{"bounds":{"lowerRight":{"x":348.0,"y":192.0},"upperLeft":{"x":320.0,"y":164.0}},"resourceId":"sid-6BD9E0F0-F8F4-4B46-925D-F354B73211A9","childShapes":[],"stencil":{"id":"EndNoneEvent"},"properties":{"overrideid":"sid-6BD9E0F0-F8F4-4B46-925D-F354B73211A9","executionlisteners":{"executionListeners":[]},"asynchronousdefinition":false,"exclusivedefinition":false},"outgoing":[]},{"bounds":{"lowerRight":{"x":172.0,"y":212.0},"upperLeft":{"x":128.0,"y":212.0}},"resourceId":"sid-A57FC132-BB90-40BF-B4AA-29F766EF9199","childShapes":[],"stencil":{"id":"SequenceFlow"},"dockers":[{"x":50.0,"y":40.0},{"x":14.0,"y":14.0}],"outgoing":[{"resourceId":"sid-6BD9E0F0-F8F4-4B46-925D-F354B73211A9"}],"target":{"resourceId":"sid-6BD9E0F0-F8F4-4B46-925D-F354B73211A9"},"properties":{"overrideid":"sid-A57FC132-BB90-40BF-B4AA-29F766EF9199","executionlisteners":{"executionListeners":[]}}}]}