<?xml version='1.0' encoding='UTF-8'?>
<definitions xmlns="http://www.omg.org/spec/BPMN/20100524/MODEL" xmlns:xsi="http://www.w3.org/2001/XMLSchema-instance" xmlns:xsd="http://www.w3.org/2001/XMLSchema" xmlns:activiti="http://activiti.org/bpmn" xmlns:bpmndi="http://www.omg.org/spec/BPMN/20100524/DI" xmlns:omgdc="http://www.omg.org/spec/DD/20100524/DC" xmlns:omgdi="http://www.omg.org/spec/DD/20100524/DI" typeLanguage="http://www.w3.org/2001/XMLSchema" expressionLanguage="http://www.w3.org/1999/XPath" targetNamespace="http://www.activiti.org/processdef" xmlns:modeler="http://activiti.com/modeler" modeler:version="1.0en" modeler:exportDateTime="20200311112239079" modeler:modelId="83457" modeler:modelVersion="3" modeler:modelLastUpdated="1583925756694">
  <process id="RadioButtonsWidgetProcess" name="RadioButtonsWidgetProcess" isExecutable="true">
    <startEvent id="startEvent1">
      <extensionElements>
        <modeler:editor-resource-id><![CDATA[startEvent1]]></modeler:editor-resource-id>
      </extensionElements>
    </startEvent>
    <userTask id="sid-7E7B5FB0-D54F-472D-ABBB-3DFFA0100825" activiti:assignee="$INITIATOR" activiti:formKey="83442">
      <extensionElements>
        <modeler:allow-send-email><![CDATA[true]]></modeler:allow-send-email>
        <modeler:form-reference-id><![CDATA[83442]]></modeler:form-reference-id>
        <modeler:form-reference-name><![CDATA[RadioButtonsWidgetForm]]></modeler:form-reference-name>
        <modeler:activiti-idm-initiator><![CDATA[true]]></modeler:activiti-idm-initiator>
        <modeler:initiator-can-complete><![CDATA[false]]></modeler:initiator-can-complete>
        <modeler:editor-resource-id><![CDATA[sid-7E7B5FB0-D54F-472D-ABBB-3DFFA0100825]]></modeler:editor-resource-id>
      </extensionElements>
    </userTask>
    <sequenceFlow id="sid-9D4FFEEE-8464-40F8-B6CA-0998349110F8" sourceRef="startEvent1" targetRef="sid-7E7B5FB0-D54F-472D-ABBB-3DFFA0100825">
      <extensionElements>
        <modeler:editor-resource-id><![CDATA[sid-9D4FFEEE-8464-40F8-B6CA-0998349110F8]]></modeler:editor-resource-id>
      </extensionElements>
    </sequenceFlow>
    <endEvent id="sid-F385CAAD-560F-4254-B575-DB7D701B4B54">
      <extensionElements>
        <modeler:editor-resource-id><![CDATA[sid-F385CAAD-560F-4254-B575-DB7D701B4B54]]></modeler:editor-resource-id>
      </extensionElements>
    </endEvent>
    <sequenceFlow id="sid-CAE52886-B114-4943-901B-527EEEADBFAD" sourceRef="sid-7E7B5FB0-D54F-472D-ABBB-3DFFA0100825" targetRef="sid-F385CAAD-560F-4254-B575-DB7D701B4B54">
      <extensionElements>
        <modeler:editor-resource-id><![CDATA[sid-CAE52886-B114-4943-901B-527EEEADBFAD]]></modeler:editor-resource-id>
      </extensionElements>
    </sequenceFlow>
  </process>
  <bpmndi:BPMNDiagram id="BPMNDiagram_RadioButtonsWidgetProcess">
    <bpmndi:BPMNPlane bpmnElement="RadioButtonsWidgetProcess" id="BPMNPlane_RadioButtonsWidgetProcess">
      <bpmndi:BPMNShape bpmnElement="startEvent1" id="BPMNShape_startEvent1">
        <omgdc:Bounds height="30.0" width="30.0" x="100.0" y="163.0"/>
      </bpmndi:BPMNShape>
      <bpmndi:BPMNShape bpmnElement="sid-7E7B5FB0-D54F-472D-ABBB-3DFFA0100825" id="BPMNShape_sid-7E7B5FB0-D54F-472D-ABBB-3DFFA0100825">
        <omgdc:Bounds height="80.0" width="100.0" x="175.0" y="138.0"/>
      </bpmndi:BPMNShape>
      <bpmndi:BPMNShape bpmnElement="sid-F385CAAD-560F-4254-B575-DB7D701B4B54" id="BPMNShape_sid-F385CAAD-560F-4254-B575-DB7D701B4B54">
        <omgdc:Bounds height="28.0" width="28.0" x="298.0" y="142.0"/>
      </bpmndi:BPMNShape>
      <bpmndi:BPMNEdge bpmnElement="sid-CAE52886-B114-4943-901B-527EEEADBFAD" id="BPMNEdge_sid-CAE52886-B114-4943-901B-527EEEADBFAD">
        <omgdi:waypoint x="275.0" y="165.35632183908046"/>
        <omgdi:waypoint x="298.4272315933598" y="159.4321943097251"/>
      </bpmndi:BPMNEdge>
      <bpmndi:BPMNEdge bpmnElement="sid-9D4FFEEE-8464-40F8-B6CA-0998349110F8" id="BPMNEdge_sid-9D4FFEEE-8464-40F8-B6CA-0998349110F8">
        <omgdi:waypoint x="130.0" y="178.0"/>
        <omgdi:waypoint x="175.0" y="178.0"/>
      </bpmndi:BPMNEdge>
    </bpmndi:BPMNPlane>
  </bpmndi:BPMNDiagram>
</definitions>