{"resourceId":5017,"properties":{"process_id":"RadioButtonsWidgetProcess","name":"RadioButtonsWidgetProcess","documentation":"","process_author":"","process_version":"","process_namespace":"http://www.activiti.org/processdef","executionlisteners":"","eventlisteners":"","signaldefinitions":"","messagedefinitions":"","executionvariables":"","metadata":""},"stencil":{"id":"BPMNDiagram"},"childShapes":[{"resourceId":"startEvent1","properties":{"overrideid":"","name":"","documentation":"","executionlisteners":"","initiator":"","formkeydefinition":"","formreference":"","fieldstovariables":"","formproperties":""},"stencil":{"id":"StartNoneEvent"},"childShapes":[],"outgoing":[{"resourceId":"sid-9D4FFEEE-8464-40F8-B6CA-0998349110F8"}],"bounds":{"lowerRight":{"x":130,"y":193},"upperLeft":{"x":100,"y":163}},"dockers":[]},{"resourceId":"sid-7E7B5FB0-D54F-472D-ABBB-3DFFA0100825","properties":{"overrideid":"","name":"","documentation":"","asynchronousdefinition":"false","exclusivedefinition":"false","executionlisteners":"","multiinstance_type":"None","multiinstance_cardinality":"","multiinstance_collection":"","multiinstance_variable":"","multiinstance_condition":"","isforcompensation":"false","usertasksendemail":true,"usertaskassignment":"","formkeydefinition":"","formreference":{"id":5016,"name":"RadioButtonsWidgetForm","referenceId":null,"variablesmapping":[]},"fieldstovariables":"","duedatedefinition":"","prioritydefinition":"","categorydefinition":"","formproperties":"","tasklisteners":"","emailtemplate":""},"stencil":{"id":"UserTask"},"childShapes":[],"outgoing":[{"resourceId":"sid-CAE52886-B114-4943-901B-527EEEADBFAD"}],"bounds":{"lowerRight":{"x":275,"y":218},"upperLeft":{"x":175,"y":138}},"dockers":[]},{"resourceId":"sid-9D4FFEEE-8464-40F8-B6CA-0998349110F8","properties":{"overrideid":"","name":"","documentation":"","conditionsequenceflow":"","executionlisteners":"","defaultflow":"false"},"stencil":{"id":"SequenceFlow"},"childShapes":[],"outgoing":[{"resourceId":"sid-7E7B5FB0-D54F-472D-ABBB-3DFFA0100825"}],"bounds":{"lowerRight":{"x":174.15625,"y":178},"upperLeft":{"x":130.609375,"y":178}},"dockers":[{"x":15,"y":15},{"x":50,"y":40}],"target":{"resourceId":"sid-7E7B5FB0-D54F-472D-ABBB-3DFFA0100825"}},{"resourceId":"sid-F385CAAD-560F-4254-B575-DB7D701B4B54","properties":{"overrideid":"","name":"","documentation":"","executionlisteners":""},"stencil":{"id":"EndNoneEvent"},"childShapes":[],"outgoing":[],"bounds":{"lowerRight":{"x":326,"y":170},"upperLeft":{"x":298,"y":142}},"dockers":[]},{"resourceId":"sid-CAE52886-B114-4943-901B-527EEEADBFAD","properties":{"overrideid":"","name":"","documentation":"","conditionsequenceflow":"","executionlisteners":"","defaultflow":"false"},"stencil":{"id":"SequenceFlow"},"childShapes":[],"outgoing":[{"resourceId":"sid-F385CAAD-560F-4254-B575-DB7D701B4B54"}],"bounds":{"lowerRight":{"x":298.1164540423828,"y":165.20796826359106},"upperLeft":{"x":275.5866709576172,"y":159.51078173640894}},"dockers":[{"x":50,"y":40},{"x":14,"y":14}],"target":{"resourceId":"sid-F385CAAD-560F-4254-B575-DB7D701B4B54"}}],"bounds":{"lowerRight":{"x":1200,"y":1050},"upperLeft":{"x":0,"y":0}},"stencilset":{"url":"stencilsets/bpmn2.0/bpmn2.0.json","namespace":"http://b3mn.org/stencilset/bpmn2.0#"},"ssextensions":[]}