{"bounds":{"lowerRight":{"x":1485.0,"y":700.0},"upperLeft":{"x":0.0,"y":0.0}},"resourceId":"canvas","stencil":{"id":"BPMNDiagram"},"stencilset":{"namespace":"http://b3mn.org/stencilset/bpmn2.0#","url":"../editor/stencilsets/bpmn2.0/bpmn2.0.json"},"properties":{"process_id":"RadioButtonsWidgetProcess","name":"RadioButtonsWidgetProcess","executionlisteners":{"executionListeners":[]},"eventlisteners":{"eventListeners":[]},"signaldefinitions":[],"messagedefinitions":[],"process_namespace":"http://www.activiti.org/processdef"},"childShapes":[{"bounds":{"lowerRight":{"x":130.0,"y":193.0},"upperLeft":{"x":100.0,"y":163.0}},"resourceId":"startEvent1","childShapes":[],"stencil":{"id":"StartNoneEvent"},"properties":{"overrideid":"startEvent1","executionlisteners":{"executionListeners":[]},"asynchronousdefinition":false,"exclusivedefinition":false},"outgoing":[{"resourceId":"sid-9D4FFEEE-8464-40F8-B6CA-0998349110F8"}]},{"bounds":{"lowerRight":{"x":275.0,"y":218.0},"upperLeft":{"x":175.0,"y":138.0}},"resourceId":"sid-7E7B5FB0-D54F-472D-ABBB-3DFFA0100825","childShapes":[],"stencil":{"id":"UserTask"},"properties":{"overrideid":"sid-7E7B5FB0-D54F-472D-ABBB-3DFFA0100825","usertasksendemail":true,"usertaskassignment":{"assignment":{"type":"idm","idm":{"type":"initiator"}}},"formreference":{"id":16,"name":"RadioButtonsWidgetForm"},"executionlisteners":{"executionListeners":[]},"isforcompensation":false,"asynchronousdefinition":false,"exclusivedefinition":false,"tasklisteners":{"taskListeners":[]}},"outgoing":[{"resourceId":"sid-CAE52886-B114-4943-901B-527EEEADBFAD"}]},{"bounds":{"lowerRight":{"x":172.0,"y":212.0},"upperLeft":{"x":128.0,"y":212.0}},"resourceId":"sid-9D4FFEEE-8464-40F8-B6CA-0998349110F8","childShapes":[],"stencil":{"id":"SequenceFlow"},"dockers":[{"x":15.0,"y":15.0},{"x":50.0,"y":40.0}],"outgoing":[{"resourceId":"sid-7E7B5FB0-D54F-472D-ABBB-3DFFA0100825"}],"target":{"resourceId":"sid-7E7B5FB0-D54F-472D-ABBB-3DFFA0100825"},"properties":{"overrideid":"sid-9D4FFEEE-8464-40F8-B6CA-0998349110F8","executionlisteners":{"executionListeners":[]}}},{"bounds":{"lowerRight":{"x":326.0,"y":170.0},"upperLeft":{"x":298.0,"y":142.0}},"resourceId":"sid-F385CAAD-560F-4254-B575-DB7D701B4B54","childShapes":[],"stencil":{"id":"EndNoneEvent"},"properties":{"overrideid":"sid-F385CAAD-560F-4254-B575-DB7D701B4B54","executionlisteners":{"executionListeners":[]},"asynchronousdefinition":false,"exclusivedefinition":false},"outgoing":[]},{"bounds":{"lowerRight":{"x":172.0,"y":212.0},"upperLeft":{"x":128.0,"y":212.0}},"resourceId":"sid-CAE52886-B114-4943-901B-527EEEADBFAD","childShapes":[],"stencil":{"id":"SequenceFlow"},"dockers":[{"x":50.0,"y":40.0},{"x":14.0,"y":14.0}],"outgoing":[{"resourceId":"sid-F385CAAD-560F-4254-B575-DB7D701B4B54"}],"target":{"resourceId":"sid-F385CAAD-560F-4254-B575-DB7D701B4B54"},"properties":{"overrideid":"sid-CAE52886-B114-4943-901B-527EEEADBFAD","executionlisteners":{"executionListeners":[]}}}]}