<?xml version='1.0' encoding='UTF-8'?>
<definitions xmlns="http://www.omg.org/spec/BPMN/20100524/MODEL" xmlns:xsi="http://www.w3.org/2001/XMLSchema-instance" xmlns:xsd="http://www.w3.org/2001/XMLSchema" xmlns:activiti="http://activiti.org/bpmn" xmlns:bpmndi="http://www.omg.org/spec/BPMN/20100524/DI" xmlns:omgdc="http://www.omg.org/spec/DD/20100524/DC" xmlns:omgdi="http://www.omg.org/spec/DD/20100524/DI" typeLanguage="http://www.w3.org/2001/XMLSchema" expressionLanguage="http://www.w3.org/1999/XPath" targetNamespace="http://www.activiti.org/processdef" xmlns:modeler="http://activiti.com/modeler" modeler:version="1.0en" modeler:exportDateTime="20190711124722148" modeler:modelId="4907" modeler:modelVersion="1" modeler:modelLastUpdated="1562844430190">
  <process id="TextWidgetProcess" name="TextWidgetProcess" isExecutable="true">
    <startEvent id="startEvent1">
      <extensionElements>
        <modeler:editor-resource-id><![CDATA[startEvent1]]></modeler:editor-resource-id>
      </extensionElements>
    </startEvent>
    <userTask id="sid-392A0EE0-85C7-4FA4-A22D-FF7CE63E4C89" activiti:assignee="$INITIATOR" activiti:formKey="4888">
      <extensionElements>
        <modeler:allow-send-email><![CDATA[true]]></modeler:allow-send-email>
        <modeler:form-reference-id><![CDATA[4888]]></modeler:form-reference-id>
        <modeler:form-reference-name><![CDATA[TextWidgetForm]]></modeler:form-reference-name>
        <modeler:activiti-idm-initiator><![CDATA[true]]></modeler:activiti-idm-initiator>
        <modeler:initiator-can-complete><![CDATA[false]]></modeler:initiator-can-complete>
        <modeler:editor-resource-id><![CDATA[sid-392A0EE0-85C7-4FA4-A22D-FF7CE63E4C89]]></modeler:editor-resource-id>
      </extensionElements>
    </userTask>
    <sequenceFlow id="sid-EFB8C6CA-9432-4B98-A77D-4E2483815FA8" sourceRef="startEvent1" targetRef="sid-392A0EE0-85C7-4FA4-A22D-FF7CE63E4C89">
      <extensionElements>
        <modeler:editor-resource-id><![CDATA[sid-EFB8C6CA-9432-4B98-A77D-4E2483815FA8]]></modeler:editor-resource-id>
      </extensionElements>
    </sequenceFlow>
    <endEvent id="sid-3B07DEC9-A849-4768-9198-A1FB1AB9D910">
      <extensionElements>
        <modeler:editor-resource-id><![CDATA[sid-3B07DEC9-A849-4768-9198-A1FB1AB9D910]]></modeler:editor-resource-id>
      </extensionElements>
    </endEvent>
    <sequenceFlow id="sid-36DDFD05-59CF-4DD4-9CDA-22352A865EBC" sourceRef="sid-392A0EE0-85C7-4FA4-A22D-FF7CE63E4C89" targetRef="sid-3B07DEC9-A849-4768-9198-A1FB1AB9D910">
      <extensionElements>
        <modeler:editor-resource-id><![CDATA[sid-36DDFD05-59CF-4DD4-9CDA-22352A865EBC]]></modeler:editor-resource-id>
      </extensionElements>
    </sequenceFlow>
  </process>
  <bpmndi:BPMNDiagram id="BPMNDiagram_TextWidgetProcess">
    <bpmndi:BPMNPlane bpmnElement="TextWidgetProcess" id="BPMNPlane_TextWidgetProcess">
      <bpmndi:BPMNShape bpmnElement="startEvent1" id="BPMNShape_startEvent1">
        <omgdc:Bounds height="30.0" width="30.0" x="100.0" y="163.0"/>
      </bpmndi:BPMNShape>
      <bpmndi:BPMNShape bpmnElement="sid-392A0EE0-85C7-4FA4-A22D-FF7CE63E4C89" id="BPMNShape_sid-392A0EE0-85C7-4FA4-A22D-FF7CE63E4C89">
        <omgdc:Bounds height="80.0" width="100.0" x="175.0" y="138.0"/>
      </bpmndi:BPMNShape>
      <bpmndi:BPMNShape bpmnElement="sid-3B07DEC9-A849-4768-9198-A1FB1AB9D910" id="BPMNShape_sid-3B07DEC9-A849-4768-9198-A1FB1AB9D910">
        <omgdc:Bounds height="28.0" width="28.0" x="320.0" y="164.0"/>
      </bpmndi:BPMNShape>
      <bpmndi:BPMNEdge bpmnElement="sid-EFB8C6CA-9432-4B98-A77D-4E2483815FA8" id="BPMNEdge_sid-EFB8C6CA-9432-4B98-A77D-4E2483815FA8">
        <omgdi:waypoint x="130.0" y="178.0"/>
        <omgdi:waypoint x="175.0" y="178.0"/>
      </bpmndi:BPMNEdge>
      <bpmndi:BPMNEdge bpmnElement="sid-36DDFD05-59CF-4DD4-9CDA-22352A865EBC" id="BPMNEdge_sid-36DDFD05-59CF-4DD4-9CDA-22352A865EBC">
        <omgdi:waypoint x="275.0" y="178.0"/>
        <omgdi:waypoint x="320.0" y="178.0"/>
      </bpmndi:BPMNEdge>
    </bpmndi:BPMNPlane>
  </bpmndi:BPMNDiagram>
</definitions>