{"bounds":{"lowerRight":{"x":1485.0,"y":700.0},"upperLeft":{"x":0.0,"y":0.0}},"resourceId":"canvas","stencil":{"id":"BPMNDiagram"},"stencilset":{"namespace":"http://b3mn.org/stencilset/bpmn2.0#","url":"../editor/stencilsets/bpmn2.0/bpmn2.0.json"},"properties":{"process_id":"TextWidgetProcess","name":"TextWidgetProcess","executionlisteners":{"executionListeners":[]},"eventlisteners":{"eventListeners":[]},"signaldefinitions":[],"messagedefinitions":[],"process_namespace":"http://www.activiti.org/processdef"},"childShapes":[{"bounds":{"lowerRight":{"x":130.0,"y":193.0},"upperLeft":{"x":100.0,"y":163.0}},"resourceId":"startEvent1","childShapes":[],"stencil":{"id":"StartNoneEvent"},"properties":{"overrideid":"startEvent1","executionlisteners":{"executionListeners":[]},"asynchronousdefinition":false,"exclusivedefinition":false},"outgoing":[{"resourceId":"sid-EFB8C6CA-9432-4B98-A77D-4E2483815FA8"}]},{"bounds":{"lowerRight":{"x":275.0,"y":218.0},"upperLeft":{"x":175.0,"y":138.0}},"resourceId":"sid-392A0EE0-85C7-4FA4-A22D-FF7CE63E4C89","childShapes":[],"stencil":{"id":"UserTask"},"properties":{"overrideid":"sid-392A0EE0-85C7-4FA4-A22D-FF7CE63E4C89","usertasksendemail":true,"usertaskassignment":{"assignment":{"type":"idm","idm":{"type":"initiator"},"initiatorCanCompleteTask":false}},"formreference":{"id":83446,"name":"TextWidgetForm"},"executionlisteners":{"executionListeners":[]},"isforcompensation":false,"asynchronousdefinition":false,"exclusivedefinition":false,"tasklisteners":{"taskListeners":[]}},"outgoing":[{"resourceId":"sid-36DDFD05-59CF-4DD4-9CDA-22352A865EBC"}]},{"bounds":{"lowerRight":{"x":172.0,"y":212.0},"upperLeft":{"x":128.0,"y":212.0}},"resourceId":"sid-EFB8C6CA-9432-4B98-A77D-4E2483815FA8","childShapes":[],"stencil":{"id":"SequenceFlow"},"dockers":[{"x":15.0,"y":15.0},{"x":50.0,"y":40.0}],"outgoing":[{"resourceId":"sid-392A0EE0-85C7-4FA4-A22D-FF7CE63E4C89"}],"target":{"resourceId":"sid-392A0EE0-85C7-4FA4-A22D-FF7CE63E4C89"},"properties":{"overrideid":"sid-EFB8C6CA-9432-4B98-A77D-4E2483815FA8","executionlisteners":{"executionListeners":[]}}},{"bounds":{"lowerRight":{"x":348.0,"y":192.0},"upperLeft":{"x":320.0,"y":164.0}},"resourceId":"sid-3B07DEC9-A849-4768-9198-A1FB1AB9D910","childShapes":[],"stencil":{"id":"EndNoneEvent"},"properties":{"overrideid":"sid-3B07DEC9-A849-4768-9198-A1FB1AB9D910","executionlisteners":{"executionListeners":[]},"asynchronousdefinition":false,"exclusivedefinition":false},"outgoing":[]},{"bounds":{"lowerRight":{"x":172.0,"y":212.0},"upperLeft":{"x":128.0,"y":212.0}},"resourceId":"sid-36DDFD05-59CF-4DD4-9CDA-22352A865EBC","childShapes":[],"stencil":{"id":"SequenceFlow"},"dockers":[{"x":50.0,"y":40.0},{"x":14.0,"y":14.0}],"outgoing":[{"resourceId":"sid-3B07DEC9-A849-4768-9198-A1FB1AB9D910"}],"target":{"resourceId":"sid-3B07DEC9-A849-4768-9198-A1FB1AB9D910"},"properties":{"overrideid":"sid-36DDFD05-59CF-4DD4-9CDA-22352A865EBC","executionlisteners":{"executionListeners":[]}}}]}