{"resourceId":84101,"properties":{"process_id":"type-ahead-process","name":"type-ahead-process","documentation":"","process_author":"","process_version":"","process_namespace":"http://www.activiti.org/processdef","executionlisteners":"","eventlisteners":"","signaldefinitions":"","messagedefinitions":"","executionvariables":"","metadata":""},"stencil":{"id":"BPMNDiagram"},"childShapes":[{"resourceId":"startEvent1","properties":{"overrideid":"","name":"","documentation":"","executionlisteners":"","initiator":"","formkeydefinition":"","formreference":"","fieldstovariables":"","formproperties":""},"stencil":{"id":"StartNoneEvent"},"childShapes":[],"outgoing":[{"resourceId":"sid-EFB9C10F-1EAC-43FB-B2F4-26F8B3DDB022"}],"bounds":{"lowerRight":{"x":130,"y":150},"upperLeft":{"x":100,"y":120}},"dockers":[]},{"resourceId":"sid-6B8CAAA5-A790-4D47-986F-C15CE8743DF3","properties":{"overrideid":"","name":"type-ahead-widget","documentation":"","asynchronousdefinition":"false","exclusivedefinition":"false","executionlisteners":"","multiinstance_type":"None","multiinstance_cardinality":"","multiinstance_collection":"","multiinstance_variable":"","multiinstance_condition":"","isforcompensation":"false","usertasksendemail":true,"usertaskassignment":"","formkeydefinition":"","formreference":{"id":84100,"name":"Type ahead widget","referenceId":null,"variablesmapping":[]},"fieldstovariables":"","duedatedefinition":"","prioritydefinition":"","categorydefinition":"","formproperties":"","tasklisteners":"","emailtemplate":""},"stencil":{"id":"UserTask"},"childShapes":[],"outgoing":[{"resourceId":"sid-AD37A7D0-1DEB-4438-A99A-1CE4BCE3BD79"}],"bounds":{"lowerRight":{"x":275,"y":175},"upperLeft":{"x":175,"y":95}},"dockers":[]},{"resourceId":"sid-EFB9C10F-1EAC-43FB-B2F4-26F8B3DDB022","properties":{"overrideid":"","name":"","documentation":"","conditionsequenceflow":"","executionlisteners":"","defaultflow":"false"},"stencil":{"id":"SequenceFlow"},"childShapes":[],"outgoing":[{"resourceId":"sid-6B8CAAA5-A790-4D47-986F-C15CE8743DF3"}],"bounds":{"lowerRight":{"x":174.15625,"y":135},"upperLeft":{"x":130.609375,"y":135}},"dockers":[{"x":15,"y":15},{"x":50,"y":40}],"target":{"resourceId":"sid-6B8CAAA5-A790-4D47-986F-C15CE8743DF3"}},{"resourceId":"sid-83E6EC3F-C8B7-4AF6-9729-C5335452D114","properties":{"overrideid":"","name":"","documentation":"","executionlisteners":""},"stencil":{"id":"EndNoneEvent"},"childShapes":[],"outgoing":[],"bounds":{"lowerRight":{"x":348,"y":149},"upperLeft":{"x":320,"y":121}},"dockers":[]},{"resourceId":"sid-AD37A7D0-1DEB-4438-A99A-1CE4BCE3BD79","properties":{"overrideid":"","name":"","documentation":"","conditionsequenceflow":"","executionlisteners":"","defaultflow":"false"},"stencil":{"id":"SequenceFlow"},"childShapes":[],"outgoing":[{"resourceId":"sid-83E6EC3F-C8B7-4AF6-9729-C5335452D114"}],"bounds":{"lowerRight":{"x":319.375,"y":135},"upperLeft":{"x":275.390625,"y":135}},"dockers":[{"x":50,"y":40},{"x":14,"y":14}],"target":{"resourceId":"sid-83E6EC3F-C8B7-4AF6-9729-C5335452D114"}}],"bounds":{"lowerRight":{"x":1200,"y":1050},"upperLeft":{"x":0,"y":0}},"stencilset":{"url":"stencilsets/bpmn2.0/bpmn2.0.json","namespace":"http://b3mn.org/stencilset/bpmn2.0#"},"ssextensions":[]}