{"bounds":{"lowerRight":{"x":1485.0,"y":700.0},"upperLeft":{"x":0.0,"y":0.0}},"resourceId":"canvas","stencil":{"id":"BPMNDiagram"},"stencilset":{"namespace":"http://b3mn.org/stencilset/bpmn2.0#","url":"../editor/stencilsets/bpmn2.0/bpmn2.0.json"},"properties":{"process_id":"type-ahead-process","name":"type-ahead-process","executionlisteners":{"executionListeners":[]},"eventlisteners":{"eventListeners":[]},"signaldefinitions":[],"messagedefinitions":[],"process_namespace":"http://www.activiti.org/processdef"},"childShapes":[{"bounds":{"lowerRight":{"x":130.0,"y":150.0},"upperLeft":{"x":100.0,"y":120.0}},"resourceId":"startEvent1","childShapes":[],"stencil":{"id":"StartNoneEvent"},"properties":{"overrideid":"startEvent1","executionlisteners":{"executionListeners":[]},"asynchronousdefinition":false,"exclusivedefinition":false},"outgoing":[{"resourceId":"sid-EFB9C10F-1EAC-43FB-B2F4-26F8B3DDB022"}]},{"bounds":{"lowerRight":{"x":275.0,"y":175.0},"upperLeft":{"x":175.0,"y":95.0}},"resourceId":"sid-6B8CAAA5-A790-4D47-986F-C15CE8743DF3","childShapes":[],"stencil":{"id":"UserTask"},"properties":{"overrideid":"sid-6B8CAAA5-A790-4D47-986F-C15CE8743DF3","name":"type-ahead-widget","usertasksendemail":true,"usertaskassignment":{"assignment":{"type":"idm","idm":{"type":"initiator"},"initiatorCanCompleteTask":false}},"formreference":{"id":24897,"name":"Type ahead widget"},"executionlisteners":{"executionListeners":[]},"isforcompensation":false,"asynchronousdefinition":false,"exclusivedefinition":false,"tasklisteners":{"taskListeners":[]}},"outgoing":[{"resourceId":"sid-AD37A7D0-1DEB-4438-A99A-1CE4BCE3BD79"}]},{"bounds":{"lowerRight":{"x":172.0,"y":212.0},"upperLeft":{"x":128.0,"y":212.0}},"resourceId":"sid-EFB9C10F-1EAC-43FB-B2F4-26F8B3DDB022","childShapes":[],"stencil":{"id":"SequenceFlow"},"dockers":[{"x":15.0,"y":15.0},{"x":50.0,"y":40.0}],"outgoing":[{"resourceId":"sid-6B8CAAA5-A790-4D47-986F-C15CE8743DF3"}],"target":{"resourceId":"sid-6B8CAAA5-A790-4D47-986F-C15CE8743DF3"},"properties":{"overrideid":"sid-EFB9C10F-1EAC-43FB-B2F4-26F8B3DDB022","executionlisteners":{"executionListeners":[]}}},{"bounds":{"lowerRight":{"x":348.0,"y":149.0},"upperLeft":{"x":320.0,"y":121.0}},"resourceId":"sid-83E6EC3F-C8B7-4AF6-9729-C5335452D114","childShapes":[],"stencil":{"id":"EndNoneEvent"},"properties":{"overrideid":"sid-83E6EC3F-C8B7-4AF6-9729-C5335452D114","executionlisteners":{"executionListeners":[]},"asynchronousdefinition":false,"exclusivedefinition":false},"outgoing":[]},{"bounds":{"lowerRight":{"x":172.0,"y":212.0},"upperLeft":{"x":128.0,"y":212.0}},"resourceId":"sid-AD37A7D0-1DEB-4438-A99A-1CE4BCE3BD79","childShapes":[],"stencil":{"id":"SequenceFlow"},"dockers":[{"x":50.0,"y":40.0},{"x":14.0,"y":14.0}],"outgoing":[{"resourceId":"sid-83E6EC3F-C8B7-4AF6-9729-C5335452D114"}],"target":{"resourceId":"sid-83E6EC3F-C8B7-4AF6-9729-C5335452D114"},"properties":{"overrideid":"sid-AD37A7D0-1DEB-4438-A99A-1CE4BCE3BD79","executionlisteners":{"executionListeners":[]}}}]}