<?xml version='1.0' encoding='UTF-8'?>
<definitions xmlns="http://www.omg.org/spec/BPMN/20100524/MODEL" xmlns:xsi="http://www.w3.org/2001/XMLSchema-instance" xmlns:xsd="http://www.w3.org/2001/XMLSchema" xmlns:activiti="http://activiti.org/bpmn" xmlns:bpmndi="http://www.omg.org/spec/BPMN/20100524/DI" xmlns:omgdc="http://www.omg.org/spec/DD/20100524/DC" xmlns:omgdi="http://www.omg.org/spec/DD/20100524/DI" typeLanguage="http://www.w3.org/2001/XMLSchema" expressionLanguage="http://www.w3.org/1999/XPath" targetNamespace="http://www.activiti.org/processdef" xmlns:modeler="http://activiti.com/modeler" modeler:version="1.0en" modeler:exportDateTime="20200414120728499" modeler:modelId="24934" modeler:modelVersion="2" modeler:modelLastUpdated="1586866026660">
  <process id="type-ahead-process" name="type-ahead-process" isExecutable="true">
    <startEvent id="startEvent1">
      <extensionElements>
        <modeler:editor-resource-id><![CDATA[startEvent1]]></modeler:editor-resource-id>
      </extensionElements>
    </startEvent>
    <userTask id="sid-6B8CAAA5-A790-4D47-986F-C15CE8743DF3" name="type-ahead-widget" activiti:assignee="$INITIATOR" activiti:formKey="24897">
      <extensionElements>
        <modeler:allow-send-email><![CDATA[true]]></modeler:allow-send-email>
        <modeler:form-reference-id><![CDATA[24897]]></modeler:form-reference-id>
        <modeler:form-reference-name><![CDATA[Type ahead widget]]></modeler:form-reference-name>
        <modeler:activiti-idm-initiator><![CDATA[true]]></modeler:activiti-idm-initiator>
        <modeler:initiator-can-complete><![CDATA[false]]></modeler:initiator-can-complete>
        <modeler:editor-resource-id><![CDATA[sid-6B8CAAA5-A790-4D47-986F-C15CE8743DF3]]></modeler:editor-resource-id>
      </extensionElements>
    </userTask>
    <sequenceFlow id="sid-EFB9C10F-1EAC-43FB-B2F4-26F8B3DDB022" sourceRef="startEvent1" targetRef="sid-6B8CAAA5-A790-4D47-986F-C15CE8743DF3">
      <extensionElements>
        <modeler:editor-resource-id><![CDATA[sid-EFB9C10F-1EAC-43FB-B2F4-26F8B3DDB022]]></modeler:editor-resource-id>
      </extensionElements>
    </sequenceFlow>
    <endEvent id="sid-83E6EC3F-C8B7-4AF6-9729-C5335452D114">
      <extensionElements>
        <modeler:editor-resource-id><![CDATA[sid-83E6EC3F-C8B7-4AF6-9729-C5335452D114]]></modeler:editor-resource-id>
      </extensionElements>
    </endEvent>
    <sequenceFlow id="sid-AD37A7D0-1DEB-4438-A99A-1CE4BCE3BD79" sourceRef="sid-6B8CAAA5-A790-4D47-986F-C15CE8743DF3" targetRef="sid-83E6EC3F-C8B7-4AF6-9729-C5335452D114">
      <extensionElements>
        <modeler:editor-resource-id><![CDATA[sid-AD37A7D0-1DEB-4438-A99A-1CE4BCE3BD79]]></modeler:editor-resource-id>
      </extensionElements>
    </sequenceFlow>
  </process>
  <bpmndi:BPMNDiagram id="BPMNDiagram_type-ahead-process">
    <bpmndi:BPMNPlane bpmnElement="type-ahead-process" id="BPMNPlane_type-ahead-process">
      <bpmndi:BPMNShape bpmnElement="startEvent1" id="BPMNShape_startEvent1">
        <omgdc:Bounds height="30.0" width="30.0" x="100.0" y="120.0"/>
      </bpmndi:BPMNShape>
      <bpmndi:BPMNShape bpmnElement="sid-6B8CAAA5-A790-4D47-986F-C15CE8743DF3" id="BPMNShape_sid-6B8CAAA5-A790-4D47-986F-C15CE8743DF3">
        <omgdc:Bounds height="80.0" width="100.0" x="175.0" y="95.0"/>
      </bpmndi:BPMNShape>
      <bpmndi:BPMNShape bpmnElement="sid-83E6EC3F-C8B7-4AF6-9729-C5335452D114" id="BPMNShape_sid-83E6EC3F-C8B7-4AF6-9729-C5335452D114">
        <omgdc:Bounds height="28.0" width="28.0" x="320.0" y="121.0"/>
      </bpmndi:BPMNShape>
      <bpmndi:BPMNEdge bpmnElement="sid-AD37A7D0-1DEB-4438-A99A-1CE4BCE3BD79" id="BPMNEdge_sid-AD37A7D0-1DEB-4438-A99A-1CE4BCE3BD79">
        <omgdi:waypoint x="275.0" y="135.0"/>
        <omgdi:waypoint x="320.0" y="135.0"/>
      </bpmndi:BPMNEdge>
      <bpmndi:BPMNEdge bpmnElement="sid-EFB9C10F-1EAC-43FB-B2F4-26F8B3DDB022" id="BPMNEdge_sid-EFB9C10F-1EAC-43FB-B2F4-26F8B3DDB022">
        <omgdi:waypoint x="130.0" y="135.0"/>
        <omgdi:waypoint x="175.0" y="135.0"/>
      </bpmndi:BPMNEdge>
    </bpmndi:BPMNPlane>
  </bpmndi:BPMNDiagram>
</definitions>