{"resourceId":80169,"properties":{"process_id":"type-ahead-process","name":"type-ahead-process","documentation":"","process_author":"","process_version":"","process_namespace":"http://www.activiti.org/processdef","executionlisteners":"","eventlisteners":"","signaldefinitions":"","messagedefinitions":"","executionvariables":"","metadata":""},"stencil":{"id":"BPMNDiagram"},"childShapes":[{"resourceId":"startEvent1","properties":{"overrideid":"","name":"","documentation":"","executionlisteners":"","initiator":"","formkeydefinition":"","formreference":"","fieldstovariables":"","formproperties":""},"stencil":{"id":"StartNoneEvent"},"childShapes":[],"outgoing":[{"resourceId":"sid-0466B1EB-B5FE-4748-8F3C-C8CF256CECD3"}],"bounds":{"lowerRight":{"x":130,"y":135},"upperLeft":{"x":100,"y":105}},"dockers":[]},{"resourceId":"sid-7C899DE5-16B7-4BF3-BB58-F52C0ABF2E8C","properties":{"overrideid":"","name":"","documentation":"","asynchronousdefinition":"false","exclusivedefinition":"false","executionlisteners":"","multiinstance_type":"None","multiinstance_cardinality":"","multiinstance_collection":"","multiinstance_variable":"","multiinstance_condition":"","isforcompensation":"false","usertasksendemail":true,"usertaskassignment":"","formkeydefinition":"","formreference":{"id":77944,"name":"Type ahead widget","referenceId":null,"variablesmapping":[]},"fieldstovariables":"","duedatedefinition":"","prioritydefinition":"","categorydefinition":"","formproperties":"","tasklisteners":"","emailtemplate":""},"stencil":{"id":"UserTask"},"childShapes":[],"outgoing":[{"resourceId":"sid-DAAB7782-BC48-4B0C-AE14-79A38A23517E"}],"bounds":{"lowerRight":{"x":275,"y":160},"upperLeft":{"x":175,"y":80}},"dockers":[]},{"resourceId":"sid-0466B1EB-B5FE-4748-8F3C-C8CF256CECD3","properties":{"overrideid":"","name":"","documentation":"","conditionsequenceflow":"","executionlisteners":"","defaultflow":"false"},"stencil":{"id":"SequenceFlow"},"childShapes":[],"outgoing":[{"resourceId":"sid-7C899DE5-16B7-4BF3-BB58-F52C0ABF2E8C"}],"bounds":{"lowerRight":{"x":174.15625,"y":120},"upperLeft":{"x":130.609375,"y":120}},"dockers":[{"x":15,"y":15},{"x":50,"y":40}],"target":{"resourceId":"sid-7C899DE5-16B7-4BF3-BB58-F52C0ABF2E8C"}},{"resourceId":"sid-AD989CDA-FC91-4742-BC84-9AED430B90B5","properties":{"overrideid":"","name":"","documentation":"","executionlisteners":""},"stencil":{"id":"EndNoneEvent"},"childShapes":[],"outgoing":[],"bounds":{"lowerRight":{"x":348,"y":134},"upperLeft":{"x":320,"y":106}},"dockers":[]},{"resourceId":"sid-DAAB7782-BC48-4B0C-AE14-79A38A23517E","properties":{"overrideid":"","name":"","documentation":"","conditionsequenceflow":"","executionlisteners":"","defaultflow":"false"},"stencil":{"id":"SequenceFlow"},"childShapes":[],"outgoing":[{"resourceId":"sid-AD989CDA-FC91-4742-BC84-9AED430B90B5"}],"bounds":{"lowerRight":{"x":319.375,"y":120},"upperLeft":{"x":275.390625,"y":120}},"dockers":[{"x":50,"y":40},{"x":14,"y":14}],"target":{"resourceId":"sid-AD989CDA-FC91-4742-BC84-9AED430B90B5"}}],"bounds":{"lowerRight":{"x":1200,"y":1050},"upperLeft":{"x":0,"y":0}},"stencilset":{"url":"stencilsets/bpmn2.0/bpmn2.0.json","namespace":"http://b3mn.org/stencilset/bpmn2.0#"},"ssextensions":[]}