<?xml version='1.0' encoding='UTF-8'?>
<definitions xmlns="http://www.omg.org/spec/BPMN/20100524/MODEL" xmlns:xsi="http://www.w3.org/2001/XMLSchema-instance" xmlns:xsd="http://www.w3.org/2001/XMLSchema" xmlns:activiti="http://activiti.org/bpmn" xmlns:bpmndi="http://www.omg.org/spec/BPMN/20100524/DI" xmlns:omgdc="http://www.omg.org/spec/DD/20100524/DC" xmlns:omgdi="http://www.omg.org/spec/DD/20100524/DI" typeLanguage="http://www.w3.org/2001/XMLSchema" expressionLanguage="http://www.w3.org/1999/XPath" targetNamespace="http://www.activiti.org/processdef" xmlns:modeler="http://activiti.com/modeler" modeler:version="1.0en" modeler:exportDateTime="20200310182257977" modeler:modelId="80169" modeler:modelVersion="4" modeler:modelLastUpdated="1583864570413">
  <process id="type-ahead-process" name="type-ahead-process" isExecutable="true">
    <startEvent id="startEvent1">
      <extensionElements>
        <modeler:editor-resource-id><![CDATA[startEvent1]]></modeler:editor-resource-id>
      </extensionElements>
    </startEvent>
    <userTask id="sid-7C899DE5-16B7-4BF3-BB58-F52C0ABF2E8C" activiti:assignee="$INITIATOR" activiti:formKey="77944">
      <extensionElements>
        <modeler:allow-send-email><![CDATA[true]]></modeler:allow-send-email>
        <modeler:form-reference-id><![CDATA[77944]]></modeler:form-reference-id>
        <modeler:form-reference-name><![CDATA[Type ahead widget]]></modeler:form-reference-name>
        <modeler:activiti-idm-initiator><![CDATA[true]]></modeler:activiti-idm-initiator>
        <modeler:editor-resource-id><![CDATA[sid-7C899DE5-16B7-4BF3-BB58-F52C0ABF2E8C]]></modeler:editor-resource-id>
      </extensionElements>
    </userTask>
    <sequenceFlow id="sid-0466B1EB-B5FE-4748-8F3C-C8CF256CECD3" sourceRef="startEvent1" targetRef="sid-7C899DE5-16B7-4BF3-BB58-F52C0ABF2E8C">
      <extensionElements>
        <modeler:editor-resource-id><![CDATA[sid-0466B1EB-B5FE-4748-8F3C-C8CF256CECD3]]></modeler:editor-resource-id>
      </extensionElements>
    </sequenceFlow>
    <endEvent id="sid-AD989CDA-FC91-4742-BC84-9AED430B90B5">
      <extensionElements>
        <modeler:editor-resource-id><![CDATA[sid-AD989CDA-FC91-4742-BC84-9AED430B90B5]]></modeler:editor-resource-id>
      </extensionElements>
    </endEvent>
    <sequenceFlow id="sid-DAAB7782-BC48-4B0C-AE14-79A38A23517E" sourceRef="sid-7C899DE5-16B7-4BF3-BB58-F52C0ABF2E8C" targetRef="sid-AD989CDA-FC91-4742-BC84-9AED430B90B5">
      <extensionElements>
        <modeler:editor-resource-id><![CDATA[sid-DAAB7782-BC48-4B0C-AE14-79A38A23517E]]></modeler:editor-resource-id>
      </extensionElements>
    </sequenceFlow>
  </process>
  <bpmndi:BPMNDiagram id="BPMNDiagram_type-ahead-process">
    <bpmndi:BPMNPlane bpmnElement="type-ahead-process" id="BPMNPlane_type-ahead-process">
      <bpmndi:BPMNShape bpmnElement="startEvent1" id="BPMNShape_startEvent1">
        <omgdc:Bounds height="30.0" width="30.0" x="100.0" y="105.0"/>
      </bpmndi:BPMNShape>
      <bpmndi:BPMNShape bpmnElement="sid-7C899DE5-16B7-4BF3-BB58-F52C0ABF2E8C" id="BPMNShape_sid-7C899DE5-16B7-4BF3-BB58-F52C0ABF2E8C">
        <omgdc:Bounds height="80.0" width="100.0" x="175.0" y="80.0"/>
      </bpmndi:BPMNShape>
      <bpmndi:BPMNShape bpmnElement="sid-AD989CDA-FC91-4742-BC84-9AED430B90B5" id="BPMNShape_sid-AD989CDA-FC91-4742-BC84-9AED430B90B5">
        <omgdc:Bounds height="28.0" width="28.0" x="320.0" y="106.0"/>
      </bpmndi:BPMNShape>
      <bpmndi:BPMNEdge bpmnElement="sid-0466B1EB-B5FE-4748-8F3C-C8CF256CECD3" id="BPMNEdge_sid-0466B1EB-B5FE-4748-8F3C-C8CF256CECD3">
        <omgdi:waypoint x="130.0" y="120.0"/>
        <omgdi:waypoint x="175.0" y="120.0"/>
      </bpmndi:BPMNEdge>
      <bpmndi:BPMNEdge bpmnElement="sid-DAAB7782-BC48-4B0C-AE14-79A38A23517E" id="BPMNEdge_sid-DAAB7782-BC48-4B0C-AE14-79A38A23517E">
        <omgdi:waypoint x="275.0" y="120.0"/>
        <omgdi:waypoint x="320.0" y="120.0"/>
      </bpmndi:BPMNEdge>
    </bpmndi:BPMNPlane>
  </bpmndi:BPMNDiagram>
</definitions>