<?xml version='1.0' encoding='UTF-8'?>
<definitions xmlns="http://www.omg.org/spec/BPMN/20100524/MODEL" xmlns:xsi="http://www.w3.org/2001/XMLSchema-instance" xmlns:xsd="http://www.w3.org/2001/XMLSchema" xmlns:activiti="http://activiti.org/bpmn" xmlns:bpmndi="http://www.omg.org/spec/BPMN/20100524/DI" xmlns:omgdc="http://www.omg.org/spec/DD/20100524/DC" xmlns:omgdi="http://www.omg.org/spec/DD/20100524/DI" typeLanguage="http://www.w3.org/2001/XMLSchema" expressionLanguage="http://www.w3.org/1999/XPath" targetNamespace="http://www.activiti.org/processdef" xmlns:modeler="http://activiti.com/modeler" modeler:version="1.0en" modeler:exportDateTime="20200416064731591" modeler:modelId="53859" modeler:modelVersion="2" modeler:modelLastUpdated="1587019640687">
  <process id="uploadmultiplefiles-process" name="upload multiple files - process" isExecutable="true">
    <startEvent id="startEvent1">
      <extensionElements>
        <modeler:editor-resource-id><![CDATA[startEvent1]]></modeler:editor-resource-id>
      </extensionElements>
    </startEvent>
    <userTask id="sid-7A46594D-19A6-4881-BBA8-9618BC274F59" name="Upload multiple files" activiti:assignee="$INITIATOR" activiti:formKey="53858">
      <extensionElements>
        <modeler:allow-send-email><![CDATA[true]]></modeler:allow-send-email>
        <modeler:form-reference-id><![CDATA[53858]]></modeler:form-reference-id>
        <modeler:form-reference-name><![CDATA[Upload multiple files]]></modeler:form-reference-name>
        <modeler:activiti-idm-initiator><![CDATA[true]]></modeler:activiti-idm-initiator>
        <modeler:editor-resource-id><![CDATA[sid-7A46594D-19A6-4881-BBA8-9618BC274F59]]></modeler:editor-resource-id>
      </extensionElements>
    </userTask>
    <sequenceFlow id="sid-95F8A5A6-657D-4E3D-B221-EF6C48ABF97D" sourceRef="startEvent1" targetRef="sid-7A46594D-19A6-4881-BBA8-9618BC274F59">
      <extensionElements>
        <modeler:editor-resource-id><![CDATA[sid-95F8A5A6-657D-4E3D-B221-EF6C48ABF97D]]></modeler:editor-resource-id>
      </extensionElements>
    </sequenceFlow>
    <endEvent id="sid-B9B191CC-CAE2-443F-85E6-E17CC44D0211" activiti:async="true" activiti:exclusive="false">
      <extensionElements>
        <activiti:executionListener event="start" class="com.activiti.runtime.activiti.ContentProcessorExecutionListener">
          <activiti:field name="externalContentHandler">
            <activiti:expression><![CDATA[${externalContentHandler}]]></activiti:expression>
          </activiti:field>
        </activiti:executionListener>
        <modeler:editor-resource-id><![CDATA[sid-B9B191CC-CAE2-443F-85E6-E17CC44D0211]]></modeler:editor-resource-id>
        <modeler:ignore-listener-on-import><![CDATA[com.activiti.runtime.activiti.ContentProcessorExecutionListener]]></modeler:ignore-listener-on-import>
      </extensionElements>
    </endEvent>
    <sequenceFlow id="sid-0F7728C9-48AD-4942-AF49-DBDE8FDA0975" sourceRef="sid-7A46594D-19A6-4881-BBA8-9618BC274F59" targetRef="sid-B9B191CC-CAE2-443F-85E6-E17CC44D0211">
      <extensionElements>
        <modeler:editor-resource-id><![CDATA[sid-0F7728C9-48AD-4942-AF49-DBDE8FDA0975]]></modeler:editor-resource-id>
      </extensionElements>
    </sequenceFlow>
  </process>
  <bpmndi:BPMNDiagram id="BPMNDiagram_uploadmultiplefiles-process">
    <bpmndi:BPMNPlane bpmnElement="uploadmultiplefiles-process" id="BPMNPlane_uploadmultiplefiles-process">
      <bpmndi:BPMNShape bpmnElement="startEvent1" id="BPMNShape_startEvent1">
        <omgdc:Bounds height="29.999999999999986" width="29.999999999999986" x="105.00000000000001" y="120.00000000000001"/>
      </bpmndi:BPMNShape>
      <bpmndi:BPMNShape bpmnElement="sid-7A46594D-19A6-4881-BBA8-9618BC274F59" id="BPMNShape_sid-7A46594D-19A6-4881-BBA8-9618BC274F59">
        <omgdc:Bounds height="80.0" width="100.0" x="180.0" y="95.0"/>
      </bpmndi:BPMNShape>
      <bpmndi:BPMNShape bpmnElement="sid-B9B191CC-CAE2-443F-85E6-E17CC44D0211" id="BPMNShape_sid-B9B191CC-CAE2-443F-85E6-E17CC44D0211">
        <omgdc:Bounds height="28.0" width="28.0" x="325.0" y="121.0"/>
      </bpmndi:BPMNShape>
      <bpmndi:BPMNEdge bpmnElement="sid-0F7728C9-48AD-4942-AF49-DBDE8FDA0975" id="BPMNEdge_sid-0F7728C9-48AD-4942-AF49-DBDE8FDA0975">
        <omgdi:waypoint x="280.0" y="135.0"/>
        <omgdi:waypoint x="325.0" y="135.0"/>
      </bpmndi:BPMNEdge>
      <bpmndi:BPMNEdge bpmnElement="sid-95F8A5A6-657D-4E3D-B221-EF6C48ABF97D" id="BPMNEdge_sid-95F8A5A6-657D-4E3D-B221-EF6C48ABF97D">
        <omgdi:waypoint x="135.0" y="135.0"/>
        <omgdi:waypoint x="180.0" y="135.0"/>
      </bpmndi:BPMNEdge>
    </bpmndi:BPMNPlane>
  </bpmndi:BPMNDiagram>
</definitions>