<?xml version='1.0' encoding='UTF-8'?>
<definitions xmlns="http://www.omg.org/spec/BPMN/20100524/MODEL" xmlns:xsi="http://www.w3.org/2001/XMLSchema-instance" xmlns:xsd="http://www.w3.org/2001/XMLSchema" xmlns:activiti="http://activiti.org/bpmn" xmlns:bpmndi="http://www.omg.org/spec/BPMN/20100524/DI" xmlns:omgdc="http://www.omg.org/spec/DD/20100524/DC" xmlns:omgdi="http://www.omg.org/spec/DD/20100524/DI" typeLanguage="http://www.w3.org/2001/XMLSchema" expressionLanguage="http://www.w3.org/1999/XPath" targetNamespace="http://www.activiti.org/processdef" xmlns:modeler="http://activiti.com/modeler" modeler:version="1.0en" modeler:exportDateTime="20190711124722190" modeler:modelId="4898" modeler:modelVersion="1" modeler:modelLastUpdated="1562844429968">
  <process id="UploadFolderProcess" name="UploadFolderProcess" isExecutable="true">
    <startEvent id="startEvent1">
      <extensionElements>
        <modeler:editor-resource-id><![CDATA[startEvent1]]></modeler:editor-resource-id>
      </extensionElements>
    </startEvent>
    <userTask id="sid-AE46E555-C58A-4D3E-98CE-6789E6E10CCF" activiti:assignee="$INITIATOR" activiti:formKey="4885">
      <extensionElements>
        <modeler:allow-send-email><![CDATA[true]]></modeler:allow-send-email>
        <modeler:form-reference-id><![CDATA[4885]]></modeler:form-reference-id>
        <modeler:form-reference-name><![CDATA[Upload folder widget]]></modeler:form-reference-name>
        <modeler:activiti-idm-initiator><![CDATA[true]]></modeler:activiti-idm-initiator>
        <modeler:initiator-can-complete><![CDATA[false]]></modeler:initiator-can-complete>
        <modeler:editor-resource-id><![CDATA[sid-AE46E555-C58A-4D3E-98CE-6789E6E10CCF]]></modeler:editor-resource-id>
      </extensionElements>
    </userTask>
    <sequenceFlow id="sid-0C95FDE3-5EAD-44F4-8789-A01CFCE7C1BF" sourceRef="startEvent1" targetRef="sid-AE46E555-C58A-4D3E-98CE-6789E6E10CCF">
      <extensionElements>
        <modeler:editor-resource-id><![CDATA[sid-0C95FDE3-5EAD-44F4-8789-A01CFCE7C1BF]]></modeler:editor-resource-id>
      </extensionElements>
    </sequenceFlow>
    <endEvent id="sid-7803927A-7BD8-428F-B5D4-E3E811C7854F">
      <extensionElements>
        <modeler:editor-resource-id><![CDATA[sid-7803927A-7BD8-428F-B5D4-E3E811C7854F]]></modeler:editor-resource-id>
      </extensionElements>
    </endEvent>
    <sequenceFlow id="sid-2C0F0380-C562-453D-AC58-6CC08F03259F" sourceRef="sid-AE46E555-C58A-4D3E-98CE-6789E6E10CCF" targetRef="sid-7803927A-7BD8-428F-B5D4-E3E811C7854F">
      <extensionElements>
        <modeler:editor-resource-id><![CDATA[sid-2C0F0380-C562-453D-AC58-6CC08F03259F]]></modeler:editor-resource-id>
      </extensionElements>
    </sequenceFlow>
  </process>
  <bpmndi:BPMNDiagram id="BPMNDiagram_UploadFolderProcess">
    <bpmndi:BPMNPlane bpmnElement="UploadFolderProcess" id="BPMNPlane_UploadFolderProcess">
      <bpmndi:BPMNShape bpmnElement="startEvent1" id="BPMNShape_startEvent1">
        <omgdc:Bounds height="30.0" width="30.0" x="100.0" y="163.0"/>
      </bpmndi:BPMNShape>
      <bpmndi:BPMNShape bpmnElement="sid-AE46E555-C58A-4D3E-98CE-6789E6E10CCF" id="BPMNShape_sid-AE46E555-C58A-4D3E-98CE-6789E6E10CCF">
        <omgdc:Bounds height="80.0" width="100.0" x="175.0" y="138.0"/>
      </bpmndi:BPMNShape>
      <bpmndi:BPMNShape bpmnElement="sid-7803927A-7BD8-428F-B5D4-E3E811C7854F" id="BPMNShape_sid-7803927A-7BD8-428F-B5D4-E3E811C7854F">
        <omgdc:Bounds height="28.0" width="28.0" x="320.0" y="164.0"/>
      </bpmndi:BPMNShape>
      <bpmndi:BPMNEdge bpmnElement="sid-0C95FDE3-5EAD-44F4-8789-A01CFCE7C1BF" id="BPMNEdge_sid-0C95FDE3-5EAD-44F4-8789-A01CFCE7C1BF">
        <omgdi:waypoint x="130.0" y="178.0"/>
        <omgdi:waypoint x="175.0" y="178.0"/>
      </bpmndi:BPMNEdge>
      <bpmndi:BPMNEdge bpmnElement="sid-2C0F0380-C562-453D-AC58-6CC08F03259F" id="BPMNEdge_sid-2C0F0380-C562-453D-AC58-6CC08F03259F">
        <omgdi:waypoint x="275.0" y="178.0"/>
        <omgdi:waypoint x="320.0" y="178.0"/>
      </bpmndi:BPMNEdge>
    </bpmndi:BPMNPlane>
  </bpmndi:BPMNDiagram>
</definitions>