{"bounds":{"lowerRight":{"x":1485.0,"y":700.0},"upperLeft":{"x":0.0,"y":0.0}},"resourceId":"canvas","stencil":{"id":"BPMNDiagram"},"stencilset":{"namespace":"http://b3mn.org/stencilset/bpmn2.0#","url":"../editor/stencilsets/bpmn2.0/bpmn2.0.json"},"properties":{"process_id":"UploadFolderProcess","name":"UploadFolderProcess","executionlisteners":{"executionListeners":[]},"eventlisteners":{"eventListeners":[]},"signaldefinitions":[],"messagedefinitions":[],"process_namespace":"http://www.activiti.org/processdef"},"childShapes":[{"bounds":{"lowerRight":{"x":130.0,"y":193.0},"upperLeft":{"x":100.0,"y":163.0}},"resourceId":"startEvent1","childShapes":[],"stencil":{"id":"StartNoneEvent"},"properties":{"overrideid":"startEvent1","executionlisteners":{"executionListeners":[]},"asynchronousdefinition":false,"exclusivedefinition":false},"outgoing":[{"resourceId":"sid-0C95FDE3-5EAD-44F4-8789-A01CFCE7C1BF"}]},{"bounds":{"lowerRight":{"x":275.0,"y":218.0},"upperLeft":{"x":175.0,"y":138.0}},"resourceId":"sid-AE46E555-C58A-4D3E-98CE-6789E6E10CCF","childShapes":[],"stencil":{"id":"UserTask"},"properties":{"overrideid":"sid-AE46E555-C58A-4D3E-98CE-6789E6E10CCF","usertasksendemail":true,"usertaskassignment":{"assignment":{"type":"idm","idm":{"type":"initiator"},"initiatorCanCompleteTask":false}},"formreference":{"id":83451,"name":"Upload folder widget"},"executionlisteners":{"executionListeners":[]},"isforcompensation":false,"asynchronousdefinition":false,"exclusivedefinition":false,"tasklisteners":{"taskListeners":[]}},"outgoing":[{"resourceId":"sid-2C0F0380-C562-453D-AC58-6CC08F03259F"}]},{"bounds":{"lowerRight":{"x":172.0,"y":212.0},"upperLeft":{"x":128.0,"y":212.0}},"resourceId":"sid-0C95FDE3-5EAD-44F4-8789-A01CFCE7C1BF","childShapes":[],"stencil":{"id":"SequenceFlow"},"dockers":[{"x":15.0,"y":15.0},{"x":50.0,"y":40.0}],"outgoing":[{"resourceId":"sid-AE46E555-C58A-4D3E-98CE-6789E6E10CCF"}],"target":{"resourceId":"sid-AE46E555-C58A-4D3E-98CE-6789E6E10CCF"},"properties":{"overrideid":"sid-0C95FDE3-5EAD-44F4-8789-A01CFCE7C1BF","executionlisteners":{"executionListeners":[]}}},{"bounds":{"lowerRight":{"x":348.0,"y":192.0},"upperLeft":{"x":320.0,"y":164.0}},"resourceId":"sid-7803927A-7BD8-428F-B5D4-E3E811C7854F","childShapes":[],"stencil":{"id":"EndNoneEvent"},"properties":{"overrideid":"sid-7803927A-7BD8-428F-B5D4-E3E811C7854F","executionlisteners":{"executionListeners":[]},"asynchronousdefinition":false,"exclusivedefinition":false},"outgoing":[]},{"bounds":{"lowerRight":{"x":172.0,"y":212.0},"upperLeft":{"x":128.0,"y":212.0}},"resourceId":"sid-2C0F0380-C562-453D-AC58-6CC08F03259F","childShapes":[],"stencil":{"id":"SequenceFlow"},"dockers":[{"x":50.0,"y":40.0},{"x":14.0,"y":14.0}],"outgoing":[{"resourceId":"sid-7803927A-7BD8-428F-B5D4-E3E811C7854F"}],"target":{"resourceId":"sid-7803927A-7BD8-428F-B5D4-E3E811C7854F"},"properties":{"overrideid":"sid-2C0F0380-C562-453D-AC58-6CC08F03259F","executionlisteners":{"executionListeners":[]}}}]}