{"resourceId":53859,"properties":{"process_id":"uploadmultiplefiles-process","name":"upload multiple files - process","documentation":"","process_author":"","process_version":"","process_namespace":"http://www.activiti.org/processdef","executionlisteners":"","eventlisteners":"","signaldefinitions":"","messagedefinitions":"","executionvariables":"","metadata":""},"stencil":{"id":"BPMNDiagram"},"childShapes":[{"resourceId":"startEvent1","properties":{"overrideid":"","name":"","documentation":"","executionlisteners":"","initiator":"","formkeydefinition":"","formreference":"","fieldstovariables":"","formproperties":""},"stencil":{"id":"StartNoneEvent"},"childShapes":[],"outgoing":[{"resourceId":"sid-95F8A5A6-657D-4E3D-B221-EF6C48ABF97D"}],"bounds":{"lowerRight":{"x":135,"y":150},"upperLeft":{"x":105.00000000000001,"y":120.00000000000001}},"dockers":[]},{"resourceId":"sid-7A46594D-19A6-4881-BBA8-9618BC274F59","properties":{"overrideid":"","name":"Upload multiple files","documentation":"","asynchronousdefinition":"false","exclusivedefinition":"false","executionlisteners":"","multiinstance_type":"None","multiinstance_cardinality":"","multiinstance_collection":"","multiinstance_variable":"","multiinstance_condition":"","isforcompensation":"false","usertasksendemail":true,"usertaskassignment":"","formkeydefinition":"","formreference":{"id":53858,"name":"Upload multiple files","referenceId":null,"variablesmapping":[]},"fieldstovariables":"","duedatedefinition":"","prioritydefinition":"","categorydefinition":"","formproperties":"","tasklisteners":"","emailtemplate":""},"stencil":{"id":"UserTask"},"childShapes":[],"outgoing":[{"resourceId":"sid-0F7728C9-48AD-4942-AF49-DBDE8FDA0975"}],"bounds":{"lowerRight":{"x":280,"y":175},"upperLeft":{"x":180,"y":95}},"dockers":[]},{"resourceId":"sid-95F8A5A6-657D-4E3D-B221-EF6C48ABF97D","properties":{"overrideid":"","name":"","documentation":"","conditionsequenceflow":"","executionlisteners":"","defaultflow":"false"},"stencil":{"id":"SequenceFlow"},"childShapes":[],"outgoing":[{"resourceId":"sid-7A46594D-19A6-4881-BBA8-9618BC274F59"}],"bounds":{"lowerRight":{"x":179.15625,"y":135},"upperLeft":{"x":135.609375,"y":135}},"dockers":[{"x":15,"y":15},{"x":50,"y":40}],"target":{"resourceId":"sid-7A46594D-19A6-4881-BBA8-9618BC274F59"}},{"resourceId":"sid-B9B191CC-CAE2-443F-85E6-E17CC44D0211","properties":{"overrideid":"","name":"","documentation":"","executionlisteners":""},"stencil":{"id":"EndNoneEvent"},"childShapes":[],"outgoing":[],"bounds":{"lowerRight":{"x":353,"y":149},"upperLeft":{"x":325,"y":121}},"dockers":[]},{"resourceId":"sid-0F7728C9-48AD-4942-AF49-DBDE8FDA0975","properties":{"overrideid":"","name":"","documentation":"","conditionsequenceflow":"","executionlisteners":"","defaultflow":"false"},"stencil":{"id":"SequenceFlow"},"childShapes":[],"outgoing":[{"resourceId":"sid-B9B191CC-CAE2-443F-85E6-E17CC44D0211"}],"bounds":{"lowerRight":{"x":324.375,"y":135},"upperLeft":{"x":280.390625,"y":135}},"dockers":[{"x":50,"y":40},{"x":14,"y":14}],"target":{"resourceId":"sid-B9B191CC-CAE2-443F-85E6-E17CC44D0211"}}],"bounds":{"lowerRight":{"x":1200,"y":1050},"upperLeft":{"x":0,"y":0}},"stencilset":{"url":"stencilsets/bpmn2.0/bpmn2.0.json","namespace":"http://b3mn.org/stencilset/bpmn2.0#"},"ssextensions":[]}