{"bounds":{"lowerRight":{"x":1485.0,"y":700.0},"upperLeft":{"x":0.0,"y":0.0}},"resourceId":"canvas","stencil":{"id":"BPMNDiagram"},"stencilset":{"namespace":"http://b3mn.org/stencilset/bpmn2.0#","url":"../editor/stencilsets/bpmn2.0/bpmn2.0.json"},"properties":{"process_id":"visibility-process","name":"visibility-process","executionlisteners":{"executionListeners":[]},"eventlisteners":{"eventListeners":[]},"signaldefinitions":[],"messagedefinitions":[],"process_namespace":"http://www.activiti.org/processdef"},"childShapes":[{"bounds":{"lowerRight":{"x":130.0,"y":193.0},"upperLeft":{"x":100.0,"y":163.0}},"resourceId":"startEvent1","childShapes":[],"stencil":{"id":"StartNoneEvent"},"properties":{"overrideid":"startEvent1","executionlisteners":{"executionListeners":[]},"asynchronousdefinition":false,"exclusivedefinition":false},"outgoing":[{"resourceId":"sid-4AA670DA-A918-47D4-B50A-A6E1932A4EF2"}]},{"bounds":{"lowerRight":{"x":275.0,"y":218.0},"upperLeft":{"x":175.0,"y":138.0}},"resourceId":"sid-F8066914-23B5-4BF0-B9B0-E275E66BEB1B","childShapes":[],"stencil":{"id":"UserTask"},"properties":{"overrideid":"sid-F8066914-23B5-4BF0-B9B0-E275E66BEB1B","usertasksendemail":true,"usertaskassignment":{"assignment":{"type":"idm","idm":{"type":"initiator"}}},"formreference":{"id":80181,"name":"visibility-condition"},"executionlisteners":{"executionListeners":[]},"isforcompensation":false,"asynchronousdefinition":false,"exclusivedefinition":false,"tasklisteners":{"taskListeners":[]}},"outgoing":[{"resourceId":"sid-1908CA9E-C2F5-414B-B145-DD36EF48D7F7"}]},{"bounds":{"lowerRight":{"x":172.0,"y":212.0},"upperLeft":{"x":128.0,"y":212.0}},"resourceId":"sid-4AA670DA-A918-47D4-B50A-A6E1932A4EF2","childShapes":[],"stencil":{"id":"SequenceFlow"},"dockers":[{"x":15.0,"y":15.0},{"x":50.0,"y":40.0}],"outgoing":[{"resourceId":"sid-F8066914-23B5-4BF0-B9B0-E275E66BEB1B"}],"target":{"resourceId":"sid-F8066914-23B5-4BF0-B9B0-E275E66BEB1B"},"properties":{"overrideid":"sid-4AA670DA-A918-47D4-B50A-A6E1932A4EF2","executionlisteners":{"executionListeners":[]}}},{"bounds":{"lowerRight":{"x":348.0,"y":192.0},"upperLeft":{"x":320.0,"y":164.0}},"resourceId":"sid-7CC4BB48-4CD4-41EA-B6DC-107A46F98641","childShapes":[],"stencil":{"id":"EndNoneEvent"},"properties":{"overrideid":"sid-7CC4BB48-4CD4-41EA-B6DC-107A46F98641","executionlisteners":{"executionListeners":[]},"asynchronousdefinition":false,"exclusivedefinition":false},"outgoing":[]},{"bounds":{"lowerRight":{"x":172.0,"y":212.0},"upperLeft":{"x":128.0,"y":212.0}},"resourceId":"sid-1908CA9E-C2F5-414B-B145-DD36EF48D7F7","childShapes":[],"stencil":{"id":"SequenceFlow"},"dockers":[{"x":50.0,"y":40.0},{"x":14.0,"y":14.0}],"outgoing":[{"resourceId":"sid-7CC4BB48-4CD4-41EA-B6DC-107A46F98641"}],"target":{"resourceId":"sid-7CC4BB48-4CD4-41EA-B6DC-107A46F98641"},"properties":{"overrideid":"sid-1908CA9E-C2F5-414B-B145-DD36EF48D7F7","executionlisteners":{"executionListeners":[]}}}]}