<?xml version='1.0' encoding='UTF-8'?>
<definitions xmlns="http://www.omg.org/spec/BPMN/20100524/MODEL" xmlns:xsi="http://www.w3.org/2001/XMLSchema-instance" xmlns:xsd="http://www.w3.org/2001/XMLSchema" xmlns:activiti="http://activiti.org/bpmn" xmlns:bpmndi="http://www.omg.org/spec/BPMN/20100524/DI" xmlns:omgdc="http://www.omg.org/spec/DD/20100524/DC" xmlns:omgdi="http://www.omg.org/spec/DD/20100524/DI" typeLanguage="http://www.w3.org/2001/XMLSchema" expressionLanguage="http://www.w3.org/1999/XPath" targetNamespace="http://www.activiti.org/processdef" xmlns:modeler="http://activiti.com/modeler" modeler:version="1.0en" modeler:exportDateTime="20200311112239041" modeler:modelId="83471" modeler:modelVersion="3" modeler:modelLastUpdated="1583925756156">
  <process id="visibility-process" name="visibility-process" isExecutable="true">
    <startEvent id="startEvent1">
      <extensionElements>
        <modeler:editor-resource-id><![CDATA[startEvent1]]></modeler:editor-resource-id>
      </extensionElements>
    </startEvent>
    <userTask id="sid-F8066914-23B5-4BF0-B9B0-E275E66BEB1B" activiti:assignee="$INITIATOR" activiti:formKey="83448">
      <extensionElements>
        <modeler:allow-send-email><![CDATA[true]]></modeler:allow-send-email>
        <modeler:form-reference-id><![CDATA[83448]]></modeler:form-reference-id>
        <modeler:form-reference-name><![CDATA[visibility-condition]]></modeler:form-reference-name>
        <modeler:activiti-idm-initiator><![CDATA[true]]></modeler:activiti-idm-initiator>
        <modeler:initiator-can-complete><![CDATA[false]]></modeler:initiator-can-complete>
        <modeler:editor-resource-id><![CDATA[sid-F8066914-23B5-4BF0-B9B0-E275E66BEB1B]]></modeler:editor-resource-id>
      </extensionElements>
    </userTask>
    <sequenceFlow id="sid-4AA670DA-A918-47D4-B50A-A6E1932A4EF2" sourceRef="startEvent1" targetRef="sid-F8066914-23B5-4BF0-B9B0-E275E66BEB1B">
      <extensionElements>
        <modeler:editor-resource-id><![CDATA[sid-4AA670DA-A918-47D4-B50A-A6E1932A4EF2]]></modeler:editor-resource-id>
      </extensionElements>
    </sequenceFlow>
    <endEvent id="sid-7CC4BB48-4CD4-41EA-B6DC-107A46F98641">
      <extensionElements>
        <modeler:editor-resource-id><![CDATA[sid-7CC4BB48-4CD4-41EA-B6DC-107A46F98641]]></modeler:editor-resource-id>
      </extensionElements>
    </endEvent>
    <sequenceFlow id="sid-1908CA9E-C2F5-414B-B145-DD36EF48D7F7" sourceRef="sid-F8066914-23B5-4BF0-B9B0-E275E66BEB1B" targetRef="sid-7CC4BB48-4CD4-41EA-B6DC-107A46F98641">
      <extensionElements>
        <modeler:editor-resource-id><![CDATA[sid-1908CA9E-C2F5-414B-B145-DD36EF48D7F7]]></modeler:editor-resource-id>
      </extensionElements>
    </sequenceFlow>
  </process>
  <bpmndi:BPMNDiagram id="BPMNDiagram_visibility-process">
    <bpmndi:BPMNPlane bpmnElement="visibility-process" id="BPMNPlane_visibility-process">
      <bpmndi:BPMNShape bpmnElement="startEvent1" id="BPMNShape_startEvent1">
        <omgdc:Bounds height="30.0" width="30.0" x="100.0" y="163.0"/>
      </bpmndi:BPMNShape>
      <bpmndi:BPMNShape bpmnElement="sid-F8066914-23B5-4BF0-B9B0-E275E66BEB1B" id="BPMNShape_sid-F8066914-23B5-4BF0-B9B0-E275E66BEB1B">
        <omgdc:Bounds height="80.0" width="100.0" x="175.0" y="138.0"/>
      </bpmndi:BPMNShape>
      <bpmndi:BPMNShape bpmnElement="sid-7CC4BB48-4CD4-41EA-B6DC-107A46F98641" id="BPMNShape_sid-7CC4BB48-4CD4-41EA-B6DC-107A46F98641">
        <omgdc:Bounds height="28.0" width="28.0" x="320.0" y="164.0"/>
      </bpmndi:BPMNShape>
      <bpmndi:BPMNEdge bpmnElement="sid-1908CA9E-C2F5-414B-B145-DD36EF48D7F7" id="BPMNEdge_sid-1908CA9E-C2F5-414B-B145-DD36EF48D7F7">
        <omgdi:waypoint x="275.0" y="178.0"/>
        <omgdi:waypoint x="320.0" y="178.0"/>
      </bpmndi:BPMNEdge>
      <bpmndi:BPMNEdge bpmnElement="sid-4AA670DA-A918-47D4-B50A-A6E1932A4EF2" id="BPMNEdge_sid-4AA670DA-A918-47D4-B50A-A6E1932A4EF2">
        <omgdi:waypoint x="130.0" y="178.0"/>
        <omgdi:waypoint x="175.0" y="178.0"/>
      </bpmndi:BPMNEdge>
    </bpmndi:BPMNPlane>
  </bpmndi:BPMNDiagram>
</definitions>