<?xml version="1.0" encoding="UTF-8"?>
<bpmn2:definitions xmlns="http://www.omg.org/spec/BPMN/20100524/MODEL" xmlns:bpmn2="http://www.omg.org/spec/BPMN/20100524/MODEL" xmlns:xsi="http://www.w3.org/2001/XMLSchema-instance" xmlns:xsd="http://www.w3.org/2001/XMLSchema" xmlns:activiti="http://activiti.org/bpmn" xmlns:bpmndi="http://www.omg.org/spec/BPMN/20100524/DI" xmlns:omgdc="http://www.omg.org/spec/DD/20100524/DC" xmlns:omgdi="http://www.omg.org/spec/DD/20100524/DI" xmlns:dc="http://www.omg.org/spec/DD/20100524/DC" xmlns:di="http://www.omg.org/spec/DD/20100524/DI" typeLanguage="http://www.w3.org/2001/XMLSchema" expressionLanguage="http://www.w3.org/1999/XPath" targetNamespace="http://bpmn.io/schema/bpmn" id="model-3fee70a9-9bbe-4a46-ad5a-85ab18c9f4e4" name="attach-multiple-single" xsi:schemaLocation="http://www.omg.org/spec/BPMN/20100524/MODEL BPMN20.xsd">
  <bpmn2:process id="Process_tYm60y23V" name="attach-multiple-single" isExecutable="true">
    <bpmn2:startEvent id="Event_1" activiti:formKey="form-2b79948b-24ad-441e-8784-3fd1ccc05a67">
      <bpmn2:outgoing>SequenceFlow_0j9cl4r</bpmn2:outgoing>
    </bpmn2:startEvent>
    <bpmn2:sequenceFlow id="SequenceFlow_0j9cl4r" sourceRef="Event_1" targetRef="Task_037pgb1"></bpmn2:sequenceFlow>
    <bpmn2:userTask id="Task_037pgb1" name="User Task" activiti:assignee="hruser">
      <bpmn2:incoming>SequenceFlow_0j9cl4r</bpmn2:incoming>
      <bpmn2:outgoing>SequenceFlow_11mcjaf</bpmn2:outgoing>
    </bpmn2:userTask>
    <bpmn2:endEvent id="EndEvent_0zakkdf">
      <bpmn2:incoming>SequenceFlow_11mcjaf</bpmn2:incoming>
    </bpmn2:endEvent>
    <bpmn2:sequenceFlow id="SequenceFlow_11mcjaf" sourceRef="Task_037pgb1" targetRef="EndEvent_0zakkdf"></bpmn2:sequenceFlow>
  </bpmn2:process>
  <bpmndi:BPMNDiagram id="BPMNDiagram_Process_tYm60y23V">
    <bpmndi:BPMNPlane bpmnElement="Process_tYm60y23V" id="BPMNPlane_Process_tYm60y23V">
      <bpmndi:BPMNShape bpmnElement="Event_1" id="BPMNShape_Event_1">
        <omgdc:Bounds height="36.0" width="36.0" x="132.0" y="182.0"></omgdc:Bounds>
      </bpmndi:BPMNShape>
      <bpmndi:BPMNShape bpmnElement="Task_037pgb1" id="BPMNShape_Task_037pgb1">
        <omgdc:Bounds height="80.0" width="100.0" x="220.0" y="160.0"></omgdc:Bounds>
      </bpmndi:BPMNShape>
      <bpmndi:BPMNShape bpmnElement="EndEvent_0zakkdf" id="BPMNShape_EndEvent_0zakkdf">
        <omgdc:Bounds height="36.0" width="36.0" x="372.0" y="182.0"></omgdc:Bounds>
      </bpmndi:BPMNShape>
      <bpmndi:BPMNEdge bpmnElement="SequenceFlow_0j9cl4r" id="BPMNEdge_SequenceFlow_0j9cl4r">
        <omgdi:waypoint x="168.0" y="200.0"></omgdi:waypoint>
        <omgdi:waypoint x="220.0" y="200.0"></omgdi:waypoint>
      </bpmndi:BPMNEdge>
      <bpmndi:BPMNEdge bpmnElement="SequenceFlow_11mcjaf" id="BPMNEdge_SequenceFlow_11mcjaf">
        <omgdi:waypoint x="320.0" y="200.0"></omgdi:waypoint>
        <omgdi:waypoint x="372.0" y="200.0"></omgdi:waypoint>
      </bpmndi:BPMNEdge>
    </bpmndi:BPMNPlane>
  </bpmndi:BPMNDiagram>
</bpmn2:definitions>