<?xml version="1.0" encoding="UTF-8"?>
<bpmn2:definitions xmlns:activiti="http://activiti.org/bpmn" xmlns:xsi="http://www.w3.org/2001/XMLSchema-instance" xmlns:bpmn2="http://www.omg.org/spec/BPMN/20100524/MODEL" xmlns:bpmndi="http://www.omg.org/spec/BPMN/20100524/DI" xmlns:dc="http://www.omg.org/spec/DD/20100524/DC" xmlns:di="http://www.omg.org/spec/DD/20100524/DI" id="model-a56652c8-acbd-49a2-aed5-e7afdb07d322" name="attach-file-variables" targetNamespace="" xsi:schemaLocation="http://www.omg.org/spec/BPMN/20100524/MODEL BPMN20.xsd">
  <bpmn2:process id="Process_32cBP7xc" name="attach-file-variables" isExecutable="true">
    <bpmn2:documentation>AAE-10912
Attach file by:
- string variable
- folder variable
- static path</bpmn2:documentation>
    <bpmn2:startEvent id="Event_1">
      <bpmn2:outgoing>SequenceFlow_0eixp8i</bpmn2:outgoing>
    </bpmn2:startEvent>
    <bpmn2:endEvent id="EndEvent_0ahvs9o">
      <bpmn2:incoming>SequenceFlow_0eqe7ol</bpmn2:incoming>
    </bpmn2:endEvent>
    <bpmn2:sequenceFlow id="SequenceFlow_0eixp8i" sourceRef="Event_1" targetRef="Task_02nmjhe" />
    <bpmn2:userTask id="Task_02nmjhe" name="attach files" activiti:formKey="form-98ff4873-22fb-421f-803d-74c27f21a0ab" activiti:assignee="${initiator}" activiti:priority="0">
      <bpmn2:incoming>SequenceFlow_0eixp8i</bpmn2:incoming>
      <bpmn2:outgoing>SequenceFlow_0eqe7ol</bpmn2:outgoing>
    </bpmn2:userTask>
    <bpmn2:sequenceFlow id="SequenceFlow_0eqe7ol" sourceRef="Task_02nmjhe" targetRef="EndEvent_0ahvs9o" />
  </bpmn2:process>
  <bpmndi:BPMNDiagram id="BPMNDiagram_1">
    <bpmndi:BPMNPlane id="BPMNPlane_1" bpmnElement="Process_32cBP7xc">
      <bpmndi:BPMNShape id="_BPMNShape_Event_2" bpmnElement="Event_1">
        <dc:Bounds x="412" y="240" width="36" height="36" />
      </bpmndi:BPMNShape>
      <bpmndi:BPMNShape id="EndEvent_0ahvs9o_di" bpmnElement="EndEvent_0ahvs9o">
        <dc:Bounds x="732" y="240" width="36" height="36" />
      </bpmndi:BPMNShape>
      <bpmndi:BPMNEdge id="SequenceFlow_0eixp8i_di" bpmnElement="SequenceFlow_0eixp8i">
        <di:waypoint x="448" y="258" />
        <di:waypoint x="530" y="258" />
      </bpmndi:BPMNEdge>
      <bpmndi:BPMNShape id="UserTask_1ds4b5d_di" bpmnElement="Task_02nmjhe">
        <dc:Bounds x="530" y="218" width="100" height="80" />
      </bpmndi:BPMNShape>
      <bpmndi:BPMNEdge id="SequenceFlow_0eqe7ol_di" bpmnElement="SequenceFlow_0eqe7ol">
        <di:waypoint x="630" y="258" />
        <di:waypoint x="732" y="258" />
      </bpmndi:BPMNEdge>
    </bpmndi:BPMNPlane>
  </bpmndi:BPMNDiagram>
</bpmn2:definitions>
