<?xml version="1.0" encoding="UTF-8"?>
<bpmn2:definitions xmlns="http://www.omg.org/spec/BPMN/20100524/MODEL" xmlns:bpmn2="http://www.omg.org/spec/BPMN/20100524/MODEL" xmlns:xsi="http://www.w3.org/2001/XMLSchema-instance" xmlns:xsd="http://www.w3.org/2001/XMLSchema" xmlns:activiti="http://activiti.org/bpmn" xmlns:bpmndi="http://www.omg.org/spec/BPMN/20100524/DI" xmlns:omgdc="http://www.omg.org/spec/DD/20100524/DC" xmlns:omgdi="http://www.omg.org/spec/DD/20100524/DI" xmlns:dc="http://www.omg.org/spec/DD/20100524/DC" xmlns:di="http://www.omg.org/spec/DD/20100524/DI" typeLanguage="http://www.w3.org/2001/XMLSchema" expressionLanguage="http://www.w3.org/1999/XPath" targetNamespace="http://bpmn.io/schema/bpmn" id="model-e71bace3-29eb-471a-92e0-21ff49d381e3" name="attach-local-file" xsi:schemaLocation="http://www.omg.org/spec/BPMN/20100524/MODEL BPMN20.xsd">
  <bpmn2:process id="Process_J-FcS_3tk" name="attach-local-file" isExecutable="true">
    <bpmn2:startEvent id="Event_1" activiti:formKey="form-03329877-d103-46d1-9da9-0e5196a7f9fd">
      <bpmn2:outgoing>SequenceFlow_17gp3iq</bpmn2:outgoing>
    </bpmn2:startEvent>
    <bpmn2:sequenceFlow id="SequenceFlow_17gp3iq" sourceRef="Event_1" targetRef="Task_0potxt9"></bpmn2:sequenceFlow>
    <bpmn2:userTask id="Task_0potxt9" name="User Task" activiti:assignee="hruser">
      <bpmn2:incoming>SequenceFlow_17gp3iq</bpmn2:incoming>
      <bpmn2:outgoing>SequenceFlow_1fdt2cz</bpmn2:outgoing>
    </bpmn2:userTask>
    <bpmn2:endEvent id="EndEvent_10vnfa9">
      <bpmn2:incoming>SequenceFlow_1fdt2cz</bpmn2:incoming>
    </bpmn2:endEvent>
    <bpmn2:sequenceFlow id="SequenceFlow_1fdt2cz" sourceRef="Task_0potxt9" targetRef="EndEvent_10vnfa9"></bpmn2:sequenceFlow>
  </bpmn2:process>
  <bpmndi:BPMNDiagram id="BPMNDiagram_Process_J-FcS_3tk">
    <bpmndi:BPMNPlane bpmnElement="Process_J-FcS_3tk" id="BPMNPlane_Process_J-FcS_3tk">
      <bpmndi:BPMNShape bpmnElement="Event_1" id="BPMNShape_Event_1">
        <omgdc:Bounds height="36.0" width="36.0" x="212.0" y="182.0"></omgdc:Bounds>
      </bpmndi:BPMNShape>
      <bpmndi:BPMNShape bpmnElement="Task_0potxt9" id="BPMNShape_Task_0potxt9">
        <omgdc:Bounds height="80.0" width="100.0" x="300.0" y="160.0"></omgdc:Bounds>
      </bpmndi:BPMNShape>
      <bpmndi:BPMNShape bpmnElement="EndEvent_10vnfa9" id="BPMNShape_EndEvent_10vnfa9">
        <omgdc:Bounds height="36.0" width="36.0" x="452.0" y="182.0"></omgdc:Bounds>
      </bpmndi:BPMNShape>
      <bpmndi:BPMNEdge bpmnElement="SequenceFlow_17gp3iq" id="BPMNEdge_SequenceFlow_17gp3iq">
        <omgdi:waypoint x="248.0" y="200.0"></omgdi:waypoint>
        <omgdi:waypoint x="300.0" y="200.0"></omgdi:waypoint>
      </bpmndi:BPMNEdge>
      <bpmndi:BPMNEdge bpmnElement="SequenceFlow_1fdt2cz" id="BPMNEdge_SequenceFlow_1fdt2cz">
        <omgdi:waypoint x="400.0" y="200.0"></omgdi:waypoint>
        <omgdi:waypoint x="452.0" y="200.0"></omgdi:waypoint>
      </bpmndi:BPMNEdge>
    </bpmndi:BPMNPlane>
  </bpmndi:BPMNDiagram>
</bpmn2:definitions>