<?xml version="1.0" encoding="UTF-8"?>
<bpmn2:definitions xmlns="http://www.omg.org/spec/BPMN/20100524/MODEL" xmlns:bpmn2="http://www.omg.org/spec/BPMN/20100524/MODEL" xmlns:xsi="http://www.w3.org/2001/XMLSchema-instance" xmlns:xsd="http://www.w3.org/2001/XMLSchema" xmlns:activiti="http://activiti.org/bpmn" xmlns:bpmndi="http://www.omg.org/spec/BPMN/20100524/DI" xmlns:omgdc="http://www.omg.org/spec/DD/20100524/DC" xmlns:omgdi="http://www.omg.org/spec/DD/20100524/DI" typeLanguage="http://www.w3.org/2001/XMLSchema" expressionLanguage="http://www.w3.org/1999/XPath" targetNamespace="http://www.activiti.org/test" id="model-a56652c8-acbd-49a2-aed5-e7afdb07d322" name="attach-file-variables" xsi:schemaLocation="http://www.omg.org/spec/BPMN/20100524/MODEL BPMN20.xsd">
  <bpmn2:process id="Process_32cBP7xc" name="attach-file-variables" isExecutable="true">
    <bpmn2:documentation>AAE-10912
Attach file by:
- string variable
- folder variable
- static path</bpmn2:documentation>
    <bpmn2:startEvent id="Event_1">
      <bpmn2:outgoing>SequenceFlow_0eixp8i</bpmn2:outgoing>
    </bpmn2:startEvent>
    <bpmn2:endEvent id="EndEvent_0ahvs9o">
      <bpmn2:incoming>SequenceFlow_0eqe7ol</bpmn2:incoming>
    </bpmn2:endEvent>
    <bpmn2:sequenceFlow id="SequenceFlow_0eixp8i" sourceRef="Event_1" targetRef="Task_02nmjhe"></bpmn2:sequenceFlow>
    <bpmn2:userTask id="Task_02nmjhe" name="attach files" activiti:assignee="${initiator}" activiti:formKey="form-27435237-1eb5-4ef4-b816-f1c6b2f3843f" activiti:priority="0">
      <bpmn2:incoming>SequenceFlow_0eixp8i</bpmn2:incoming>
      <bpmn2:outgoing>SequenceFlow_0eqe7ol</bpmn2:outgoing>
    </bpmn2:userTask>
    <bpmn2:sequenceFlow id="SequenceFlow_0eqe7ol" sourceRef="Task_02nmjhe" targetRef="EndEvent_0ahvs9o"></bpmn2:sequenceFlow>
  </bpmn2:process>
  <bpmndi:BPMNDiagram id="BPMNDiagram_Process_32cBP7xc">
    <bpmndi:BPMNPlane bpmnElement="Process_32cBP7xc" id="BPMNPlane_Process_32cBP7xc">
      <bpmndi:BPMNShape bpmnElement="Event_1" id="BPMNShape_Event_1">
        <omgdc:Bounds height="36.0" width="36.0" x="412.0" y="240.0"></omgdc:Bounds>
      </bpmndi:BPMNShape>
      <bpmndi:BPMNShape bpmnElement="EndEvent_0ahvs9o" id="BPMNShape_EndEvent_0ahvs9o">
        <omgdc:Bounds height="36.0" width="36.0" x="732.0" y="240.0"></omgdc:Bounds>
      </bpmndi:BPMNShape>
      <bpmndi:BPMNShape bpmnElement="Task_02nmjhe" id="BPMNShape_Task_02nmjhe">
        <omgdc:Bounds height="80.0" width="100.0" x="530.0" y="218.0"></omgdc:Bounds>
      </bpmndi:BPMNShape>
      <bpmndi:BPMNEdge bpmnElement="SequenceFlow_0eixp8i" id="BPMNEdge_SequenceFlow_0eixp8i">
        <omgdi:waypoint x="448.0" y="258.0"></omgdi:waypoint>
        <omgdi:waypoint x="530.0" y="258.0"></omgdi:waypoint>
      </bpmndi:BPMNEdge>
      <bpmndi:BPMNEdge bpmnElement="SequenceFlow_0eqe7ol" id="BPMNEdge_SequenceFlow_0eqe7ol">
        <omgdi:waypoint x="630.0" y="258.0"></omgdi:waypoint>
        <omgdi:waypoint x="732.0" y="258.0"></omgdi:waypoint>
      </bpmndi:BPMNEdge>
    </bpmndi:BPMNPlane>
  </bpmndi:BPMNDiagram>
</bpmn2:definitions>