<?xml version="1.0" encoding="UTF-8"?>
<bpmn2:definitions xmlns="http://www.omg.org/spec/BPMN/20100524/MODEL" xmlns:bpmn2="http://www.omg.org/spec/BPMN/20100524/MODEL" xmlns:xsi="http://www.w3.org/2001/XMLSchema-instance" xmlns:xsd="http://www.w3.org/2001/XMLSchema" xmlns:activiti="http://activiti.org/bpmn" xmlns:bpmndi="http://www.omg.org/spec/BPMN/20100524/DI" xmlns:omgdc="http://www.omg.org/spec/DD/20100524/DC" xmlns:omgdi="http://www.omg.org/spec/DD/20100524/DI" xmlns:dc="http://www.omg.org/spec/DD/20100524/DC" xmlns:di="http://www.omg.org/spec/DD/20100524/DI" typeLanguage="http://www.w3.org/2001/XMLSchema" expressionLanguage="http://www.w3.org/1999/XPath" targetNamespace="http://bpmn.io/schema/bpmn" id="model-4b7f4e2c-dbf8-41b2-8617-cc69efa49227" name="attach-multiple-multiple" xsi:schemaLocation="http://www.omg.org/spec/BPMN/20100524/MODEL BPMN20.xsd">
  <bpmn2:process id="Process_gR0N_FOkF" name="attach-multiple-multiple" isExecutable="true">
    <bpmn2:startEvent id="Event_1" activiti:formKey="form-a1968605-d474-4482-92eb-ffbfe782b922">
      <bpmn2:outgoing>SequenceFlow_17ic1pa</bpmn2:outgoing>
    </bpmn2:startEvent>
    <bpmn2:sequenceFlow id="SequenceFlow_17ic1pa" sourceRef="Event_1" targetRef="Task_0zy3ih9"></bpmn2:sequenceFlow>
    <bpmn2:userTask id="Task_0zy3ih9" name="User Task" activiti:assignee="hruser">
      <bpmn2:incoming>SequenceFlow_17ic1pa</bpmn2:incoming>
      <bpmn2:outgoing>SequenceFlow_04ijdbk</bpmn2:outgoing>
    </bpmn2:userTask>
    <bpmn2:endEvent id="EndEvent_0msjx2t">
      <bpmn2:incoming>SequenceFlow_04ijdbk</bpmn2:incoming>
    </bpmn2:endEvent>
    <bpmn2:sequenceFlow id="SequenceFlow_04ijdbk" sourceRef="Task_0zy3ih9" targetRef="EndEvent_0msjx2t"></bpmn2:sequenceFlow>
  </bpmn2:process>
  <bpmndi:BPMNDiagram id="BPMNDiagram_Process_gR0N_FOkF">
    <bpmndi:BPMNPlane bpmnElement="Process_gR0N_FOkF" id="BPMNPlane_Process_gR0N_FOkF">
      <bpmndi:BPMNShape bpmnElement="Event_1" id="BPMNShape_Event_1">
        <omgdc:Bounds height="36.0" width="36.0" x="132.0" y="182.0"></omgdc:Bounds>
      </bpmndi:BPMNShape>
      <bpmndi:BPMNShape bpmnElement="Task_0zy3ih9" id="BPMNShape_Task_0zy3ih9">
        <omgdc:Bounds height="80.0" width="100.0" x="220.0" y="160.0"></omgdc:Bounds>
      </bpmndi:BPMNShape>
      <bpmndi:BPMNShape bpmnElement="EndEvent_0msjx2t" id="BPMNShape_EndEvent_0msjx2t">
        <omgdc:Bounds height="36.0" width="36.0" x="372.0" y="182.0"></omgdc:Bounds>
      </bpmndi:BPMNShape>
      <bpmndi:BPMNEdge bpmnElement="SequenceFlow_17ic1pa" id="BPMNEdge_SequenceFlow_17ic1pa">
        <omgdi:waypoint x="168.0" y="200.0"></omgdi:waypoint>
        <omgdi:waypoint x="220.0" y="200.0"></omgdi:waypoint>
      </bpmndi:BPMNEdge>
      <bpmndi:BPMNEdge bpmnElement="SequenceFlow_04ijdbk" id="BPMNEdge_SequenceFlow_04ijdbk">
        <omgdi:waypoint x="320.0" y="200.0"></omgdi:waypoint>
        <omgdi:waypoint x="372.0" y="200.0"></omgdi:waypoint>
      </bpmndi:BPMNEdge>
    </bpmndi:BPMNPlane>
  </bpmndi:BPMNDiagram>
</bpmn2:definitions>