<?xml version="1.0" encoding="UTF-8"?>
<bpmn2:definitions xmlns="http://www.omg.org/spec/BPMN/20100524/MODEL" xmlns:bpmn2="http://www.omg.org/spec/BPMN/20100524/MODEL" xmlns:xsi="http://www.w3.org/2001/XMLSchema-instance" xmlns:xsd="http://www.w3.org/2001/XMLSchema" xmlns:activiti="http://activiti.org/bpmn" xmlns:bpmndi="http://www.omg.org/spec/BPMN/20100524/DI" xmlns:omgdc="http://www.omg.org/spec/DD/20100524/DC" xmlns:omgdi="http://www.omg.org/spec/DD/20100524/DI" xmlns:dc="http://www.omg.org/spec/DD/20100524/DC" xmlns:di="http://www.omg.org/spec/DD/20100524/DI" typeLanguage="http://www.w3.org/2001/XMLSchema" expressionLanguage="http://www.w3.org/1999/XPath" targetNamespace="http://bpmn.io/schema/bpmn" id="model-8234bc18-162d-4481-b240-41eff4556b34" name="attach-file-invisible" xsi:schemaLocation="http://www.omg.org/spec/BPMN/20100524/MODEL BPMN20.xsd">
  <bpmn2:process id="Process_wjq3VstJo" name="attach-file-invisible" isExecutable="true">
    <bpmn2:startEvent id="Event_1" activiti:formKey="form-b8de26d1-2ac2-49b4-91a1-5c82bc1750c5">
      <bpmn2:outgoing>SequenceFlow_12t3wvu</bpmn2:outgoing>
    </bpmn2:startEvent>
    <bpmn2:sequenceFlow id="SequenceFlow_12t3wvu" sourceRef="Event_1" targetRef="Task_0n2awx9"></bpmn2:sequenceFlow>
    <bpmn2:userTask id="Task_0n2awx9" name="User Task" activiti:assignee="hruser">
      <bpmn2:incoming>SequenceFlow_12t3wvu</bpmn2:incoming>
      <bpmn2:outgoing>SequenceFlow_1v3jhml</bpmn2:outgoing>
    </bpmn2:userTask>
    <bpmn2:endEvent id="EndEvent_165xa8m">
      <bpmn2:incoming>SequenceFlow_1v3jhml</bpmn2:incoming>
    </bpmn2:endEvent>
    <bpmn2:sequenceFlow id="SequenceFlow_1v3jhml" sourceRef="Task_0n2awx9" targetRef="EndEvent_165xa8m"></bpmn2:sequenceFlow>
  </bpmn2:process>
  <bpmndi:BPMNDiagram id="BPMNDiagram_Process_wjq3VstJo">
    <bpmndi:BPMNPlane bpmnElement="Process_wjq3VstJo" id="BPMNPlane_Process_wjq3VstJo">
      <bpmndi:BPMNShape bpmnElement="Event_1" id="BPMNShape_Event_1">
        <omgdc:Bounds height="36.0" width="36.0" x="142.0" y="202.0"></omgdc:Bounds>
      </bpmndi:BPMNShape>
      <bpmndi:BPMNShape bpmnElement="Task_0n2awx9" id="BPMNShape_Task_0n2awx9">
        <omgdc:Bounds height="80.0" width="100.0" x="230.0" y="180.0"></omgdc:Bounds>
      </bpmndi:BPMNShape>
      <bpmndi:BPMNShape bpmnElement="EndEvent_165xa8m" id="BPMNShape_EndEvent_165xa8m">
        <omgdc:Bounds height="36.0" width="36.0" x="382.0" y="202.0"></omgdc:Bounds>
      </bpmndi:BPMNShape>
      <bpmndi:BPMNEdge bpmnElement="SequenceFlow_12t3wvu" id="BPMNEdge_SequenceFlow_12t3wvu">
        <omgdi:waypoint x="178.0" y="220.0"></omgdi:waypoint>
        <omgdi:waypoint x="230.0" y="220.0"></omgdi:waypoint>
      </bpmndi:BPMNEdge>
      <bpmndi:BPMNEdge bpmnElement="SequenceFlow_1v3jhml" id="BPMNEdge_SequenceFlow_1v3jhml">
        <omgdi:waypoint x="330.0" y="220.0"></omgdi:waypoint>
        <omgdi:waypoint x="382.0" y="220.0"></omgdi:waypoint>
      </bpmndi:BPMNEdge>
    </bpmndi:BPMNPlane>
  </bpmndi:BPMNDiagram>
</bpmn2:definitions>