<?xml version="1.0" encoding="UTF-8"?>
<bpmn2:definitions xmlns="http://www.omg.org/spec/BPMN/20100524/MODEL" xmlns:bpmn2="http://www.omg.org/spec/BPMN/20100524/MODEL" xmlns:xsi="http://www.w3.org/2001/XMLSchema-instance" xmlns:xsd="http://www.w3.org/2001/XMLSchema" xmlns:activiti="http://activiti.org/bpmn" xmlns:bpmndi="http://www.omg.org/spec/BPMN/20100524/DI" xmlns:omgdc="http://www.omg.org/spec/DD/20100524/DC" xmlns:omgdi="http://www.omg.org/spec/DD/20100524/DI" typeLanguage="http://www.w3.org/2001/XMLSchema" expressionLanguage="http://www.w3.org/1999/XPath" targetNamespace="used-by-playwright" id="model-a0c036be-342b-4681-8265-944ffd39cde5" name="attach-local-with-viewers" xsi:schemaLocation="http://www.omg.org/spec/BPMN/20100524/MODEL BPMN20.xsd">
  <bpmn2:process id="Process_EsTRP9PN" name="attach-local-with-viewers" isExecutable="true">
    <bpmn2:startEvent id="Event_1">
      <bpmn2:outgoing>SequenceFlow_1kxgko2</bpmn2:outgoing>
    </bpmn2:startEvent>
    <bpmn2:userTask id="UserTask_1m0rcbo" name="hruser" activiti:assignee="hruser" activiti:formKey="form-beee042f-5974-4ff1-9abf-b45da88037e2" activiti:priority="0">
      <bpmn2:incoming>SequenceFlow_1kxgko2</bpmn2:incoming>
      <bpmn2:outgoing>SequenceFlow_139o1uq</bpmn2:outgoing>
    </bpmn2:userTask>
    <bpmn2:endEvent id="EndEvent_06d7xzt">
      <bpmn2:incoming>SequenceFlow_139o1uq</bpmn2:incoming>
    </bpmn2:endEvent>
    <bpmn2:sequenceFlow id="SequenceFlow_139o1uq" sourceRef="UserTask_1m0rcbo" targetRef="EndEvent_06d7xzt"></bpmn2:sequenceFlow>
    <bpmn2:sequenceFlow id="SequenceFlow_1kxgko2" sourceRef="Event_1" targetRef="UserTask_1m0rcbo"></bpmn2:sequenceFlow>
  </bpmn2:process>
  <bpmndi:BPMNDiagram id="BPMNDiagram_Process_EsTRP9PN">
    <bpmndi:BPMNPlane bpmnElement="Process_EsTRP9PN" id="BPMNPlane_Process_EsTRP9PN">
      <bpmndi:BPMNShape bpmnElement="Event_1" id="BPMNShape_Event_1">
        <omgdc:Bounds height="36.0" width="36.0" x="412.0" y="240.0"></omgdc:Bounds>
      </bpmndi:BPMNShape>
      <bpmndi:BPMNShape bpmnElement="UserTask_1m0rcbo" id="BPMNShape_UserTask_1m0rcbo">
        <omgdc:Bounds height="80.0" width="100.0" x="500.0" y="218.0"></omgdc:Bounds>
      </bpmndi:BPMNShape>
      <bpmndi:BPMNShape bpmnElement="EndEvent_06d7xzt" id="BPMNShape_EndEvent_06d7xzt">
        <omgdc:Bounds height="36.0" width="36.0" x="652.0" y="240.0"></omgdc:Bounds>
      </bpmndi:BPMNShape>
      <bpmndi:BPMNEdge bpmnElement="SequenceFlow_139o1uq" id="BPMNEdge_SequenceFlow_139o1uq">
        <omgdi:waypoint x="600.0" y="258.0"></omgdi:waypoint>
        <omgdi:waypoint x="652.0" y="258.0"></omgdi:waypoint>
      </bpmndi:BPMNEdge>
      <bpmndi:BPMNEdge bpmnElement="SequenceFlow_1kxgko2" id="BPMNEdge_SequenceFlow_1kxgko2">
        <omgdi:waypoint x="448.0" y="258.0"></omgdi:waypoint>
        <omgdi:waypoint x="500.0" y="258.0"></omgdi:waypoint>
      </bpmndi:BPMNEdge>
    </bpmndi:BPMNPlane>
  </bpmndi:BPMNDiagram>
</bpmn2:definitions>