<?xml version="1.0" encoding="UTF-8"?>
<bpmn2:definitions xmlns="http://www.omg.org/spec/BPMN/20100524/MODEL" xmlns:bpmn2="http://www.omg.org/spec/BPMN/20100524/MODEL" xmlns:xsi="http://www.w3.org/2001/XMLSchema-instance" xmlns:xsd="http://www.w3.org/2001/XMLSchema" xmlns:activiti="http://activiti.org/bpmn" xmlns:bpmndi="http://www.omg.org/spec/BPMN/20100524/DI" xmlns:omgdc="http://www.omg.org/spec/DD/20100524/DC" xmlns:omgdi="http://www.omg.org/spec/DD/20100524/DI" xmlns:dc="http://www.omg.org/spec/DD/20100524/DC" xmlns:di="http://www.omg.org/spec/DD/20100524/DI" typeLanguage="http://www.w3.org/2001/XMLSchema" expressionLanguage="http://www.w3.org/1999/XPath" targetNamespace="http://bpmn.io/schema/bpmn" id="model-04eacc5b-8a2c-4e68-862d-df70aa5ad28b" name="attach-files-process" xsi:schemaLocation="http://www.omg.org/spec/BPMN/20100524/MODEL BPMN20.xsd">
  <bpmn2:process id="Process_lArQ2I9Og" name="attach-files-process" isExecutable="true">
    <bpmn2:startEvent id="Event_1" activiti:formKey="form-a25c017c-38e9-49cc-a41e-b4d881486224">
      <bpmn2:outgoing>SequenceFlow_0tduwrs</bpmn2:outgoing>
    </bpmn2:startEvent>
    <bpmn2:sequenceFlow id="SequenceFlow_0tduwrs" sourceRef="Event_1" targetRef="Task_1xsuemy"></bpmn2:sequenceFlow>
    <bpmn2:userTask id="Task_1xsuemy" name="User Task" activiti:assignee="hruser">
      <bpmn2:incoming>SequenceFlow_0tduwrs</bpmn2:incoming>
      <bpmn2:outgoing>SequenceFlow_0xkqw7k</bpmn2:outgoing>
    </bpmn2:userTask>
    <bpmn2:endEvent id="EndEvent_0ebxdf0">
      <bpmn2:incoming>SequenceFlow_0xkqw7k</bpmn2:incoming>
    </bpmn2:endEvent>
    <bpmn2:sequenceFlow id="SequenceFlow_0xkqw7k" sourceRef="Task_1xsuemy" targetRef="EndEvent_0ebxdf0"></bpmn2:sequenceFlow>
  </bpmn2:process>
  <bpmndi:BPMNDiagram id="BPMNDiagram_Process_lArQ2I9Og">
    <bpmndi:BPMNPlane bpmnElement="Process_lArQ2I9Og" id="BPMNPlane_Process_lArQ2I9Og">
      <bpmndi:BPMNShape bpmnElement="Event_1" id="BPMNShape_Event_1">
        <omgdc:Bounds height="36.0" width="36.0" x="132.0" y="172.0"></omgdc:Bounds>
      </bpmndi:BPMNShape>
      <bpmndi:BPMNShape bpmnElement="Task_1xsuemy" id="BPMNShape_Task_1xsuemy">
        <omgdc:Bounds height="80.0" width="100.0" x="220.0" y="150.0"></omgdc:Bounds>
      </bpmndi:BPMNShape>
      <bpmndi:BPMNShape bpmnElement="EndEvent_0ebxdf0" id="BPMNShape_EndEvent_0ebxdf0">
        <omgdc:Bounds height="36.0" width="36.0" x="372.0" y="172.0"></omgdc:Bounds>
      </bpmndi:BPMNShape>
      <bpmndi:BPMNEdge bpmnElement="SequenceFlow_0tduwrs" id="BPMNEdge_SequenceFlow_0tduwrs">
        <omgdi:waypoint x="168.0" y="190.0"></omgdi:waypoint>
        <omgdi:waypoint x="220.0" y="190.0"></omgdi:waypoint>
      </bpmndi:BPMNEdge>
      <bpmndi:BPMNEdge bpmnElement="SequenceFlow_0xkqw7k" id="BPMNEdge_SequenceFlow_0xkqw7k">
        <omgdi:waypoint x="320.0" y="190.0"></omgdi:waypoint>
        <omgdi:waypoint x="372.0" y="190.0"></omgdi:waypoint>
      </bpmndi:BPMNEdge>
    </bpmndi:BPMNPlane>
  </bpmndi:BPMNDiagram>
</bpmn2:definitions>