{"id":"process-8b563afb-cc79-4784-bf50-a65846e5d775","type":"PROCESS","name":"attach-file-variables","extensions":{"Process_32cBP7xc":{"constants":{},"mappings":{"Task_02nmjhe":{"inputs":{"variables.string":{"type":"variable","value":"stringProcessVariable"}}}},"properties":{"8edd8480-c0cb-433d-8131-20395878c6a2":{"id":"8edd8480-c0cb-433d-8131-20395878c6a2","name":"stringProcessVariable","type":"string","analytics":false,"required":false,"model":{"$ref":"#/$defs/primitive/string"},"value":"-my-/e2e-pw-string-variable/"}},"assignments":{}}}}