<?xml version="1.0" encoding="UTF-8"?>
<bpmn2:definitions xmlns="http://www.omg.org/spec/BPMN/20100524/MODEL" xmlns:bpmn2="http://www.omg.org/spec/BPMN/20100524/MODEL" xmlns:xsi="http://www.w3.org/2001/XMLSchema-instance" xmlns:xsd="http://www.w3.org/2001/XMLSchema" xmlns:activiti="http://activiti.org/bpmn" xmlns:bpmndi="http://www.omg.org/spec/BPMN/20100524/DI" xmlns:omgdc="http://www.omg.org/spec/DD/20100524/DC" xmlns:omgdi="http://www.omg.org/spec/DD/20100524/DI" xmlns:dc="http://www.omg.org/spec/DD/20100524/DC" xmlns:di="http://www.omg.org/spec/DD/20100524/DI" typeLanguage="http://www.w3.org/2001/XMLSchema" expressionLanguage="http://www.w3.org/1999/XPath" targetNamespace="http://bpmn.io/schema/bpmn" id="model-f8e1f4f7-8254-4939-a515-ae91e28f8d6d" name="attach-file-visible" xsi:schemaLocation="http://www.omg.org/spec/BPMN/20100524/MODEL BPMN20.xsd">
  <bpmn2:process id="Process_EuBWQIMH2" name="attach-file-visible" isExecutable="true">
    <bpmn2:startEvent id="Event_1" activiti:formKey="form-bcb82b67-18cd-447f-83b3-d4e4a576a727">
      <bpmn2:outgoing>SequenceFlow_0lgq49t</bpmn2:outgoing>
    </bpmn2:startEvent>
    <bpmn2:sequenceFlow id="SequenceFlow_0lgq49t" sourceRef="Event_1" targetRef="Task_1cplwgd"></bpmn2:sequenceFlow>
    <bpmn2:endEvent id="EndEvent_0bls2d5">
      <bpmn2:incoming>SequenceFlow_1th7du8</bpmn2:incoming>
    </bpmn2:endEvent>
    <bpmn2:sequenceFlow id="SequenceFlow_1th7du8" sourceRef="Task_1cplwgd" targetRef="EndEvent_0bls2d5"></bpmn2:sequenceFlow>
    <bpmn2:userTask id="Task_1cplwgd" name="User Task" activiti:assignee="hruser">
      <bpmn2:incoming>SequenceFlow_0lgq49t</bpmn2:incoming>
      <bpmn2:outgoing>SequenceFlow_1th7du8</bpmn2:outgoing>
    </bpmn2:userTask>
  </bpmn2:process>
  <bpmndi:BPMNDiagram id="BPMNDiagram_Process_EuBWQIMH2">
    <bpmndi:BPMNPlane bpmnElement="Process_EuBWQIMH2" id="BPMNPlane_Process_EuBWQIMH2">
      <bpmndi:BPMNShape bpmnElement="Event_1" id="BPMNShape_Event_1">
        <omgdc:Bounds height="36.0" width="36.0" x="142.0" y="152.0"></omgdc:Bounds>
      </bpmndi:BPMNShape>
      <bpmndi:BPMNShape bpmnElement="EndEvent_0bls2d5" id="BPMNShape_EndEvent_0bls2d5">
        <omgdc:Bounds height="36.0" width="36.0" x="382.0" y="152.0"></omgdc:Bounds>
      </bpmndi:BPMNShape>
      <bpmndi:BPMNShape bpmnElement="Task_1cplwgd" id="BPMNShape_Task_1cplwgd">
        <omgdc:Bounds height="80.0" width="100.0" x="230.0" y="130.0"></omgdc:Bounds>
      </bpmndi:BPMNShape>
      <bpmndi:BPMNEdge bpmnElement="SequenceFlow_0lgq49t" id="BPMNEdge_SequenceFlow_0lgq49t">
        <omgdi:waypoint x="178.0" y="170.0"></omgdi:waypoint>
        <omgdi:waypoint x="230.0" y="170.0"></omgdi:waypoint>
      </bpmndi:BPMNEdge>
      <bpmndi:BPMNEdge bpmnElement="SequenceFlow_1th7du8" id="BPMNEdge_SequenceFlow_1th7du8">
        <omgdi:waypoint x="330.0" y="170.0"></omgdi:waypoint>
        <omgdi:waypoint x="382.0" y="170.0"></omgdi:waypoint>
      </bpmndi:BPMNEdge>
    </bpmndi:BPMNPlane>
  </bpmndi:BPMNDiagram>
</bpmn2:definitions>