<?xml version="1.0" encoding="UTF-8"?>
<bpmn2:definitions xmlns="http://www.omg.org/spec/BPMN/20100524/MODEL" xmlns:bpmn2="http://www.omg.org/spec/BPMN/20100524/MODEL" xmlns:xsi="http://www.w3.org/2001/XMLSchema-instance" xmlns:xsd="http://www.w3.org/2001/XMLSchema" xmlns:activiti="http://activiti.org/bpmn" xmlns:bpmndi="http://www.omg.org/spec/BPMN/20100524/DI" xmlns:omgdc="http://www.omg.org/spec/DD/20100524/DC" xmlns:omgdi="http://www.omg.org/spec/DD/20100524/DI" xmlns:dc="http://www.omg.org/spec/DD/20100524/DC" xmlns:di="http://www.omg.org/spec/DD/20100524/DI" typeLanguage="http://www.w3.org/2001/XMLSchema" expressionLanguage="http://www.w3.org/1999/XPath" targetNamespace="http://bpmn.io/schema/bpmn" id="model-40fe40ab-a628-409b-9f1b-ce053643aed2" name="attach-single-multiple" xsi:schemaLocation="http://www.omg.org/spec/BPMN/20100524/MODEL BPMN20.xsd">
  <bpmn2:process id="Process_K1S3V6Cxe" name="attach-single-multiple" isExecutable="true">
    <bpmn2:startEvent id="Event_1" activiti:formKey="form-7462b568-94a1-4f0c-9c9f-3d683a09b241">
      <bpmn2:outgoing>SequenceFlow_0qo69rb</bpmn2:outgoing>
    </bpmn2:startEvent>
    <bpmn2:sequenceFlow id="SequenceFlow_0qo69rb" sourceRef="Event_1" targetRef="Task_1c68uh7"></bpmn2:sequenceFlow>
    <bpmn2:userTask id="Task_1c68uh7" name="User Task" activiti:assignee="hruser">
      <bpmn2:incoming>SequenceFlow_0qo69rb</bpmn2:incoming>
      <bpmn2:outgoing>SequenceFlow_1g46zty</bpmn2:outgoing>
    </bpmn2:userTask>
    <bpmn2:endEvent id="EndEvent_1042i20">
      <bpmn2:incoming>SequenceFlow_1g46zty</bpmn2:incoming>
    </bpmn2:endEvent>
    <bpmn2:sequenceFlow id="SequenceFlow_1g46zty" sourceRef="Task_1c68uh7" targetRef="EndEvent_1042i20"></bpmn2:sequenceFlow>
  </bpmn2:process>
  <bpmndi:BPMNDiagram id="BPMNDiagram_Process_K1S3V6Cxe">
    <bpmndi:BPMNPlane bpmnElement="Process_K1S3V6Cxe" id="BPMNPlane_Process_K1S3V6Cxe">
      <bpmndi:BPMNShape bpmnElement="Event_1" id="BPMNShape_Event_1">
        <omgdc:Bounds height="36.0" width="36.0" x="192.0" y="192.0"></omgdc:Bounds>
      </bpmndi:BPMNShape>
      <bpmndi:BPMNShape bpmnElement="Task_1c68uh7" id="BPMNShape_Task_1c68uh7">
        <omgdc:Bounds height="80.0" width="100.0" x="280.0" y="170.0"></omgdc:Bounds>
      </bpmndi:BPMNShape>
      <bpmndi:BPMNShape bpmnElement="EndEvent_1042i20" id="BPMNShape_EndEvent_1042i20">
        <omgdc:Bounds height="36.0" width="36.0" x="432.0" y="192.0"></omgdc:Bounds>
      </bpmndi:BPMNShape>
      <bpmndi:BPMNEdge bpmnElement="SequenceFlow_0qo69rb" id="BPMNEdge_SequenceFlow_0qo69rb">
        <omgdi:waypoint x="228.0" y="210.0"></omgdi:waypoint>
        <omgdi:waypoint x="280.0" y="210.0"></omgdi:waypoint>
      </bpmndi:BPMNEdge>
      <bpmndi:BPMNEdge bpmnElement="SequenceFlow_1g46zty" id="BPMNEdge_SequenceFlow_1g46zty">
        <omgdi:waypoint x="380.0" y="210.0"></omgdi:waypoint>
        <omgdi:waypoint x="432.0" y="210.0"></omgdi:waypoint>
      </bpmndi:BPMNEdge>
    </bpmndi:BPMNPlane>
  </bpmndi:BPMNDiagram>
</bpmn2:definitions>