<?xml version="1.0" encoding="UTF-8"?>
<bpmn2:definitions xmlns:activiti="http://activiti.org/bpmn" xmlns:xsi="http://www.w3.org/2001/XMLSchema-instance" xmlns:bpmn2="http://www.omg.org/spec/BPMN/20100524/MODEL" xmlns:bpmndi="http://www.omg.org/spec/BPMN/20100524/DI" xmlns:dc="http://www.omg.org/spec/DD/20100524/DC" xmlns:di="http://www.omg.org/spec/DD/20100524/DI" id="model-f8e1f4f7-8254-4939-a515-ae91e28f8d6d" name="attach-file-visible" targetNamespace="http://bpmn.io/schema/bpmn" xsi:schemaLocation="http://www.omg.org/spec/BPMN/20100524/MODEL BPMN20.xsd">
  <bpmn2:process id="Process_EuBWQIMH2" name="attach-file-visible" isExecutable="true">
    <bpmn2:documentation />
    <bpmn2:startEvent id="Event_1" activiti:formKey="form-ae9f3ffd-5499-4e85-85b1-f757f52c0d51">
      <bpmn2:outgoing>SequenceFlow_0lgq49t</bpmn2:outgoing>
    </bpmn2:startEvent>
    <bpmn2:sequenceFlow id="SequenceFlow_0lgq49t" sourceRef="Event_1" targetRef="Task_1cplwgd" />
    <bpmn2:endEvent id="EndEvent_0bls2d5">
      <bpmn2:incoming>SequenceFlow_1th7du8</bpmn2:incoming>
    </bpmn2:endEvent>
    <bpmn2:sequenceFlow id="SequenceFlow_1th7du8" sourceRef="Task_1cplwgd" targetRef="EndEvent_0bls2d5" />
    <bpmn2:userTask id="Task_1cplwgd" name="User Task" activiti:assignee="hruser">
      <bpmn2:incoming>SequenceFlow_0lgq49t</bpmn2:incoming>
      <bpmn2:outgoing>SequenceFlow_1th7du8</bpmn2:outgoing>
    </bpmn2:userTask>
  </bpmn2:process>
  <bpmndi:BPMNDiagram id="BPMNDiagram_1">
    <bpmndi:BPMNPlane id="BPMNPlane_1" bpmnElement="Process_EuBWQIMH2">
      <bpmndi:BPMNShape id="_BPMNShape_Event_2" bpmnElement="Event_1">
        <dc:Bounds x="142" y="152" width="36" height="36" />
      </bpmndi:BPMNShape>
      <bpmndi:BPMNEdge id="SequenceFlow_0lgq49t_di" bpmnElement="SequenceFlow_0lgq49t">
        <di:waypoint x="178" y="170" />
        <di:waypoint x="230" y="170" />
      </bpmndi:BPMNEdge>
      <bpmndi:BPMNShape id="EndEvent_0bls2d5_di" bpmnElement="EndEvent_0bls2d5">
        <dc:Bounds x="382" y="152" width="36" height="36" />
      </bpmndi:BPMNShape>
      <bpmndi:BPMNEdge id="SequenceFlow_1th7du8_di" bpmnElement="SequenceFlow_1th7du8">
        <di:waypoint x="330" y="170" />
        <di:waypoint x="382" y="170" />
      </bpmndi:BPMNEdge>
      <bpmndi:BPMNShape id="UserTask_18xgpxw_di" bpmnElement="Task_1cplwgd">
        <dc:Bounds x="230" y="130" width="100" height="80" />
      </bpmndi:BPMNShape>
    </bpmndi:BPMNPlane>
  </bpmndi:BPMNDiagram>
</bpmn2:definitions>
