<?xml version="1.0" encoding="UTF-8"?>
<bpmn2:definitions xmlns="http://www.omg.org/spec/BPMN/20100524/MODEL" xmlns:bpmn2="http://www.omg.org/spec/BPMN/20100524/MODEL" xmlns:xsi="http://www.w3.org/2001/XMLSchema-instance" xmlns:xsd="http://www.w3.org/2001/XMLSchema" xmlns:activiti="http://activiti.org/bpmn" xmlns:bpmndi="http://www.omg.org/spec/BPMN/20100524/DI" xmlns:omgdc="http://www.omg.org/spec/DD/20100524/DC" xmlns:omgdi="http://www.omg.org/spec/DD/20100524/DI" typeLanguage="http://www.w3.org/2001/XMLSchema" expressionLanguage="http://www.w3.org/1999/XPath" targetNamespace="http://bpmn.io/schema/bpmn" id="model-6df5f8cd-a982-4610-9dac-4a68e24bcf75" name="attach-local-file-on-task" xsi:schemaLocation="http://www.omg.org/spec/BPMN/20100524/MODEL BPMN20.xsd">
  <bpmn2:process id="Process_I1Ha6y9_W" name="attach-local-file-on-task" isExecutable="true">
    <bpmn2:startEvent id="Event_1">
      <bpmn2:outgoing>SequenceFlow_11om0lw</bpmn2:outgoing>
    </bpmn2:startEvent>
    <bpmn2:sequenceFlow id="SequenceFlow_11om0lw" sourceRef="Event_1" targetRef="Task_0veaok0"></bpmn2:sequenceFlow>
    <bpmn2:endEvent id="EndEvent_0p2u4fa">
      <bpmn2:incoming>SequenceFlow_1uznrei</bpmn2:incoming>
    </bpmn2:endEvent>
    <bpmn2:sequenceFlow id="SequenceFlow_1uznrei" sourceRef="Task_0veaok0" targetRef="EndEvent_0p2u4fa"></bpmn2:sequenceFlow>
    <bpmn2:userTask id="Task_0veaok0" name="attach local file" activiti:candidateGroups="hr" activiti:formKey="form-fb2dea25-248c-43e5-8304-91bf690607d7">
      <bpmn2:incoming>SequenceFlow_11om0lw</bpmn2:incoming>
      <bpmn2:outgoing>SequenceFlow_1uznrei</bpmn2:outgoing>
    </bpmn2:userTask>
  </bpmn2:process>
  <bpmndi:BPMNDiagram id="BPMNDiagram_Process_I1Ha6y9_W">
    <bpmndi:BPMNPlane bpmnElement="Process_I1Ha6y9_W" id="BPMNPlane_Process_I1Ha6y9_W">
      <bpmndi:BPMNShape bpmnElement="Event_1" id="BPMNShape_Event_1">
        <omgdc:Bounds height="36.0" width="36.0" x="412.0" y="240.0"></omgdc:Bounds>
      </bpmndi:BPMNShape>
      <bpmndi:BPMNShape bpmnElement="EndEvent_0p2u4fa" id="BPMNShape_EndEvent_0p2u4fa">
        <omgdc:Bounds height="36.0" width="36.0" x="652.0" y="240.0"></omgdc:Bounds>
      </bpmndi:BPMNShape>
      <bpmndi:BPMNShape bpmnElement="Task_0veaok0" id="BPMNShape_Task_0veaok0">
        <omgdc:Bounds height="80.0" width="100.0" x="500.0" y="218.0"></omgdc:Bounds>
      </bpmndi:BPMNShape>
      <bpmndi:BPMNEdge bpmnElement="SequenceFlow_11om0lw" id="BPMNEdge_SequenceFlow_11om0lw">
        <omgdi:waypoint x="448.0" y="258.0"></omgdi:waypoint>
        <omgdi:waypoint x="500.0" y="258.0"></omgdi:waypoint>
      </bpmndi:BPMNEdge>
      <bpmndi:BPMNEdge bpmnElement="SequenceFlow_1uznrei" id="BPMNEdge_SequenceFlow_1uznrei">
        <omgdi:waypoint x="600.0" y="258.0"></omgdi:waypoint>
        <omgdi:waypoint x="652.0" y="258.0"></omgdi:waypoint>
      </bpmndi:BPMNEdge>
    </bpmndi:BPMNPlane>
  </bpmndi:BPMNDiagram>
</bpmn2:definitions>