<?xml version="1.0" encoding="UTF-8"?>
<definitions xmlns="http://www.omg.org/spec/BPMN/20100524/MODEL" xmlns:xsi="http://www.w3.org/2001/XMLSchema-instance" xmlns:activiti="http://activiti.org/bpmn" xmlns:bpmndi="http://www.omg.org/spec/BPMN/20100524/DI" xmlns:omgdc="http://www.omg.org/spec/DD/20100524/DC" xmlns:omgdi="http://www.omg.org/spec/DD/20100524/DI" xmlns:xsd="http://www.w3.org/2001/XMLSchema" id="model-6df5f8cd-a982-4610-9dac-4a68e24bcf75" name="attach-local-file-on-task" targetNamespace="http://bpmn.io/schema/bpmn" xsi:schemaLocation="http://www.omg.org/spec/BPMN/20100524/MODEL BPMN20.xsd">
  <process id="Process_I1Ha6y9_W" name="attach-local-file-on-task" isExecutable="true">
    <startEvent id="Event_1">
      <outgoing>SequenceFlow_11om0lw</outgoing>
    </startEvent>
    <sequenceFlow id="SequenceFlow_11om0lw" sourceRef="Event_1" targetRef="Task_0veaok0" />
    <endEvent id="EndEvent_0p2u4fa">
      <incoming>SequenceFlow_1uznrei</incoming>
    </endEvent>
    <sequenceFlow id="SequenceFlow_1uznrei" sourceRef="Task_0veaok0" targetRef="EndEvent_0p2u4fa" />
    <userTask id="Task_0veaok0" name="attach local file" activiti:formKey="form-c24ae968-9424-489a-9c26-bcee7007be9c" activiti:candidateGroups="hr">
      <incoming>SequenceFlow_11om0lw</incoming>
      <outgoing>SequenceFlow_1uznrei</outgoing>
    </userTask>
  </process>
  <bpmndi:BPMNDiagram id="BPMNDiagram_Process_I1Ha6y9_W">
    <bpmndi:BPMNPlane id="BPMNPlane_Process_I1Ha6y9_W" bpmnElement="Process_I1Ha6y9_W">
      <bpmndi:BPMNShape id="BPMNShape_Event_1" bpmnElement="Event_1">
        <omgdc:Bounds x="412" y="240" width="36" height="36" />
      </bpmndi:BPMNShape>
      <bpmndi:BPMNShape id="BPMNShape_EndEvent_0p2u4fa" bpmnElement="EndEvent_0p2u4fa">
        <omgdc:Bounds x="652" y="240" width="36" height="36" />
      </bpmndi:BPMNShape>
      <bpmndi:BPMNShape id="BPMNShape_Task_0veaok0" bpmnElement="Task_0veaok0">
        <omgdc:Bounds x="500" y="218" width="100" height="80" />
      </bpmndi:BPMNShape>
      <bpmndi:BPMNEdge id="BPMNEdge_SequenceFlow_11om0lw" bpmnElement="SequenceFlow_11om0lw">
        <omgdi:waypoint x="448" y="258" />
        <omgdi:waypoint x="500" y="258" />
      </bpmndi:BPMNEdge>
      <bpmndi:BPMNEdge id="BPMNEdge_SequenceFlow_1uznrei" bpmnElement="SequenceFlow_1uznrei">
        <omgdi:waypoint x="600" y="258" />
        <omgdi:waypoint x="652" y="258" />
      </bpmndi:BPMNEdge>
    </bpmndi:BPMNPlane>
  </bpmndi:BPMNDiagram>
</definitions>
