<?xml version="1.0" encoding="UTF-8"?>
<bpmn2:definitions xmlns="http://www.omg.org/spec/BPMN/20100524/MODEL" xmlns:bpmn2="http://www.omg.org/spec/BPMN/20100524/MODEL" xmlns:xsi="http://www.w3.org/2001/XMLSchema-instance" xmlns:xsd="http://www.w3.org/2001/XMLSchema" xmlns:activiti="http://activiti.org/bpmn" xmlns:bpmndi="http://www.omg.org/spec/BPMN/20100524/DI" xmlns:omgdc="http://www.omg.org/spec/DD/20100524/DC" xmlns:omgdi="http://www.omg.org/spec/DD/20100524/DI" xmlns:dc="http://www.omg.org/spec/DD/20100524/DC" xmlns:di="http://www.omg.org/spec/DD/20100524/DI" typeLanguage="http://www.w3.org/2001/XMLSchema" expressionLanguage="http://www.w3.org/1999/XPath" targetNamespace="http://www.activiti.org/test" id="model-2e78d40a-4828-45d3-9f3e-fb6e3a51a903" name="big-form-process" xsi:schemaLocation="http://www.omg.org/spec/BPMN/20100524/MODEL BPMN20.xsd">
  <bpmn2:process id="Process_vkICYK3R" name="big-form-process" isExecutable="true">
    <bpmn2:startEvent id="Event_1">
      <bpmn2:outgoing>Flow_1nvceau</bpmn2:outgoing>
    </bpmn2:startEvent>
    <bpmn2:endEvent id="Event_0a4el16">
      <bpmn2:incoming>Flow_0jgeb8a</bpmn2:incoming>
    </bpmn2:endEvent>
    <bpmn2:userTask id="Activity_0g0dfaf" name="big-form-task" activiti:assignee="${initiator}" activiti:formKey="form-79f59aa5-dff4-41ed-9528-9cf7af5518b1" activiti:priority="0">
      <bpmn2:incoming>Flow_1nvceau</bpmn2:incoming>
      <bpmn2:outgoing>Flow_0jgeb8a</bpmn2:outgoing>
    </bpmn2:userTask>
    <bpmn2:sequenceFlow id="Flow_1nvceau" sourceRef="Event_1" targetRef="Activity_0g0dfaf"></bpmn2:sequenceFlow>
    <bpmn2:sequenceFlow id="Flow_0jgeb8a" sourceRef="Activity_0g0dfaf" targetRef="Event_0a4el16"></bpmn2:sequenceFlow>
  </bpmn2:process>
  <bpmndi:BPMNDiagram id="BPMNDiagram_Process_vkICYK3R">
    <bpmndi:BPMNPlane bpmnElement="Process_vkICYK3R" id="BPMNPlane_Process_vkICYK3R">
      <bpmndi:BPMNShape bpmnElement="Event_1" id="BPMNShape_Event_1">
        <omgdc:Bounds height="36.0" width="36.0" x="412.0" y="240.0"></omgdc:Bounds>
      </bpmndi:BPMNShape>
      <bpmndi:BPMNShape bpmnElement="Event_0a4el16" id="BPMNShape_Event_0a4el16">
        <omgdc:Bounds height="36.0" width="36.0" x="702.0" y="240.0"></omgdc:Bounds>
      </bpmndi:BPMNShape>
      <bpmndi:BPMNShape bpmnElement="Activity_0g0dfaf" id="BPMNShape_Activity_0g0dfaf">
        <omgdc:Bounds height="80.0" width="100.0" x="520.0" y="218.0"></omgdc:Bounds>
      </bpmndi:BPMNShape>
      <bpmndi:BPMNEdge bpmnElement="Flow_1nvceau" id="BPMNEdge_Flow_1nvceau">
        <omgdi:waypoint x="448.0" y="258.0"></omgdi:waypoint>
        <omgdi:waypoint x="520.0" y="258.0"></omgdi:waypoint>
      </bpmndi:BPMNEdge>
      <bpmndi:BPMNEdge bpmnElement="Flow_0jgeb8a" id="BPMNEdge_Flow_0jgeb8a">
        <omgdi:waypoint x="620.0" y="258.0"></omgdi:waypoint>
        <omgdi:waypoint x="702.0" y="258.0"></omgdi:waypoint>
      </bpmndi:BPMNEdge>
    </bpmndi:BPMNPlane>
  </bpmndi:BPMNDiagram>
</bpmn2:definitions>