<?xml version="1.0" encoding="UTF-8"?>
<bpmn2:definitions xmlns="http://www.omg.org/spec/BPMN/20100524/MODEL" xmlns:bpmn2="http://www.omg.org/spec/BPMN/20100524/MODEL" xmlns:xsi="http://www.w3.org/2001/XMLSchema-instance" xmlns:xsd="http://www.w3.org/2001/XMLSchema" xmlns:activiti="http://activiti.org/bpmn" xmlns:bpmndi="http://www.omg.org/spec/BPMN/20100524/DI" xmlns:omgdc="http://www.omg.org/spec/DD/20100524/DC" xmlns:omgdi="http://www.omg.org/spec/DD/20100524/DI" typeLanguage="http://www.w3.org/2001/XMLSchema" expressionLanguage="http://www.w3.org/1999/XPath" targetNamespace="http://bpmn.io/schema/bpmn" id="model-12a992ec-5b41-4922-bcd0-4463d655c658" name="booleanvisibilityprocess" xsi:schemaLocation="http://www.omg.org/spec/BPMN/20100524/MODEL BPMN20.xsd">
  <bpmn2:process id="Process_4x9lq5VJ" name="booleanvisibilityprocess" isExecutable="true">
    <bpmn2:startEvent id="StartEvent_1">
      <bpmn2:outgoing>SequenceFlow_0ya6zmq</bpmn2:outgoing>
    </bpmn2:startEvent>
    <bpmn2:sequenceFlow id="SequenceFlow_0ya6zmq" sourceRef="StartEvent_1" targetRef="Task_1dhvsrn"></bpmn2:sequenceFlow>
    <bpmn2:endEvent id="EndEvent_1c9lt1k">
      <bpmn2:incoming>SequenceFlow_0vxcmrw</bpmn2:incoming>
    </bpmn2:endEvent>
    <bpmn2:sequenceFlow id="SequenceFlow_0vxcmrw" sourceRef="Task_1dhvsrn" targetRef="EndEvent_1c9lt1k"></bpmn2:sequenceFlow>
    <bpmn2:userTask id="Task_1dhvsrn" name="boolean_visibility_task" activiti:candidateUsers="hruser" activiti:candidateGroups="hr" activiti:formKey="form-01d1e704-2bac-46e0-8abf-3668893c38ca">
      <bpmn2:incoming>SequenceFlow_0ya6zmq</bpmn2:incoming>
      <bpmn2:outgoing>SequenceFlow_0vxcmrw</bpmn2:outgoing>
    </bpmn2:userTask>
  </bpmn2:process>
  <bpmndi:BPMNDiagram id="BPMNDiagram_Process_4x9lq5VJ">
    <bpmndi:BPMNPlane bpmnElement="Process_4x9lq5VJ" id="BPMNPlane_Process_4x9lq5VJ">
      <bpmndi:BPMNShape bpmnElement="StartEvent_1" id="BPMNShape_StartEvent_1">
        <omgdc:Bounds height="36.0" width="36.0" x="412.0" y="240.0"></omgdc:Bounds>
      </bpmndi:BPMNShape>
      <bpmndi:BPMNShape bpmnElement="EndEvent_1c9lt1k" id="BPMNShape_EndEvent_1c9lt1k">
        <omgdc:Bounds height="36.0" width="36.0" x="648.0" y="240.0"></omgdc:Bounds>
      </bpmndi:BPMNShape>
      <bpmndi:BPMNShape bpmnElement="Task_1dhvsrn" id="BPMNShape_Task_1dhvsrn">
        <omgdc:Bounds height="80.0" width="100.0" x="498.0" y="218.0"></omgdc:Bounds>
      </bpmndi:BPMNShape>
      <bpmndi:BPMNEdge bpmnElement="SequenceFlow_0ya6zmq" id="BPMNEdge_SequenceFlow_0ya6zmq">
        <omgdi:waypoint x="448.0" y="258.0"></omgdi:waypoint>
        <omgdi:waypoint x="498.0" y="258.0"></omgdi:waypoint>
      </bpmndi:BPMNEdge>
      <bpmndi:BPMNEdge bpmnElement="SequenceFlow_0vxcmrw" id="BPMNEdge_SequenceFlow_0vxcmrw">
        <omgdi:waypoint x="598.0" y="258.0"></omgdi:waypoint>
        <omgdi:waypoint x="648.0" y="258.0"></omgdi:waypoint>
      </bpmndi:BPMNEdge>
    </bpmndi:BPMNPlane>
  </bpmndi:BPMNDiagram>
</bpmn2:definitions>