<?xml version="1.0" encoding="UTF-8"?>
<definitions xmlns="http://www.omg.org/spec/BPMN/20100524/MODEL" xmlns:xsi="http://www.w3.org/2001/XMLSchema-instance" xmlns:xsd="http://www.w3.org/2001/XMLSchema" xmlns:activiti="http://activiti.org/bpmn" xmlns:bpmndi="http://www.omg.org/spec/BPMN/20100524/DI" xmlns:omgdc="http://www.omg.org/spec/DD/20100524/DC" xmlns:omgdi="http://www.omg.org/spec/DD/20100524/DI" typeLanguage="http://www.w3.org/2001/XMLSchema" expressionLanguage="http://www.w3.org/1999/XPath" targetNamespace="http://bpmn.io/schema/bpmn" id="sample-diagram" xsi:schemaLocation="http://www.omg.org/spec/BPMN/20100524/MODEL BPMN20.xsd">
  <process id="process-d0bddfd9-fef2-4b02-a067-695f8218b74a" name="booleanvisibilityprocess" isExecutable="true">
    <startEvent id="StartEvent_1">
      <outgoing>SequenceFlow_0ya6zmq</outgoing>
    </startEvent>
    <sequenceFlow id="SequenceFlow_0ya6zmq" sourceRef="StartEvent_1" targetRef="Task_1dhvsrn"></sequenceFlow>
    <endEvent id="EndEvent_1c9lt1k">
      <incoming>SequenceFlow_0vxcmrw</incoming>
    </endEvent>
    <sequenceFlow id="SequenceFlow_0vxcmrw" sourceRef="Task_1dhvsrn" targetRef="EndEvent_1c9lt1k"></sequenceFlow>
    <userTask id="Task_1dhvsrn" name="boolean_visibility_task" activiti:candidateUsers="admin.adf,hruser" activiti:candidateGroups="hr" activiti:formKey="form-955d5c84-b7c1-4b83-b56c-99d1f2d72d19"></userTask>
  </process>
  <bpmndi:BPMNDiagram id="BPMNDiagram_process-d0bddfd9-fef2-4b02-a067-695f8218b74a">
    <bpmndi:BPMNPlane bpmnElement="process-d0bddfd9-fef2-4b02-a067-695f8218b74a" id="BPMNPlane_process-d0bddfd9-fef2-4b02-a067-695f8218b74a">
      <bpmndi:BPMNShape bpmnElement="StartEvent_1" id="BPMNShape_StartEvent_1">
        <omgdc:Bounds height="36.0" width="36.0" x="412.0" y="240.0"></omgdc:Bounds>
      </bpmndi:BPMNShape>
      <bpmndi:BPMNShape bpmnElement="EndEvent_1c9lt1k" id="BPMNShape_EndEvent_1c9lt1k">
        <omgdc:Bounds height="36.0" width="36.0" x="648.0" y="240.0"></omgdc:Bounds>
      </bpmndi:BPMNShape>
      <bpmndi:BPMNShape bpmnElement="Task_1dhvsrn" id="BPMNShape_Task_1dhvsrn">
        <omgdc:Bounds height="80.0" width="100.0" x="498.0" y="218.0"></omgdc:Bounds>
      </bpmndi:BPMNShape>
      <bpmndi:BPMNEdge bpmnElement="SequenceFlow_0ya6zmq" id="BPMNEdge_SequenceFlow_0ya6zmq">
        <omgdi:waypoint x="448.0" y="258.0"></omgdi:waypoint>
        <omgdi:waypoint x="498.0" y="258.0"></omgdi:waypoint>
      </bpmndi:BPMNEdge>
      <bpmndi:BPMNEdge bpmnElement="SequenceFlow_0vxcmrw" id="BPMNEdge_SequenceFlow_0vxcmrw">
        <omgdi:waypoint x="598.0" y="258.0"></omgdi:waypoint>
        <omgdi:waypoint x="648.0" y="258.0"></omgdi:waypoint>
      </bpmndi:BPMNEdge>
    </bpmndi:BPMNPlane>
  </bpmndi:BPMNDiagram>
</definitions>