{"id":"process-4a77a948-9a15-4dc1-9f56-cf14a619e649","type":"PROCESS","name":"call-activity-expression","extensions":{"Process_RlZCrS-91":{"constants":{},"mappings":{"Task_06itbof":{"outputs":{"calledStringVar":{"type":"variable","value":"Text01cdc6"}}}},"properties":{"da590c75-2ebe-4368-a8f6-158aa1bef619":{"id":"da590c75-2ebe-4368-a8f6-158aa1bef619","name":"calledStringVar","type":"string","value":"","required":false}},"assignments":{}},"Process_0rlra2m":{"constants":{},"mappings":{"Task_0ojz62b":{"outputs":{"calledStringVar":{"type":"variable","value":"Text01cdc6"}}}},"properties":{"411ec128-85c1-4e97-b850-46322818dc78":{"id":"411ec128-85c1-4e97-b850-46322818dc78","name":"calledStringVar","type":"string","value":"","required":false}},"assignments":{}}}}