<?xml version="1.0" encoding="UTF-8"?>
<bpmn2:definitions xmlns="http://www.omg.org/spec/BPMN/20100524/MODEL" xmlns:bpmn2="http://www.omg.org/spec/BPMN/20100524/MODEL" xmlns:xsi="http://www.w3.org/2001/XMLSchema-instance" xmlns:xsd="http://www.w3.org/2001/XMLSchema" xmlns:activiti="http://activiti.org/bpmn" xmlns:bpmndi="http://www.omg.org/spec/BPMN/20100524/DI" xmlns:omgdc="http://www.omg.org/spec/DD/20100524/DC" xmlns:omgdi="http://www.omg.org/spec/DD/20100524/DI" typeLanguage="http://www.w3.org/2001/XMLSchema" expressionLanguage="http://www.w3.org/1999/XPath" targetNamespace="http://bpmn.io/schema/bpmn" id="model-493dbaf3-d4ad-495f-872a-f785a8e6522b" name="call-activity-expression" xsi:schemaLocation="http://www.omg.org/spec/BPMN/20100524/MODEL BPMN20.xsd">
  <bpmn2:collaboration id="Collaboration">
    <bpmn2:participant id="Participant_0goa622" name="call-activity-exp-simple" processRef="Process_RlZCrS-91"></bpmn2:participant>
    <bpmn2:participant id="Participant_1u9d5ic" name="call-activity-expression-2" processRef="Process_0rlra2m"></bpmn2:participant>
  </bpmn2:collaboration>
  <bpmn2:process id="Process_RlZCrS-91" name="call-activity-exp-simple" isExecutable="true">
    <bpmn2:startEvent id="Event_1">
      <bpmn2:outgoing>SequenceFlow_0lw10rq</bpmn2:outgoing>
    </bpmn2:startEvent>
    <bpmn2:endEvent id="EndEvent_1c951ae">
      <bpmn2:incoming>SequenceFlow_1wpddn2</bpmn2:incoming>
    </bpmn2:endEvent>
    <bpmn2:sequenceFlow id="SequenceFlow_0lw10rq" sourceRef="Event_1" targetRef="Task_06itbof"></bpmn2:sequenceFlow>
    <bpmn2:sequenceFlow id="SequenceFlow_1fb30df" sourceRef="Task_06itbof" targetRef="Task_02yaz0u"></bpmn2:sequenceFlow>
    <bpmn2:sequenceFlow id="SequenceFlow_1wpddn2" sourceRef="Task_02yaz0u" targetRef="EndEvent_1c951ae"></bpmn2:sequenceFlow>
    <bpmn2:userTask id="Task_06itbof" name="userTask" activiti:assignee="hruser" activiti:formKey="form-5414ec16-1af4-4f78-9125-64ce3bd7506d">
      <bpmn2:incoming>SequenceFlow_0lw10rq</bpmn2:incoming>
      <bpmn2:outgoing>SequenceFlow_1fb30df</bpmn2:outgoing>
    </bpmn2:userTask>
    <bpmn2:callActivity id="Task_02yaz0u" name="CallActivity-simple" calledElement="${calledStringVar}">
      <bpmn2:incoming>SequenceFlow_1fb30df</bpmn2:incoming>
      <bpmn2:outgoing>SequenceFlow_1wpddn2</bpmn2:outgoing>
    </bpmn2:callActivity>
  </bpmn2:process>
  <bpmn2:process id="Process_0rlra2m" name="call-activity-expression-2" isExecutable="true">
    <bpmn2:startEvent id="StartEvent_0wfpgon">
      <bpmn2:outgoing>SequenceFlow_1wmjuqa</bpmn2:outgoing>
    </bpmn2:startEvent>
    <bpmn2:sequenceFlow id="SequenceFlow_1wmjuqa" sourceRef="StartEvent_0wfpgon" targetRef="Task_0ojz62b"></bpmn2:sequenceFlow>
    <bpmn2:sequenceFlow id="SequenceFlow_1fxnvo1" sourceRef="Task_0ojz62b" targetRef="Task_0zc3ul9"></bpmn2:sequenceFlow>
    <bpmn2:endEvent id="EndEvent_0dwrwxe">
      <bpmn2:incoming>SequenceFlow_0noochi</bpmn2:incoming>
    </bpmn2:endEvent>
    <bpmn2:sequenceFlow id="SequenceFlow_0noochi" sourceRef="Task_0zc3ul9" targetRef="EndEvent_0dwrwxe"></bpmn2:sequenceFlow>
    <bpmn2:userTask id="Task_0ojz62b" name="userTask" activiti:assignee="hruser" activiti:formKey="form-5414ec16-1af4-4f78-9125-64ce3bd7506d">
      <bpmn2:incoming>SequenceFlow_1wmjuqa</bpmn2:incoming>
      <bpmn2:outgoing>SequenceFlow_1fxnvo1</bpmn2:outgoing>
    </bpmn2:userTask>
    <bpmn2:callActivity id="Task_0zc3ul9" name="CallActivity-from pool" calledElement="${calledStringVar}">
      <bpmn2:incoming>SequenceFlow_1fxnvo1</bpmn2:incoming>
      <bpmn2:outgoing>SequenceFlow_0noochi</bpmn2:outgoing>
    </bpmn2:callActivity>
  </bpmn2:process>
  <bpmndi:BPMNDiagram id="BPMNDiagram_Collaboration">
    <bpmndi:BPMNPlane bpmnElement="Collaboration" id="BPMNPlane_Collaboration">
      <bpmndi:BPMNShape bpmnElement="Participant_0goa622" id="BPMNShape_Participant_0goa622">
        <omgdc:Bounds height="120.0" width="520.0" x="360.0" y="198.0"></omgdc:Bounds>
      </bpmndi:BPMNShape>
      <bpmndi:BPMNShape bpmnElement="Event_1" id="BPMNShape_Event_1">
        <omgdc:Bounds height="36.0" width="36.0" x="412.0" y="240.0"></omgdc:Bounds>
      </bpmndi:BPMNShape>
      <bpmndi:BPMNShape bpmnElement="EndEvent_1c951ae" id="BPMNShape_EndEvent_1c951ae">
        <omgdc:Bounds height="36.0" width="36.0" x="822.0" y="240.0"></omgdc:Bounds>
      </bpmndi:BPMNShape>
      <bpmndi:BPMNShape bpmnElement="Participant_1u9d5ic" id="BPMNShape_Participant_1u9d5ic">
        <omgdc:Bounds height="210.0" width="538.0" x="350.0" y="370.0"></omgdc:Bounds>
      </bpmndi:BPMNShape>
      <bpmndi:BPMNShape bpmnElement="StartEvent_0wfpgon" id="BPMNShape_StartEvent_0wfpgon">
        <omgdc:Bounds height="36.0" width="36.0" x="422.0" y="442.0"></omgdc:Bounds>
      </bpmndi:BPMNShape>
      <bpmndi:BPMNShape bpmnElement="EndEvent_0dwrwxe" id="BPMNShape_EndEvent_0dwrwxe">
        <omgdc:Bounds height="36.0" width="36.0" x="832.0" y="442.0"></omgdc:Bounds>
      </bpmndi:BPMNShape>
      <bpmndi:BPMNShape bpmnElement="Task_06itbof" id="BPMNShape_Task_06itbof">
        <omgdc:Bounds height="80.0" width="100.0" x="500.0" y="218.0"></omgdc:Bounds>
      </bpmndi:BPMNShape>
      <bpmndi:BPMNShape bpmnElement="Task_0ojz62b" id="BPMNShape_Task_0ojz62b">
        <omgdc:Bounds height="80.0" width="100.0" x="510.0" y="420.0"></omgdc:Bounds>
      </bpmndi:BPMNShape>
      <bpmndi:BPMNShape bpmnElement="Task_02yaz0u" id="BPMNShape_Task_02yaz0u">
        <omgdc:Bounds height="80.0" width="100.0" x="660.0" y="218.0"></omgdc:Bounds>
      </bpmndi:BPMNShape>
      <bpmndi:BPMNShape bpmnElement="Task_0zc3ul9" id="BPMNShape_Task_0zc3ul9">
        <omgdc:Bounds height="80.0" width="100.0" x="670.0" y="420.0"></omgdc:Bounds>
      </bpmndi:BPMNShape>
      <bpmndi:BPMNEdge bpmnElement="SequenceFlow_0lw10rq" id="BPMNEdge_SequenceFlow_0lw10rq">
        <omgdi:waypoint x="448.0" y="258.0"></omgdi:waypoint>
        <omgdi:waypoint x="500.0" y="258.0"></omgdi:waypoint>
      </bpmndi:BPMNEdge>
      <bpmndi:BPMNEdge bpmnElement="SequenceFlow_1fb30df" id="BPMNEdge_SequenceFlow_1fb30df">
        <omgdi:waypoint x="600.0" y="258.0"></omgdi:waypoint>
        <omgdi:waypoint x="660.0" y="258.0"></omgdi:waypoint>
      </bpmndi:BPMNEdge>
      <bpmndi:BPMNEdge bpmnElement="SequenceFlow_1wpddn2" id="BPMNEdge_SequenceFlow_1wpddn2">
        <omgdi:waypoint x="760.0" y="258.0"></omgdi:waypoint>
        <omgdi:waypoint x="822.0" y="258.0"></omgdi:waypoint>
      </bpmndi:BPMNEdge>
      <bpmndi:BPMNEdge bpmnElement="SequenceFlow_1wmjuqa" id="BPMNEdge_SequenceFlow_1wmjuqa">
        <omgdi:waypoint x="458.0" y="460.0"></omgdi:waypoint>
        <omgdi:waypoint x="510.0" y="460.0"></omgdi:waypoint>
      </bpmndi:BPMNEdge>
      <bpmndi:BPMNEdge bpmnElement="SequenceFlow_1fxnvo1" id="BPMNEdge_SequenceFlow_1fxnvo1">
        <omgdi:waypoint x="610.0" y="460.0"></omgdi:waypoint>
        <omgdi:waypoint x="670.0" y="460.0"></omgdi:waypoint>
      </bpmndi:BPMNEdge>
      <bpmndi:BPMNEdge bpmnElement="SequenceFlow_0noochi" id="BPMNEdge_SequenceFlow_0noochi">
        <omgdi:waypoint x="770.0" y="460.0"></omgdi:waypoint>
        <omgdi:waypoint x="832.0" y="460.0"></omgdi:waypoint>
      </bpmndi:BPMNEdge>
    </bpmndi:BPMNPlane>
  </bpmndi:BPMNDiagram>
</bpmn2:definitions>