{"id":"process-7e984c89-d798-46a5-9daa-4da60bf9f6c8","type":"PROCESS","name":"call-activity-expression","key":"call-activity-expression","extensions":{"Process_RlZCrS-91":{"mappings":{"Task_06itbof":{"inputs":{},"outputs":{"calledStringVar":{"type":"variable","value":"Text01cdc6"}}}},"assignments":{},"templates":{"tasks":{}},"constants":{},"properties":{"da590c75-2ebe-4368-a8f6-158aa1bef619":{"id":"da590c75-2ebe-4368-a8f6-158aa1bef619","name":"calledStringVar","type":"string","required":false,"ephemeral":false,"value":"","display":false,"analytics":false}}},"Process_0rlra2m":{"mappings":{"Task_0ojz62b":{"inputs":{},"outputs":{"calledStringVar":{"type":"variable","value":"Text01cdc6"}}}},"assignments":{},"templates":{"tasks":{}},"constants":{},"properties":{"411ec128-85c1-4e97-b850-46322818dc78":{"id":"411ec128-85c1-4e97-b850-46322818dc78","name":"calledStringVar","type":"string","required":false,"ephemeral":false,"value":"","display":false,"analytics":false}}}}}