{"id":"process-3092996f-60a9-4d37-9177-55a25a538e18","type":"PROCESS","name":"calledprocess","key":"calledprocess","extensions":{"Process_sESncf6y":{"mappings":{},"assignments":{"UserTask_1mzb1gl":{"type":"identity","assignment":"assignee","id":"UserTask_1mzb1gl"}},"templates":{"tasks":{}},"constants":{},"properties":{"5bd2317e-6c84-40d9-b5b5-d039a8d257e9":{"id":"5bd2317e-6c84-40d9-b5b5-d039a8d257e9","name":"duedate","type":"datetime","required":false,"ephemeral":false,"value":"2019-12-12T10:06:00","display":false,"analytics":false}}}}}