{"id":"process-2b2e07dc-fc36-4899-bacd-fb50b2869aea","type":"PROCESS","name":"called-in-pool","key":"called-in-pool","extensions":{"Process_Cc6S3iztO":{"mappings":{"Task_1ctsgsr":{"inputs":{},"outputs":{"calledStringVar":{"type":"variable","value":"CalledForm"}}}},"assignments":{},"templates":{"tasks":{}},"constants":{},"properties":{"ba1b0740-8ccf-4303-a12b-866d1762a8c0":{"id":"ba1b0740-8ccf-4303-a12b-866d1762a8c0","name":"calledStringVar","type":"string","required":false,"ephemeral":false,"value":"","display":false,"analytics":false}}}}}