<?xml version="1.0" encoding="UTF-8"?>
<bpmn2:definitions xmlns="http://www.omg.org/spec/BPMN/20100524/MODEL" xmlns:bpmn2="http://www.omg.org/spec/BPMN/20100524/MODEL" xmlns:xsi="http://www.w3.org/2001/XMLSchema-instance" xmlns:xsd="http://www.w3.org/2001/XMLSchema" xmlns:activiti="http://activiti.org/bpmn" xmlns:bpmndi="http://www.omg.org/spec/BPMN/20100524/DI" xmlns:omgdc="http://www.omg.org/spec/DD/20100524/DC" xmlns:omgdi="http://www.omg.org/spec/DD/20100524/DI" typeLanguage="http://www.w3.org/2001/XMLSchema" expressionLanguage="http://www.w3.org/1999/XPath" targetNamespace="http://bpmn.io/schema/bpmn" id="model-ba9c7e14-1c34-4c63-a5ab-6440aec996f5" name="called-in-pool" xsi:schemaLocation="http://www.omg.org/spec/BPMN/20100524/MODEL BPMN20.xsd">
  <bpmn2:collaboration id="Collaboration">
    <bpmn2:participant id="Participant_0qs5j5i" name="called-in-pool" processRef="Process_Cc6S3iztO"></bpmn2:participant>
  </bpmn2:collaboration>
  <bpmn2:process id="Process_Cc6S3iztO" name="called-in-pool" isExecutable="true">
    <bpmn2:startEvent id="Event_1">
      <bpmn2:outgoing>SequenceFlow_15i8eu0</bpmn2:outgoing>
    </bpmn2:startEvent>
    <bpmn2:endEvent id="EndEvent_0afjlll">
      <bpmn2:incoming>SequenceFlow_01rzlf1</bpmn2:incoming>
    </bpmn2:endEvent>
    <bpmn2:userTask id="Task_1ctsgsr" name="UserTask-calledinPool" activiti:assignee="hruser" activiti:formKey="form-1f8c97bc-ee47-4ff4-b27a-f3a7e86da597">
      <bpmn2:incoming>SequenceFlow_15i8eu0</bpmn2:incoming>
      <bpmn2:outgoing>SequenceFlow_01rzlf1</bpmn2:outgoing>
    </bpmn2:userTask>
    <bpmn2:sequenceFlow id="SequenceFlow_01rzlf1" sourceRef="Task_1ctsgsr" targetRef="EndEvent_0afjlll"></bpmn2:sequenceFlow>
    <bpmn2:sequenceFlow id="SequenceFlow_15i8eu0" sourceRef="Event_1" targetRef="Task_1ctsgsr"></bpmn2:sequenceFlow>
  </bpmn2:process>
  <bpmndi:BPMNDiagram id="BPMNDiagram_Collaboration">
    <bpmndi:BPMNPlane bpmnElement="Collaboration" id="BPMNPlane_Collaboration">
      <bpmndi:BPMNShape bpmnElement="Participant_0qs5j5i" id="BPMNShape_Participant_0qs5j5i">
        <omgdc:Bounds height="120.0" width="400.0" x="308.0" y="198.0"></omgdc:Bounds>
      </bpmndi:BPMNShape>
      <bpmndi:BPMNShape bpmnElement="Event_1" id="BPMNShape_Event_1">
        <omgdc:Bounds height="36.0" width="36.0" x="412.0" y="240.0"></omgdc:Bounds>
      </bpmndi:BPMNShape>
      <bpmndi:BPMNShape bpmnElement="EndEvent_0afjlll" id="BPMNShape_EndEvent_0afjlll">
        <omgdc:Bounds height="36.0" width="36.0" x="652.0" y="240.0"></omgdc:Bounds>
      </bpmndi:BPMNShape>
      <bpmndi:BPMNShape bpmnElement="Task_1ctsgsr" id="BPMNShape_Task_1ctsgsr">
        <omgdc:Bounds height="80.0" width="100.0" x="500.0" y="218.0"></omgdc:Bounds>
      </bpmndi:BPMNShape>
      <bpmndi:BPMNEdge bpmnElement="SequenceFlow_01rzlf1" id="BPMNEdge_SequenceFlow_01rzlf1">
        <omgdi:waypoint x="600.0" y="258.0"></omgdi:waypoint>
        <omgdi:waypoint x="652.0" y="258.0"></omgdi:waypoint>
      </bpmndi:BPMNEdge>
      <bpmndi:BPMNEdge bpmnElement="SequenceFlow_15i8eu0" id="BPMNEdge_SequenceFlow_15i8eu0">
        <omgdi:waypoint x="448.0" y="258.0"></omgdi:waypoint>
        <omgdi:waypoint x="500.0" y="258.0"></omgdi:waypoint>
      </bpmndi:BPMNEdge>
    </bpmndi:BPMNPlane>
  </bpmndi:BPMNDiagram>
</bpmn2:definitions>