<?xml version="1.0" encoding="UTF-8"?>
<bpmn2:definitions xmlns="http://www.omg.org/spec/BPMN/20100524/MODEL" xmlns:bpmn2="http://www.omg.org/spec/BPMN/20100524/MODEL" xmlns:xsi="http://www.w3.org/2001/XMLSchema-instance" xmlns:xsd="http://www.w3.org/2001/XMLSchema" xmlns:activiti="http://activiti.org/bpmn" xmlns:bpmndi="http://www.omg.org/spec/BPMN/20100524/DI" xmlns:omgdc="http://www.omg.org/spec/DD/20100524/DC" xmlns:omgdi="http://www.omg.org/spec/DD/20100524/DI" xmlns:dc="http://www.omg.org/spec/DD/20100524/DC" xmlns:di="http://www.omg.org/spec/DD/20100524/DI" typeLanguage="http://www.w3.org/2001/XMLSchema" expressionLanguage="http://www.w3.org/1999/XPath" targetNamespace="http://bpmn.io/schema/bpmn" id="sample-diagram" xsi:schemaLocation="http://www.omg.org/spec/BPMN/20100524/MODEL BPMN20.xsd">
  <bpmn2:process id="process-7d42ff68-dbed-48f8-accc-b471289e5814" name="calledprocess" isExecutable="true">
    <bpmn2:startEvent id="StartEvent_1">
      <bpmn2:outgoing>SequenceFlow_0i7x2tj</bpmn2:outgoing>
    </bpmn2:startEvent>
    <bpmn2:sequenceFlow id="SequenceFlow_0i7x2tj" sourceRef="StartEvent_1" targetRef="UserTask_1mzb1gl"></bpmn2:sequenceFlow>
    <bpmn2:userTask id="UserTask_1mzb1gl" name="calledTask" activiti:assignee="hruser"></bpmn2:userTask>
    <bpmn2:endEvent id="EndEvent_0oaz5si">
      <bpmn2:incoming>SequenceFlow_1cjh9ke</bpmn2:incoming>
    </bpmn2:endEvent>
    <bpmn2:sequenceFlow id="SequenceFlow_1cjh9ke" sourceRef="UserTask_1mzb1gl" targetRef="EndEvent_0oaz5si"></bpmn2:sequenceFlow>
  </bpmn2:process>
  <bpmndi:BPMNDiagram id="BPMNDiagram_process-7d42ff68-dbed-48f8-accc-b471289e5814">
    <bpmndi:BPMNPlane bpmnElement="process-7d42ff68-dbed-48f8-accc-b471289e5814" id="BPMNPlane_process-7d42ff68-dbed-48f8-accc-b471289e5814">
      <bpmndi:BPMNShape bpmnElement="StartEvent_1" id="BPMNShape_StartEvent_1">
        <omgdc:Bounds height="36.0" width="36.0" x="212.0" y="202.0"></omgdc:Bounds>
      </bpmndi:BPMNShape>
      <bpmndi:BPMNShape bpmnElement="UserTask_1mzb1gl" id="BPMNShape_UserTask_1mzb1gl">
        <omgdc:Bounds height="80.0" width="100.0" x="300.0" y="180.0"></omgdc:Bounds>
      </bpmndi:BPMNShape>
      <bpmndi:BPMNShape bpmnElement="EndEvent_0oaz5si" id="BPMNShape_EndEvent_0oaz5si">
        <omgdc:Bounds height="36.0" width="36.0" x="452.0" y="202.0"></omgdc:Bounds>
      </bpmndi:BPMNShape>
      <bpmndi:BPMNEdge bpmnElement="SequenceFlow_0i7x2tj" id="BPMNEdge_SequenceFlow_0i7x2tj">
        <omgdi:waypoint x="248.0" y="220.0"></omgdi:waypoint>
        <omgdi:waypoint x="300.0" y="220.0"></omgdi:waypoint>
      </bpmndi:BPMNEdge>
      <bpmndi:BPMNEdge bpmnElement="SequenceFlow_1cjh9ke" id="BPMNEdge_SequenceFlow_1cjh9ke">
        <omgdi:waypoint x="400.0" y="220.0"></omgdi:waypoint>
        <omgdi:waypoint x="452.0" y="220.0"></omgdi:waypoint>
      </bpmndi:BPMNEdge>
    </bpmndi:BPMNPlane>
  </bpmndi:BPMNDiagram>
</bpmn2:definitions>