{"id":"process-ac92c92a-3899-45f2-9bd4-4b38c5a9713d","type":"PROCESS","name":"candidateuserprocess","key":"candidateuserprocess","extensions":{"Process_UJ0f2XlwB":{"mappings":{"Task_0favb5k":{"mappingType":"MAP_ALL","inputs":{},"outputs":{}}},"assignments":{"Task_0favb5k":{"type":"identity","assignment":"candidates","id":"Task_0favb5k"}},"templates":{"tasks":{}},"constants":{},"properties":{"79c256fb-77cb-4e89-b786-ceecb3d4dea6":{"id":"79c256fb-77cb-4e89-b786-ceecb3d4dea6","name":"nameString","type":"string","required":false,"ephemeral":false,"value":"string","display":false,"analytics":false},"60eb06c9-ab32-4b33-a1e8-538eb19fbbe7":{"id":"60eb06c9-ab32-4b33-a1e8-538eb19fbbe7","name":"nameInteger","type":"integer","required":false,"ephemeral":false,"value":11,"display":false,"analytics":false}}}}}