{"id":"process-a7a78812-ea29-48eb-81b4-0a43f704b7e3","type":"PROCESS","name":"candidateuserprocess","key":"candidateuserprocess","extensions":{"Process_UJ0f2XlwB":{"constants":{},"mappings":{"Task_0favb5k":{"mappingType":"MAP_ALL"}},"properties":{"79c256fb-77cb-4e89-b786-ceecb3d4dea6":{"id":"79c256fb-77cb-4e89-b786-ceecb3d4dea6","name":"nameString","type":"string","model":{"$ref":"#/$defs/primitive/string"},"required":false,"value":"string"},"60eb06c9-ab32-4b33-a1e8-538eb19fbbe7":{"id":"60eb06c9-ab32-4b33-a1e8-538eb19fbbe7","name":"nameInteger","type":"integer","model":{"$ref":"#/$defs/primitive/integer"},"required":false,"value":11}},"assignments":{"Task_0favb5k":{"type":"identity","assignment":"candidates","id":"Task_0favb5k"}}}}}