<?xml version="1.0" encoding="UTF-8"?>
<bpmn2:definitions xmlns="http://www.omg.org/spec/BPMN/20100524/MODEL" xmlns:bpmn2="http://www.omg.org/spec/BPMN/20100524/MODEL" xmlns:xsi="http://www.w3.org/2001/XMLSchema-instance" xmlns:xsd="http://www.w3.org/2001/XMLSchema" xmlns:activiti="http://activiti.org/bpmn" xmlns:bpmndi="http://www.omg.org/spec/BPMN/20100524/DI" xmlns:omgdc="http://www.omg.org/spec/DD/20100524/DC" xmlns:omgdi="http://www.omg.org/spec/DD/20100524/DI" xmlns:dc="http://www.omg.org/spec/DD/20100524/DC" xmlns:di="http://www.omg.org/spec/DD/20100524/DI" typeLanguage="http://www.w3.org/2001/XMLSchema" expressionLanguage="http://www.w3.org/1999/XPath" targetNamespace="http://www.activiti.org/test" id="model-25b41c23-8329-41cb-bc87-f6a6132121dc" name="custom-widget-generator" xsi:schemaLocation="http://www.omg.org/spec/BPMN/20100524/MODEL BPMN20.xsd">
  <bpmn2:process id="Process_1747651188579" name="custom-widget-generator" isExecutable="true">
    <bpmn2:startEvent id="Event_1">
      <bpmn2:outgoing>Flow_0gm040a</bpmn2:outgoing>
    </bpmn2:startEvent>
    <bpmn2:sequenceFlow id="Flow_0gm040a" sourceRef="Event_1" targetRef="Activity_13upt60"></bpmn2:sequenceFlow>
    <bpmn2:endEvent id="Event_1nkj9vt">
      <bpmn2:incoming>Flow_18syljp</bpmn2:incoming>
    </bpmn2:endEvent>
    <bpmn2:sequenceFlow id="Flow_18syljp" sourceRef="Activity_13upt60" targetRef="Event_1nkj9vt"></bpmn2:sequenceFlow>
    <bpmn2:userTask id="Activity_13upt60" name="custom-form-widget" activiti:assignee="${initiator}" activiti:formKey="form-fe120ca2-b2bf-455a-8b78-3f193160a444" activiti:priority="2">
      <bpmn2:incoming>Flow_0gm040a</bpmn2:incoming>
      <bpmn2:outgoing>Flow_18syljp</bpmn2:outgoing>
    </bpmn2:userTask>
  </bpmn2:process>
  <bpmndi:BPMNDiagram id="BPMNDiagram_Process_1747651188579">
    <bpmndi:BPMNPlane bpmnElement="Process_1747651188579" id="BPMNPlane_Process_1747651188579">
      <bpmndi:BPMNShape bpmnElement="Event_1" id="BPMNShape_Event_1">
        <omgdc:Bounds height="36.0" width="36.0" x="412.0" y="240.0"></omgdc:Bounds>
      </bpmndi:BPMNShape>
      <bpmndi:BPMNShape bpmnElement="Event_1nkj9vt" id="BPMNShape_Event_1nkj9vt">
        <omgdc:Bounds height="36.0" width="36.0" x="652.0" y="240.0"></omgdc:Bounds>
      </bpmndi:BPMNShape>
      <bpmndi:BPMNShape bpmnElement="Activity_13upt60" id="BPMNShape_Activity_13upt60">
        <omgdc:Bounds height="80.0" width="100.0" x="500.0" y="218.0"></omgdc:Bounds>
      </bpmndi:BPMNShape>
      <bpmndi:BPMNEdge bpmnElement="Flow_0gm040a" id="BPMNEdge_Flow_0gm040a">
        <omgdi:waypoint x="448.0" y="258.0"></omgdi:waypoint>
        <omgdi:waypoint x="500.0" y="258.0"></omgdi:waypoint>
      </bpmndi:BPMNEdge>
      <bpmndi:BPMNEdge bpmnElement="Flow_18syljp" id="BPMNEdge_Flow_18syljp">
        <omgdi:waypoint x="600.0" y="258.0"></omgdi:waypoint>
        <omgdi:waypoint x="652.0" y="258.0"></omgdi:waypoint>
      </bpmndi:BPMNEdge>
    </bpmndi:BPMNPlane>
  </bpmndi:BPMNDiagram>
</bpmn2:definitions>