<?xml version="1.0" encoding="UTF-8"?>
<bpmn2:definitions xmlns="http://www.omg.org/spec/BPMN/20100524/MODEL" xmlns:bpmn2="http://www.omg.org/spec/BPMN/20100524/MODEL" xmlns:xsi="http://www.w3.org/2001/XMLSchema-instance" xmlns:xsd="http://www.w3.org/2001/XMLSchema" xmlns:activiti="http://activiti.org/bpmn" xmlns:bpmndi="http://www.omg.org/spec/BPMN/20100524/DI" xmlns:omgdc="http://www.omg.org/spec/DD/20100524/DC" xmlns:omgdi="http://www.omg.org/spec/DD/20100524/DI" xmlns:dc="http://www.omg.org/spec/DD/20100524/DC" xmlns:di="http://www.omg.org/spec/DD/20100524/DI" typeLanguage="http://www.w3.org/2001/XMLSchema" expressionLanguage="http://www.w3.org/1999/XPath" targetNamespace="used-by-playwright" id="model-a7cc2ed4-db67-4dae-a400-55ab0816e381" name="data-table-process" xsi:schemaLocation="http://www.omg.org/spec/BPMN/20100524/MODEL BPMN20.xsd">
  <bpmn2:process id="Process_aomZgN6w" name="data-table-process" isExecutable="true">
    <bpmn2:startEvent id="Event_1" activiti:formKey="form-5a6266f6-5d64-4fcc-a265-94498d903aeb">
      <bpmn2:outgoing>Flow_17rm6x3</bpmn2:outgoing>
    </bpmn2:startEvent>
    <bpmn2:endEvent id="Event_1fz2b5z">
      <bpmn2:incoming>Flow_17rm6x3</bpmn2:incoming>
    </bpmn2:endEvent>
    <bpmn2:sequenceFlow id="Flow_17rm6x3" sourceRef="Event_1" targetRef="Event_1fz2b5z"></bpmn2:sequenceFlow>
  </bpmn2:process>
  <bpmndi:BPMNDiagram id="BPMNDiagram_Process_aomZgN6w">
    <bpmndi:BPMNPlane bpmnElement="Process_aomZgN6w" id="BPMNPlane_Process_aomZgN6w">
      <bpmndi:BPMNShape bpmnElement="Event_1" id="BPMNShape_Event_1">
        <omgdc:Bounds height="36.0" width="36.0" x="412.0" y="240.0"></omgdc:Bounds>
      </bpmndi:BPMNShape>
      <bpmndi:BPMNShape bpmnElement="Event_1fz2b5z" id="BPMNShape_Event_1fz2b5z">
        <omgdc:Bounds height="36.0" width="36.0" x="502.0" y="240.0"></omgdc:Bounds>
      </bpmndi:BPMNShape>
      <bpmndi:BPMNEdge bpmnElement="Flow_17rm6x3" id="BPMNEdge_Flow_17rm6x3">
        <omgdi:waypoint x="448.0" y="258.0"></omgdi:waypoint>
        <omgdi:waypoint x="502.0" y="258.0"></omgdi:waypoint>
      </bpmndi:BPMNEdge>
    </bpmndi:BPMNPlane>
  </bpmndi:BPMNDiagram>
</bpmn2:definitions>