<?xml version="1.0" encoding="UTF-8"?>
<bpmn2:definitions xmlns="http://www.omg.org/spec/BPMN/20100524/MODEL" xmlns:bpmn2="http://www.omg.org/spec/BPMN/20100524/MODEL" xmlns:xsi="http://www.w3.org/2001/XMLSchema-instance" xmlns:xsd="http://www.w3.org/2001/XMLSchema" xmlns:activiti="http://activiti.org/bpmn" xmlns:bpmndi="http://www.omg.org/spec/BPMN/20100524/DI" xmlns:omgdc="http://www.omg.org/spec/DD/20100524/DC" xmlns:omgdi="http://www.omg.org/spec/DD/20100524/DI" xmlns:dc="http://www.omg.org/spec/DD/20100524/DC" xmlns:di="http://www.omg.org/spec/DD/20100524/DI" typeLanguage="http://www.w3.org/2001/XMLSchema" expressionLanguage="http://www.w3.org/1999/XPath" targetNamespace="http://bpmn.io/schema/bpmn" id="model-fdcbd6fa-bc0f-4f1b-a896-7eabd4b96e0e" name="dropdown-search" xsi:schemaLocation="http://www.omg.org/spec/BPMN/20100524/MODEL BPMN20.xsd">
  <bpmn2:process id="Process_QzVWQDR6O" name="dropdown-search" isExecutable="true">
    <bpmn2:startEvent id="Event_1">
      <bpmn2:outgoing>SequenceFlow_122wbn7</bpmn2:outgoing>
    </bpmn2:startEvent>
    <bpmn2:userTask id="UserTask_0g5ni4q" name="Task_form_with_dropdown_search" activiti:candidateUsers="hruser" activiti:candidateGroups="hr" activiti:formKey="form-a89dddb8-717b-4c68-8bef-bc1b08ae1475" activiti:priority="0">
      <bpmn2:incoming>SequenceFlow_122wbn7</bpmn2:incoming>
      <bpmn2:outgoing>SequenceFlow_0kjc4lj</bpmn2:outgoing>
    </bpmn2:userTask>
    <bpmn2:endEvent id="EndEvent_1wallhg">
      <bpmn2:incoming>SequenceFlow_0kjc4lj</bpmn2:incoming>
    </bpmn2:endEvent>
    <bpmn2:sequenceFlow id="SequenceFlow_0kjc4lj" sourceRef="UserTask_0g5ni4q" targetRef="EndEvent_1wallhg"></bpmn2:sequenceFlow>
    <bpmn2:sequenceFlow id="SequenceFlow_122wbn7" sourceRef="Event_1" targetRef="UserTask_0g5ni4q"></bpmn2:sequenceFlow>
  </bpmn2:process>
  <bpmndi:BPMNDiagram id="BPMNDiagram_Process_QzVWQDR6O">
    <bpmndi:BPMNPlane bpmnElement="Process_QzVWQDR6O" id="BPMNPlane_Process_QzVWQDR6O">
      <bpmndi:BPMNShape bpmnElement="Event_1" id="BPMNShape_Event_1">
        <omgdc:Bounds height="36.0" width="36.0" x="412.0" y="240.0"></omgdc:Bounds>
      </bpmndi:BPMNShape>
      <bpmndi:BPMNShape bpmnElement="UserTask_0g5ni4q" id="BPMNShape_UserTask_0g5ni4q">
        <omgdc:Bounds height="80.0" width="100.0" x="490.0" y="218.0"></omgdc:Bounds>
      </bpmndi:BPMNShape>
      <bpmndi:BPMNShape bpmnElement="EndEvent_1wallhg" id="BPMNShape_EndEvent_1wallhg">
        <omgdc:Bounds height="36.0" width="36.0" x="642.0" y="240.0"></omgdc:Bounds>
      </bpmndi:BPMNShape>
      <bpmndi:BPMNEdge bpmnElement="SequenceFlow_0kjc4lj" id="BPMNEdge_SequenceFlow_0kjc4lj">
        <omgdi:waypoint x="590.0" y="258.0"></omgdi:waypoint>
        <omgdi:waypoint x="642.0" y="258.0"></omgdi:waypoint>
      </bpmndi:BPMNEdge>
      <bpmndi:BPMNEdge bpmnElement="SequenceFlow_122wbn7" id="BPMNEdge_SequenceFlow_122wbn7">
        <omgdi:waypoint x="448.0" y="258.0"></omgdi:waypoint>
        <omgdi:waypoint x="490.0" y="258.0"></omgdi:waypoint>
      </bpmndi:BPMNEdge>
    </bpmndi:BPMNPlane>
  </bpmndi:BPMNDiagram>
</bpmn2:definitions>