<?xml version="1.0" encoding="UTF-8"?>
<bpmn2:definitions xmlns="http://www.omg.org/spec/BPMN/20100524/MODEL" xmlns:bpmn2="http://www.omg.org/spec/BPMN/20100524/MODEL" xmlns:xsi="http://www.w3.org/2001/XMLSchema-instance" xmlns:xsd="http://www.w3.org/2001/XMLSchema" xmlns:activiti="http://activiti.org/bpmn" xmlns:bpmndi="http://www.omg.org/spec/BPMN/20100524/DI" xmlns:omgdc="http://www.omg.org/spec/DD/20100524/DC" xmlns:omgdi="http://www.omg.org/spec/DD/20100524/DI" xmlns:dc="http://www.omg.org/spec/DD/20100524/DC" xmlns:di="http://www.omg.org/spec/DD/20100524/DI" typeLanguage="http://www.w3.org/2001/XMLSchema" expressionLanguage="http://www.w3.org/1999/XPath" targetNamespace="http://www.activiti.org/test" id="model-8d81a0d4-1398-479e-a91c-057a557dfe28" name="dropdowns-rest-call-check" xsi:schemaLocation="http://www.omg.org/spec/BPMN/20100524/MODEL BPMN20.xsd">
  <bpmn2:process id="Process_s7tbo0SI" name="dropdowns-rest-call-check" isExecutable="true">
    <bpmn2:startEvent id="Event_1">
      <bpmn2:outgoing>Flow_07ozyqu</bpmn2:outgoing>
    </bpmn2:startEvent>
    <bpmn2:userTask id="Activity_0lnz0o1" name="hrUser task" activiti:assignee="hruser" activiti:formKey="form-ff4cfd45-30f9-479d-b258-835920b667fc" activiti:priority="0">
      <bpmn2:incoming>Flow_07ozyqu</bpmn2:incoming>
      <bpmn2:outgoing>Flow_1wvp201</bpmn2:outgoing>
    </bpmn2:userTask>
    <bpmn2:sequenceFlow id="Flow_07ozyqu" sourceRef="Event_1" targetRef="Activity_0lnz0o1"></bpmn2:sequenceFlow>
    <bpmn2:endEvent id="Event_064eeia">
      <bpmn2:incoming>Flow_1wvp201</bpmn2:incoming>
    </bpmn2:endEvent>
    <bpmn2:sequenceFlow id="Flow_1wvp201" sourceRef="Activity_0lnz0o1" targetRef="Event_064eeia"></bpmn2:sequenceFlow>
  </bpmn2:process>
  <bpmndi:BPMNDiagram id="BPMNDiagram_Process_s7tbo0SI">
    <bpmndi:BPMNPlane bpmnElement="Process_s7tbo0SI" id="BPMNPlane_Process_s7tbo0SI">
      <bpmndi:BPMNShape bpmnElement="Activity_0lnz0o1" id="BPMNShape_Activity_0lnz0o1">
        <omgdc:Bounds height="80.0" width="100.0" x="510.0" y="210.0"></omgdc:Bounds>
      </bpmndi:BPMNShape>
      <bpmndi:BPMNShape bpmnElement="Event_064eeia" id="BPMNShape_Event_064eeia">
        <omgdc:Bounds height="36.0" width="36.0" x="672.0" y="232.0"></omgdc:Bounds>
      </bpmndi:BPMNShape>
      <bpmndi:BPMNShape bpmnElement="Event_1" id="BPMNShape_Event_1">
        <omgdc:Bounds height="36.0" width="36.0" x="402.0" y="232.0"></omgdc:Bounds>
      </bpmndi:BPMNShape>
      <bpmndi:BPMNEdge bpmnElement="Flow_07ozyqu" id="BPMNEdge_Flow_07ozyqu">
        <omgdi:waypoint x="438.0" y="250.0"></omgdi:waypoint>
        <omgdi:waypoint x="510.0" y="250.0"></omgdi:waypoint>
      </bpmndi:BPMNEdge>
      <bpmndi:BPMNEdge bpmnElement="Flow_1wvp201" id="BPMNEdge_Flow_1wvp201">
        <omgdi:waypoint x="610.0" y="250.0"></omgdi:waypoint>
        <omgdi:waypoint x="672.0" y="250.0"></omgdi:waypoint>
      </bpmndi:BPMNEdge>
    </bpmndi:BPMNPlane>
  </bpmndi:BPMNDiagram>
</bpmn2:definitions>