<?xml version="1.0" encoding="UTF-8"?>
<bpmn2:definitions xmlns="http://www.omg.org/spec/BPMN/20100524/MODEL" xmlns:bpmn2="http://www.omg.org/spec/BPMN/20100524/MODEL" xmlns:xsi="http://www.w3.org/2001/XMLSchema-instance" xmlns:xsd="http://www.w3.org/2001/XMLSchema" xmlns:activiti="http://activiti.org/bpmn" xmlns:bpmndi="http://www.omg.org/spec/BPMN/20100524/DI" xmlns:omgdc="http://www.omg.org/spec/DD/20100524/DC" xmlns:omgdi="http://www.omg.org/spec/DD/20100524/DI" typeLanguage="http://www.w3.org/2001/XMLSchema" expressionLanguage="http://www.w3.org/1999/XPath" targetNamespace="http://bpmn.io/schema/bpmn" id="model-57d31fff-d473-45e3-a939-dabb0194ce2b" name="dropdownrestprocess" xsi:schemaLocation="http://www.omg.org/spec/BPMN/20100524/MODEL BPMN20.xsd">
  <bpmn2:process id="Process_MAigMN6p" name="dropdownrestprocess" isExecutable="true">
    <bpmn2:startEvent id="StartEvent_1">
      <bpmn2:outgoing>SequenceFlow_16bz93r</bpmn2:outgoing>
    </bpmn2:startEvent>
    <bpmn2:userTask id="UserTask_062ql56" name="Task_form_with_rest_dropdown" activiti:candidateUsers="hruser" activiti:candidateGroups="hr" activiti:formKey="form-518a3791-d044-4e04-9cba-6b7b1c8d037c">
      <bpmn2:incoming>SequenceFlow_16bz93r</bpmn2:incoming>
      <bpmn2:outgoing>SequenceFlow_1ozkf20</bpmn2:outgoing>
    </bpmn2:userTask>
    <bpmn2:endEvent id="EndEvent_1iyr4oa">
      <bpmn2:incoming>SequenceFlow_1ozkf20</bpmn2:incoming>
    </bpmn2:endEvent>
    <bpmn2:sequenceFlow id="SequenceFlow_16bz93r" sourceRef="StartEvent_1" targetRef="UserTask_062ql56"></bpmn2:sequenceFlow>
    <bpmn2:sequenceFlow id="SequenceFlow_1ozkf20" sourceRef="UserTask_062ql56" targetRef="EndEvent_1iyr4oa"></bpmn2:sequenceFlow>
  </bpmn2:process>
  <bpmndi:BPMNDiagram id="BPMNDiagram_Process_MAigMN6p">
    <bpmndi:BPMNPlane bpmnElement="Process_MAigMN6p" id="BPMNPlane_Process_MAigMN6p">
      <bpmndi:BPMNShape bpmnElement="StartEvent_1" id="BPMNShape_StartEvent_1">
        <omgdc:Bounds height="36.0" width="36.0" x="209.0" y="130.0"></omgdc:Bounds>
      </bpmndi:BPMNShape>
      <bpmndi:BPMNShape bpmnElement="UserTask_062ql56" id="BPMNShape_UserTask_062ql56">
        <omgdc:Bounds height="80.0" width="100.0" x="337.0" y="108.0"></omgdc:Bounds>
      </bpmndi:BPMNShape>
      <bpmndi:BPMNShape bpmnElement="EndEvent_1iyr4oa" id="BPMNShape_EndEvent_1iyr4oa">
        <omgdc:Bounds height="36.0" width="36.0" x="546.0" y="130.0"></omgdc:Bounds>
      </bpmndi:BPMNShape>
      <bpmndi:BPMNEdge bpmnElement="SequenceFlow_16bz93r" id="BPMNEdge_SequenceFlow_16bz93r">
        <omgdi:waypoint x="245.0" y="148.0"></omgdi:waypoint>
        <omgdi:waypoint x="337.0" y="148.0"></omgdi:waypoint>
      </bpmndi:BPMNEdge>
      <bpmndi:BPMNEdge bpmnElement="SequenceFlow_1ozkf20" id="BPMNEdge_SequenceFlow_1ozkf20">
        <omgdi:waypoint x="437.0" y="148.0"></omgdi:waypoint>
        <omgdi:waypoint x="546.0" y="148.0"></omgdi:waypoint>
      </bpmndi:BPMNEdge>
    </bpmndi:BPMNPlane>
  </bpmndi:BPMNDiagram>
</bpmn2:definitions>