{"id":"process-42a8685c-35db-4533-b6a7-b6e5e96a5de1","type":"PROCESS","name":"errorstartevent","key":"errorstartevent","extensions":{"Process_5Hw-93Ly":{"constants":{},"mappings":{},"properties":{},"assignments":{}},"SubProcess_12bfgzx":{"constants":{},"mappings":{},"properties":{},"assignments":{"Task_1c9otpe":{"type":"identity","assignment":"assignee","id":"Task_1c9otpe"}}},"SubProcess_0ap0x45":{"constants":{},"mappings":{},"properties":{},"assignments":{"Task_0prlhl5":{"type":"identity","assignment":"assignee","id":"Task_0prlhl5"}}}}}