{"id":"process-cba11055-0c13-4c28-a06d-0c148b54f1b1","type":"PROCESS","name":"errorstartevent","key":"errorstartevent","extensions":{"Process_5Hw-93Ly":{"mappings":{},"assignments":{},"templates":{"tasks":{}},"constants":{},"properties":{}},"SubProcess_12bfgzx":{"mappings":{},"assignments":{"Task_1c9otpe":{"type":"identity","assignment":"assignee","id":"Task_1c9otpe"}},"templates":{"tasks":{}},"constants":{},"properties":{}},"SubProcess_0ap0x45":{"mappings":{},"assignments":{"Task_0prlhl5":{"type":"identity","assignment":"assignee","id":"Task_0prlhl5"}},"templates":{"tasks":{}},"constants":{},"properties":{}}}}