<?xml version="1.0" encoding="UTF-8"?>
<bpmn2:definitions xmlns="http://www.omg.org/spec/BPMN/20100524/MODEL" xmlns:bpmn2="http://www.omg.org/spec/BPMN/20100524/MODEL" xmlns:xsi="http://www.w3.org/2001/XMLSchema-instance" xmlns:xsd="http://www.w3.org/2001/XMLSchema" xmlns:activiti="http://activiti.org/bpmn" xmlns:bpmndi="http://www.omg.org/spec/BPMN/20100524/DI" xmlns:omgdc="http://www.omg.org/spec/DD/20100524/DC" xmlns:omgdi="http://www.omg.org/spec/DD/20100524/DI" xmlns:dc="http://www.omg.org/spec/DD/20100524/DC" xmlns:di="http://www.omg.org/spec/DD/20100524/DI" typeLanguage="http://www.w3.org/2001/XMLSchema" expressionLanguage="http://www.w3.org/1999/XPath" targetNamespace="http://www.activiti.org/test" id="model-969f33f2-7b3b-4c2f-b04c-289f4d15f9e7" name="external-property-process" xsi:schemaLocation="http://www.omg.org/spec/BPMN/20100524/MODEL BPMN20.xsd">
  <bpmn2:process id="Process_0aBVysup" name="external-property-process" isExecutable="true">
    <bpmn2:startEvent id="Event_1" name="get user data" activiti:formKey="form-9c6b603c-6f4f-4ed4-b76a-593718bd6ef1">
      <bpmn2:outgoing>Flow_03bqyp2</bpmn2:outgoing>
    </bpmn2:startEvent>
    <bpmn2:endEvent id="Event_1ifymxb">
      <bpmn2:incoming>Flow_0gduc0y</bpmn2:incoming>
    </bpmn2:endEvent>
    <bpmn2:sequenceFlow id="Flow_03bqyp2" sourceRef="Event_1" targetRef="Activity_1szo5sm"></bpmn2:sequenceFlow>
    <bpmn2:userTask id="Activity_1szo5sm" name="display mapped data" activiti:assignee="${initiator}" activiti:formKey="form-66746cd2-748c-4343-8f50-a210d82d6bc6" activiti:priority="0">
      <bpmn2:incoming>Flow_03bqyp2</bpmn2:incoming>
      <bpmn2:outgoing>Flow_0gduc0y</bpmn2:outgoing>
    </bpmn2:userTask>
    <bpmn2:sequenceFlow id="Flow_0gduc0y" sourceRef="Activity_1szo5sm" targetRef="Event_1ifymxb"></bpmn2:sequenceFlow>
  </bpmn2:process>
  <bpmndi:BPMNDiagram id="BPMNDiagram_Process_0aBVysup">
    <bpmndi:BPMNPlane bpmnElement="Process_0aBVysup" id="BPMNPlane_Process_0aBVysup">
      <bpmndi:BPMNShape bpmnElement="Event_1" id="BPMNShape_Event_1">
        <omgdc:Bounds height="36.0" width="36.0" x="412.0" y="240.0"></omgdc:Bounds>
      </bpmndi:BPMNShape>
      <bpmndi:BPMNShape bpmnElement="Event_1ifymxb" id="BPMNShape_Event_1ifymxb">
        <omgdc:Bounds height="36.0" width="36.0" x="702.0" y="240.0"></omgdc:Bounds>
      </bpmndi:BPMNShape>
      <bpmndi:BPMNShape bpmnElement="Activity_1szo5sm" id="BPMNShape_Activity_1szo5sm">
        <omgdc:Bounds height="80.0" width="100.0" x="520.0" y="218.0"></omgdc:Bounds>
      </bpmndi:BPMNShape>
      <bpmndi:BPMNEdge bpmnElement="Flow_03bqyp2" id="BPMNEdge_Flow_03bqyp2">
        <omgdi:waypoint x="448.0" y="258.0"></omgdi:waypoint>
        <omgdi:waypoint x="520.0" y="258.0"></omgdi:waypoint>
      </bpmndi:BPMNEdge>
      <bpmndi:BPMNEdge bpmnElement="Flow_0gduc0y" id="BPMNEdge_Flow_0gduc0y">
        <omgdi:waypoint x="620.0" y="258.0"></omgdi:waypoint>
        <omgdi:waypoint x="702.0" y="258.0"></omgdi:waypoint>
      </bpmndi:BPMNEdge>
    </bpmndi:BPMNPlane>
  </bpmndi:BPMNDiagram>
</bpmn2:definitions>