<?xml version="1.0" encoding="UTF-8"?>
<bpmn2:definitions xmlns="http://www.omg.org/spec/BPMN/20100524/MODEL" xmlns:bpmn2="http://www.omg.org/spec/BPMN/20100524/MODEL" xmlns:xsi="http://www.w3.org/2001/XMLSchema-instance" xmlns:xsd="http://www.w3.org/2001/XMLSchema" xmlns:activiti="http://activiti.org/bpmn" xmlns:bpmndi="http://www.omg.org/spec/BPMN/20100524/DI" xmlns:omgdc="http://www.omg.org/spec/DD/20100524/DC" xmlns:omgdi="http://www.omg.org/spec/DD/20100524/DI" xmlns:dc="http://www.omg.org/spec/DD/20100524/DC" xmlns:di="http://www.omg.org/spec/DD/20100524/DI" typeLanguage="http://www.w3.org/2001/XMLSchema" expressionLanguage="http://www.w3.org/1999/XPath" targetNamespace="http://www.activiti.org/test" id="model-3aa80a7d-4042-46a3-a074-6dd4cc39dc46" name="form-styling-process" xsi:schemaLocation="http://www.omg.org/spec/BPMN/20100524/MODEL BPMN20.xsd">
  <bpmn2:process id="Process_Wm2Nqaz7" name="form-styling-process" isExecutable="true">
    <bpmn2:startEvent id="Event_1" activiti:formKey="form-43c5afd2-e4e1-4ca7-b138-4d34a5d36695">
      <bpmn2:outgoing>Flow_1x2ftbl</bpmn2:outgoing>
    </bpmn2:startEvent>
    <bpmn2:endEvent id="Event_1cn638n">
      <bpmn2:incoming>Flow_1x2ftbl</bpmn2:incoming>
    </bpmn2:endEvent>
    <bpmn2:sequenceFlow id="Flow_1x2ftbl" sourceRef="Event_1" targetRef="Event_1cn638n"></bpmn2:sequenceFlow>
  </bpmn2:process>
  <bpmndi:BPMNDiagram id="BPMNDiagram_Process_Wm2Nqaz7">
    <bpmndi:BPMNPlane bpmnElement="Process_Wm2Nqaz7" id="BPMNPlane_Process_Wm2Nqaz7">
      <bpmndi:BPMNShape bpmnElement="Event_1" id="BPMNShape_Event_1">
        <omgdc:Bounds height="36.0" width="36.0" x="412.0" y="240.0"></omgdc:Bounds>
      </bpmndi:BPMNShape>
      <bpmndi:BPMNShape bpmnElement="Event_1cn638n" id="BPMNShape_Event_1cn638n">
        <omgdc:Bounds height="36.0" width="36.0" x="502.0" y="240.0"></omgdc:Bounds>
      </bpmndi:BPMNShape>
      <bpmndi:BPMNEdge bpmnElement="Flow_1x2ftbl" id="BPMNEdge_Flow_1x2ftbl">
        <omgdi:waypoint x="448.0" y="258.0"></omgdi:waypoint>
        <omgdi:waypoint x="502.0" y="258.0"></omgdi:waypoint>
      </bpmndi:BPMNEdge>
    </bpmndi:BPMNPlane>
  </bpmndi:BPMNDiagram>
</bpmn2:definitions>