<?xml version="1.0" encoding="UTF-8"?>
<bpmn2:definitions xmlns="http://www.omg.org/spec/BPMN/20100524/MODEL" xmlns:bpmn2="http://www.omg.org/spec/BPMN/20100524/MODEL" xmlns:xsi="http://www.w3.org/2001/XMLSchema-instance" xmlns:xsd="http://www.w3.org/2001/XMLSchema" xmlns:activiti="http://activiti.org/bpmn" xmlns:bpmndi="http://www.omg.org/spec/BPMN/20100524/DI" xmlns:omgdc="http://www.omg.org/spec/DD/20100524/DC" xmlns:omgdi="http://www.omg.org/spec/DD/20100524/DI" typeLanguage="http://www.w3.org/2001/XMLSchema" expressionLanguage="http://www.w3.org/1999/XPath" targetNamespace="http://www.activiti.org/test" id="model-6f7654de-cb03-46aa-8c6c-ec07bd0b35f9" name="form-error-invalid-id" xsi:schemaLocation="http://www.omg.org/spec/BPMN/20100524/MODEL BPMN20.xsd">
  <bpmn2:process id="Process_6B-kg680" name="form-error-invalid-id" isExecutable="true">
    <bpmn2:documentation>Used for testing XAT-1208</bpmn2:documentation>
    <bpmn2:startEvent id="Event_1">
      <bpmn2:outgoing>SequenceFlow_0mrtcwl</bpmn2:outgoing>
    </bpmn2:startEvent>
    <bpmn2:userTask id="UserTask_0fb1tup" name="InvalidIDFormError" activiti:assignee="${initiator}" activiti:formKey="form-7e3559de-aa9d-4bc3-874b-ab89833c7f14" activiti:priority="0">
      <bpmn2:incoming>SequenceFlow_0mrtcwl</bpmn2:incoming>
      <bpmn2:outgoing>SequenceFlow_12s3lge</bpmn2:outgoing>
    </bpmn2:userTask>
    <bpmn2:endEvent id="EndEvent_0kjdwa1">
      <bpmn2:incoming>SequenceFlow_12s3lge</bpmn2:incoming>
    </bpmn2:endEvent>
    <bpmn2:sequenceFlow id="SequenceFlow_0mrtcwl" sourceRef="Event_1" targetRef="UserTask_0fb1tup"></bpmn2:sequenceFlow>
    <bpmn2:sequenceFlow id="SequenceFlow_12s3lge" sourceRef="UserTask_0fb1tup" targetRef="EndEvent_0kjdwa1"></bpmn2:sequenceFlow>
  </bpmn2:process>
  <bpmndi:BPMNDiagram id="BPMNDiagram_Process_6B-kg680">
    <bpmndi:BPMNPlane bpmnElement="Process_6B-kg680" id="BPMNPlane_Process_6B-kg680">
      <bpmndi:BPMNShape bpmnElement="Event_1" id="BPMNShape_Event_1">
        <omgdc:Bounds height="36.0" width="36.0" x="412.0" y="240.0"></omgdc:Bounds>
      </bpmndi:BPMNShape>
      <bpmndi:BPMNShape bpmnElement="UserTask_0fb1tup" id="BPMNShape_UserTask_0fb1tup">
        <omgdc:Bounds height="80.0" width="100.0" x="510.0" y="218.0"></omgdc:Bounds>
      </bpmndi:BPMNShape>
      <bpmndi:BPMNShape bpmnElement="EndEvent_0kjdwa1" id="BPMNShape_EndEvent_0kjdwa1">
        <omgdc:Bounds height="36.0" width="36.0" x="682.0" y="240.0"></omgdc:Bounds>
      </bpmndi:BPMNShape>
      <bpmndi:BPMNEdge bpmnElement="SequenceFlow_0mrtcwl" id="BPMNEdge_SequenceFlow_0mrtcwl">
        <omgdi:waypoint x="448.0" y="258.0"></omgdi:waypoint>
        <omgdi:waypoint x="510.0" y="258.0"></omgdi:waypoint>
      </bpmndi:BPMNEdge>
      <bpmndi:BPMNEdge bpmnElement="SequenceFlow_12s3lge" id="BPMNEdge_SequenceFlow_12s3lge">
        <omgdi:waypoint x="610.0" y="258.0"></omgdi:waypoint>
        <omgdi:waypoint x="682.0" y="258.0"></omgdi:waypoint>
      </bpmndi:BPMNEdge>
    </bpmndi:BPMNPlane>
  </bpmndi:BPMNDiagram>
</bpmn2:definitions>