<?xml version="1.0" encoding="UTF-8"?>
<bpmn2:definitions xmlns="http://www.omg.org/spec/BPMN/20100524/MODEL" xmlns:bpmn2="http://www.omg.org/spec/BPMN/20100524/MODEL" xmlns:xsi="http://www.w3.org/2001/XMLSchema-instance" xmlns:xsd="http://www.w3.org/2001/XMLSchema" xmlns:activiti="http://activiti.org/bpmn" xmlns:bpmndi="http://www.omg.org/spec/BPMN/20100524/DI" xmlns:omgdc="http://www.omg.org/spec/DD/20100524/DC" xmlns:omgdi="http://www.omg.org/spec/DD/20100524/DI" xmlns:dc="http://www.omg.org/spec/DD/20100524/DC" xmlns:di="http://www.omg.org/spec/DD/20100524/DI" typeLanguage="http://www.w3.org/2001/XMLSchema" expressionLanguage="http://www.w3.org/1999/XPath" targetNamespace="used-by-playwright" id="model-17fa64b7-1eaa-4fd3-83cf-940d6a31b011" name="form-errors-process" xsi:schemaLocation="http://www.omg.org/spec/BPMN/20100524/MODEL BPMN20.xsd">
  <bpmn2:process id="Process_EwHcGov9" name="form-errors-process" isExecutable="true">
    <bpmn2:documentation>Used for testing XAT-1209</bpmn2:documentation>
    <bpmn2:startEvent id="Event_1">
      <bpmn2:outgoing>Flow_110eube</bpmn2:outgoing>
    </bpmn2:startEvent>
    <bpmn2:userTask id="Activity_00l0mid" name="formErrors" activiti:assignee="${initiator}" activiti:formKey="form-dcead3f1-e80d-401b-9b19-7be5ad50dceb" activiti:priority="0">
      <bpmn2:incoming>Flow_110eube</bpmn2:incoming>
      <bpmn2:outgoing>Flow_1ir7n95</bpmn2:outgoing>
    </bpmn2:userTask>
    <bpmn2:sequenceFlow id="Flow_110eube" sourceRef="Event_1" targetRef="Activity_00l0mid"></bpmn2:sequenceFlow>
    <bpmn2:endEvent id="Event_03hy930">
      <bpmn2:incoming>Flow_1ir7n95</bpmn2:incoming>
    </bpmn2:endEvent>
    <bpmn2:sequenceFlow id="Flow_1ir7n95" sourceRef="Activity_00l0mid" targetRef="Event_03hy930"></bpmn2:sequenceFlow>
  </bpmn2:process>
  <bpmndi:BPMNDiagram id="BPMNDiagram_Process_EwHcGov9">
    <bpmndi:BPMNPlane bpmnElement="Process_EwHcGov9" id="BPMNPlane_Process_EwHcGov9">
      <bpmndi:BPMNShape bpmnElement="Event_1" id="BPMNShape_Event_1">
        <omgdc:Bounds height="36.0" width="36.0" x="412.0" y="240.0"></omgdc:Bounds>
      </bpmndi:BPMNShape>
      <bpmndi:BPMNShape bpmnElement="Activity_00l0mid" id="BPMNShape_Activity_00l0mid">
        <omgdc:Bounds height="80.0" width="100.0" x="560.0" y="218.0"></omgdc:Bounds>
      </bpmndi:BPMNShape>
      <bpmndi:BPMNShape bpmnElement="Event_03hy930" id="BPMNShape_Event_03hy930">
        <omgdc:Bounds height="36.0" width="36.0" x="772.0" y="240.0"></omgdc:Bounds>
      </bpmndi:BPMNShape>
      <bpmndi:BPMNEdge bpmnElement="Flow_110eube" id="BPMNEdge_Flow_110eube">
        <omgdi:waypoint x="448.0" y="258.0"></omgdi:waypoint>
        <omgdi:waypoint x="560.0" y="258.0"></omgdi:waypoint>
      </bpmndi:BPMNEdge>
      <bpmndi:BPMNEdge bpmnElement="Flow_1ir7n95" id="BPMNEdge_Flow_1ir7n95">
        <omgdi:waypoint x="660.0" y="258.0"></omgdi:waypoint>
        <omgdi:waypoint x="772.0" y="258.0"></omgdi:waypoint>
      </bpmndi:BPMNEdge>
    </bpmndi:BPMNPlane>
  </bpmndi:BPMNDiagram>
</bpmn2:definitions>