<?xml version="1.0" encoding="UTF-8"?>
<bpmn2:definitions xmlns="http://www.omg.org/spec/BPMN/20100524/MODEL" xmlns:bpmn2="http://www.omg.org/spec/BPMN/20100524/MODEL" xmlns:xsi="http://www.w3.org/2001/XMLSchema-instance" xmlns:xsd="http://www.w3.org/2001/XMLSchema" xmlns:activiti="http://activiti.org/bpmn" xmlns:bpmndi="http://www.omg.org/spec/BPMN/20100524/DI" xmlns:omgdc="http://www.omg.org/spec/DD/20100524/DC" xmlns:omgdi="http://www.omg.org/spec/DD/20100524/DI" xmlns:dc="http://www.omg.org/spec/DD/20100524/DC" xmlns:di="http://www.omg.org/spec/DD/20100524/DI" typeLanguage="http://www.w3.org/2001/XMLSchema" expressionLanguage="http://www.w3.org/1999/XPath" targetNamespace="http://www.activiti.org/test" id="model-836666de-b64c-4599-9f8d-4153946dd6ba" name="group-with-sections" xsi:schemaLocation="http://www.omg.org/spec/BPMN/20100524/MODEL BPMN20.xsd">
  <bpmn2:process id="Process_EwGkR8Rp" name="group-with-sections" isExecutable="true">
    <bpmn2:startEvent id="Event_1" name="start form with sections" activiti:formKey="form-f157d1f6-99d7-42a1-8435-5d22c909d18f">
      <bpmn2:outgoing>Flow_1tbaw2b</bpmn2:outgoing>
    </bpmn2:startEvent>
    <bpmn2:endEvent id="Event_0j6ktou">
      <bpmn2:incoming>Flow_0d0iff5</bpmn2:incoming>
    </bpmn2:endEvent>
    <bpmn2:sequenceFlow id="Flow_1tbaw2b" sourceRef="Event_1" targetRef="Activity_03cokji"></bpmn2:sequenceFlow>
    <bpmn2:userTask id="Activity_03cokji" name="task form with sections" activiti:assignee="${initiator}" activiti:formKey="form-f7b0d0af-3ff4-43bf-9ae5-35ba3e23f31a" activiti:priority="0">
      <bpmn2:incoming>Flow_1tbaw2b</bpmn2:incoming>
      <bpmn2:outgoing>Flow_0d0iff5</bpmn2:outgoing>
    </bpmn2:userTask>
    <bpmn2:sequenceFlow id="Flow_0d0iff5" sourceRef="Activity_03cokji" targetRef="Event_0j6ktou"></bpmn2:sequenceFlow>
  </bpmn2:process>
  <bpmndi:BPMNDiagram id="BPMNDiagram_Process_EwGkR8Rp">
    <bpmndi:BPMNPlane bpmnElement="Process_EwGkR8Rp" id="BPMNPlane_Process_EwGkR8Rp">
      <bpmndi:BPMNShape bpmnElement="Event_1" id="BPMNShape_Event_1">
        <omgdc:Bounds height="36.0" width="36.0" x="412.0" y="240.0"></omgdc:Bounds>
      </bpmndi:BPMNShape>
      <bpmndi:BPMNShape bpmnElement="Event_0j6ktou" id="BPMNShape_Event_0j6ktou">
        <omgdc:Bounds height="36.0" width="36.0" x="712.0" y="240.0"></omgdc:Bounds>
      </bpmndi:BPMNShape>
      <bpmndi:BPMNShape bpmnElement="Activity_03cokji" id="BPMNShape_Activity_03cokji">
        <omgdc:Bounds height="80.0" width="100.0" x="530.0" y="218.0"></omgdc:Bounds>
      </bpmndi:BPMNShape>
      <bpmndi:BPMNEdge bpmnElement="Flow_1tbaw2b" id="BPMNEdge_Flow_1tbaw2b">
        <omgdi:waypoint x="448.0" y="258.0"></omgdi:waypoint>
        <omgdi:waypoint x="530.0" y="258.0"></omgdi:waypoint>
      </bpmndi:BPMNEdge>
      <bpmndi:BPMNEdge bpmnElement="Flow_0d0iff5" id="BPMNEdge_Flow_0d0iff5">
        <omgdi:waypoint x="630.0" y="258.0"></omgdi:waypoint>
        <omgdi:waypoint x="712.0" y="258.0"></omgdi:waypoint>
      </bpmndi:BPMNEdge>
    </bpmndi:BPMNPlane>
  </bpmndi:BPMNDiagram>
</bpmn2:definitions>