{"id":"process-fb4b28a8-01a0-4608-8781-0e4e96e2d5c9","type":"PROCESS","name":"int-boundary-event","extensions":{"Process_QbJjbPPq":{"constants":{},"mappings":{"Task_1jqr04s":{"outputs":{"int_boundary_var":{"type":"variable","value":"NumberCorr"}}}},"properties":{"96051190-d993-4149-af42-625d84f614f3":{"id":"96051190-d993-4149-af42-625d84f614f3","name":"int_boundary_var","type":"integer","required":false}},"assignments":{"Task_1jqr04s":{"type":"identity","assignment":"assignee","id":"Task_1jqr04s"},"Task_12u4c91":{"type":"identity","assignment":"assignee","id":"Task_12u4c91"},"Task_0psfkyo":{"type":"identity","assignment":"assignee","id":"Task_0psfkyo"}}}}}