<?xml version="1.0" encoding="UTF-8"?>
<bpmn2:definitions xmlns="http://www.omg.org/spec/BPMN/20100524/MODEL" xmlns:bpmn2="http://www.omg.org/spec/BPMN/20100524/MODEL" xmlns:xsi="http://www.w3.org/2001/XMLSchema-instance" xmlns:xsd="http://www.w3.org/2001/XMLSchema" xmlns:activiti="http://activiti.org/bpmn" xmlns:bpmndi="http://www.omg.org/spec/BPMN/20100524/DI" xmlns:omgdc="http://www.omg.org/spec/DD/20100524/DC" xmlns:omgdi="http://www.omg.org/spec/DD/20100524/DI" typeLanguage="http://www.w3.org/2001/XMLSchema" expressionLanguage="http://www.w3.org/1999/XPath" targetNamespace="http://bpmn.io/schema/bpmn" id="sample-diagram" xsi:schemaLocation="http://www.omg.org/spec/BPMN/20100524/MODEL BPMN20.xsd">
  <bpmn2:message id="Message_17bjiqx" name="int-start-message-event"></bpmn2:message>
  <bpmn2:process id="process-8c870ea4-1f85-43eb-9cac-8c6026e90fdd" name="int-start-message-event" isExecutable="true">
    <bpmn2:startEvent id="StartEvent_1">
      <bpmn2:outgoing>SequenceFlow_1cr5iju</bpmn2:outgoing>
    </bpmn2:startEvent>
    <bpmn2:sequenceFlow id="SequenceFlow_1cr5iju" sourceRef="StartEvent_1" targetRef="Task_0p2svxa"></bpmn2:sequenceFlow>
    <bpmn2:endEvent id="EndEvent_0jwmw3k">
      <bpmn2:incoming>SequenceFlow_1c4hufn</bpmn2:incoming>
    </bpmn2:endEvent>
    <bpmn2:sequenceFlow id="SequenceFlow_1c4hufn" sourceRef="Task_0p2svxa" targetRef="EndEvent_0jwmw3k"></bpmn2:sequenceFlow>
    <bpmn2:userTask id="Task_0p2svxa" name="user-task" activiti:assignee="hruser"></bpmn2:userTask>
    <bpmn2:subProcess id="SubProcess_19rjjvg" name="int-start-subprocess" triggeredByEvent="true">
      <bpmn2:endEvent id="EndEvent_1dedra5">
        <bpmn2:incoming>SequenceFlow_1jad1rs</bpmn2:incoming>
      </bpmn2:endEvent>
      <bpmn2:startEvent id="StartEvent_0xp0f2k" isInterrupting="true">
        <bpmn2:outgoing>SequenceFlow_0v8f903</bpmn2:outgoing>
        <messageEventDefinition messageRef="Message_17bjiqx" activiti:correlationKey="${correlationkey}"></messageEventDefinition>
      </bpmn2:startEvent>
      <bpmn2:userTask id="Task_0nqppv6" name="subprocess-usertask" activiti:assignee="hruser"></bpmn2:userTask>
      <bpmn2:sequenceFlow id="SequenceFlow_0v8f903" sourceRef="StartEvent_0xp0f2k" targetRef="Task_0nqppv6"></bpmn2:sequenceFlow>
      <bpmn2:sequenceFlow id="SequenceFlow_1jad1rs" sourceRef="Task_0nqppv6" targetRef="EndEvent_1dedra5"></bpmn2:sequenceFlow>
    </bpmn2:subProcess>
  </bpmn2:process>
  <bpmndi:BPMNDiagram id="BPMNDiagram_process-8c870ea4-1f85-43eb-9cac-8c6026e90fdd">
    <bpmndi:BPMNPlane bpmnElement="process-8c870ea4-1f85-43eb-9cac-8c6026e90fdd" id="BPMNPlane_process-8c870ea4-1f85-43eb-9cac-8c6026e90fdd">
      <bpmndi:BPMNShape bpmnElement="StartEvent_1" id="BPMNShape_StartEvent_1">
        <omgdc:Bounds height="36.0" width="36.0" x="113.0" y="318.0"></omgdc:Bounds>
      </bpmndi:BPMNShape>
      <bpmndi:BPMNShape bpmnElement="EndEvent_0jwmw3k" id="BPMNShape_EndEvent_0jwmw3k">
        <omgdc:Bounds height="36.0" width="36.0" x="349.0" y="318.0"></omgdc:Bounds>
      </bpmndi:BPMNShape>
      <bpmndi:BPMNShape bpmnElement="EndEvent_1dedra5" id="BPMNShape_EndEvent_1dedra5">
        <omgdc:Bounds height="36.0" width="36.0" x="339.0" y="65.0"></omgdc:Bounds>
      </bpmndi:BPMNShape>
      <bpmndi:BPMNShape bpmnElement="StartEvent_0xp0f2k" id="BPMNShape_StartEvent_0xp0f2k">
        <omgdc:Bounds height="36.0" width="36.0" x="103.0" y="65.0"></omgdc:Bounds>
      </bpmndi:BPMNShape>
      <bpmndi:BPMNShape bpmnElement="Task_0p2svxa" id="BPMNShape_Task_0p2svxa">
        <omgdc:Bounds height="80.0" width="100.0" x="199.0" y="296.0"></omgdc:Bounds>
      </bpmndi:BPMNShape>
      <bpmndi:BPMNShape bpmnElement="Task_0nqppv6" id="BPMNShape_Task_0nqppv6">
        <omgdc:Bounds height="80.0" width="100.0" x="189.0" y="43.0"></omgdc:Bounds>
      </bpmndi:BPMNShape>
      <bpmndi:BPMNShape bpmnElement="SubProcess_19rjjvg" id="BPMNShape_SubProcess_19rjjvg" isExpanded="true">
        <omgdc:Bounds height="200.0" width="350.0" x="74.0" y="1.0"></omgdc:Bounds>
      </bpmndi:BPMNShape>
      <bpmndi:BPMNEdge bpmnElement="SequenceFlow_1cr5iju" id="BPMNEdge_SequenceFlow_1cr5iju">
        <omgdi:waypoint x="149.0" y="336.0"></omgdi:waypoint>
        <omgdi:waypoint x="199.0" y="336.0"></omgdi:waypoint>
      </bpmndi:BPMNEdge>
      <bpmndi:BPMNEdge bpmnElement="SequenceFlow_1c4hufn" id="BPMNEdge_SequenceFlow_1c4hufn">
        <omgdi:waypoint x="299.0" y="336.0"></omgdi:waypoint>
        <omgdi:waypoint x="349.0" y="336.0"></omgdi:waypoint>
      </bpmndi:BPMNEdge>
      <bpmndi:BPMNEdge bpmnElement="SequenceFlow_0v8f903" id="BPMNEdge_SequenceFlow_0v8f903">
        <omgdi:waypoint x="139.0" y="83.0"></omgdi:waypoint>
        <omgdi:waypoint x="189.0" y="83.0"></omgdi:waypoint>
      </bpmndi:BPMNEdge>
      <bpmndi:BPMNEdge bpmnElement="SequenceFlow_1jad1rs" id="BPMNEdge_SequenceFlow_1jad1rs">
        <omgdi:waypoint x="289.0" y="83.0"></omgdi:waypoint>
        <omgdi:waypoint x="339.0" y="83.0"></omgdi:waypoint>
      </bpmndi:BPMNEdge>
    </bpmndi:BPMNPlane>
  </bpmndi:BPMNDiagram>
</bpmn2:definitions>