<?xml version="1.0" encoding="UTF-8"?>
<definitions xmlns="http://www.omg.org/spec/BPMN/20100524/MODEL" xmlns:xsi="http://www.w3.org/2001/XMLSchema-instance" xmlns:activiti="http://activiti.org/bpmn" xmlns:bpmndi="http://www.omg.org/spec/BPMN/20100524/DI" xmlns:omgdc="http://www.omg.org/spec/DD/20100524/DC" xmlns:omgdi="http://www.omg.org/spec/DD/20100524/DI" xmlns:xsd="http://www.w3.org/2001/XMLSchema" id="sample-diagram" targetNamespace="http://bpmn.io/schema/bpmn" xsi:schemaLocation="http://www.omg.org/spec/BPMN/20100524/MODEL BPMN20.xsd">
  <message id="Message_0gufgw8" name="int-boundary-message" />
  <process id="process-c6bf8009-b80f-4b2a-a3ce-61256c933e02" name="int-boundary-event" isExecutable="true">
    <startEvent id="StartEvent_1">
      <outgoing>SequenceFlow_1snl6u4</outgoing>
    </startEvent>
    <sequenceFlow id="SequenceFlow_1snl6u4" sourceRef="StartEvent_1" targetRef="Task_1jqr04s" />
    <sequenceFlow id="SequenceFlow_06t8ep2" sourceRef="Task_1jqr04s" targetRef="Task_12u4c91" />
    <endEvent id="EndEvent_03fg64u">
      <incoming>SequenceFlow_1t6x188</incoming>
    </endEvent>
    <sequenceFlow id="SequenceFlow_1t6x188" sourceRef="Task_12u4c91" targetRef="EndEvent_03fg64u" />
    <sequenceFlow id="SequenceFlow_0vrqb77" sourceRef="BoundaryEvent_0a4852x" targetRef="Task_0psfkyo" />
    <endEvent id="EndEvent_1hum2om">
      <incoming>SequenceFlow_0tu26jm</incoming>
    </endEvent>
    <sequenceFlow id="SequenceFlow_0tu26jm" sourceRef="Task_0psfkyo" targetRef="EndEvent_1hum2om" />
    <userTask id="Task_1jqr04s" name="form-task" activiti:formKey="form-05dbaaa8-2eee-4f78-a3ba-bd0ca4e73649" activiti:assignee="hruser" />
    <userTask id="Task_12u4c91" name="int-boundary-task" activiti:assignee="hruser" />
    <userTask id="Task_0psfkyo" name="final-task" activiti:assignee="hruser" />
    <boundaryEvent id="BoundaryEvent_0a4852x" attachedToRef="Task_12u4c91">
      <messageEventDefinition messageRef="Message_0gufgw8" activiti:correlationKey="${int_boundary_var}" />
    </boundaryEvent>
  </process>
  <bpmndi:BPMNDiagram id="BPMNDiagram_process-c6bf8009-b80f-4b2a-a3ce-61256c933e02">
    <bpmndi:BPMNPlane id="BPMNPlane_process-c6bf8009-b80f-4b2a-a3ce-61256c933e02" bpmnElement="process-c6bf8009-b80f-4b2a-a3ce-61256c933e02">
      <bpmndi:BPMNShape id="BPMNShape_StartEvent_1" bpmnElement="StartEvent_1">
        <omgdc:Bounds x="84" y="129" width="36" height="36" />
      </bpmndi:BPMNShape>
      <bpmndi:BPMNShape id="BPMNShape_EndEvent_03fg64u" bpmnElement="EndEvent_03fg64u">
        <omgdc:Bounds x="470" y="129" width="36" height="36" />
      </bpmndi:BPMNShape>
      <bpmndi:BPMNShape id="BPMNShape_EndEvent_1hum2om" bpmnElement="EndEvent_1hum2om">
        <omgdc:Bounds x="589" y="249" width="36" height="36" />
      </bpmndi:BPMNShape>
      <bpmndi:BPMNShape id="BPMNShape_Task_1jqr04s" bpmnElement="Task_1jqr04s">
        <omgdc:Bounds x="170" y="107" width="100" height="80" />
      </bpmndi:BPMNShape>
      <bpmndi:BPMNShape id="BPMNShape_Task_12u4c91" bpmnElement="Task_12u4c91">
        <omgdc:Bounds x="320" y="107" width="100" height="80" />
      </bpmndi:BPMNShape>
      <bpmndi:BPMNShape id="BPMNShape_Task_0psfkyo" bpmnElement="Task_0psfkyo">
        <omgdc:Bounds x="439" y="227" width="100" height="80" />
      </bpmndi:BPMNShape>
      <bpmndi:BPMNShape id="BPMNShape_BoundaryEvent_0a4852x" bpmnElement="BoundaryEvent_0a4852x">
        <omgdc:Bounds x="353" y="169" width="36" height="36" />
      </bpmndi:BPMNShape>
      <bpmndi:BPMNEdge id="BPMNEdge_SequenceFlow_1snl6u4" bpmnElement="SequenceFlow_1snl6u4">
        <omgdi:waypoint x="120" y="147" />
        <omgdi:waypoint x="170" y="147" />
      </bpmndi:BPMNEdge>
      <bpmndi:BPMNEdge id="BPMNEdge_SequenceFlow_06t8ep2" bpmnElement="SequenceFlow_06t8ep2">
        <omgdi:waypoint x="270" y="147" />
        <omgdi:waypoint x="320" y="147" />
      </bpmndi:BPMNEdge>
      <bpmndi:BPMNEdge id="BPMNEdge_SequenceFlow_1t6x188" bpmnElement="SequenceFlow_1t6x188">
        <omgdi:waypoint x="420" y="147" />
        <omgdi:waypoint x="470" y="147" />
      </bpmndi:BPMNEdge>
      <bpmndi:BPMNEdge id="BPMNEdge_SequenceFlow_0vrqb77" bpmnElement="SequenceFlow_0vrqb77">
        <omgdi:waypoint x="371" y="187" />
        <omgdi:waypoint x="371" y="267" />
        <omgdi:waypoint x="439" y="267" />
      </bpmndi:BPMNEdge>
      <bpmndi:BPMNEdge id="BPMNEdge_SequenceFlow_0tu26jm" bpmnElement="SequenceFlow_0tu26jm">
        <omgdi:waypoint x="539" y="267" />
        <omgdi:waypoint x="589" y="267" />
      </bpmndi:BPMNEdge>
    </bpmndi:BPMNPlane>
  </bpmndi:BPMNDiagram>
</definitions>
