<?xml version="1.0" encoding="UTF-8"?>
<definitions xmlns="http://www.omg.org/spec/BPMN/20100524/MODEL" xmlns:xsi="http://www.w3.org/2001/XMLSchema-instance" xmlns:xsd="http://www.w3.org/2001/XMLSchema" xmlns:activiti="http://activiti.org/bpmn" xmlns:bpmndi="http://www.omg.org/spec/BPMN/20100524/DI" xmlns:omgdc="http://www.omg.org/spec/DD/20100524/DC" xmlns:omgdi="http://www.omg.org/spec/DD/20100524/DI" xmlns:bpmn2="http://www.omg.org/spec/BPMN/20100524/MODEL" xmlns:dc="http://www.omg.org/spec/DD/20100524/DC" xmlns:di="http://www.omg.org/spec/DD/20100524/DI" typeLanguage="http://www.w3.org/2001/XMLSchema" expressionLanguage="http://www.w3.org/1999/XPath" targetNamespace="http://bpmn.io/schema/bpmn" id="sample-diagram" xsi:schemaLocation="http://www.omg.org/spec/BPMN/20100524/MODEL BPMN20.xsd">
  <message id="Message_0gufgw8" name="int-boundary-message"></message>
  <process id="process-4f3d95e4-41d1-4629-9da4-1ff6ca75865f" name="int-boundary-event" isExecutable="true">
    <startEvent id="StartEvent_1">
      <outgoing>SequenceFlow_1snl6u4</outgoing>
    </startEvent>
    <sequenceFlow id="SequenceFlow_1snl6u4" sourceRef="StartEvent_1" targetRef="Task_1jqr04s"></sequenceFlow>
    <sequenceFlow id="SequenceFlow_06t8ep2" sourceRef="Task_1jqr04s" targetRef="Task_12u4c91"></sequenceFlow>
    <endEvent id="EndEvent_03fg64u">
      <incoming>SequenceFlow_1t6x188</incoming>
    </endEvent>
    <sequenceFlow id="SequenceFlow_1t6x188" sourceRef="Task_12u4c91" targetRef="EndEvent_03fg64u"></sequenceFlow>
    <sequenceFlow id="SequenceFlow_0vrqb77" sourceRef="BoundaryEvent_0a4852x" targetRef="Task_0psfkyo"></sequenceFlow>
    <endEvent id="EndEvent_1hum2om">
      <incoming>SequenceFlow_0tu26jm</incoming>
    </endEvent>
    <sequenceFlow id="SequenceFlow_0tu26jm" sourceRef="Task_0psfkyo" targetRef="EndEvent_1hum2om"></sequenceFlow>
    <userTask id="Task_1jqr04s" name="form-task" activiti:assignee="hruser" activiti:formKey="form-9b4b5251-c711-4f41-b1a4-6457a90b20b2"></userTask>
    <userTask id="Task_12u4c91" name="int-boundary-task" activiti:assignee="hruser"></userTask>
    <userTask id="Task_0psfkyo" name="final-task" activiti:assignee="hruser"></userTask>
    <boundaryEvent id="BoundaryEvent_0a4852x" attachedToRef="Task_12u4c91" cancelActivity="true">
      <messageEventDefinition messageRef="Message_0gufgw8" activiti:correlationKey="${int_boundary_var}"></messageEventDefinition>
    </boundaryEvent>
  </process>
  <bpmndi:BPMNDiagram id="BPMNDiagram_process-4f3d95e4-41d1-4629-9da4-1ff6ca75865f">
    <bpmndi:BPMNPlane bpmnElement="process-4f3d95e4-41d1-4629-9da4-1ff6ca75865f" id="BPMNPlane_process-4f3d95e4-41d1-4629-9da4-1ff6ca75865f">
      <bpmndi:BPMNShape bpmnElement="StartEvent_1" id="BPMNShape_StartEvent_1">
        <omgdc:Bounds height="36.0" width="36.0" x="84.0" y="129.0"></omgdc:Bounds>
      </bpmndi:BPMNShape>
      <bpmndi:BPMNShape bpmnElement="EndEvent_03fg64u" id="BPMNShape_EndEvent_03fg64u">
        <omgdc:Bounds height="36.0" width="36.0" x="470.0" y="129.0"></omgdc:Bounds>
      </bpmndi:BPMNShape>
      <bpmndi:BPMNShape bpmnElement="EndEvent_1hum2om" id="BPMNShape_EndEvent_1hum2om">
        <omgdc:Bounds height="36.0" width="36.0" x="589.0" y="249.0"></omgdc:Bounds>
      </bpmndi:BPMNShape>
      <bpmndi:BPMNShape bpmnElement="Task_1jqr04s" id="BPMNShape_Task_1jqr04s">
        <omgdc:Bounds height="80.0" width="100.0" x="170.0" y="107.0"></omgdc:Bounds>
      </bpmndi:BPMNShape>
      <bpmndi:BPMNShape bpmnElement="Task_12u4c91" id="BPMNShape_Task_12u4c91">
        <omgdc:Bounds height="80.0" width="100.0" x="320.0" y="107.0"></omgdc:Bounds>
      </bpmndi:BPMNShape>
      <bpmndi:BPMNShape bpmnElement="Task_0psfkyo" id="BPMNShape_Task_0psfkyo">
        <omgdc:Bounds height="80.0" width="100.0" x="439.0" y="227.0"></omgdc:Bounds>
      </bpmndi:BPMNShape>
      <bpmndi:BPMNShape bpmnElement="BoundaryEvent_0a4852x" id="BPMNShape_BoundaryEvent_0a4852x">
        <omgdc:Bounds height="36.0" width="36.0" x="353.0" y="169.0"></omgdc:Bounds>
      </bpmndi:BPMNShape>
      <bpmndi:BPMNEdge bpmnElement="SequenceFlow_1snl6u4" id="BPMNEdge_SequenceFlow_1snl6u4">
        <omgdi:waypoint x="120.0" y="147.0"></omgdi:waypoint>
        <omgdi:waypoint x="170.0" y="147.0"></omgdi:waypoint>
      </bpmndi:BPMNEdge>
      <bpmndi:BPMNEdge bpmnElement="SequenceFlow_06t8ep2" id="BPMNEdge_SequenceFlow_06t8ep2">
        <omgdi:waypoint x="270.0" y="147.0"></omgdi:waypoint>
        <omgdi:waypoint x="320.0" y="147.0"></omgdi:waypoint>
      </bpmndi:BPMNEdge>
      <bpmndi:BPMNEdge bpmnElement="SequenceFlow_1t6x188" id="BPMNEdge_SequenceFlow_1t6x188">
        <omgdi:waypoint x="420.0" y="147.0"></omgdi:waypoint>
        <omgdi:waypoint x="470.0" y="147.0"></omgdi:waypoint>
      </bpmndi:BPMNEdge>
      <bpmndi:BPMNEdge bpmnElement="SequenceFlow_0vrqb77" id="BPMNEdge_SequenceFlow_0vrqb77">
        <omgdi:waypoint x="371.0" y="187.0"></omgdi:waypoint>
        <omgdi:waypoint x="371.0" y="267.0"></omgdi:waypoint>
        <omgdi:waypoint x="439.0" y="267.0"></omgdi:waypoint>
      </bpmndi:BPMNEdge>
      <bpmndi:BPMNEdge bpmnElement="SequenceFlow_0tu26jm" id="BPMNEdge_SequenceFlow_0tu26jm">
        <omgdi:waypoint x="539.0" y="267.0"></omgdi:waypoint>
        <omgdi:waypoint x="589.0" y="267.0"></omgdi:waypoint>
      </bpmndi:BPMNEdge>
    </bpmndi:BPMNPlane>
  </bpmndi:BPMNDiagram>
</definitions>