{"id":"process-3844f0e3-aabc-4533-9caa-3c957d059c2b","type":"PROCESS","name":"int-start-message-event","key":"int-start-message-event","extensions":{"Process_MtQjqr-1":{"constants":{},"mappings":{},"properties":{"8d416ff5-fff7-4404-8a5f-e2904db72921":{"id":"8d416ff5-fff7-4404-8a5f-e2904db72921","name":"correlationkey","type":"string","value":"qatest1","required":false}},"assignments":{"Task_0p2svxa":{"type":"identity","assignment":"assignee","id":"Task_0p2svxa"}}},"SubProcess_19rjjvg":{"constants":{},"mappings":{},"properties":{},"assignments":{"Task_0nqppv6":{"type":"identity","assignment":"assignee","id":"Task_0nqppv6"}}}}}