{"id":"process-a90e0033-0424-407d-93bd-2628203b4fa1","type":"PROCESS","name":"int-boundary-subprocess","extensions":{"Process_kYhtnFm2":{"constants":{},"mappings":{"Task_0da4yvh":{"outputs":{"int_boundary_sub_var":{"type":"variable","value":"StringCorr"}}}},"properties":{"173e5d72-279c-485c-b86d-84804a01f024":{"id":"173e5d72-279c-485c-b86d-84804a01f024","name":"int_boundary_sub_var","type":"string","value":"","required":false}},"assignments":{"Task_0da4yvh":{"type":"identity","assignment":"assignee","id":"Task_0da4yvh"},"Task_1c5nd8z":{"type":"identity","assignment":"assignee","id":"Task_1c5nd8z"}}},"SubProcess_0wal67l":{"constants":{},"mappings":{},"properties":{},"assignments":{"Task_1erah30":{"type":"identity","assignment":"assignee","id":"Task_1erah30"}}}}}