{"id":"process-4189ed80-2e2d-4746-88d1-beaa2171479d","type":"PROCESS","name":"int-boundary-event","key":"int-boundary-event","extensions":{"Process_QbJjbPPq":{"mappings":{"Task_1jqr04s":{"inputs":{},"outputs":{"int_boundary_var":{"type":"variable","value":"NumberCorr"}}}},"assignments":{"Task_1jqr04s":{"type":"identity","assignment":"assignee","id":"Task_1jqr04s"},"Task_12u4c91":{"type":"identity","assignment":"assignee","id":"Task_12u4c91"},"Task_0psfkyo":{"type":"identity","assignment":"assignee","id":"Task_0psfkyo"}},"templates":{"tasks":{}},"constants":{},"properties":{"96051190-d993-4149-af42-625d84f614f3":{"id":"96051190-d993-4149-af42-625d84f614f3","name":"int_boundary_var","type":"integer","required":false,"ephemeral":false,"display":false,"analytics":false}}}}}