<?xml version="1.0" encoding="UTF-8"?>
<definitions xmlns="http://www.omg.org/spec/BPMN/20100524/MODEL" xmlns:xsi="http://www.w3.org/2001/XMLSchema-instance" xmlns:activiti="http://activiti.org/bpmn" xmlns:bpmndi="http://www.omg.org/spec/BPMN/20100524/DI" xmlns:omgdc="http://www.omg.org/spec/DD/20100524/DC" xmlns:omgdi="http://www.omg.org/spec/DD/20100524/DI" xmlns:xsd="http://www.w3.org/2001/XMLSchema" id="model-8c870ea4-1f85-43eb-9cac-8c6026e90fdd" name="int-start-message-event" targetNamespace="http://bpmn.io/schema/bpmn" xsi:schemaLocation="http://www.omg.org/spec/BPMN/20100524/MODEL BPMN20.xsd">
  <message id="Message_17bjiqx" name="int-start-message-event" />
  <process id="Process_MtQjqr-1" name="int-start-message-event" isExecutable="true">
    <startEvent id="StartEvent_1">
      <outgoing>SequenceFlow_1cr5iju</outgoing>
    </startEvent>
    <sequenceFlow id="SequenceFlow_1cr5iju" sourceRef="StartEvent_1" targetRef="Task_0p2svxa" />
    <endEvent id="EndEvent_0jwmw3k">
      <incoming>SequenceFlow_1c4hufn</incoming>
    </endEvent>
    <sequenceFlow id="SequenceFlow_1c4hufn" sourceRef="Task_0p2svxa" targetRef="EndEvent_0jwmw3k" />
    <userTask id="Task_0p2svxa" name="user-task" activiti:assignee="hruser" />
    <subProcess id="SubProcess_19rjjvg" name="int-start-subprocess" triggeredByEvent="true">
      <endEvent id="EndEvent_1dedra5">
        <incoming>SequenceFlow_1jad1rs</incoming>
      </endEvent>
      <startEvent id="StartEvent_0xp0f2k">
        <outgoing>SequenceFlow_0v8f903</outgoing>
        <messageEventDefinition messageRef="Message_17bjiqx" activiti:correlationKey="${correlationkey}" />
      </startEvent>
      <userTask id="Task_0nqppv6" name="subprocess-usertask" activiti:assignee="hruser" />
      <sequenceFlow id="SequenceFlow_0v8f903" sourceRef="StartEvent_0xp0f2k" targetRef="Task_0nqppv6" />
      <sequenceFlow id="SequenceFlow_1jad1rs" sourceRef="Task_0nqppv6" targetRef="EndEvent_1dedra5" />
    </subProcess>
  </process>
  <bpmndi:BPMNDiagram id="BPMNDiagram_process-8c870ea4-1f85-43eb-9cac-8c6026e90fdd">
    <bpmndi:BPMNPlane id="BPMNPlane_process-8c870ea4-1f85-43eb-9cac-8c6026e90fdd" bpmnElement="Process_MtQjqr-1">
      <bpmndi:BPMNShape id="BPMNShape_StartEvent_1" bpmnElement="StartEvent_1">
        <omgdc:Bounds x="113" y="318" width="36" height="36" />
      </bpmndi:BPMNShape>
      <bpmndi:BPMNShape id="BPMNShape_EndEvent_0jwmw3k" bpmnElement="EndEvent_0jwmw3k">
        <omgdc:Bounds x="349" y="318" width="36" height="36" />
      </bpmndi:BPMNShape>
      <bpmndi:BPMNShape id="BPMNShape_EndEvent_1dedra5" bpmnElement="EndEvent_1dedra5">
        <omgdc:Bounds x="339" y="65" width="36" height="36" />
      </bpmndi:BPMNShape>
      <bpmndi:BPMNShape id="BPMNShape_StartEvent_0xp0f2k" bpmnElement="StartEvent_0xp0f2k">
        <omgdc:Bounds x="103" y="65" width="36" height="36" />
      </bpmndi:BPMNShape>
      <bpmndi:BPMNShape id="BPMNShape_Task_0p2svxa" bpmnElement="Task_0p2svxa">
        <omgdc:Bounds x="199" y="296" width="100" height="80" />
      </bpmndi:BPMNShape>
      <bpmndi:BPMNShape id="BPMNShape_Task_0nqppv6" bpmnElement="Task_0nqppv6">
        <omgdc:Bounds x="189" y="43" width="100" height="80" />
      </bpmndi:BPMNShape>
      <bpmndi:BPMNShape id="BPMNShape_SubProcess_19rjjvg" bpmnElement="SubProcess_19rjjvg" isExpanded="true">
        <omgdc:Bounds x="74" y="1" width="350" height="200" />
      </bpmndi:BPMNShape>
      <bpmndi:BPMNEdge id="BPMNEdge_SequenceFlow_1cr5iju" bpmnElement="SequenceFlow_1cr5iju">
        <omgdi:waypoint x="149" y="336" />
        <omgdi:waypoint x="199" y="336" />
      </bpmndi:BPMNEdge>
      <bpmndi:BPMNEdge id="BPMNEdge_SequenceFlow_1c4hufn" bpmnElement="SequenceFlow_1c4hufn">
        <omgdi:waypoint x="299" y="336" />
        <omgdi:waypoint x="349" y="336" />
      </bpmndi:BPMNEdge>
      <bpmndi:BPMNEdge id="BPMNEdge_SequenceFlow_0v8f903" bpmnElement="SequenceFlow_0v8f903">
        <omgdi:waypoint x="139" y="83" />
        <omgdi:waypoint x="189" y="83" />
      </bpmndi:BPMNEdge>
      <bpmndi:BPMNEdge id="BPMNEdge_SequenceFlow_1jad1rs" bpmnElement="SequenceFlow_1jad1rs">
        <omgdi:waypoint x="289" y="83" />
        <omgdi:waypoint x="339" y="83" />
      </bpmndi:BPMNEdge>
    </bpmndi:BPMNPlane>
  </bpmndi:BPMNDiagram>
</definitions>
