<?xml version="1.0" encoding="UTF-8"?>
<definitions xmlns="http://www.omg.org/spec/BPMN/20100524/MODEL" xmlns:xsi="http://www.w3.org/2001/XMLSchema-instance" xmlns:activiti="http://activiti.org/bpmn" xmlns:bpmndi="http://www.omg.org/spec/BPMN/20100524/DI" xmlns:omgdc="http://www.omg.org/spec/DD/20100524/DC" xmlns:omgdi="http://www.omg.org/spec/DD/20100524/DI" xmlns:xsd="http://www.w3.org/2001/XMLSchema" id="model-96304ad4-b868-4d7f-94df-945a670cc243" name="int-boundary-subprocess" targetNamespace="http://bpmn.io/schema/bpmn" xsi:schemaLocation="http://www.omg.org/spec/BPMN/20100524/MODEL BPMN20.xsd">
  <message id="Message_1w097xa" name="interrupting-boundary-subprocess-message" />
  <process id="Process_kYhtnFm2" name="int-boundary-subprocess" isExecutable="true">
    <startEvent id="StartEvent_1">
      <outgoing>SequenceFlow_0k6zxb7</outgoing>
    </startEvent>
    <sequenceFlow id="SequenceFlow_0k6zxb7" sourceRef="StartEvent_1" targetRef="Task_0da4yvh" />
    <endEvent id="EndEvent_18beqaj">
      <incoming>SequenceFlow_1yrcrpb</incoming>
    </endEvent>
    <sequenceFlow id="SequenceFlow_1yrcrpb" sourceRef="Task_1c5nd8z" targetRef="EndEvent_18beqaj" />
    <userTask id="Task_0da4yvh" name="form-task" activiti:formKey="form-cbbec91d-f883-44c3-a030-ef0a8829cd4d" activiti:assignee="hruser" />
    <userTask id="Task_1c5nd8z" name="final-task" activiti:assignee="hruser" />
    <subProcess id="SubProcess_0wal67l" name="parent-task">
      <startEvent id="StartEvent_15yj112">
        <outgoing>SequenceFlow_17ao9wo</outgoing>
      </startEvent>
      <sequenceFlow id="SequenceFlow_17ao9wo" sourceRef="StartEvent_15yj112" targetRef="Task_1erah30" />
      <endEvent id="EndEvent_08j68dk">
        <incoming>SequenceFlow_1a2nbxi</incoming>
      </endEvent>
      <sequenceFlow id="SequenceFlow_1a2nbxi" sourceRef="Task_1erah30" targetRef="EndEvent_08j68dk" />
      <userTask id="Task_1erah30" name="subprocess-task" activiti:assignee="hruser" />
    </subProcess>
    <sequenceFlow id="SequenceFlow_0phc3t5" sourceRef="Task_0da4yvh" targetRef="SubProcess_0wal67l" />
    <boundaryEvent id="BoundaryEvent_0qdfvmr" attachedToRef="SubProcess_0wal67l">
      <messageEventDefinition messageRef="Message_1w097xa" activiti:correlationKey="${int_boundary_sub_var}" />
    </boundaryEvent>
    <sequenceFlow id="SequenceFlow_1r1pvu0" sourceRef="BoundaryEvent_0qdfvmr" targetRef="Task_1c5nd8z" />
  </process>
  <bpmndi:BPMNDiagram id="BPMNDiagram_process-96304ad4-b868-4d7f-94df-945a670cc243">
    <bpmndi:BPMNPlane id="BPMNPlane_process-96304ad4-b868-4d7f-94df-945a670cc243" bpmnElement="Process_kYhtnFm2">
      <bpmndi:BPMNShape id="BPMNShape_StartEvent_1" bpmnElement="StartEvent_1">
        <omgdc:Bounds x="108" y="154" width="36" height="36" />
      </bpmndi:BPMNShape>
      <bpmndi:BPMNShape id="BPMNShape_EndEvent_18beqaj" bpmnElement="EndEvent_18beqaj">
        <omgdc:Bounds x="806" y="345" width="36" height="36" />
      </bpmndi:BPMNShape>
      <bpmndi:BPMNShape id="BPMNShape_Task_0da4yvh" bpmnElement="Task_0da4yvh">
        <omgdc:Bounds x="194" y="132" width="100" height="80" />
      </bpmndi:BPMNShape>
      <bpmndi:BPMNShape id="BPMNShape_Task_1c5nd8z" bpmnElement="Task_1c5nd8z">
        <omgdc:Bounds x="656" y="323" width="100" height="80" />
      </bpmndi:BPMNShape>
      <bpmndi:BPMNShape id="BPMNShape_SubProcess_0wal67l" bpmnElement="SubProcess_0wal67l" isExpanded="true">
        <omgdc:Bounds x="360" y="91" width="350" height="200" />
      </bpmndi:BPMNShape>
      <bpmndi:BPMNShape id="BPMNShape_StartEvent_15yj112" bpmnElement="StartEvent_15yj112">
        <omgdc:Bounds x="375" y="152" width="36" height="36" />
      </bpmndi:BPMNShape>
      <bpmndi:BPMNShape id="BPMNShape_EndEvent_08j68dk" bpmnElement="EndEvent_08j68dk">
        <omgdc:Bounds x="611" y="152" width="36" height="36" />
      </bpmndi:BPMNShape>
      <bpmndi:BPMNShape id="BPMNShape_Task_1erah30" bpmnElement="Task_1erah30">
        <omgdc:Bounds x="461" y="130" width="100" height="80" />
      </bpmndi:BPMNShape>
      <bpmndi:BPMNShape id="BPMNShape_BoundaryEvent_0qdfvmr" bpmnElement="BoundaryEvent_0qdfvmr">
        <omgdc:Bounds x="507" y="273" width="36" height="36" />
      </bpmndi:BPMNShape>
      <bpmndi:BPMNEdge id="BPMNEdge_SequenceFlow_0k6zxb7" bpmnElement="SequenceFlow_0k6zxb7">
        <omgdi:waypoint x="144" y="172" />
        <omgdi:waypoint x="194" y="172" />
      </bpmndi:BPMNEdge>
      <bpmndi:BPMNEdge id="BPMNEdge_SequenceFlow_1yrcrpb" bpmnElement="SequenceFlow_1yrcrpb">
        <omgdi:waypoint x="756" y="363" />
        <omgdi:waypoint x="806" y="363" />
      </bpmndi:BPMNEdge>
      <bpmndi:BPMNEdge id="BPMNEdge_SequenceFlow_17ao9wo" bpmnElement="SequenceFlow_17ao9wo">
        <omgdi:waypoint x="411" y="170" />
        <omgdi:waypoint x="461" y="170" />
      </bpmndi:BPMNEdge>
      <bpmndi:BPMNEdge id="BPMNEdge_SequenceFlow_1a2nbxi" bpmnElement="SequenceFlow_1a2nbxi">
        <omgdi:waypoint x="561" y="170" />
        <omgdi:waypoint x="611" y="170" />
      </bpmndi:BPMNEdge>
      <bpmndi:BPMNEdge id="BPMNEdge_SequenceFlow_0phc3t5" bpmnElement="SequenceFlow_0phc3t5">
        <omgdi:waypoint x="294" y="172" />
        <omgdi:waypoint x="327" y="172" />
        <omgdi:waypoint x="327" y="191" />
        <omgdi:waypoint x="360" y="191" />
      </bpmndi:BPMNEdge>
      <bpmndi:BPMNEdge id="BPMNEdge_SequenceFlow_1r1pvu0" bpmnElement="SequenceFlow_1r1pvu0">
        <omgdi:waypoint x="525" y="309" />
        <omgdi:waypoint x="525" y="363" />
        <omgdi:waypoint x="656" y="363" />
      </bpmndi:BPMNEdge>
    </bpmndi:BPMNPlane>
  </bpmndi:BPMNDiagram>
</definitions>
