{"id":"process-7bb6d2b9-f2a0-49fb-8049-6dfb1d6b1851","type":"PROCESS","name":"intermediate-message-event","extensions":{"Process_A_d13PYx":{"constants":{},"mappings":{"UserTask_1rv2v21":{"outputs":{"intermediate_var":{"type":"variable","value":"StringCorr"}}}},"properties":{"8f852607-4537-46a6-8779-e45f488f9402":{"id":"8f852607-4537-46a6-8779-e45f488f9402","name":"intermediate_var","type":"string","value":"","required":false},"6980d5b5-5702-4154-bdf4-521eb82cff68":{"id":"6980d5b5-5702-4154-bdf4-521eb82cff68","name":"partmessage","type":"string","value":"inter","required":false}},"assignments":{"UserTask_1rv2v21":{"type":"identity","assignment":"assignee","id":"UserTask_1rv2v21"},"Task_0o1hyn0":{"type":"identity","assignment":"assignee","id":"Task_0o1hyn0"}}}}}