{"id":"process-6fbaaca8-57bd-49c2-b006-17b30842641f","type":"PROCESS","name":"interm-date-provar-timer","extensions":{"Process_7iUyo6wE":{"constants":{},"mappings":{"Task_02n178t":{"inputs":{"Date0rzbb6":{"type":"variable","value":"DateTimerSet"}},"outputs":{"DateTimerSet":{"type":"variable","value":"Date0rzbb6"}}}},"properties":{"bad4f8e5-5936-4791-8953-105776617b67":{"id":"bad4f8e5-5936-4791-8953-105776617b67","name":"TimerProcessSet","type":"string","value":"","required":false},"1db297b2-6f0b-4532-a95c-6605fa5253b8":{"id":"1db297b2-6f0b-4532-a95c-6605fa5253b8","name":"DateTimerSet","type":"date","required":false,"value":"2020-07-09"},"94eb5db6-52dc-4bc4-9e1f-15c228f9a6fd":{"id":"94eb5db6-52dc-4bc4-9e1f-15c228f9a6fd","name":"datetime","type":"datetime","required":false,"value":"2020-07-09T00:00:00"}},"assignments":{"Task_02n178t":{"type":"identity","assignment":"assignee","id":"Task_02n178t"}}}}}