{"id":"process-922dcd08-7b05-4052-9364-fe67b6eb1507","type":"PROCESS","name":"intermediate-message-event","extensions":{"constants":{},"mappings":{"UserTask_1rv2v21":{"outputs":{"intermediate_var":{"type":"variable","value":"StringCorr"}}}},"properties":{"8f852607-4537-46a6-8779-e45f488f9402":{"id":"8f852607-4537-46a6-8779-e45f488f9402","name":"intermediate_var","type":"string","value":"","required":false},"6980d5b5-5702-4154-bdf4-521eb82cff68":{"id":"6980d5b5-5702-4154-bdf4-521eb82cff68","name":"partmessage","type":"string","value":"inter","required":false}}}}