<?xml version="1.0" encoding="UTF-8"?>
<bpmn2:definitions xmlns="http://www.omg.org/spec/BPMN/20100524/MODEL" xmlns:bpmn2="http://www.omg.org/spec/BPMN/20100524/MODEL" xmlns:xsi="http://www.w3.org/2001/XMLSchema-instance" xmlns:xsd="http://www.w3.org/2001/XMLSchema" xmlns:activiti="http://activiti.org/bpmn" xmlns:bpmndi="http://www.omg.org/spec/BPMN/20100524/DI" xmlns:omgdc="http://www.omg.org/spec/DD/20100524/DC" xmlns:omgdi="http://www.omg.org/spec/DD/20100524/DI" typeLanguage="http://www.w3.org/2001/XMLSchema" expressionLanguage="http://www.w3.org/1999/XPath" targetNamespace="http://bpmn.io/schema/bpmn" id="model-cf067f96-1642-42f6-8bcd-e66d20bc4502" name="interm-date-provar-timer" xsi:schemaLocation="http://www.omg.org/spec/BPMN/20100524/MODEL BPMN20.xsd">
  <bpmn2:process id="Process_7iUyo6wE" name="interm-date-provar-timer" isExecutable="true">
    <bpmn2:startEvent id="StartEvent_1">
      <bpmn2:outgoing>SequenceFlow_1necnbk</bpmn2:outgoing>
    </bpmn2:startEvent>
    <bpmn2:sequenceFlow id="SequenceFlow_1necnbk" sourceRef="StartEvent_1" targetRef="Task_02n178t"></bpmn2:sequenceFlow>
    <bpmn2:userTask id="Task_02n178t" name="IntermediateProcessVarTimer" activiti:assignee="hruser" activiti:formKey="form-b3d1b66b-3fa2-4d98-bdcb-94e4eea27b9f">
      <bpmn2:incoming>SequenceFlow_1necnbk</bpmn2:incoming>
      <bpmn2:outgoing>SequenceFlow_0pn0y2p</bpmn2:outgoing>
    </bpmn2:userTask>
    <bpmn2:sequenceFlow id="SequenceFlow_0pn0y2p" sourceRef="Task_02n178t" targetRef="IntermediateThrowEvent_1lyr9hu"></bpmn2:sequenceFlow>
    <bpmn2:endEvent id="EndEvent_1iot4f2">
      <bpmn2:incoming>SequenceFlow_0hv4uy0</bpmn2:incoming>
    </bpmn2:endEvent>
    <bpmn2:sequenceFlow id="SequenceFlow_0hv4uy0" sourceRef="IntermediateThrowEvent_1lyr9hu" targetRef="EndEvent_1iot4f2"></bpmn2:sequenceFlow>
    <bpmn2:intermediateCatchEvent id="IntermediateThrowEvent_1lyr9hu">
      <bpmn2:incoming>SequenceFlow_0pn0y2p</bpmn2:incoming>
      <bpmn2:outgoing>SequenceFlow_0hv4uy0</bpmn2:outgoing>
      <bpmn2:outgoing>SequenceFlow_177281t</bpmn2:outgoing>
      <timerEventDefinition>
        <timeDate>${DateTimerSet}</timeDate>
      </timerEventDefinition>
    </bpmn2:intermediateCatchEvent>
    <bpmn2:manualTask id="Task_163h5j8">
      <bpmn2:incoming>SequenceFlow_177281t</bpmn2:incoming>
      <bpmn2:outgoing>SequenceFlow_1jix04t</bpmn2:outgoing>
    </bpmn2:manualTask>
    <bpmn2:sequenceFlow id="SequenceFlow_177281t" sourceRef="IntermediateThrowEvent_1lyr9hu" targetRef="Task_163h5j8"></bpmn2:sequenceFlow>
    <bpmn2:endEvent id="EndEvent_05598pb">
      <bpmn2:incoming>SequenceFlow_1jix04t</bpmn2:incoming>
    </bpmn2:endEvent>
    <bpmn2:sequenceFlow id="SequenceFlow_1jix04t" sourceRef="Task_163h5j8" targetRef="EndEvent_05598pb"></bpmn2:sequenceFlow>
  </bpmn2:process>
  <bpmndi:BPMNDiagram id="BPMNDiagram_Process_7iUyo6wE">
    <bpmndi:BPMNPlane bpmnElement="Process_7iUyo6wE" id="BPMNPlane_Process_7iUyo6wE">
      <bpmndi:BPMNShape bpmnElement="StartEvent_1" id="BPMNShape_StartEvent_1">
        <omgdc:Bounds height="36.0" width="36.0" x="412.0" y="240.0"></omgdc:Bounds>
      </bpmndi:BPMNShape>
      <bpmndi:BPMNShape bpmnElement="Task_02n178t" id="BPMNShape_Task_02n178t">
        <omgdc:Bounds height="80.0" width="100.0" x="498.0" y="218.0"></omgdc:Bounds>
      </bpmndi:BPMNShape>
      <bpmndi:BPMNShape bpmnElement="EndEvent_1iot4f2" id="BPMNShape_EndEvent_1iot4f2">
        <omgdc:Bounds height="36.0" width="36.0" x="756.0" y="240.0"></omgdc:Bounds>
      </bpmndi:BPMNShape>
      <bpmndi:BPMNShape bpmnElement="IntermediateThrowEvent_1lyr9hu" id="BPMNShape_IntermediateThrowEvent_1lyr9hu">
        <omgdc:Bounds height="36.0" width="36.0" x="655.0" y="240.0"></omgdc:Bounds>
      </bpmndi:BPMNShape>
      <bpmndi:BPMNShape bpmnElement="Task_163h5j8" id="BPMNShape_Task_163h5j8">
        <omgdc:Bounds height="80.0" width="100.0" x="760.0" y="330.0"></omgdc:Bounds>
      </bpmndi:BPMNShape>
      <bpmndi:BPMNShape bpmnElement="EndEvent_05598pb" id="BPMNShape_EndEvent_05598pb">
        <omgdc:Bounds height="36.0" width="36.0" x="932.0" y="352.0"></omgdc:Bounds>
      </bpmndi:BPMNShape>
      <bpmndi:BPMNEdge bpmnElement="SequenceFlow_1necnbk" id="BPMNEdge_SequenceFlow_1necnbk">
        <omgdi:waypoint x="448.0" y="258.0"></omgdi:waypoint>
        <omgdi:waypoint x="498.0" y="258.0"></omgdi:waypoint>
      </bpmndi:BPMNEdge>
      <bpmndi:BPMNEdge bpmnElement="SequenceFlow_0pn0y2p" id="BPMNEdge_SequenceFlow_0pn0y2p">
        <omgdi:waypoint x="598.0" y="258.0"></omgdi:waypoint>
        <omgdi:waypoint x="655.0" y="258.0"></omgdi:waypoint>
      </bpmndi:BPMNEdge>
      <bpmndi:BPMNEdge bpmnElement="SequenceFlow_0hv4uy0" id="BPMNEdge_SequenceFlow_0hv4uy0">
        <omgdi:waypoint x="691.0" y="258.0"></omgdi:waypoint>
        <omgdi:waypoint x="756.0" y="258.0"></omgdi:waypoint>
      </bpmndi:BPMNEdge>
      <bpmndi:BPMNEdge bpmnElement="SequenceFlow_177281t" id="BPMNEdge_SequenceFlow_177281t">
        <omgdi:waypoint x="691.0" y="258.0"></omgdi:waypoint>
        <omgdi:waypoint x="726.0" y="258.0"></omgdi:waypoint>
        <omgdi:waypoint x="726.0" y="370.0"></omgdi:waypoint>
        <omgdi:waypoint x="760.0" y="370.0"></omgdi:waypoint>
      </bpmndi:BPMNEdge>
      <bpmndi:BPMNEdge bpmnElement="SequenceFlow_1jix04t" id="BPMNEdge_SequenceFlow_1jix04t">
        <omgdi:waypoint x="860.0" y="370.0"></omgdi:waypoint>
        <omgdi:waypoint x="932.0" y="370.0"></omgdi:waypoint>
      </bpmndi:BPMNEdge>
    </bpmndi:BPMNPlane>
  </bpmndi:BPMNDiagram>
</bpmn2:definitions>