<?xml version="1.0" encoding="UTF-8"?>
<definitions xmlns="http://www.omg.org/spec/BPMN/20100524/MODEL" xmlns:xsi="http://www.w3.org/2001/XMLSchema-instance" xmlns:activiti="http://activiti.org/bpmn" xmlns:bpmndi="http://www.omg.org/spec/BPMN/20100524/DI" xmlns:omgdc="http://www.omg.org/spec/DD/20100524/DC" xmlns:omgdi="http://www.omg.org/spec/DD/20100524/DI" xmlns:xsd="http://www.w3.org/2001/XMLSchema" id="model-3e55a1d7-e45a-4c8c-8a92-c92e674246f2" name="intermediate-message-event" targetNamespace="http://bpmn.io/schema/bpmn" xsi:schemaLocation="http://www.omg.org/spec/BPMN/20100524/MODEL BPMN20.xsd">
  <message id="Message_04x0m6d" name="intermediate catch message event-${partmessage}" />
  <process id="Process_A_d13PYx" name="intermediate-message-event" isExecutable="true">
    <startEvent id="StartEvent_1">
      <outgoing>SequenceFlow_0c8osuo</outgoing>
    </startEvent>
    <sequenceFlow id="SequenceFlow_0c8osuo" sourceRef="StartEvent_1" targetRef="UserTask_1rv2v21" />
    <sequenceFlow id="SequenceFlow_00sud25" sourceRef="IntermediateCatchEvent_1yob7rg" targetRef="Task_0o1hyn0" />
    <endEvent id="EndEvent_03q2h6a">
      <incoming>SequenceFlow_127h649</incoming>
    </endEvent>
    <sequenceFlow id="SequenceFlow_127h649" sourceRef="Task_0o1hyn0" targetRef="EndEvent_03q2h6a" />
    <userTask id="UserTask_1rv2v21" name="usertaskform" activiti:formKey="form-79af7b5a-71f5-410e-ac03-61c55c9f34c0" activiti:assignee="hruser" />
    <userTask id="Task_0o1hyn0" name="intermediateusertask" activiti:assignee="hruser" />
    <sequenceFlow id="SequenceFlow_1ytbsta" sourceRef="UserTask_1rv2v21" targetRef="IntermediateThrowEvent_1i26two" />
    <intermediateCatchEvent id="IntermediateCatchEvent_1yob7rg">
      <incoming>SequenceFlow_1rau5ro</incoming>
      <outgoing>SequenceFlow_00sud25</outgoing>
      <messageEventDefinition messageRef="Message_04x0m6d" activiti:correlationKey="${intermediate_var}" />
    </intermediateCatchEvent>
    <sequenceFlow id="SequenceFlow_1rau5ro" sourceRef="IntermediateThrowEvent_1i26two" targetRef="IntermediateCatchEvent_1yob7rg" />
    <intermediateThrowEvent id="IntermediateThrowEvent_1i26two">
      <incoming>SequenceFlow_1ytbsta</incoming>
      <outgoing>SequenceFlow_1rau5ro</outgoing>
      <messageEventDefinition messageRef="Message_04x0m6d" activiti:correlationKey="${intermediate_var}" />
    </intermediateThrowEvent>
  </process>
  <bpmndi:BPMNDiagram id="BPMNDiagram_Process_A_d13PYx">
    <bpmndi:BPMNPlane id="BPMNPlane_Process_A_d13PYx" bpmnElement="Process_A_d13PYx">
      <bpmndi:BPMNShape id="BPMNShape_StartEvent_1" bpmnElement="StartEvent_1">
        <omgdc:Bounds x="12" y="196" width="36" height="36" />
      </bpmndi:BPMNShape>
      <bpmndi:BPMNShape id="BPMNShape_EndEvent_03q2h6a" bpmnElement="EndEvent_03q2h6a">
        <omgdc:Bounds x="595" y="196" width="36" height="36" />
      </bpmndi:BPMNShape>
      <bpmndi:BPMNShape id="BPMNShape_UserTask_1rv2v21" bpmnElement="UserTask_1rv2v21">
        <omgdc:Bounds x="90" y="174" width="100" height="80" />
      </bpmndi:BPMNShape>
      <bpmndi:BPMNShape id="BPMNShape_Task_0o1hyn0" bpmnElement="Task_0o1hyn0">
        <omgdc:Bounds x="445" y="174" width="100" height="80" />
      </bpmndi:BPMNShape>
      <bpmndi:BPMNShape id="BPMNShape_IntermediateCatchEvent_1yob7rg" bpmnElement="IntermediateCatchEvent_1yob7rg">
        <omgdc:Bounds x="359" y="196" width="36" height="36" />
      </bpmndi:BPMNShape>
      <bpmndi:BPMNShape id="BPMNShape_IntermediateThrowEvent_1i26two" bpmnElement="IntermediateThrowEvent_1i26two">
        <omgdc:Bounds x="252" y="196" width="36" height="36" />
      </bpmndi:BPMNShape>
      <bpmndi:BPMNEdge id="BPMNEdge_SequenceFlow_0c8osuo" bpmnElement="SequenceFlow_0c8osuo">
        <omgdi:waypoint x="48" y="214" />
        <omgdi:waypoint x="90" y="214" />
      </bpmndi:BPMNEdge>
      <bpmndi:BPMNEdge id="BPMNEdge_SequenceFlow_00sud25" bpmnElement="SequenceFlow_00sud25">
        <omgdi:waypoint x="395" y="214" />
        <omgdi:waypoint x="445" y="214" />
      </bpmndi:BPMNEdge>
      <bpmndi:BPMNEdge id="BPMNEdge_SequenceFlow_127h649" bpmnElement="SequenceFlow_127h649">
        <omgdi:waypoint x="545" y="214" />
        <omgdi:waypoint x="595" y="214" />
      </bpmndi:BPMNEdge>
      <bpmndi:BPMNEdge id="BPMNEdge_SequenceFlow_1ytbsta" bpmnElement="SequenceFlow_1ytbsta">
        <omgdi:waypoint x="190" y="214" />
        <omgdi:waypoint x="252" y="214" />
      </bpmndi:BPMNEdge>
      <bpmndi:BPMNEdge id="BPMNEdge_SequenceFlow_1rau5ro" bpmnElement="SequenceFlow_1rau5ro">
        <omgdi:waypoint x="288" y="214" />
        <omgdi:waypoint x="359" y="214" />
      </bpmndi:BPMNEdge>
    </bpmndi:BPMNPlane>
  </bpmndi:BPMNDiagram>
</definitions>
