<?xml version="1.0" encoding="UTF-8"?>
<bpmn2:definitions xmlns:activiti="http://activiti.org/bpmn" xmlns:xsi="http://www.w3.org/2001/XMLSchema-instance" xmlns:bpmn2="http://www.omg.org/spec/BPMN/20100524/MODEL" xmlns:bpmndi="http://www.omg.org/spec/BPMN/20100524/DI" xmlns:dc="http://www.omg.org/spec/DD/20100524/DC" xmlns:di="http://www.omg.org/spec/DD/20100524/DI" id="sample-diagram" targetNamespace="http://bpmn.io/schema/bpmn" xsi:schemaLocation="http://www.omg.org/spec/BPMN/20100524/MODEL BPMN20.xsd">
  <bpmn2:process id="process-3241170d-0e5d-4a8f-bdb7-4a88e316a367" name="intermediate-message-event" isExecutable="true">
    <bpmn2:documentation />
    <bpmn2:startEvent id="StartEvent_1">
      <bpmn2:outgoing>SequenceFlow_0c8osuo</bpmn2:outgoing>
    </bpmn2:startEvent>
    <bpmn2:sequenceFlow id="SequenceFlow_0c8osuo" sourceRef="StartEvent_1" targetRef="Task_1rv2v21" />
    <bpmn2:sequenceFlow id="SequenceFlow_00sud25" sourceRef="IntermediateThrowEvent_1yob7rg" targetRef="Task_0o1hyn0" />
    <bpmn2:endEvent id="EndEvent_03q2h6a">
      <bpmn2:incoming>SequenceFlow_127h649</bpmn2:incoming>
    </bpmn2:endEvent>
    <bpmn2:sequenceFlow id="SequenceFlow_127h649" sourceRef="Task_0o1hyn0" targetRef="EndEvent_03q2h6a" />
    <bpmn2:userTask id="Task_1rv2v21" name="usertaskform" activiti:formKey="form-056ba4aa-90c2-48eb-ba39-7013d732503b" activiti:assignee="hruser">
      <bpmn2:incoming>SequenceFlow_0c8osuo</bpmn2:incoming>
      <bpmn2:outgoing>SequenceFlow_1ytbsta</bpmn2:outgoing>
    </bpmn2:userTask>
    <bpmn2:userTask id="Task_0o1hyn0" name="intermediateusertask" activiti:assignee="hruser">
      <bpmn2:incoming>SequenceFlow_00sud25</bpmn2:incoming>
      <bpmn2:outgoing>SequenceFlow_127h649</bpmn2:outgoing>
    </bpmn2:userTask>
    <bpmn2:sequenceFlow id="SequenceFlow_1ytbsta" sourceRef="Task_1rv2v21" targetRef="IntermediateThrowEvent_1yob7rg" />
    <bpmn2:intermediateCatchEvent id="IntermediateThrowEvent_1yob7rg">
      <bpmn2:incoming>SequenceFlow_1ytbsta</bpmn2:incoming>
      <bpmn2:outgoing>SequenceFlow_00sud25</bpmn2:outgoing>
      <bpmn2:messageEventDefinition messageRef="Message_04x0m6d" activiti:correlationKey="${intermediate_var}" />
    </bpmn2:intermediateCatchEvent>
  </bpmn2:process>
  <bpmn2:message id="Message_04x0m6d" name="intermediate catch message event" />
  <bpmndi:BPMNDiagram id="BPMNDiagram_1">
    <bpmndi:BPMNPlane id="BPMNPlane_1" bpmnElement="process-3241170d-0e5d-4a8f-bdb7-4a88e316a367">
      <bpmndi:BPMNShape id="_BPMNShape_StartEvent_2" bpmnElement="StartEvent_1">
        <dc:Bounds x="86" y="196" width="36" height="36" />
      </bpmndi:BPMNShape>
      <bpmndi:BPMNEdge id="SequenceFlow_0c8osuo_di" bpmnElement="SequenceFlow_0c8osuo">
        <di:waypoint x="122" y="214" />
        <di:waypoint x="172" y="214" />
      </bpmndi:BPMNEdge>
      <bpmndi:BPMNEdge id="SequenceFlow_00sud25_di" bpmnElement="SequenceFlow_00sud25">
        <di:waypoint x="395" y="214" />
        <di:waypoint x="445" y="214" />
      </bpmndi:BPMNEdge>
      <bpmndi:BPMNShape id="EndEvent_03q2h6a_di" bpmnElement="EndEvent_03q2h6a">
        <dc:Bounds x="595" y="196" width="36" height="36" />
      </bpmndi:BPMNShape>
      <bpmndi:BPMNEdge id="SequenceFlow_127h649_di" bpmnElement="SequenceFlow_127h649">
        <di:waypoint x="545" y="214" />
        <di:waypoint x="595" y="214" />
      </bpmndi:BPMNEdge>
      <bpmndi:BPMNShape id="UserTask_0ieanjv_di" bpmnElement="Task_1rv2v21">
        <dc:Bounds x="172" y="174" width="100" height="80" />
      </bpmndi:BPMNShape>
      <bpmndi:BPMNShape id="UserTask_1p7oip6_di" bpmnElement="Task_0o1hyn0">
        <dc:Bounds x="445" y="174" width="100" height="80" />
      </bpmndi:BPMNShape>
      <bpmndi:BPMNEdge id="SequenceFlow_1ytbsta_di" bpmnElement="SequenceFlow_1ytbsta">
        <di:waypoint x="272" y="214" />
        <di:waypoint x="359" y="214" />
      </bpmndi:BPMNEdge>
      <bpmndi:BPMNShape id="IntermediateCatchEvent_1y4xtnj_di" bpmnElement="IntermediateThrowEvent_1yob7rg">
        <dc:Bounds x="359" y="196" width="36" height="36" />
      </bpmndi:BPMNShape>
    </bpmndi:BPMNPlane>
  </bpmndi:BPMNDiagram>
</bpmn2:definitions>
