<?xml version="1.0" encoding="UTF-8"?>
<definitions xmlns="http://www.omg.org/spec/BPMN/20100524/MODEL" xmlns:xsi="http://www.w3.org/2001/XMLSchema-instance" xmlns:xsd="http://www.w3.org/2001/XMLSchema" xmlns:activiti="http://activiti.org/bpmn" xmlns:bpmndi="http://www.omg.org/spec/BPMN/20100524/DI" xmlns:omgdc="http://www.omg.org/spec/DD/20100524/DC" xmlns:omgdi="http://www.omg.org/spec/DD/20100524/DI" xmlns:bpmn2="http://www.omg.org/spec/BPMN/20100524/MODEL" xmlns:dc="http://www.omg.org/spec/DD/20100524/DC" xmlns:di="http://www.omg.org/spec/DD/20100524/DI" typeLanguage="http://www.w3.org/2001/XMLSchema" expressionLanguage="http://www.w3.org/1999/XPath" targetNamespace="http://bpmn.io/schema/bpmn" id="sample-diagram" xsi:schemaLocation="http://www.omg.org/spec/BPMN/20100524/MODEL BPMN20.xsd">
  <message id="Message_04x0m6d" name="intermediate catch message event"></message>
  <process id="process-9b5f7b89-61d4-43f7-99ae-27ad1ee3ee32" name="intermediate-message-event" isExecutable="true">
    <startEvent id="StartEvent_1">
      <outgoing>SequenceFlow_0c8osuo</outgoing>
    </startEvent>
    <sequenceFlow id="SequenceFlow_0c8osuo" sourceRef="StartEvent_1" targetRef="Task_1rv2v21"></sequenceFlow>
    <sequenceFlow id="SequenceFlow_00sud25" sourceRef="IntermediateThrowEvent_1yob7rg" targetRef="Task_0o1hyn0"></sequenceFlow>
    <endEvent id="EndEvent_03q2h6a">
      <incoming>SequenceFlow_127h649</incoming>
    </endEvent>
    <sequenceFlow id="SequenceFlow_127h649" sourceRef="Task_0o1hyn0" targetRef="EndEvent_03q2h6a"></sequenceFlow>
    <userTask id="Task_1rv2v21" name="usertaskform" activiti:assignee="hruser" activiti:formKey="form-9b4b5251-c711-4f41-b1a4-6457a90b20b2"></userTask>
    <userTask id="Task_0o1hyn0" name="intermediateusertask" activiti:assignee="hruser"></userTask>
    <sequenceFlow id="SequenceFlow_1ytbsta" sourceRef="Task_1rv2v21" targetRef="IntermediateThrowEvent_1yob7rg"></sequenceFlow>
    <intermediateCatchEvent id="IntermediateThrowEvent_1yob7rg">
      <messageEventDefinition messageRef="Message_04x0m6d" activiti:correlationKey="${intermediate_var}"></messageEventDefinition>
    </intermediateCatchEvent>
  </process>
  <bpmndi:BPMNDiagram id="BPMNDiagram_process-9b5f7b89-61d4-43f7-99ae-27ad1ee3ee32">
    <bpmndi:BPMNPlane bpmnElement="process-9b5f7b89-61d4-43f7-99ae-27ad1ee3ee32" id="BPMNPlane_process-9b5f7b89-61d4-43f7-99ae-27ad1ee3ee32">
      <bpmndi:BPMNShape bpmnElement="StartEvent_1" id="BPMNShape_StartEvent_1">
        <omgdc:Bounds height="36.0" width="36.0" x="86.0" y="196.0"></omgdc:Bounds>
      </bpmndi:BPMNShape>
      <bpmndi:BPMNShape bpmnElement="EndEvent_03q2h6a" id="BPMNShape_EndEvent_03q2h6a">
        <omgdc:Bounds height="36.0" width="36.0" x="595.0" y="196.0"></omgdc:Bounds>
      </bpmndi:BPMNShape>
      <bpmndi:BPMNShape bpmnElement="Task_1rv2v21" id="BPMNShape_Task_1rv2v21">
        <omgdc:Bounds height="80.0" width="100.0" x="172.0" y="174.0"></omgdc:Bounds>
      </bpmndi:BPMNShape>
      <bpmndi:BPMNShape bpmnElement="Task_0o1hyn0" id="BPMNShape_Task_0o1hyn0">
        <omgdc:Bounds height="80.0" width="100.0" x="445.0" y="174.0"></omgdc:Bounds>
      </bpmndi:BPMNShape>
      <bpmndi:BPMNShape bpmnElement="IntermediateThrowEvent_1yob7rg" id="BPMNShape_IntermediateThrowEvent_1yob7rg">
        <omgdc:Bounds height="36.0" width="36.0" x="359.0" y="196.0"></omgdc:Bounds>
      </bpmndi:BPMNShape>
      <bpmndi:BPMNEdge bpmnElement="SequenceFlow_0c8osuo" id="BPMNEdge_SequenceFlow_0c8osuo">
        <omgdi:waypoint x="122.0" y="214.0"></omgdi:waypoint>
        <omgdi:waypoint x="172.0" y="214.0"></omgdi:waypoint>
      </bpmndi:BPMNEdge>
      <bpmndi:BPMNEdge bpmnElement="SequenceFlow_00sud25" id="BPMNEdge_SequenceFlow_00sud25">
        <omgdi:waypoint x="395.0" y="214.0"></omgdi:waypoint>
        <omgdi:waypoint x="445.0" y="214.0"></omgdi:waypoint>
      </bpmndi:BPMNEdge>
      <bpmndi:BPMNEdge bpmnElement="SequenceFlow_127h649" id="BPMNEdge_SequenceFlow_127h649">
        <omgdi:waypoint x="545.0" y="214.0"></omgdi:waypoint>
        <omgdi:waypoint x="595.0" y="214.0"></omgdi:waypoint>
      </bpmndi:BPMNEdge>
      <bpmndi:BPMNEdge bpmnElement="SequenceFlow_1ytbsta" id="BPMNEdge_SequenceFlow_1ytbsta">
        <omgdi:waypoint x="272.0" y="214.0"></omgdi:waypoint>
        <omgdi:waypoint x="359.0" y="214.0"></omgdi:waypoint>
      </bpmndi:BPMNEdge>
    </bpmndi:BPMNPlane>
  </bpmndi:BPMNDiagram>
</definitions>