{"id":"process-d652f627-4274-4fd0-8e7c-90be7ea54156","type":"PROCESS","name":"mapped-variables-process","key":"mapped-variables-pro-d1mhb","extensions":{"Process_aMIYIqtY":{"constants":{},"mappings":{"UserTask_0fb1tup":{"inputs":{"variables.jsonVar":{"type":"variable","value":"newVarJSON"}}}},"properties":{"f17bed76-c6fd-42ed-ae92-16c01e33140f":{"id":"f17bed76-c6fd-42ed-ae92-16c01e33140f","name":"defaultProcVAR","type":"json","model":{"$ref":"#/$defs/primitive/json"},"required":false,"value":{"data":[{"id":"default-name-1","name":"Kate"},{"id":"default-name-2","name":"Paul"},{"id":"default-name-3","name":"Tim"}]}},"8f651a38-b3fe-40c0-a9ce-e7f28ecdd31d":{"id":"8f651a38-b3fe-40c0-a9ce-e7f28ecdd31d","name":"newVarJSON","type":"json","model":{"$ref":"#/$defs/primitive/json"},"required":false,"value":{"response":{"people":[{"personId":"person-1-id","personFullName":"Margot Robbie"},{"personId":"person-2-id","personFullName":"Blake Lively"},{"personId":"person-3-id","personFullName":"Jennifer Lawrence"}]}}}},"assignments":{},"templates":{"tasks":{},"default":{}}}}}