<?xml version="1.0" encoding="UTF-8"?>
<bpmn2:definitions xmlns="http://www.omg.org/spec/BPMN/20100524/MODEL" xmlns:bpmn2="http://www.omg.org/spec/BPMN/20100524/MODEL" xmlns:xsi="http://www.w3.org/2001/XMLSchema-instance" xmlns:xsd="http://www.w3.org/2001/XMLSchema" xmlns:activiti="http://activiti.org/bpmn" xmlns:bpmndi="http://www.omg.org/spec/BPMN/20100524/DI" xmlns:omgdc="http://www.omg.org/spec/DD/20100524/DC" xmlns:omgdi="http://www.omg.org/spec/DD/20100524/DI" typeLanguage="http://www.w3.org/2001/XMLSchema" expressionLanguage="http://www.w3.org/1999/XPath" targetNamespace="http://bpmn.io/schema/bpmn" id="model-013e12a2-a646-4211-b8cb-e4a8754ec13f" name="multilingualprocess" xsi:schemaLocation="http://www.omg.org/spec/BPMN/20100524/MODEL BPMN20.xsd">
  <bpmn2:process id="Process_IZnKRCFE" name="multilingualprocess" isExecutable="true">
    <bpmn2:startEvent id="StartEvent_1">
      <bpmn2:outgoing>SequenceFlow_0iw50xz</bpmn2:outgoing>
    </bpmn2:startEvent>
    <bpmn2:userTask id="UserTask_1tm34yb" name="taskwithmultilingualform" activiti:candidateUsers="hruser" activiti:candidateGroups="hr" activiti:formKey="form-84a8153c-46df-4c67-a07d-c1c50b646155">
      <bpmn2:incoming>SequenceFlow_0iw50xz</bpmn2:incoming>
      <bpmn2:outgoing>SequenceFlow_08kn9km</bpmn2:outgoing>
    </bpmn2:userTask>
    <bpmn2:endEvent id="EndEvent_0gzk61s">
      <bpmn2:incoming>SequenceFlow_08kn9km</bpmn2:incoming>
    </bpmn2:endEvent>
    <bpmn2:sequenceFlow id="SequenceFlow_0iw50xz" sourceRef="StartEvent_1" targetRef="UserTask_1tm34yb"></bpmn2:sequenceFlow>
    <bpmn2:sequenceFlow id="SequenceFlow_08kn9km" sourceRef="UserTask_1tm34yb" targetRef="EndEvent_0gzk61s"></bpmn2:sequenceFlow>
  </bpmn2:process>
  <bpmndi:BPMNDiagram id="BPMNDiagram_Process_IZnKRCFE">
    <bpmndi:BPMNPlane bpmnElement="Process_IZnKRCFE" id="BPMNPlane_Process_IZnKRCFE">
      <bpmndi:BPMNShape bpmnElement="StartEvent_1" id="BPMNShape_StartEvent_1">
        <omgdc:Bounds height="36.0" width="36.0" x="226.0" y="129.0"></omgdc:Bounds>
      </bpmndi:BPMNShape>
      <bpmndi:BPMNShape bpmnElement="UserTask_1tm34yb" id="BPMNShape_UserTask_1tm34yb">
        <omgdc:Bounds height="80.0" width="100.0" x="314.0" y="107.0"></omgdc:Bounds>
      </bpmndi:BPMNShape>
      <bpmndi:BPMNShape bpmnElement="EndEvent_0gzk61s" id="BPMNShape_EndEvent_0gzk61s">
        <omgdc:Bounds height="36.0" width="36.0" x="496.0" y="129.0"></omgdc:Bounds>
      </bpmndi:BPMNShape>
      <bpmndi:BPMNEdge bpmnElement="SequenceFlow_0iw50xz" id="BPMNEdge_SequenceFlow_0iw50xz">
        <omgdi:waypoint x="262.0" y="147.0"></omgdi:waypoint>
        <omgdi:waypoint x="314.0" y="147.0"></omgdi:waypoint>
      </bpmndi:BPMNEdge>
      <bpmndi:BPMNEdge bpmnElement="SequenceFlow_08kn9km" id="BPMNEdge_SequenceFlow_08kn9km">
        <omgdi:waypoint x="414.0" y="147.0"></omgdi:waypoint>
        <omgdi:waypoint x="496.0" y="147.0"></omgdi:waypoint>
      </bpmndi:BPMNEdge>
    </bpmndi:BPMNPlane>
  </bpmndi:BPMNDiagram>
</bpmn2:definitions>