<?xml version="1.0" encoding="UTF-8"?>
<bpmn2:definitions xmlns="http://www.omg.org/spec/BPMN/20100524/MODEL" xmlns:bpmn2="http://www.omg.org/spec/BPMN/20100524/MODEL" xmlns:xsi="http://www.w3.org/2001/XMLSchema-instance" xmlns:xsd="http://www.w3.org/2001/XMLSchema" xmlns:activiti="http://activiti.org/bpmn" xmlns:bpmndi="http://www.omg.org/spec/BPMN/20100524/DI" xmlns:omgdc="http://www.omg.org/spec/DD/20100524/DC" xmlns:omgdi="http://www.omg.org/spec/DD/20100524/DI" typeLanguage="http://www.w3.org/2001/XMLSchema" expressionLanguage="http://www.w3.org/1999/XPath" targetNamespace="http://bpmn.io/schema/bpmn" id="model-6b943adc-310b-4b3c-86f7-9d4322c8d013" name="multiinstance-sequential" xsi:schemaLocation="http://www.omg.org/spec/BPMN/20100524/MODEL BPMN20.xsd">
  <bpmn2:process id="Process_0qOxZ1QJ" name="multiinstance-sequential" isExecutable="true">
    <bpmn2:startEvent id="StartEvent_1">
      <bpmn2:outgoing>SequenceFlow_00ogktr</bpmn2:outgoing>
    </bpmn2:startEvent>
    <bpmn2:sequenceFlow id="SequenceFlow_00ogktr" sourceRef="StartEvent_1" targetRef="UserTask_0ftfp24"></bpmn2:sequenceFlow>
    <bpmn2:userTask id="UserTask_0ftfp24" name="multiinstance-sequence" activiti:assignee="hruser">
      <bpmn2:incoming>SequenceFlow_00ogktr</bpmn2:incoming>
      <bpmn2:outgoing>SequenceFlow_1jmdztc</bpmn2:outgoing>
      <bpmn2:multiInstanceLoopCharacteristics isSequential="true">
        <bpmn2:loopCardinality>3</bpmn2:loopCardinality>
      </bpmn2:multiInstanceLoopCharacteristics>
    </bpmn2:userTask>
    <bpmn2:endEvent id="EndEvent_0t7abtp">
      <bpmn2:incoming>SequenceFlow_1jmdztc</bpmn2:incoming>
    </bpmn2:endEvent>
    <bpmn2:sequenceFlow id="SequenceFlow_1jmdztc" sourceRef="UserTask_0ftfp24" targetRef="EndEvent_0t7abtp"></bpmn2:sequenceFlow>
  </bpmn2:process>
  <bpmndi:BPMNDiagram id="BPMNDiagram_Process_0qOxZ1QJ">
    <bpmndi:BPMNPlane bpmnElement="Process_0qOxZ1QJ" id="BPMNPlane_Process_0qOxZ1QJ">
      <bpmndi:BPMNShape bpmnElement="StartEvent_1" id="BPMNShape_StartEvent_1">
        <omgdc:Bounds height="36.0" width="36.0" x="412.0" y="240.0"></omgdc:Bounds>
      </bpmndi:BPMNShape>
      <bpmndi:BPMNShape bpmnElement="UserTask_0ftfp24" id="BPMNShape_UserTask_0ftfp24">
        <omgdc:Bounds height="80.0" width="100.0" x="500.0" y="218.0"></omgdc:Bounds>
      </bpmndi:BPMNShape>
      <bpmndi:BPMNShape bpmnElement="EndEvent_0t7abtp" id="BPMNShape_EndEvent_0t7abtp">
        <omgdc:Bounds height="36.0" width="36.0" x="652.0" y="240.0"></omgdc:Bounds>
      </bpmndi:BPMNShape>
      <bpmndi:BPMNEdge bpmnElement="SequenceFlow_00ogktr" id="BPMNEdge_SequenceFlow_00ogktr">
        <omgdi:waypoint x="448.0" y="258.0"></omgdi:waypoint>
        <omgdi:waypoint x="500.0" y="258.0"></omgdi:waypoint>
      </bpmndi:BPMNEdge>
      <bpmndi:BPMNEdge bpmnElement="SequenceFlow_1jmdztc" id="BPMNEdge_SequenceFlow_1jmdztc">
        <omgdi:waypoint x="600.0" y="258.0"></omgdi:waypoint>
        <omgdi:waypoint x="652.0" y="258.0"></omgdi:waypoint>
      </bpmndi:BPMNEdge>
    </bpmndi:BPMNPlane>
  </bpmndi:BPMNDiagram>
</bpmn2:definitions>