<?xml version="1.0" encoding="UTF-8"?>
<bpmn2:definitions xmlns:activiti="http://activiti.org/bpmn" xmlns:xsi="http://www.w3.org/2001/XMLSchema-instance" xmlns:bpmn2="http://www.omg.org/spec/BPMN/20100524/MODEL" xmlns:bpmndi="http://www.omg.org/spec/BPMN/20100524/DI" xmlns:dc="http://www.omg.org/spec/DD/20100524/DC" xmlns:di="http://www.omg.org/spec/DD/20100524/DI" id="sample-diagram" targetNamespace="http://bpmn.io/schema/bpmn" xsi:schemaLocation="http://www.omg.org/spec/BPMN/20100524/MODEL BPMN20.xsd">
  <bpmn2:process id="process-92d21717-d2fa-41a0-aebe-cff9c36602f3" name="multiinstance-usertask" isExecutable="true">
    <bpmn2:documentation />
    <bpmn2:startEvent id="StartEvent_1">
      <bpmn2:outgoing>SequenceFlow_1gbrv44</bpmn2:outgoing>
    </bpmn2:startEvent>
    <bpmn2:sequenceFlow id="SequenceFlow_1gbrv44" sourceRef="StartEvent_1" targetRef="UserTask_1q08742" />
    <bpmn2:endEvent id="EndEvent_0himy8n">
      <bpmn2:incoming>SequenceFlow_0v2zgjt</bpmn2:incoming>
    </bpmn2:endEvent>
    <bpmn2:sequenceFlow id="SequenceFlow_0v2zgjt" sourceRef="UserTask_1q08742" targetRef="EndEvent_0himy8n" />
    <bpmn2:userTask id="UserTask_1q08742" name="multiinstance-usertask" activiti:assignee="hruser">
      <bpmn2:incoming>SequenceFlow_1gbrv44</bpmn2:incoming>
      <bpmn2:outgoing>SequenceFlow_0v2zgjt</bpmn2:outgoing>
      <bpmn2:multiInstanceLoopCharacteristics>
        <bpmn2:loopCardinality>3</bpmn2:loopCardinality>
      </bpmn2:multiInstanceLoopCharacteristics>
    </bpmn2:userTask>
  </bpmn2:process>
  <bpmndi:BPMNDiagram id="BPMNDiagram_1">
    <bpmndi:BPMNPlane id="BPMNPlane_1" bpmnElement="process-92d21717-d2fa-41a0-aebe-cff9c36602f3">
      <bpmndi:BPMNShape id="_BPMNShape_StartEvent_2" bpmnElement="StartEvent_1">
        <dc:Bounds x="412" y="240" width="36" height="36" />
      </bpmndi:BPMNShape>
      <bpmndi:BPMNEdge id="SequenceFlow_1gbrv44_di" bpmnElement="SequenceFlow_1gbrv44">
        <di:waypoint x="448" y="258" />
        <di:waypoint x="500" y="258" />
      </bpmndi:BPMNEdge>
      <bpmndi:BPMNShape id="EndEvent_0himy8n_di" bpmnElement="EndEvent_0himy8n">
        <dc:Bounds x="652" y="240" width="36" height="36" />
      </bpmndi:BPMNShape>
      <bpmndi:BPMNEdge id="SequenceFlow_0v2zgjt_di" bpmnElement="SequenceFlow_0v2zgjt">
        <di:waypoint x="600" y="258" />
        <di:waypoint x="652" y="258" />
      </bpmndi:BPMNEdge>
      <bpmndi:BPMNShape id="UserTask_1w7br4i_di" bpmnElement="UserTask_1q08742">
        <dc:Bounds x="500" y="218" width="100" height="80" />
      </bpmndi:BPMNShape>
    </bpmndi:BPMNPlane>
  </bpmndi:BPMNDiagram>
</bpmn2:definitions>
