<?xml version="1.0" encoding="UTF-8"?>
<bpmn2:definitions xmlns="http://www.omg.org/spec/BPMN/20100524/MODEL" xmlns:bpmn2="http://www.omg.org/spec/BPMN/20100524/MODEL" xmlns:xsi="http://www.w3.org/2001/XMLSchema-instance" xmlns:xsd="http://www.w3.org/2001/XMLSchema" xmlns:activiti="http://activiti.org/bpmn" xmlns:bpmndi="http://www.omg.org/spec/BPMN/20100524/DI" xmlns:omgdc="http://www.omg.org/spec/DD/20100524/DC" xmlns:omgdi="http://www.omg.org/spec/DD/20100524/DI" typeLanguage="http://www.w3.org/2001/XMLSchema" expressionLanguage="http://www.w3.org/1999/XPath" targetNamespace="http://bpmn.io/schema/bpmn" id="model-1433a580-f13d-4480-a95b-dc50be0fcab8" name="multiinstance-dmnparallel" xsi:schemaLocation="http://www.omg.org/spec/BPMN/20100524/MODEL BPMN20.xsd">
  <bpmn2:process id="Process_L5q60vqT" name="multiinstance-dmnparallel" isExecutable="true">
    <bpmn2:startEvent id="StartEvent_1">
      <bpmn2:outgoing>SequenceFlow_1f6zz2i</bpmn2:outgoing>
    </bpmn2:startEvent>
    <bpmn2:serviceTask id="ServiceTask_18cqpvb" name="decisiontask-parallel" implementation="dmn-connector.EXECUTE_TABLE">
      <bpmn2:incoming>SequenceFlow_1f6zz2i</bpmn2:incoming>
      <bpmn2:outgoing>SequenceFlow_1ex79xq</bpmn2:outgoing>
      <multiInstanceLoopCharacteristics isSequential="false">
        <loopCardinality>3</loopCardinality>
      </multiInstanceLoopCharacteristics>
    </bpmn2:serviceTask>
    <bpmn2:sequenceFlow id="SequenceFlow_1ex79xq" sourceRef="ServiceTask_18cqpvb" targetRef="UserTask_1qnj17w"></bpmn2:sequenceFlow>
    <bpmn2:endEvent id="EndEvent_06ozrop">
      <bpmn2:incoming>SequenceFlow_1v7qk31</bpmn2:incoming>
    </bpmn2:endEvent>
    <bpmn2:sequenceFlow id="SequenceFlow_1v7qk31" sourceRef="UserTask_1qnj17w" targetRef="EndEvent_06ozrop"></bpmn2:sequenceFlow>
    <bpmn2:sequenceFlow id="SequenceFlow_1f6zz2i" sourceRef="StartEvent_1" targetRef="ServiceTask_18cqpvb"></bpmn2:sequenceFlow>
    <bpmn2:userTask id="UserTask_1qnj17w" name="form-task" activiti:assignee="hruser" activiti:formKey="form-65e062d4-64f7-452a-a569-1fc9f777f5cb">
      <bpmn2:incoming>SequenceFlow_1ex79xq</bpmn2:incoming>
      <bpmn2:outgoing>SequenceFlow_1v7qk31</bpmn2:outgoing>
    </bpmn2:userTask>
  </bpmn2:process>
  <bpmndi:BPMNDiagram id="BPMNDiagram_Process_L5q60vqT">
    <bpmndi:BPMNPlane bpmnElement="Process_L5q60vqT" id="BPMNPlane_Process_L5q60vqT">
      <bpmndi:BPMNShape bpmnElement="StartEvent_1" id="BPMNShape_StartEvent_1">
        <omgdc:Bounds height="36.0" width="36.0" x="412.0" y="240.0"></omgdc:Bounds>
      </bpmndi:BPMNShape>
      <bpmndi:BPMNShape bpmnElement="ServiceTask_18cqpvb" id="BPMNShape_ServiceTask_18cqpvb">
        <omgdc:Bounds height="80.0" width="100.0" x="490.0" y="218.0"></omgdc:Bounds>
      </bpmndi:BPMNShape>
      <bpmndi:BPMNShape bpmnElement="EndEvent_06ozrop" id="BPMNShape_EndEvent_06ozrop">
        <omgdc:Bounds height="36.0" width="36.0" x="792.0" y="240.0"></omgdc:Bounds>
      </bpmndi:BPMNShape>
      <bpmndi:BPMNShape bpmnElement="UserTask_1qnj17w" id="BPMNShape_UserTask_1qnj17w">
        <omgdc:Bounds height="80.0" width="100.0" x="640.0" y="218.0"></omgdc:Bounds>
      </bpmndi:BPMNShape>
      <bpmndi:BPMNEdge bpmnElement="SequenceFlow_1ex79xq" id="BPMNEdge_SequenceFlow_1ex79xq">
        <omgdi:waypoint x="590.0" y="258.0"></omgdi:waypoint>
        <omgdi:waypoint x="640.0" y="258.0"></omgdi:waypoint>
      </bpmndi:BPMNEdge>
      <bpmndi:BPMNEdge bpmnElement="SequenceFlow_1v7qk31" id="BPMNEdge_SequenceFlow_1v7qk31">
        <omgdi:waypoint x="740.0" y="258.0"></omgdi:waypoint>
        <omgdi:waypoint x="792.0" y="258.0"></omgdi:waypoint>
      </bpmndi:BPMNEdge>
      <bpmndi:BPMNEdge bpmnElement="SequenceFlow_1f6zz2i" id="BPMNEdge_SequenceFlow_1f6zz2i">
        <omgdi:waypoint x="448.0" y="258.0"></omgdi:waypoint>
        <omgdi:waypoint x="490.0" y="258.0"></omgdi:waypoint>
      </bpmndi:BPMNEdge>
    </bpmndi:BPMNPlane>
  </bpmndi:BPMNDiagram>
</bpmn2:definitions>