<?xml version="1.0" encoding="UTF-8"?>
<definitions xmlns="http://www.omg.org/spec/BPMN/20100524/MODEL" xmlns:xsi="http://www.w3.org/2001/XMLSchema-instance" xmlns:activiti="http://activiti.org/bpmn" xmlns:bpmndi="http://www.omg.org/spec/BPMN/20100524/DI" xmlns:omgdc="http://www.omg.org/spec/DD/20100524/DC" xmlns:omgdi="http://www.omg.org/spec/DD/20100524/DI" xmlns:xsd="http://www.w3.org/2001/XMLSchema" id="model-7867f47a-73cc-49ed-b48e-9604173e7aaa" name="multiinstance-usertask" targetNamespace="http://bpmn.io/schema/bpmn" xsi:schemaLocation="http://www.omg.org/spec/BPMN/20100524/MODEL BPMN20.xsd">
  <process id="Process_PnyE2-R_" name="multiinstance-usertask" isExecutable="true">
    <startEvent id="StartEvent_1">
      <outgoing>SequenceFlow_1gbrv44</outgoing>
    </startEvent>
    <sequenceFlow id="SequenceFlow_1gbrv44" sourceRef="StartEvent_1" targetRef="UserTask_1q08742" />
    <endEvent id="EndEvent_0himy8n">
      <incoming>SequenceFlow_0j55fah</incoming>
    </endEvent>
    <userTask id="UserTask_1q08742" name="multiinstance-usertask" activiti:formKey="form-fdf2a320-9f3a-423a-84dc-ac2f64a2629e" activiti:assignee="hruser">
      <multiInstanceLoopCharacteristics>
        <loopCardinality>3</loopCardinality>
        <loopDataOutputRef>resultcollection</loopDataOutputRef>
        <outputDataItem name="meal" />
      </multiInstanceLoopCharacteristics>
    </userTask>
    <userTask id="Task_084v4xw" name="resultcollectiondisplaytask" activiti:formKey="form-4c710eb7-5450-4096-950b-eeaa4ff598ff" activiti:assignee="hruser" />
    <sequenceFlow id="SequenceFlow_1hkjh3n" sourceRef="UserTask_1q08742" targetRef="Task_084v4xw" />
    <sequenceFlow id="SequenceFlow_0j55fah" sourceRef="Task_084v4xw" targetRef="EndEvent_0himy8n" />
  </process>
  <bpmndi:BPMNDiagram id="BPMNDiagram_Process_PnyE2-R_">
    <bpmndi:BPMNPlane id="BPMNPlane_Process_PnyE2-R_" bpmnElement="Process_PnyE2-R_">
      <bpmndi:BPMNShape id="BPMNShape_StartEvent_1" bpmnElement="StartEvent_1">
        <omgdc:Bounds x="202" y="240" width="36" height="36" />
      </bpmndi:BPMNShape>
      <bpmndi:BPMNShape id="BPMNShape_EndEvent_0himy8n" bpmnElement="EndEvent_0himy8n">
        <omgdc:Bounds x="652" y="240" width="36" height="36" />
      </bpmndi:BPMNShape>
      <bpmndi:BPMNShape id="BPMNShape_UserTask_1q08742" bpmnElement="UserTask_1q08742">
        <omgdc:Bounds x="320" y="218" width="100" height="80" />
      </bpmndi:BPMNShape>
      <bpmndi:BPMNShape id="BPMNShape_Task_084v4xw" bpmnElement="Task_084v4xw">
        <omgdc:Bounds x="490" y="218" width="100" height="80" />
      </bpmndi:BPMNShape>
      <bpmndi:BPMNEdge id="BPMNEdge_SequenceFlow_1gbrv44" bpmnElement="SequenceFlow_1gbrv44">
        <omgdi:waypoint x="238" y="258" />
        <omgdi:waypoint x="320" y="258" />
      </bpmndi:BPMNEdge>
      <bpmndi:BPMNEdge id="BPMNEdge_SequenceFlow_1hkjh3n" bpmnElement="SequenceFlow_1hkjh3n">
        <omgdi:waypoint x="420" y="258" />
        <omgdi:waypoint x="490" y="258" />
      </bpmndi:BPMNEdge>
      <bpmndi:BPMNEdge id="BPMNEdge_SequenceFlow_0j55fah" bpmnElement="SequenceFlow_0j55fah">
        <omgdi:waypoint x="590" y="258" />
        <omgdi:waypoint x="652" y="258" />
      </bpmndi:BPMNEdge>
    </bpmndi:BPMNPlane>
  </bpmndi:BPMNDiagram>
</definitions>
