{"id":"process-67f43baf-f65c-4ab0-bd34-fc3d7e7600ca","type":"PROCESS","name":"multiinstance-dmnparallel","extensions":{"Process_L5q60vqT":{"constants":{"ServiceTask_18cqpvb":{"_activiti_dmn_table_":{"value":"decision-loopcounter"}}},"mappings":{"ServiceTask_18cqpvb":{"inputs":{"input1":{"type":"variable","value":"loopCounter"}},"outputs":{"dmn_output":{"type":"variable","value":"output1"}}},"UserTask_1qnj17w":{"inputs":{"outputText":{"type":"variable","value":"dmn_output"}}}},"properties":{"bbd1fae3-a28b-4b0f-a2f4-5e26d1b18a29":{"id":"bbd1fae3-a28b-4b0f-a2f4-5e26d1b18a29","name":"loopCounter","type":"integer","required":false},"e7a6ceb2-b914-4652-baf7-bcd1c227065b":{"id":"e7a6ceb2-b914-4652-baf7-bcd1c227065b","name":"dmn_output","type":"string","required":false,"value":""}},"assignments":{"UserTask_1qnj17w":{"type":"identity","assignment":"assignee","id":"UserTask_1qnj17w"}}}}}