<?xml version="1.0" encoding="UTF-8"?>
<definitions xmlns="http://www.omg.org/spec/BPMN/20100524/MODEL" xmlns:xsi="http://www.w3.org/2001/XMLSchema-instance" xmlns:activiti="http://activiti.org/bpmn" xmlns:bpmndi="http://www.omg.org/spec/BPMN/20100524/DI" xmlns:omgdc="http://www.omg.org/spec/DD/20100524/DC" xmlns:omgdi="http://www.omg.org/spec/DD/20100524/DI" xmlns:xsd="http://www.w3.org/2001/XMLSchema" id="model-6b943adc-310b-4b3c-86f7-9d4322c8d013" name="multiinstance-sequential" targetNamespace="http://bpmn.io/schema/bpmn" xsi:schemaLocation="http://www.omg.org/spec/BPMN/20100524/MODEL BPMN20.xsd">
  <process id="Process_0qOxZ1QJ" name="multiinstance-sequential" isExecutable="true">
    <startEvent id="StartEvent_1">
      <outgoing>SequenceFlow_00ogktr</outgoing>
    </startEvent>
    <sequenceFlow id="SequenceFlow_00ogktr" sourceRef="StartEvent_1" targetRef="UserTask_0ftfp24" />
    <userTask id="UserTask_0ftfp24" name="multiinstance-sequence" activiti:assignee="hruser">
      <multiInstanceLoopCharacteristics isSequential="true">
        <loopCardinality>3</loopCardinality>
      </multiInstanceLoopCharacteristics>
    </userTask>
    <endEvent id="EndEvent_0t7abtp">
      <incoming>SequenceFlow_1jmdztc</incoming>
    </endEvent>
    <sequenceFlow id="SequenceFlow_1jmdztc" sourceRef="UserTask_0ftfp24" targetRef="EndEvent_0t7abtp" />
  </process>
  <bpmndi:BPMNDiagram id="BPMNDiagram_Process_0qOxZ1QJ">
    <bpmndi:BPMNPlane id="BPMNPlane_Process_0qOxZ1QJ" bpmnElement="Process_0qOxZ1QJ">
      <bpmndi:BPMNShape id="BPMNShape_StartEvent_1" bpmnElement="StartEvent_1">
        <omgdc:Bounds x="412" y="240" width="36" height="36" />
      </bpmndi:BPMNShape>
      <bpmndi:BPMNShape id="BPMNShape_UserTask_0ftfp24" bpmnElement="UserTask_0ftfp24">
        <omgdc:Bounds x="500" y="218" width="100" height="80" />
      </bpmndi:BPMNShape>
      <bpmndi:BPMNShape id="BPMNShape_EndEvent_0t7abtp" bpmnElement="EndEvent_0t7abtp">
        <omgdc:Bounds x="652" y="240" width="36" height="36" />
      </bpmndi:BPMNShape>
      <bpmndi:BPMNEdge id="BPMNEdge_SequenceFlow_00ogktr" bpmnElement="SequenceFlow_00ogktr">
        <omgdi:waypoint x="448" y="258" />
        <omgdi:waypoint x="500" y="258" />
      </bpmndi:BPMNEdge>
      <bpmndi:BPMNEdge id="BPMNEdge_SequenceFlow_1jmdztc" bpmnElement="SequenceFlow_1jmdztc">
        <omgdi:waypoint x="600" y="258" />
        <omgdi:waypoint x="652" y="258" />
      </bpmndi:BPMNEdge>
    </bpmndi:BPMNPlane>
  </bpmndi:BPMNDiagram>
</definitions>
