<?xml version="1.0" encoding="UTF-8"?>
<bpmn2:definitions xmlns="http://www.omg.org/spec/BPMN/20100524/MODEL" xmlns:bpmn2="http://www.omg.org/spec/BPMN/20100524/MODEL" xmlns:xsi="http://www.w3.org/2001/XMLSchema-instance" xmlns:xsd="http://www.w3.org/2001/XMLSchema" xmlns:activiti="http://activiti.org/bpmn" xmlns:bpmndi="http://www.omg.org/spec/BPMN/20100524/DI" xmlns:omgdc="http://www.omg.org/spec/DD/20100524/DC" xmlns:omgdi="http://www.omg.org/spec/DD/20100524/DI" typeLanguage="http://www.w3.org/2001/XMLSchema" expressionLanguage="http://www.w3.org/1999/XPath" targetNamespace="http://bpmn.io/schema/bpmn" id="model-b3d6cd0b-309a-4feb-b332-6cbcc34da304" name="multiselect-dropdown" xsi:schemaLocation="http://www.omg.org/spec/BPMN/20100524/MODEL BPMN20.xsd">
  <bpmn2:process id="Process_hGjVukWID" name="multiselect-dropdown" isExecutable="true">
    <bpmn2:startEvent id="Event_1" activiti:formKey="form-7cda2b65-f1a6-4ad9-9f73-e61a6ffc6fe7">
      <bpmn2:outgoing>SequenceFlow_18fb930</bpmn2:outgoing>
    </bpmn2:startEvent>
    <bpmn2:userTask id="UserTask_0ada6zh" name="Task_form_with_multiselect_dropdown" activiti:candidateUsers="hruser" activiti:candidateGroups="hr" activiti:formKey="form-7cda2b65-f1a6-4ad9-9f73-e61a6ffc6fe7" activiti:priority="0">
      <bpmn2:incoming>SequenceFlow_18fb930</bpmn2:incoming>
      <bpmn2:outgoing>SequenceFlow_0nfcc7g</bpmn2:outgoing>
    </bpmn2:userTask>
    <bpmn2:endEvent id="EndEvent_0s4r209">
      <bpmn2:incoming>SequenceFlow_0nfcc7g</bpmn2:incoming>
    </bpmn2:endEvent>
    <bpmn2:sequenceFlow id="SequenceFlow_18fb930" sourceRef="Event_1" targetRef="UserTask_0ada6zh"></bpmn2:sequenceFlow>
    <bpmn2:sequenceFlow id="SequenceFlow_0nfcc7g" sourceRef="UserTask_0ada6zh" targetRef="EndEvent_0s4r209"></bpmn2:sequenceFlow>
  </bpmn2:process>
  <bpmndi:BPMNDiagram id="BPMNDiagram_Process_hGjVukWID">
    <bpmndi:BPMNPlane bpmnElement="Process_hGjVukWID" id="BPMNPlane_Process_hGjVukWID">
      <bpmndi:BPMNShape bpmnElement="Event_1" id="BPMNShape_Event_1">
        <omgdc:Bounds height="36.0" width="36.0" x="412.0" y="240.0"></omgdc:Bounds>
      </bpmndi:BPMNShape>
      <bpmndi:BPMNShape bpmnElement="UserTask_0ada6zh" id="BPMNShape_UserTask_0ada6zh">
        <omgdc:Bounds height="80.0" width="100.0" x="510.0" y="218.0"></omgdc:Bounds>
      </bpmndi:BPMNShape>
      <bpmndi:BPMNShape bpmnElement="EndEvent_0s4r209" id="BPMNShape_EndEvent_0s4r209">
        <omgdc:Bounds height="36.0" width="36.0" x="672.0" y="240.0"></omgdc:Bounds>
      </bpmndi:BPMNShape>
      <bpmndi:BPMNEdge bpmnElement="SequenceFlow_18fb930" id="BPMNEdge_SequenceFlow_18fb930">
        <omgdi:waypoint x="448.0" y="258.0"></omgdi:waypoint>
        <omgdi:waypoint x="510.0" y="258.0"></omgdi:waypoint>
      </bpmndi:BPMNEdge>
      <bpmndi:BPMNEdge bpmnElement="SequenceFlow_0nfcc7g" id="BPMNEdge_SequenceFlow_0nfcc7g">
        <omgdi:waypoint x="610.0" y="258.0"></omgdi:waypoint>
        <omgdi:waypoint x="672.0" y="258.0"></omgdi:waypoint>
      </bpmndi:BPMNEdge>
    </bpmndi:BPMNPlane>
  </bpmndi:BPMNDiagram>
</bpmn2:definitions>