<?xml version="1.0" encoding="UTF-8"?>
<bpmn2:definitions xmlns="http://www.omg.org/spec/BPMN/20100524/MODEL" xmlns:bpmn2="http://www.omg.org/spec/BPMN/20100524/MODEL" xmlns:xsi="http://www.w3.org/2001/XMLSchema-instance" xmlns:xsd="http://www.w3.org/2001/XMLSchema" xmlns:activiti="http://activiti.org/bpmn" xmlns:bpmndi="http://www.omg.org/spec/BPMN/20100524/DI" xmlns:omgdc="http://www.omg.org/spec/DD/20100524/DC" xmlns:omgdi="http://www.omg.org/spec/DD/20100524/DI" xmlns:dc="http://www.omg.org/spec/DD/20100524/DC" xmlns:di="http://www.omg.org/spec/DD/20100524/DI" typeLanguage="http://www.w3.org/2001/XMLSchema" expressionLanguage="http://www.w3.org/1999/XPath" targetNamespace="http://bpmn.io/schema/bpmn" id="sample-diagram" xsi:schemaLocation="http://www.omg.org/spec/BPMN/20100524/MODEL BPMN20.xsd">
  <bpmn2:process id="process-a19759e0-a39a-4833-9efc-fe3ba3cafe0a" name="multiinstance-dmnsequence" isExecutable="true">
    <bpmn2:startEvent id="StartEvent_1">
      <bpmn2:outgoing>SequenceFlow_18vhynv</bpmn2:outgoing>
    </bpmn2:startEvent>
    <bpmn2:serviceTask id="ServiceTask_1t8vsc0" name="decisiontask-sequence" implementation="dmn-connector.EXECUTE_TABLE">
      <multiInstanceLoopCharacteristics isSequential="true">
        <loopCardinality>4</loopCardinality>
      </multiInstanceLoopCharacteristics>
    </bpmn2:serviceTask>
    <bpmn2:sequenceFlow id="SequenceFlow_0l551ul" sourceRef="ServiceTask_1t8vsc0" targetRef="UserTask_0m7uljs"></bpmn2:sequenceFlow>
    <bpmn2:endEvent id="EndEvent_14zo6zo">
      <bpmn2:incoming>SequenceFlow_0ss68e0</bpmn2:incoming>
    </bpmn2:endEvent>
    <bpmn2:sequenceFlow id="SequenceFlow_0ss68e0" sourceRef="UserTask_0m7uljs" targetRef="EndEvent_14zo6zo"></bpmn2:sequenceFlow>
    <bpmn2:sequenceFlow id="SequenceFlow_18vhynv" sourceRef="StartEvent_1" targetRef="ServiceTask_1t8vsc0"></bpmn2:sequenceFlow>
    <bpmn2:userTask id="UserTask_0m7uljs" name="usertaskdmnoutputform" activiti:assignee="hruser" activiti:formKey="form-04709458-ad70-4263-b59a-ea35f31b8b8a"></bpmn2:userTask>
  </bpmn2:process>
  <bpmndi:BPMNDiagram id="BPMNDiagram_process-a19759e0-a39a-4833-9efc-fe3ba3cafe0a">
    <bpmndi:BPMNPlane bpmnElement="process-a19759e0-a39a-4833-9efc-fe3ba3cafe0a" id="BPMNPlane_process-a19759e0-a39a-4833-9efc-fe3ba3cafe0a">
      <bpmndi:BPMNShape bpmnElement="StartEvent_1" id="BPMNShape_StartEvent_1">
        <omgdc:Bounds height="36.0" width="36.0" x="232.0" y="202.0"></omgdc:Bounds>
      </bpmndi:BPMNShape>
      <bpmndi:BPMNShape bpmnElement="ServiceTask_1t8vsc0" id="BPMNShape_ServiceTask_1t8vsc0">
        <omgdc:Bounds height="80.0" width="100.0" x="330.0" y="180.0"></omgdc:Bounds>
      </bpmndi:BPMNShape>
      <bpmndi:BPMNShape bpmnElement="EndEvent_14zo6zo" id="BPMNShape_EndEvent_14zo6zo">
        <omgdc:Bounds height="36.0" width="36.0" x="632.0" y="202.0"></omgdc:Bounds>
      </bpmndi:BPMNShape>
      <bpmndi:BPMNShape bpmnElement="UserTask_0m7uljs" id="BPMNShape_UserTask_0m7uljs">
        <omgdc:Bounds height="80.0" width="100.0" x="480.0" y="180.0"></omgdc:Bounds>
      </bpmndi:BPMNShape>
      <bpmndi:BPMNEdge bpmnElement="SequenceFlow_0l551ul" id="BPMNEdge_SequenceFlow_0l551ul">
        <omgdi:waypoint x="430.0" y="220.0"></omgdi:waypoint>
        <omgdi:waypoint x="480.0" y="220.0"></omgdi:waypoint>
      </bpmndi:BPMNEdge>
      <bpmndi:BPMNEdge bpmnElement="SequenceFlow_0ss68e0" id="BPMNEdge_SequenceFlow_0ss68e0">
        <omgdi:waypoint x="580.0" y="220.0"></omgdi:waypoint>
        <omgdi:waypoint x="632.0" y="220.0"></omgdi:waypoint>
      </bpmndi:BPMNEdge>
      <bpmndi:BPMNEdge bpmnElement="SequenceFlow_18vhynv" id="BPMNEdge_SequenceFlow_18vhynv">
        <omgdi:waypoint x="268.0" y="220.0"></omgdi:waypoint>
        <omgdi:waypoint x="330.0" y="220.0"></omgdi:waypoint>
      </bpmndi:BPMNEdge>
    </bpmndi:BPMNPlane>
  </bpmndi:BPMNDiagram>
</bpmn2:definitions>