<?xml version="1.0" encoding="UTF-8"?>
<bpmn2:definitions xmlns="http://www.omg.org/spec/BPMN/20100524/MODEL" xmlns:bpmn2="http://www.omg.org/spec/BPMN/20100524/MODEL" xmlns:xsi="http://www.w3.org/2001/XMLSchema-instance" xmlns:xsd="http://www.w3.org/2001/XMLSchema" xmlns:activiti="http://activiti.org/bpmn" xmlns:bpmndi="http://www.omg.org/spec/BPMN/20100524/DI" xmlns:omgdc="http://www.omg.org/spec/DD/20100524/DC" xmlns:omgdi="http://www.omg.org/spec/DD/20100524/DI" typeLanguage="http://www.w3.org/2001/XMLSchema" expressionLanguage="http://www.w3.org/1999/XPath" targetNamespace="http://bpmn.io/schema/bpmn" id="model-1769f64e-0f0c-4373-b447-82531d6caee7" name="multiinstance-subprocess" xsi:schemaLocation="http://www.omg.org/spec/BPMN/20100524/MODEL BPMN20.xsd">
  <bpmn2:process id="Process_Y0Lp25zV" name="multiinstance-subprocess" isExecutable="true">
    <bpmn2:startEvent id="StartEvent_1">
      <bpmn2:outgoing>SequenceFlow_1ggmkcp</bpmn2:outgoing>
    </bpmn2:startEvent>
    <bpmn2:subProcess id="SubProcess_0fexg98" name="MainTask">
      <bpmn2:multiInstanceLoopCharacteristics isSequential="false">
        <bpmn2:loopCardinality>3</bpmn2:loopCardinality>
      </bpmn2:multiInstanceLoopCharacteristics>
      <bpmn2:startEvent id="StartEvent_09kupoz">
        <bpmn2:outgoing>SequenceFlow_1n6v5sr</bpmn2:outgoing>
      </bpmn2:startEvent>
      <bpmn2:sequenceFlow id="SequenceFlow_1n6v5sr" sourceRef="StartEvent_09kupoz" targetRef="UserTask_1ifdlvq"></bpmn2:sequenceFlow>
      <bpmn2:endEvent id="EndEvent_1nmjzni">
        <bpmn2:incoming>SequenceFlow_1mkxqnu</bpmn2:incoming>
      </bpmn2:endEvent>
      <bpmn2:sequenceFlow id="SequenceFlow_1mkxqnu" sourceRef="UserTask_1ifdlvq" targetRef="EndEvent_1nmjzni"></bpmn2:sequenceFlow>
      <bpmn2:userTask id="UserTask_1ifdlvq" name="subprocesstask" activiti:assignee="hruser">
        <bpmn2:incoming>SequenceFlow_1n6v5sr</bpmn2:incoming>
        <bpmn2:outgoing>SequenceFlow_1mkxqnu</bpmn2:outgoing>
      </bpmn2:userTask>
    </bpmn2:subProcess>
    <bpmn2:sequenceFlow id="SequenceFlow_1ggmkcp" sourceRef="StartEvent_1" targetRef="SubProcess_0fexg98"></bpmn2:sequenceFlow>
    <bpmn2:endEvent id="EndEvent_19ij5up">
      <bpmn2:incoming>SequenceFlow_16mzvp2</bpmn2:incoming>
    </bpmn2:endEvent>
    <bpmn2:sequenceFlow id="SequenceFlow_16mzvp2" sourceRef="SubProcess_0fexg98" targetRef="EndEvent_19ij5up"></bpmn2:sequenceFlow>
  </bpmn2:process>
  <bpmndi:BPMNDiagram id="BPMNDiagram_Process_Y0Lp25zV">
    <bpmndi:BPMNPlane bpmnElement="Process_Y0Lp25zV" id="BPMNPlane_Process_Y0Lp25zV">
      <bpmndi:BPMNShape bpmnElement="StartEvent_1" id="BPMNShape_StartEvent_1">
        <omgdc:Bounds height="36.0" width="36.0" x="82.0" y="212.0"></omgdc:Bounds>
      </bpmndi:BPMNShape>
      <bpmndi:BPMNShape bpmnElement="SubProcess_0fexg98" id="BPMNShape_SubProcess_0fexg98" isExpanded="true">
        <omgdc:Bounds height="200.0" width="350.0" x="270.0" y="130.0"></omgdc:Bounds>
      </bpmndi:BPMNShape>
      <bpmndi:BPMNShape bpmnElement="StartEvent_09kupoz" id="BPMNShape_StartEvent_09kupoz">
        <omgdc:Bounds height="36.0" width="36.0" x="310.33333333333337" y="212.0"></omgdc:Bounds>
      </bpmndi:BPMNShape>
      <bpmndi:BPMNShape bpmnElement="EndEvent_1nmjzni" id="BPMNShape_EndEvent_1nmjzni">
        <omgdc:Bounds height="36.0" width="36.0" x="562.0" y="212.0"></omgdc:Bounds>
      </bpmndi:BPMNShape>
      <bpmndi:BPMNShape bpmnElement="UserTask_1ifdlvq" id="BPMNShape_UserTask_1ifdlvq">
        <omgdc:Bounds height="80.0" width="100.0" x="400.0" y="190.0"></omgdc:Bounds>
      </bpmndi:BPMNShape>
      <bpmndi:BPMNShape bpmnElement="EndEvent_19ij5up" id="BPMNShape_EndEvent_19ij5up">
        <omgdc:Bounds height="36.0" width="36.0" x="772.0" y="212.0"></omgdc:Bounds>
      </bpmndi:BPMNShape>
      <bpmndi:BPMNEdge bpmnElement="SequenceFlow_1n6v5sr" id="BPMNEdge_SequenceFlow_1n6v5sr">
        <omgdi:waypoint x="346.0" y="230.0"></omgdi:waypoint>
        <omgdi:waypoint x="400.0" y="230.0"></omgdi:waypoint>
      </bpmndi:BPMNEdge>
      <bpmndi:BPMNEdge bpmnElement="SequenceFlow_1mkxqnu" id="BPMNEdge_SequenceFlow_1mkxqnu">
        <omgdi:waypoint x="500.0" y="230.0"></omgdi:waypoint>
        <omgdi:waypoint x="562.0" y="230.0"></omgdi:waypoint>
      </bpmndi:BPMNEdge>
      <bpmndi:BPMNEdge bpmnElement="SequenceFlow_1ggmkcp" id="BPMNEdge_SequenceFlow_1ggmkcp">
        <omgdi:waypoint x="118.0" y="230.0"></omgdi:waypoint>
        <omgdi:waypoint x="270.0" y="230.0"></omgdi:waypoint>
      </bpmndi:BPMNEdge>
      <bpmndi:BPMNEdge bpmnElement="SequenceFlow_16mzvp2" id="BPMNEdge_SequenceFlow_16mzvp2">
        <omgdi:waypoint x="620.0" y="230.0"></omgdi:waypoint>
        <omgdi:waypoint x="772.0" y="230.0"></omgdi:waypoint>
      </bpmndi:BPMNEdge>
    </bpmndi:BPMNPlane>
  </bpmndi:BPMNDiagram>
</bpmn2:definitions>