<?xml version="1.0" encoding="UTF-8"?>
<definitions xmlns="http://www.omg.org/spec/BPMN/20100524/MODEL" xmlns:xsi="http://www.w3.org/2001/XMLSchema-instance" xmlns:activiti="http://activiti.org/bpmn" xmlns:bpmndi="http://www.omg.org/spec/BPMN/20100524/DI" xmlns:omgdc="http://www.omg.org/spec/DD/20100524/DC" xmlns:omgdi="http://www.omg.org/spec/DD/20100524/DI" xmlns:xsd="http://www.w3.org/2001/XMLSchema" id="model-1769f64e-0f0c-4373-b447-82531d6caee7" name="multiinstance-subprocess" targetNamespace="http://bpmn.io/schema/bpmn" xsi:schemaLocation="http://www.omg.org/spec/BPMN/20100524/MODEL BPMN20.xsd">
  <process id="Process_Y0Lp25zV" name="multiinstance-subprocess" isExecutable="true">
    <startEvent id="StartEvent_1">
      <outgoing>SequenceFlow_1ggmkcp</outgoing>
    </startEvent>
    <subProcess id="SubProcess_0fexg98" name="MainTask">
      <multiInstanceLoopCharacteristics>
        <loopCardinality>3</loopCardinality>
      </multiInstanceLoopCharacteristics>
      <startEvent id="StartEvent_09kupoz">
        <outgoing>SequenceFlow_1n6v5sr</outgoing>
      </startEvent>
      <sequenceFlow id="SequenceFlow_1n6v5sr" sourceRef="StartEvent_09kupoz" targetRef="UserTask_1ifdlvq" />
      <endEvent id="EndEvent_1nmjzni">
        <incoming>SequenceFlow_1mkxqnu</incoming>
      </endEvent>
      <sequenceFlow id="SequenceFlow_1mkxqnu" sourceRef="UserTask_1ifdlvq" targetRef="EndEvent_1nmjzni" />
      <userTask id="UserTask_1ifdlvq" name="subprocesstask" activiti:assignee="hruser" />
    </subProcess>
    <sequenceFlow id="SequenceFlow_1ggmkcp" sourceRef="StartEvent_1" targetRef="SubProcess_0fexg98" />
    <endEvent id="EndEvent_19ij5up">
      <incoming>SequenceFlow_16mzvp2</incoming>
    </endEvent>
    <sequenceFlow id="SequenceFlow_16mzvp2" sourceRef="SubProcess_0fexg98" targetRef="EndEvent_19ij5up" />
  </process>
  <bpmndi:BPMNDiagram id="BPMNDiagram_Process_Y0Lp25zV">
    <bpmndi:BPMNPlane id="BPMNPlane_Process_Y0Lp25zV" bpmnElement="Process_Y0Lp25zV">
      <bpmndi:BPMNShape id="BPMNShape_StartEvent_1" bpmnElement="StartEvent_1">
        <omgdc:Bounds x="82" y="212" width="36" height="36" />
      </bpmndi:BPMNShape>
      <bpmndi:BPMNShape id="BPMNShape_SubProcess_0fexg98" bpmnElement="SubProcess_0fexg98" isExpanded="true">
        <omgdc:Bounds x="270" y="130" width="350" height="200" />
      </bpmndi:BPMNShape>
      <bpmndi:BPMNShape id="BPMNShape_StartEvent_09kupoz" bpmnElement="StartEvent_09kupoz">
        <omgdc:Bounds x="310.33333333333337" y="212" width="36" height="36" />
      </bpmndi:BPMNShape>
      <bpmndi:BPMNShape id="BPMNShape_EndEvent_1nmjzni" bpmnElement="EndEvent_1nmjzni">
        <omgdc:Bounds x="562" y="212" width="36" height="36" />
      </bpmndi:BPMNShape>
      <bpmndi:BPMNShape id="BPMNShape_UserTask_1ifdlvq" bpmnElement="UserTask_1ifdlvq">
        <omgdc:Bounds x="400" y="190" width="100" height="80" />
      </bpmndi:BPMNShape>
      <bpmndi:BPMNShape id="BPMNShape_EndEvent_19ij5up" bpmnElement="EndEvent_19ij5up">
        <omgdc:Bounds x="772" y="212" width="36" height="36" />
      </bpmndi:BPMNShape>
      <bpmndi:BPMNEdge id="BPMNEdge_SequenceFlow_1n6v5sr" bpmnElement="SequenceFlow_1n6v5sr">
        <omgdi:waypoint x="346" y="230" />
        <omgdi:waypoint x="400" y="230" />
      </bpmndi:BPMNEdge>
      <bpmndi:BPMNEdge id="BPMNEdge_SequenceFlow_1mkxqnu" bpmnElement="SequenceFlow_1mkxqnu">
        <omgdi:waypoint x="500" y="230" />
        <omgdi:waypoint x="562" y="230" />
      </bpmndi:BPMNEdge>
      <bpmndi:BPMNEdge id="BPMNEdge_SequenceFlow_1ggmkcp" bpmnElement="SequenceFlow_1ggmkcp">
        <omgdi:waypoint x="118" y="230" />
        <omgdi:waypoint x="270" y="230" />
      </bpmndi:BPMNEdge>
      <bpmndi:BPMNEdge id="BPMNEdge_SequenceFlow_16mzvp2" bpmnElement="SequenceFlow_16mzvp2">
        <omgdi:waypoint x="620" y="230" />
        <omgdi:waypoint x="772" y="230" />
      </bpmndi:BPMNEdge>
    </bpmndi:BPMNPlane>
  </bpmndi:BPMNDiagram>
</definitions>
