<?xml version="1.0" encoding="UTF-8"?>
<definitions xmlns="http://www.omg.org/spec/BPMN/20100524/MODEL" xmlns:xsi="http://www.w3.org/2001/XMLSchema-instance" xmlns:activiti="http://activiti.org/bpmn" xmlns:bpmndi="http://www.omg.org/spec/BPMN/20100524/DI" xmlns:omgdc="http://www.omg.org/spec/DD/20100524/DC" xmlns:omgdi="http://www.omg.org/spec/DD/20100524/DI" xmlns:xsd="http://www.w3.org/2001/XMLSchema" id="model-cb2d29d2-62a6-49ce-89c9-73c51e2ef5f9" name="multiinstance-dmnsequence" targetNamespace="http://bpmn.io/schema/bpmn" xsi:schemaLocation="http://www.omg.org/spec/BPMN/20100524/MODEL BPMN20.xsd">
  <process id="Process_h3P-40rj" name="multiinstance-dmnsequence" isExecutable="true">
    <startEvent id="StartEvent_1">
      <outgoing>SequenceFlow_18vhynv</outgoing>
    </startEvent>
    <serviceTask id="ServiceTask_1t8vsc0" name="decisiontask-sequence" implementation="dmn-connector.EXECUTE_TABLE">
      <incoming>SequenceFlow_18vhynv</incoming>
      <outgoing>SequenceFlow_0l551ul</outgoing>
      <multiInstanceLoopCharacteristics isSequential="true">
        <loopCardinality>4</loopCardinality>
        <loopDataOutputRef>dmn_output</loopDataOutputRef>
        <outputDataItem name="output1" />
      </multiInstanceLoopCharacteristics>
    </serviceTask>
    <sequenceFlow id="SequenceFlow_0l551ul" sourceRef="ServiceTask_1t8vsc0" targetRef="UserTask_0m7uljs" />
    <endEvent id="EndEvent_14zo6zo">
      <incoming>SequenceFlow_0ss68e0</incoming>
    </endEvent>
    <sequenceFlow id="SequenceFlow_0ss68e0" sourceRef="UserTask_0m7uljs" targetRef="EndEvent_14zo6zo" />
    <sequenceFlow id="SequenceFlow_18vhynv" sourceRef="StartEvent_1" targetRef="ServiceTask_1t8vsc0" />
    <userTask id="UserTask_0m7uljs" name="usertaskdmnoutputform" activiti:formKey="form-7a7d4371-8620-4fb4-8c4a-19fa15d3d365" activiti:assignee="hruser">
      <incoming>SequenceFlow_0l551ul</incoming>
      <outgoing>SequenceFlow_0ss68e0</outgoing>
    </userTask>
  </process>
  <bpmndi:BPMNDiagram id="BPMNDiagram_Process_h3P-40rj">
    <bpmndi:BPMNPlane id="BPMNPlane_Process_h3P-40rj" bpmnElement="Process_h3P-40rj">
      <bpmndi:BPMNShape id="BPMNShape_StartEvent_1" bpmnElement="StartEvent_1">
        <omgdc:Bounds x="232" y="202" width="36" height="36" />
      </bpmndi:BPMNShape>
      <bpmndi:BPMNShape id="BPMNShape_ServiceTask_1t8vsc0" bpmnElement="ServiceTask_1t8vsc0">
        <omgdc:Bounds x="330" y="180" width="100" height="80" />
      </bpmndi:BPMNShape>
      <bpmndi:BPMNShape id="BPMNShape_EndEvent_14zo6zo" bpmnElement="EndEvent_14zo6zo">
        <omgdc:Bounds x="632" y="202" width="36" height="36" />
      </bpmndi:BPMNShape>
      <bpmndi:BPMNShape id="BPMNShape_UserTask_0m7uljs" bpmnElement="UserTask_0m7uljs">
        <omgdc:Bounds x="480" y="180" width="100" height="80" />
      </bpmndi:BPMNShape>
      <bpmndi:BPMNEdge id="BPMNEdge_SequenceFlow_0l551ul" bpmnElement="SequenceFlow_0l551ul">
        <omgdi:waypoint x="430" y="220" />
        <omgdi:waypoint x="480" y="220" />
      </bpmndi:BPMNEdge>
      <bpmndi:BPMNEdge id="BPMNEdge_SequenceFlow_0ss68e0" bpmnElement="SequenceFlow_0ss68e0">
        <omgdi:waypoint x="580" y="220" />
        <omgdi:waypoint x="632" y="220" />
      </bpmndi:BPMNEdge>
      <bpmndi:BPMNEdge id="BPMNEdge_SequenceFlow_18vhynv" bpmnElement="SequenceFlow_18vhynv">
        <omgdi:waypoint x="268" y="220" />
        <omgdi:waypoint x="330" y="220" />
      </bpmndi:BPMNEdge>
    </bpmndi:BPMNPlane>
  </bpmndi:BPMNDiagram>
</definitions>
