<?xml version="1.0" encoding="UTF-8"?>
<bpmn2:definitions xmlns:xsi="http://www.w3.org/2001/XMLSchema-instance" xmlns:bpmn2="http://www.omg.org/spec/BPMN/20100524/MODEL" xmlns:bpmndi="http://www.omg.org/spec/BPMN/20100524/DI" xmlns:dc="http://www.omg.org/spec/DD/20100524/DC" xmlns:di="http://www.omg.org/spec/DD/20100524/DI" id="sample-diagram" targetNamespace="http://bpmn.io/schema/bpmn" xsi:schemaLocation="http://www.omg.org/spec/BPMN/20100524/MODEL BPMN20.xsd">
  <bpmn2:process id="process-43538fd1-1a98-4225-8c1e-3e72efb24d7e" name="multiinstance-manualtask" isExecutable="true">
    <bpmn2:documentation />
    <bpmn2:startEvent id="StartEvent_1">
      <bpmn2:outgoing>SequenceFlow_12qmt8m</bpmn2:outgoing>
    </bpmn2:startEvent>
    <bpmn2:task id="Task_0v1ec28" name="manualtask">
      <bpmn2:incoming>SequenceFlow_12qmt8m</bpmn2:incoming>
      <bpmn2:outgoing>SequenceFlow_18gn3gu</bpmn2:outgoing>
      <bpmn2:multiInstanceLoopCharacteristics>
        <bpmn2:loopCardinality>3</bpmn2:loopCardinality>
      </bpmn2:multiInstanceLoopCharacteristics>
    </bpmn2:task>
    <bpmn2:sequenceFlow id="SequenceFlow_12qmt8m" sourceRef="StartEvent_1" targetRef="Task_0v1ec28" />
    <bpmn2:endEvent id="EndEvent_1ywyxsz">
      <bpmn2:incoming>SequenceFlow_18gn3gu</bpmn2:incoming>
    </bpmn2:endEvent>
    <bpmn2:sequenceFlow id="SequenceFlow_18gn3gu" sourceRef="Task_0v1ec28" targetRef="EndEvent_1ywyxsz" />
  </bpmn2:process>
  <bpmndi:BPMNDiagram id="BPMNDiagram_1">
    <bpmndi:BPMNPlane id="BPMNPlane_1" bpmnElement="process-43538fd1-1a98-4225-8c1e-3e72efb24d7e">
      <bpmndi:BPMNShape id="_BPMNShape_StartEvent_2" bpmnElement="StartEvent_1">
        <dc:Bounds x="242" y="212" width="36" height="36" />
      </bpmndi:BPMNShape>
      <bpmndi:BPMNShape id="Task_0v1ec28_di" bpmnElement="Task_0v1ec28">
        <dc:Bounds x="330" y="190" width="100" height="80" />
      </bpmndi:BPMNShape>
      <bpmndi:BPMNEdge id="SequenceFlow_12qmt8m_di" bpmnElement="SequenceFlow_12qmt8m">
        <di:waypoint x="278" y="230" />
        <di:waypoint x="330" y="230" />
      </bpmndi:BPMNEdge>
      <bpmndi:BPMNShape id="EndEvent_1ywyxsz_di" bpmnElement="EndEvent_1ywyxsz">
        <dc:Bounds x="482" y="212" width="36" height="36" />
      </bpmndi:BPMNShape>
      <bpmndi:BPMNEdge id="SequenceFlow_18gn3gu_di" bpmnElement="SequenceFlow_18gn3gu">
        <di:waypoint x="430" y="230" />
        <di:waypoint x="482" y="230" />
      </bpmndi:BPMNEdge>
    </bpmndi:BPMNPlane>
  </bpmndi:BPMNDiagram>
</bpmn2:definitions>
