{"id":"process-f0b7e67a-d207-4519-a3b2-462f444d7b89","type":"PROCESS","name":"multiinstance-usertask","key":"multiinstance-usertask","extensions":{"Process_PnyE2-R_":{"constants":{},"mappings":{"Task_084v4xw":{"inputs":{"result1":{"type":"value","value":"${resultcollection.get(0)}"},"result3":{"type":"value","value":"${resultcollection.get(1)}"},"result2":{"type":"value","value":"${resultcollection.get(2)}"}}}},"properties":{"dae43475-8ffc-4acb-a5ea-84af115ce688":{"id":"dae43475-8ffc-4acb-a5ea-84af115ce688","name":"string1","type":"string","value":"","required":false}},"assignments":{"Task_084v4xw":{"type":"identity","assignment":"assignee","id":"Task_084v4xw"},"UserTask_1q08742":{"type":"identity","assignment":"assignee","id":"UserTask_1q08742"}}}}}