<?xml version="1.0" encoding="UTF-8"?>
<definitions xmlns="http://www.omg.org/spec/BPMN/20100524/MODEL" xmlns:xsi="http://www.w3.org/2001/XMLSchema-instance" xmlns:bpmndi="http://www.omg.org/spec/BPMN/20100524/DI" xmlns:omgdc="http://www.omg.org/spec/DD/20100524/DC" xmlns:omgdi="http://www.omg.org/spec/DD/20100524/DI" xmlns:xsd="http://www.w3.org/2001/XMLSchema" id="model-2f8b6f46-6c87-4f4d-9902-f446dc01493c" name="multiinstance-servicetask" targetNamespace="http://bpmn.io/schema/bpmn" xsi:schemaLocation="http://www.omg.org/spec/BPMN/20100524/MODEL BPMN20.xsd">
  <process id="Process_B-f96qb1" name="multiinstance-servicetask" isExecutable="true">
    <startEvent id="StartEvent_1">
      <outgoing>SequenceFlow_0wbhks6</outgoing>
    </startEvent>
    <serviceTask id="ServiceTask_0qp1237" name="multiinstance-servicetask" implementation="restconnector.POST">
      <multiInstanceLoopCharacteristics>
        <loopCardinality>3</loopCardinality>
      </multiInstanceLoopCharacteristics>
    </serviceTask>
    <endEvent id="EndEvent_12fe6l7">
      <incoming>SequenceFlow_0w5fqmo</incoming>
    </endEvent>
    <sequenceFlow id="SequenceFlow_0w5fqmo" sourceRef="ServiceTask_0qp1237" targetRef="EndEvent_12fe6l7" />
    <sequenceFlow id="SequenceFlow_0wbhks6" sourceRef="StartEvent_1" targetRef="ServiceTask_0qp1237" />
  </process>
  <bpmndi:BPMNDiagram id="BPMNDiagram_process-2f8b6f46-6c87-4f4d-9902-f446dc01493c">
    <bpmndi:BPMNPlane id="BPMNPlane_process-2f8b6f46-6c87-4f4d-9902-f446dc01493c" bpmnElement="Process_B-f96qb1">
      <bpmndi:BPMNShape id="BPMNShape_StartEvent_1" bpmnElement="StartEvent_1">
        <omgdc:Bounds x="212" y="202" width="36" height="36" />
      </bpmndi:BPMNShape>
      <bpmndi:BPMNShape id="BPMNShape_ServiceTask_0qp1237" bpmnElement="ServiceTask_0qp1237">
        <omgdc:Bounds x="320" y="180" width="100" height="80" />
      </bpmndi:BPMNShape>
      <bpmndi:BPMNShape id="BPMNShape_EndEvent_12fe6l7" bpmnElement="EndEvent_12fe6l7">
        <omgdc:Bounds x="472" y="202" width="36" height="36" />
      </bpmndi:BPMNShape>
      <bpmndi:BPMNEdge id="BPMNEdge_SequenceFlow_0w5fqmo" bpmnElement="SequenceFlow_0w5fqmo">
        <omgdi:waypoint x="420" y="220" />
        <omgdi:waypoint x="472" y="220" />
      </bpmndi:BPMNEdge>
      <bpmndi:BPMNEdge id="BPMNEdge_SequenceFlow_0wbhks6" bpmnElement="SequenceFlow_0wbhks6">
        <omgdi:waypoint x="248" y="220" />
        <omgdi:waypoint x="320" y="220" />
      </bpmndi:BPMNEdge>
    </bpmndi:BPMNPlane>
  </bpmndi:BPMNDiagram>
</definitions>
