<?xml version="1.0" encoding="UTF-8"?>
<bpmn2:definitions xmlns="http://www.omg.org/spec/BPMN/20100524/MODEL" xmlns:bpmn2="http://www.omg.org/spec/BPMN/20100524/MODEL" xmlns:xsi="http://www.w3.org/2001/XMLSchema-instance" xmlns:xsd="http://www.w3.org/2001/XMLSchema" xmlns:activiti="http://activiti.org/bpmn" xmlns:bpmndi="http://www.omg.org/spec/BPMN/20100524/DI" xmlns:omgdc="http://www.omg.org/spec/DD/20100524/DC" xmlns:omgdi="http://www.omg.org/spec/DD/20100524/DI" typeLanguage="http://www.w3.org/2001/XMLSchema" expressionLanguage="http://www.w3.org/1999/XPath" targetNamespace="http://bpmn.io/schema/bpmn" id="model-7867f47a-73cc-49ed-b48e-9604173e7aaa" name="multiinstance-usertask" xsi:schemaLocation="http://www.omg.org/spec/BPMN/20100524/MODEL BPMN20.xsd">
  <bpmn2:process id="Process_PnyE2-R_" name="multiinstance-usertask" isExecutable="true">
    <bpmn2:startEvent id="StartEvent_1">
      <bpmn2:outgoing>SequenceFlow_1gbrv44</bpmn2:outgoing>
    </bpmn2:startEvent>
    <bpmn2:sequenceFlow id="SequenceFlow_1gbrv44" sourceRef="StartEvent_1" targetRef="UserTask_1q08742"></bpmn2:sequenceFlow>
    <bpmn2:endEvent id="EndEvent_0himy8n">
      <bpmn2:incoming>SequenceFlow_0j55fah</bpmn2:incoming>
    </bpmn2:endEvent>
    <bpmn2:userTask id="UserTask_1q08742" name="multiinstance-usertask" activiti:assignee="hruser" activiti:formKey="form-f07fdf44-4eac-4863-ab48-a4ace04f2a1a">
      <bpmn2:incoming>SequenceFlow_1gbrv44</bpmn2:incoming>
      <bpmn2:outgoing>SequenceFlow_1hkjh3n</bpmn2:outgoing>
      <multiInstanceLoopCharacteristics isSequential="false">
        <loopCardinality>3</loopCardinality>
        <loopDataOutputRef>resultcollection</loopDataOutputRef>
        <outputDataItem name="meal"></outputDataItem>
      </multiInstanceLoopCharacteristics>
    </bpmn2:userTask>
    <bpmn2:userTask id="Task_084v4xw" name="resultcollectiondisplaytask" activiti:assignee="hruser" activiti:formKey="form-9054ae4a-c8a6-420a-a3c8-a981b528cb81">
      <bpmn2:incoming>SequenceFlow_1hkjh3n</bpmn2:incoming>
      <bpmn2:outgoing>SequenceFlow_0j55fah</bpmn2:outgoing>
    </bpmn2:userTask>
    <bpmn2:sequenceFlow id="SequenceFlow_1hkjh3n" sourceRef="UserTask_1q08742" targetRef="Task_084v4xw"></bpmn2:sequenceFlow>
    <bpmn2:sequenceFlow id="SequenceFlow_0j55fah" sourceRef="Task_084v4xw" targetRef="EndEvent_0himy8n"></bpmn2:sequenceFlow>
  </bpmn2:process>
  <bpmndi:BPMNDiagram id="BPMNDiagram_Process_PnyE2-R_">
    <bpmndi:BPMNPlane bpmnElement="Process_PnyE2-R_" id="BPMNPlane_Process_PnyE2-R_">
      <bpmndi:BPMNShape bpmnElement="StartEvent_1" id="BPMNShape_StartEvent_1">
        <omgdc:Bounds height="36.0" width="36.0" x="202.0" y="240.0"></omgdc:Bounds>
      </bpmndi:BPMNShape>
      <bpmndi:BPMNShape bpmnElement="EndEvent_0himy8n" id="BPMNShape_EndEvent_0himy8n">
        <omgdc:Bounds height="36.0" width="36.0" x="652.0" y="240.0"></omgdc:Bounds>
      </bpmndi:BPMNShape>
      <bpmndi:BPMNShape bpmnElement="UserTask_1q08742" id="BPMNShape_UserTask_1q08742">
        <omgdc:Bounds height="80.0" width="100.0" x="320.0" y="218.0"></omgdc:Bounds>
      </bpmndi:BPMNShape>
      <bpmndi:BPMNShape bpmnElement="Task_084v4xw" id="BPMNShape_Task_084v4xw">
        <omgdc:Bounds height="80.0" width="100.0" x="490.0" y="218.0"></omgdc:Bounds>
      </bpmndi:BPMNShape>
      <bpmndi:BPMNEdge bpmnElement="SequenceFlow_1gbrv44" id="BPMNEdge_SequenceFlow_1gbrv44">
        <omgdi:waypoint x="238.0" y="258.0"></omgdi:waypoint>
        <omgdi:waypoint x="320.0" y="258.0"></omgdi:waypoint>
      </bpmndi:BPMNEdge>
      <bpmndi:BPMNEdge bpmnElement="SequenceFlow_1hkjh3n" id="BPMNEdge_SequenceFlow_1hkjh3n">
        <omgdi:waypoint x="420.0" y="258.0"></omgdi:waypoint>
        <omgdi:waypoint x="490.0" y="258.0"></omgdi:waypoint>
      </bpmndi:BPMNEdge>
      <bpmndi:BPMNEdge bpmnElement="SequenceFlow_0j55fah" id="BPMNEdge_SequenceFlow_0j55fah">
        <omgdi:waypoint x="590.0" y="258.0"></omgdi:waypoint>
        <omgdi:waypoint x="652.0" y="258.0"></omgdi:waypoint>
      </bpmndi:BPMNEdge>
    </bpmndi:BPMNPlane>
  </bpmndi:BPMNDiagram>
</bpmn2:definitions>