<?xml version="1.0" encoding="UTF-8"?>
<bpmn2:definitions xmlns:xsi="http://www.w3.org/2001/XMLSchema-instance" xmlns:bpmn2="http://www.omg.org/spec/BPMN/20100524/MODEL" xmlns:bpmndi="http://www.omg.org/spec/BPMN/20100524/DI" xmlns:dc="http://www.omg.org/spec/DD/20100524/DC" xmlns:di="http://www.omg.org/spec/DD/20100524/DI" xmlns:activiti="http://activiti.org/bpmn" id="sample-diagram" targetNamespace="http://bpmn.io/schema/bpmn" xsi:schemaLocation="http://www.omg.org/spec/BPMN/20100524/MODEL BPMN20.xsd">
  <bpmn2:process id="process-fb30ce6c-7142-4b38-906e-c99d51cf0b6e" name="multiinstance-dmnsequence" isExecutable="true">
    <bpmn2:documentation />
    <bpmn2:startEvent id="StartEvent_1">
      <bpmn2:outgoing>SequenceFlow_18vhynv</bpmn2:outgoing>
    </bpmn2:startEvent>
    <bpmn2:serviceTask id="ServiceTask_1t8vsc0" name="decisiontask-sequence" implementation="dmn-connector.EXECUTE_TABLE">
      <bpmn2:incoming>SequenceFlow_18vhynv</bpmn2:incoming>
      <bpmn2:outgoing>SequenceFlow_0l551ul</bpmn2:outgoing>
      <bpmn2:multiInstanceLoopCharacteristics isSequential="true">
        <bpmn2:loopCardinality>4</bpmn2:loopCardinality>
      </bpmn2:multiInstanceLoopCharacteristics>
    </bpmn2:serviceTask>
    <bpmn2:sequenceFlow id="SequenceFlow_0l551ul" sourceRef="ServiceTask_1t8vsc0" targetRef="UserTask_0m7uljs" />
    <bpmn2:endEvent id="EndEvent_14zo6zo">
      <bpmn2:incoming>SequenceFlow_0ss68e0</bpmn2:incoming>
    </bpmn2:endEvent>
    <bpmn2:sequenceFlow id="SequenceFlow_0ss68e0" sourceRef="UserTask_0m7uljs" targetRef="EndEvent_14zo6zo" />
    <bpmn2:sequenceFlow id="SequenceFlow_18vhynv" sourceRef="StartEvent_1" targetRef="ServiceTask_1t8vsc0" />
    <bpmn2:userTask id="UserTask_0m7uljs" name="usertaskdmnoutputform" activiti:formKey="form-c7764a9f-8026-4351-a358-5210151f3479" activiti:assignee="hruser">
      <bpmn2:incoming>SequenceFlow_0l551ul</bpmn2:incoming>
      <bpmn2:outgoing>SequenceFlow_0ss68e0</bpmn2:outgoing>
    </bpmn2:userTask>
  </bpmn2:process>
  <bpmndi:BPMNDiagram id="BPMNDiagram_1">
    <bpmndi:BPMNPlane id="BPMNPlane_1" bpmnElement="process-fb30ce6c-7142-4b38-906e-c99d51cf0b6e">
      <bpmndi:BPMNShape id="_BPMNShape_StartEvent_2" bpmnElement="StartEvent_1">
        <dc:Bounds x="232" y="202" width="36" height="36" />
      </bpmndi:BPMNShape>
      <bpmndi:BPMNShape id="ServiceTask_1t8vsc0_di" bpmnElement="ServiceTask_1t8vsc0">
        <dc:Bounds x="330" y="180" width="100" height="80" />
      </bpmndi:BPMNShape>
      <bpmndi:BPMNEdge id="SequenceFlow_0l551ul_di" bpmnElement="SequenceFlow_0l551ul">
        <di:waypoint x="430" y="220" />
        <di:waypoint x="480" y="220" />
      </bpmndi:BPMNEdge>
      <bpmndi:BPMNShape id="EndEvent_14zo6zo_di" bpmnElement="EndEvent_14zo6zo">
        <dc:Bounds x="632" y="202" width="36" height="36" />
      </bpmndi:BPMNShape>
      <bpmndi:BPMNEdge id="SequenceFlow_0ss68e0_di" bpmnElement="SequenceFlow_0ss68e0">
        <di:waypoint x="580" y="220" />
        <di:waypoint x="632" y="220" />
      </bpmndi:BPMNEdge>
      <bpmndi:BPMNEdge id="SequenceFlow_18vhynv_di" bpmnElement="SequenceFlow_18vhynv">
        <di:waypoint x="268" y="220" />
        <di:waypoint x="330" y="220" />
      </bpmndi:BPMNEdge>
      <bpmndi:BPMNShape id="UserTask_0kt8tve_di" bpmnElement="UserTask_0m7uljs">
        <dc:Bounds x="480" y="180" width="100" height="80" />
      </bpmndi:BPMNShape>
    </bpmndi:BPMNPlane>
  </bpmndi:BPMNDiagram>
</bpmn2:definitions>
