{"id":"process-0d64c9ba-398f-49df-b8ab-b698cd869eb9","type":"PROCESS","name":"multiinstance-usertask","key":"multiinstance-usertask","extensions":{"Process_PnyE2-R_":{"mappings":{"Task_084v4xw":{"inputs":{"result1":{"type":"value","value":"${resultcollection.get(0)}"},"result3":{"type":"value","value":"${resultcollection.get(1)}"},"result2":{"type":"value","value":"${resultcollection.get(2)}"}},"outputs":{}}},"assignments":{"Task_084v4xw":{"type":"identity","assignment":"assignee","id":"Task_084v4xw"},"UserTask_1q08742":{"type":"identity","assignment":"assignee","id":"UserTask_1q08742"}},"templates":{"tasks":{}},"constants":{},"properties":{"dae43475-8ffc-4acb-a5ea-84af115ce688":{"id":"dae43475-8ffc-4acb-a5ea-84af115ce688","name":"string1","type":"string","required":false,"ephemeral":false,"value":"","display":false,"analytics":false}}}}}