<?xml version="1.0" encoding="UTF-8"?>
<bpmn2:definitions xmlns="http://www.omg.org/spec/BPMN/20100524/MODEL" xmlns:bpmn2="http://www.omg.org/spec/BPMN/20100524/MODEL" xmlns:xsi="http://www.w3.org/2001/XMLSchema-instance" xmlns:xsd="http://www.w3.org/2001/XMLSchema" xmlns:activiti="http://activiti.org/bpmn" xmlns:bpmndi="http://www.omg.org/spec/BPMN/20100524/DI" xmlns:omgdc="http://www.omg.org/spec/DD/20100524/DC" xmlns:omgdi="http://www.omg.org/spec/DD/20100524/DI" xmlns:dc="http://www.omg.org/spec/DD/20100524/DC" xmlns:di="http://www.omg.org/spec/DD/20100524/DI" typeLanguage="http://www.w3.org/2001/XMLSchema" expressionLanguage="http://www.w3.org/1999/XPath" targetNamespace="http://bpmn.io/schema/bpmn" id="sample-diagram" xsi:schemaLocation="http://www.omg.org/spec/BPMN/20100524/MODEL BPMN20.xsd">
  <bpmn2:process id="process-371d031d-7bdc-400b-ac29-087e6ef2aa4f" name="multiinstance-servicetask" isExecutable="true">
    <bpmn2:startEvent id="StartEvent_1">
      <bpmn2:outgoing>SequenceFlow_0wbhks6</bpmn2:outgoing>
    </bpmn2:startEvent>
    <bpmn2:serviceTask id="ServiceTask_0qp1237" name="multiinstance-servicetask" implementation="restconnector.POST">
      <multiInstanceLoopCharacteristics isSequential="false">
        <loopCardinality>3</loopCardinality>
      </multiInstanceLoopCharacteristics>
    </bpmn2:serviceTask>
    <bpmn2:endEvent id="EndEvent_12fe6l7">
      <bpmn2:incoming>SequenceFlow_0w5fqmo</bpmn2:incoming>
    </bpmn2:endEvent>
    <bpmn2:sequenceFlow id="SequenceFlow_0w5fqmo" sourceRef="ServiceTask_0qp1237" targetRef="EndEvent_12fe6l7"></bpmn2:sequenceFlow>
    <bpmn2:sequenceFlow id="SequenceFlow_0wbhks6" sourceRef="StartEvent_1" targetRef="ServiceTask_0qp1237"></bpmn2:sequenceFlow>
  </bpmn2:process>
  <bpmndi:BPMNDiagram id="BPMNDiagram_process-371d031d-7bdc-400b-ac29-087e6ef2aa4f">
    <bpmndi:BPMNPlane bpmnElement="process-371d031d-7bdc-400b-ac29-087e6ef2aa4f" id="BPMNPlane_process-371d031d-7bdc-400b-ac29-087e6ef2aa4f">
      <bpmndi:BPMNShape bpmnElement="StartEvent_1" id="BPMNShape_StartEvent_1">
        <omgdc:Bounds height="36.0" width="36.0" x="212.0" y="202.0"></omgdc:Bounds>
      </bpmndi:BPMNShape>
      <bpmndi:BPMNShape bpmnElement="ServiceTask_0qp1237" id="BPMNShape_ServiceTask_0qp1237">
        <omgdc:Bounds height="80.0" width="100.0" x="320.0" y="180.0"></omgdc:Bounds>
      </bpmndi:BPMNShape>
      <bpmndi:BPMNShape bpmnElement="EndEvent_12fe6l7" id="BPMNShape_EndEvent_12fe6l7">
        <omgdc:Bounds height="36.0" width="36.0" x="472.0" y="202.0"></omgdc:Bounds>
      </bpmndi:BPMNShape>
      <bpmndi:BPMNEdge bpmnElement="SequenceFlow_0w5fqmo" id="BPMNEdge_SequenceFlow_0w5fqmo">
        <omgdi:waypoint x="420.0" y="220.0"></omgdi:waypoint>
        <omgdi:waypoint x="472.0" y="220.0"></omgdi:waypoint>
      </bpmndi:BPMNEdge>
      <bpmndi:BPMNEdge bpmnElement="SequenceFlow_0wbhks6" id="BPMNEdge_SequenceFlow_0wbhks6">
        <omgdi:waypoint x="248.0" y="220.0"></omgdi:waypoint>
        <omgdi:waypoint x="320.0" y="220.0"></omgdi:waypoint>
      </bpmndi:BPMNEdge>
    </bpmndi:BPMNPlane>
  </bpmndi:BPMNDiagram>
</bpmn2:definitions>