{"id":"process-0ff414eb-c508-48aa-aab8-f5e1de519775","type":"PROCESS","name":"nonint-boundary-event","key":"nonint-boundary-event","extensions":{"Process_KX9ehFYv":{"mappings":{"Task_13e1w74":{"inputs":{},"outputs":{"nonint_boundary_var":{"type":"variable","value":"StringCorr"}}}},"assignments":{"Task_13e1w74":{"type":"identity","assignment":"assignee","id":"Task_13e1w74"},"Task_1bglbf5":{"type":"identity","assignment":"assignee","id":"Task_1bglbf5"},"Task_1uocqvc":{"type":"identity","assignment":"assignee","id":"Task_1uocqvc"}},"templates":{"tasks":{}},"constants":{},"properties":{"c428aff4-294e-44d5-bc6b-63853257ba73":{"id":"c428aff4-294e-44d5-bc6b-63853257ba73","name":"nonint_boundary_var","type":"string","required":false,"ephemeral":false,"value":"","display":false,"analytics":false}}}}}