<?xml version="1.0" encoding="UTF-8"?>
<definitions xmlns="http://www.omg.org/spec/BPMN/20100524/MODEL" xmlns:xsi="http://www.w3.org/2001/XMLSchema-instance" xmlns:activiti="http://activiti.org/bpmn" xmlns:bpmndi="http://www.omg.org/spec/BPMN/20100524/DI" xmlns:omgdc="http://www.omg.org/spec/DD/20100524/DC" xmlns:omgdi="http://www.omg.org/spec/DD/20100524/DI" xmlns:xsd="http://www.w3.org/2001/XMLSchema" id="sample-diagram" targetNamespace="http://bpmn.io/schema/bpmn" xsi:schemaLocation="http://www.omg.org/spec/BPMN/20100524/MODEL BPMN20.xsd">
  <message id="Message_1shqawh" name="nonint-start-message-event" />
  <process id="process-1976c302-1435-463a-bd51-93603fb675a4" name="nonint-start-message-event" isExecutable="true">
    <startEvent id="StartEvent_1">
      <outgoing>SequenceFlow_078s1zq</outgoing>
    </startEvent>
    <sequenceFlow id="SequenceFlow_078s1zq" sourceRef="StartEvent_1" targetRef="Task_0hcssxn" />
    <endEvent id="EndEvent_1ik8cai">
      <incoming>SequenceFlow_149t43j</incoming>
    </endEvent>
    <sequenceFlow id="SequenceFlow_149t43j" sourceRef="Task_0hcssxn" targetRef="EndEvent_1ik8cai" />
    <userTask id="Task_0hcssxn" name="user-task" activiti:assignee="hruser" />
    <subProcess id="SubProcess_1luelvr" name="subProcess" triggeredByEvent="true">
      <sequenceFlow id="SequenceFlow_16kxn20" sourceRef="StartEvent_19wm16n" targetRef="Task_0syi31u" />
      <endEvent id="EndEvent_03xemjb">
        <incoming>SequenceFlow_0d1rjge</incoming>
      </endEvent>
      <sequenceFlow id="SequenceFlow_0d1rjge" sourceRef="Task_0syi31u" targetRef="EndEvent_03xemjb" />
      <userTask id="Task_0syi31u" name="subprocess-usertask" activiti:assignee="hruser" />
      <startEvent id="StartEvent_19wm16n" isInterrupting="false">
        <outgoing>SequenceFlow_16kxn20</outgoing>
        <messageEventDefinition messageRef="Message_1shqawh" activiti:correlationKey="${correlationkey}" />
      </startEvent>
    </subProcess>
  </process>
  <bpmndi:BPMNDiagram id="BPMNDiagram_process-1976c302-1435-463a-bd51-93603fb675a4">
    <bpmndi:BPMNPlane id="BPMNPlane_process-1976c302-1435-463a-bd51-93603fb675a4" bpmnElement="process-1976c302-1435-463a-bd51-93603fb675a4">
      <bpmndi:BPMNShape id="BPMNShape_StartEvent_1" bpmnElement="StartEvent_1">
        <omgdc:Bounds x="192" y="232" width="36" height="36" />
      </bpmndi:BPMNShape>
      <bpmndi:BPMNShape id="BPMNShape_EndEvent_1ik8cai" bpmnElement="EndEvent_1ik8cai">
        <omgdc:Bounds x="428" y="232" width="36" height="36" />
      </bpmndi:BPMNShape>
      <bpmndi:BPMNShape id="BPMNShape_Task_0hcssxn" bpmnElement="Task_0hcssxn">
        <omgdc:Bounds x="278" y="210" width="100" height="80" />
      </bpmndi:BPMNShape>
      <bpmndi:BPMNShape id="BPMNShape_SubProcess_1luelvr" bpmnElement="SubProcess_1luelvr" isExpanded="true">
        <omgdc:Bounds x="182" y="-42" width="350" height="200" />
      </bpmndi:BPMNShape>
      <bpmndi:BPMNShape id="BPMNShape_EndEvent_03xemjb" bpmnElement="EndEvent_03xemjb">
        <omgdc:Bounds x="445" y="18" width="36" height="36" />
      </bpmndi:BPMNShape>
      <bpmndi:BPMNShape id="BPMNShape_Task_0syi31u" bpmnElement="Task_0syi31u">
        <omgdc:Bounds x="295" y="-4" width="100" height="80" />
      </bpmndi:BPMNShape>
      <bpmndi:BPMNShape id="BPMNShape_StartEvent_19wm16n" bpmnElement="StartEvent_19wm16n">
        <omgdc:Bounds x="209" y="18" width="36" height="36" />
      </bpmndi:BPMNShape>
      <bpmndi:BPMNEdge id="BPMNEdge_SequenceFlow_078s1zq" bpmnElement="SequenceFlow_078s1zq">
        <omgdi:waypoint x="228" y="250" />
        <omgdi:waypoint x="278" y="250" />
      </bpmndi:BPMNEdge>
      <bpmndi:BPMNEdge id="BPMNEdge_SequenceFlow_149t43j" bpmnElement="SequenceFlow_149t43j">
        <omgdi:waypoint x="378" y="250" />
        <omgdi:waypoint x="428" y="250" />
      </bpmndi:BPMNEdge>
      <bpmndi:BPMNEdge id="BPMNEdge_SequenceFlow_16kxn20" bpmnElement="SequenceFlow_16kxn20">
        <omgdi:waypoint x="245" y="36" />
        <omgdi:waypoint x="295" y="36" />
      </bpmndi:BPMNEdge>
      <bpmndi:BPMNEdge id="BPMNEdge_SequenceFlow_0d1rjge" bpmnElement="SequenceFlow_0d1rjge">
        <omgdi:waypoint x="395" y="36" />
        <omgdi:waypoint x="445" y="36" />
      </bpmndi:BPMNEdge>
    </bpmndi:BPMNPlane>
  </bpmndi:BPMNDiagram>
</definitions>
