{"id":"process-cd86ece8-cf7f-44b6-89e6-97c110f2667d","type":"PROCESS","name":"nonint-boundary-event","extensions":{"Process_KX9ehFYv":{"constants":{},"mappings":{"Task_13e1w74":{"outputs":{"nonint_boundary_var":{"type":"variable","value":"StringCorr"}}}},"properties":{"c428aff4-294e-44d5-bc6b-63853257ba73":{"id":"c428aff4-294e-44d5-bc6b-63853257ba73","name":"nonint_boundary_var","type":"string","value":"","required":false}},"assignments":{"Task_13e1w74":{"type":"identity","assignment":"assignee","id":"Task_13e1w74"},"Task_1bglbf5":{"type":"identity","assignment":"assignee","id":"Task_1bglbf5"},"Task_1uocqvc":{"type":"identity","assignment":"assignee","id":"Task_1uocqvc"}}}}}