<?xml version="1.0" encoding="UTF-8"?>
<definitions xmlns="http://www.omg.org/spec/BPMN/20100524/MODEL" xmlns:xsi="http://www.w3.org/2001/XMLSchema-instance" xmlns:activiti="http://activiti.org/bpmn" xmlns:bpmndi="http://www.omg.org/spec/BPMN/20100524/DI" xmlns:omgdc="http://www.omg.org/spec/DD/20100524/DC" xmlns:omgdi="http://www.omg.org/spec/DD/20100524/DI" xmlns:xsd="http://www.w3.org/2001/XMLSchema" id="model-a779d539-3745-4735-963d-4d1b7fb8e858" name="nonint-boundary-event" targetNamespace="http://bpmn.io/schema/bpmn" xsi:schemaLocation="http://www.omg.org/spec/BPMN/20100524/MODEL BPMN20.xsd">
  <message id="Message_0gm6pnm" name="nonint-boundary-message" />
  <process id="Process_KX9ehFYv" name="nonint-boundary-event" isExecutable="true">
    <startEvent id="StartEvent_1">
      <outgoing>SequenceFlow_1q7naum</outgoing>
    </startEvent>
    <sequenceFlow id="SequenceFlow_1q7naum" sourceRef="StartEvent_1" targetRef="Task_13e1w74" />
    <sequenceFlow id="SequenceFlow_1r7obzz" sourceRef="Task_13e1w74" targetRef="Task_1bglbf5" />
    <sequenceFlow id="SequenceFlow_0xwjdqg" sourceRef="BoundaryEvent_0o06y96" targetRef="Task_1uocqvc" />
    <endEvent id="EndEvent_1y01ole">
      <incoming>SequenceFlow_0ncx2om</incoming>
    </endEvent>
    <sequenceFlow id="SequenceFlow_0ncx2om" sourceRef="Task_1uocqvc" targetRef="EndEvent_1y01ole" />
    <boundaryEvent id="BoundaryEvent_0o06y96" cancelActivity="false" attachedToRef="Task_1bglbf5">
      <messageEventDefinition messageRef="Message_0gm6pnm" activiti:correlationKey="${nonint_boundary_var}" />
    </boundaryEvent>
    <userTask id="Task_13e1w74" name="form-task" activiti:formKey="form-cbbec91d-f883-44c3-a030-ef0a8829cd4d" activiti:assignee="hruser" />
    <userTask id="Task_1bglbf5" name="nonint-boundary-task" activiti:assignee="hruser" />
    <userTask id="Task_1uocqvc" name="final-task" activiti:assignee="hruser" />
  </process>
  <bpmndi:BPMNDiagram id="BPMNDiagram_process-a779d539-3745-4735-963d-4d1b7fb8e858">
    <bpmndi:BPMNPlane id="BPMNPlane_process-a779d539-3745-4735-963d-4d1b7fb8e858" bpmnElement="Process_KX9ehFYv">
      <bpmndi:BPMNShape id="BPMNShape_StartEvent_1" bpmnElement="StartEvent_1">
        <omgdc:Bounds x="126" y="141" width="36" height="36" />
      </bpmndi:BPMNShape>
      <bpmndi:BPMNShape id="BPMNShape_EndEvent_1y01ole" bpmnElement="EndEvent_1y01ole">
        <omgdc:Bounds x="629" y="261" width="36" height="36" />
      </bpmndi:BPMNShape>
      <bpmndi:BPMNShape id="BPMNShape_BoundaryEvent_0o06y96" bpmnElement="BoundaryEvent_0o06y96">
        <omgdc:Bounds x="393" y="181" width="36" height="36" />
      </bpmndi:BPMNShape>
      <bpmndi:BPMNShape id="BPMNShape_Task_13e1w74" bpmnElement="Task_13e1w74">
        <omgdc:Bounds x="212" y="119" width="100" height="80" />
      </bpmndi:BPMNShape>
      <bpmndi:BPMNShape id="BPMNShape_Task_1bglbf5" bpmnElement="Task_1bglbf5">
        <omgdc:Bounds x="362" y="119" width="100" height="80" />
      </bpmndi:BPMNShape>
      <bpmndi:BPMNShape id="BPMNShape_Task_1uocqvc" bpmnElement="Task_1uocqvc">
        <omgdc:Bounds x="479" y="239" width="100" height="80" />
      </bpmndi:BPMNShape>
      <bpmndi:BPMNEdge id="BPMNEdge_SequenceFlow_1q7naum" bpmnElement="SequenceFlow_1q7naum">
        <omgdi:waypoint x="162" y="159" />
        <omgdi:waypoint x="212" y="159" />
      </bpmndi:BPMNEdge>
      <bpmndi:BPMNEdge id="BPMNEdge_SequenceFlow_1r7obzz" bpmnElement="SequenceFlow_1r7obzz">
        <omgdi:waypoint x="312" y="159" />
        <omgdi:waypoint x="362" y="159" />
      </bpmndi:BPMNEdge>
      <bpmndi:BPMNEdge id="BPMNEdge_SequenceFlow_0xwjdqg" bpmnElement="SequenceFlow_0xwjdqg">
        <omgdi:waypoint x="411" y="217" />
        <omgdi:waypoint x="411" y="279" />
        <omgdi:waypoint x="479" y="279" />
      </bpmndi:BPMNEdge>
      <bpmndi:BPMNEdge id="BPMNEdge_SequenceFlow_0ncx2om" bpmnElement="SequenceFlow_0ncx2om">
        <omgdi:waypoint x="579" y="279" />
        <omgdi:waypoint x="629" y="279" />
      </bpmndi:BPMNEdge>
    </bpmndi:BPMNPlane>
  </bpmndi:BPMNDiagram>
</definitions>
