{"id":"process-3c6c9d86-ebb7-46a2-a4d3-7461913d8528","type":"PROCESS","name":"nonint-start-message-event","extensions":{"Process_fhbr7kjh":{"constants":{},"mappings":{},"properties":{"6733b46f-8500-41b1-9000-594111ff009e":{"id":"6733b46f-8500-41b1-9000-594111ff009e","name":"correlationkey","type":"string","value":"qatest2","required":false}},"assignments":{"Task_0hcssxn":{"type":"identity","assignment":"assignee","id":"Task_0hcssxn"}}},"SubProcess_1luelvr":{"constants":{},"mappings":{},"properties":{},"assignments":{"Task_0syi31u":{"type":"identity","assignment":"assignee","id":"Task_0syi31u"}}}}}