<?xml version="1.0" encoding="UTF-8"?>
<definitions xmlns="http://www.omg.org/spec/BPMN/20100524/MODEL" xmlns:xsi="http://www.w3.org/2001/XMLSchema-instance" xmlns:activiti="http://activiti.org/bpmn" xmlns:bpmndi="http://www.omg.org/spec/BPMN/20100524/DI" xmlns:omgdc="http://www.omg.org/spec/DD/20100524/DC" xmlns:omgdi="http://www.omg.org/spec/DD/20100524/DI" xmlns:xsd="http://www.w3.org/2001/XMLSchema" id="model-3ec852d6-e315-49c7-a4fc-effc054e0556" name="numbervisibilityprocess" targetNamespace="http://bpmn.io/schema/bpmn" xsi:schemaLocation="http://www.omg.org/spec/BPMN/20100524/MODEL BPMN20.xsd">
  <process id="Process_eDl_rRaN" name="numbervisibilityprocess" isExecutable="true">
    <startEvent id="StartEvent_1">
      <outgoing>SequenceFlow_0vv6n29</outgoing>
    </startEvent>
    <sequenceFlow id="SequenceFlow_0vv6n29" sourceRef="StartEvent_1" targetRef="Task_00tqiv0" />
    <endEvent id="EndEvent_0yr8om9">
      <incoming>SequenceFlow_0i67pw5</incoming>
    </endEvent>
    <sequenceFlow id="SequenceFlow_0i67pw5" sourceRef="Task_00tqiv0" targetRef="EndEvent_0yr8om9" />
    <userTask id="Task_00tqiv0" name="number_visibility_task" activiti:formKey="form-d2f44536-33cd-4a73-862f-aa873402b812" activiti:candidateUsers="hruser,admin.adf" activiti:candidateGroups="hr" />
  </process>
  <bpmndi:BPMNDiagram id="BPMNDiagram_process-3ec852d6-e315-49c7-a4fc-effc054e0556">
    <bpmndi:BPMNPlane id="BPMNPlane_process-3ec852d6-e315-49c7-a4fc-effc054e0556" bpmnElement="Process_eDl_rRaN">
      <bpmndi:BPMNShape id="BPMNShape_StartEvent_1" bpmnElement="StartEvent_1">
        <omgdc:Bounds x="412" y="240" width="36" height="36" />
      </bpmndi:BPMNShape>
      <bpmndi:BPMNShape id="BPMNShape_EndEvent_0yr8om9" bpmnElement="EndEvent_0yr8om9">
        <omgdc:Bounds x="648" y="240" width="36" height="36" />
      </bpmndi:BPMNShape>
      <bpmndi:BPMNShape id="BPMNShape_Task_00tqiv0" bpmnElement="Task_00tqiv0">
        <omgdc:Bounds x="498" y="218" width="100" height="80" />
      </bpmndi:BPMNShape>
      <bpmndi:BPMNEdge id="BPMNEdge_SequenceFlow_0vv6n29" bpmnElement="SequenceFlow_0vv6n29">
        <omgdi:waypoint x="448" y="258" />
        <omgdi:waypoint x="498" y="258" />
      </bpmndi:BPMNEdge>
      <bpmndi:BPMNEdge id="BPMNEdge_SequenceFlow_0i67pw5" bpmnElement="SequenceFlow_0i67pw5">
        <omgdi:waypoint x="598" y="258" />
        <omgdi:waypoint x="648" y="258" />
      </bpmndi:BPMNEdge>
    </bpmndi:BPMNPlane>
  </bpmndi:BPMNDiagram>
</definitions>
