<?xml version="1.0" encoding="UTF-8"?>
<definitions xmlns="http://www.omg.org/spec/BPMN/20100524/MODEL" xmlns:xsi="http://www.w3.org/2001/XMLSchema-instance" xmlns:xsd="http://www.w3.org/2001/XMLSchema" xmlns:activiti="http://activiti.org/bpmn" xmlns:bpmndi="http://www.omg.org/spec/BPMN/20100524/DI" xmlns:omgdc="http://www.omg.org/spec/DD/20100524/DC" xmlns:omgdi="http://www.omg.org/spec/DD/20100524/DI" typeLanguage="http://www.w3.org/2001/XMLSchema" expressionLanguage="http://www.w3.org/1999/XPath" targetNamespace="http://bpmn.io/schema/bpmn" id="sample-diagram" xsi:schemaLocation="http://www.omg.org/spec/BPMN/20100524/MODEL BPMN20.xsd">
  <process id="process-4e91be1f-7979-4229-96e0-55d18075b751" name="numbervisibilityprocess" isExecutable="true">
    <startEvent id="StartEvent_1">
      <outgoing>SequenceFlow_0vv6n29</outgoing>
    </startEvent>
    <sequenceFlow id="SequenceFlow_0vv6n29" sourceRef="StartEvent_1" targetRef="Task_00tqiv0"></sequenceFlow>
    <endEvent id="EndEvent_0yr8om9">
      <incoming>SequenceFlow_0i67pw5</incoming>
    </endEvent>
    <sequenceFlow id="SequenceFlow_0i67pw5" sourceRef="Task_00tqiv0" targetRef="EndEvent_0yr8om9"></sequenceFlow>
    <userTask id="Task_00tqiv0" name="number_visibility_task" activiti:candidateUsers="hruser,admin.adf" activiti:candidateGroups="hr" activiti:formKey="form-75afa14d-2efb-4b44-a72f-e7692e0aa0b5"></userTask>
  </process>
  <bpmndi:BPMNDiagram id="BPMNDiagram_process-4e91be1f-7979-4229-96e0-55d18075b751">
    <bpmndi:BPMNPlane bpmnElement="process-4e91be1f-7979-4229-96e0-55d18075b751" id="BPMNPlane_process-4e91be1f-7979-4229-96e0-55d18075b751">
      <bpmndi:BPMNShape bpmnElement="StartEvent_1" id="BPMNShape_StartEvent_1">
        <omgdc:Bounds height="36.0" width="36.0" x="412.0" y="240.0"></omgdc:Bounds>
      </bpmndi:BPMNShape>
      <bpmndi:BPMNShape bpmnElement="EndEvent_0yr8om9" id="BPMNShape_EndEvent_0yr8om9">
        <omgdc:Bounds height="36.0" width="36.0" x="648.0" y="240.0"></omgdc:Bounds>
      </bpmndi:BPMNShape>
      <bpmndi:BPMNShape bpmnElement="Task_00tqiv0" id="BPMNShape_Task_00tqiv0">
        <omgdc:Bounds height="80.0" width="100.0" x="498.0" y="218.0"></omgdc:Bounds>
      </bpmndi:BPMNShape>
      <bpmndi:BPMNEdge bpmnElement="SequenceFlow_0vv6n29" id="BPMNEdge_SequenceFlow_0vv6n29">
        <omgdi:waypoint x="448.0" y="258.0"></omgdi:waypoint>
        <omgdi:waypoint x="498.0" y="258.0"></omgdi:waypoint>
      </bpmndi:BPMNEdge>
      <bpmndi:BPMNEdge bpmnElement="SequenceFlow_0i67pw5" id="BPMNEdge_SequenceFlow_0i67pw5">
        <omgdi:waypoint x="598.0" y="258.0"></omgdi:waypoint>
        <omgdi:waypoint x="648.0" y="258.0"></omgdi:waypoint>
      </bpmndi:BPMNEdge>
    </bpmndi:BPMNPlane>
  </bpmndi:BPMNDiagram>
</definitions>