<?xml version="1.0" encoding="UTF-8"?>
<bpmn2:definitions xmlns="http://www.omg.org/spec/BPMN/20100524/MODEL" xmlns:bpmn2="http://www.omg.org/spec/BPMN/20100524/MODEL" xmlns:xsi="http://www.w3.org/2001/XMLSchema-instance" xmlns:xsd="http://www.w3.org/2001/XMLSchema" xmlns:activiti="http://activiti.org/bpmn" xmlns:bpmndi="http://www.omg.org/spec/BPMN/20100524/DI" xmlns:omgdc="http://www.omg.org/spec/DD/20100524/DC" xmlns:omgdi="http://www.omg.org/spec/DD/20100524/DI" xmlns:dc="http://www.omg.org/spec/DD/20100524/DC" xmlns:di="http://www.omg.org/spec/DD/20100524/DI" typeLanguage="http://www.w3.org/2001/XMLSchema" expressionLanguage="http://www.w3.org/1999/XPath" targetNamespace="http://bpmn.io/schema/bpmn" id="model-5a9c09c6-ad9e-4152-82c6-18d296a5fe38" name="outcome-visib-process" xsi:schemaLocation="http://www.omg.org/spec/BPMN/20100524/MODEL BPMN20.xsd">
  <bpmn2:process id="Process_Aw_yChKxl" name="outcome-visib-process" isExecutable="true">
    <bpmn2:startEvent id="Event_1">
      <bpmn2:outgoing>SequenceFlow_0gii6lv</bpmn2:outgoing>
    </bpmn2:startEvent>
    <bpmn2:sequenceFlow id="SequenceFlow_0gii6lv" sourceRef="Event_1" targetRef="Task_009kgnf"></bpmn2:sequenceFlow>
    <bpmn2:endEvent id="EndEvent_0dh4qob">
      <bpmn2:incoming>SequenceFlow_0kn2py4</bpmn2:incoming>
    </bpmn2:endEvent>
    <bpmn2:sequenceFlow id="SequenceFlow_0kn2py4" sourceRef="Task_009kgnf" targetRef="EndEvent_0dh4qob"></bpmn2:sequenceFlow>
    <bpmn2:userTask id="Task_009kgnf" name="userTask-outcome-visib" activiti:assignee="hruser" activiti:formKey="form-a1d2db56-d641-4446-8363-bb4bb95f087c">
      <bpmn2:incoming>SequenceFlow_0gii6lv</bpmn2:incoming>
      <bpmn2:outgoing>SequenceFlow_0kn2py4</bpmn2:outgoing>
    </bpmn2:userTask>
  </bpmn2:process>
  <bpmndi:BPMNDiagram id="BPMNDiagram_Process_Aw_yChKxl">
    <bpmndi:BPMNPlane bpmnElement="Process_Aw_yChKxl" id="BPMNPlane_Process_Aw_yChKxl">
      <bpmndi:BPMNShape bpmnElement="Event_1" id="BPMNShape_Event_1">
        <omgdc:Bounds height="36.0" width="36.0" x="412.0" y="240.0"></omgdc:Bounds>
      </bpmndi:BPMNShape>
      <bpmndi:BPMNShape bpmnElement="EndEvent_0dh4qob" id="BPMNShape_EndEvent_0dh4qob">
        <omgdc:Bounds height="36.0" width="36.0" x="652.0" y="240.0"></omgdc:Bounds>
      </bpmndi:BPMNShape>
      <bpmndi:BPMNShape bpmnElement="Task_009kgnf" id="BPMNShape_Task_009kgnf">
        <omgdc:Bounds height="80.0" width="100.0" x="500.0" y="218.0"></omgdc:Bounds>
      </bpmndi:BPMNShape>
      <bpmndi:BPMNEdge bpmnElement="SequenceFlow_0gii6lv" id="BPMNEdge_SequenceFlow_0gii6lv">
        <omgdi:waypoint x="448.0" y="258.0"></omgdi:waypoint>
        <omgdi:waypoint x="500.0" y="258.0"></omgdi:waypoint>
      </bpmndi:BPMNEdge>
      <bpmndi:BPMNEdge bpmnElement="SequenceFlow_0kn2py4" id="BPMNEdge_SequenceFlow_0kn2py4">
        <omgdi:waypoint x="600.0" y="258.0"></omgdi:waypoint>
        <omgdi:waypoint x="652.0" y="258.0"></omgdi:waypoint>
      </bpmndi:BPMNEdge>
    </bpmndi:BPMNPlane>
  </bpmndi:BPMNDiagram>
</bpmn2:definitions>