{"id":"process-fa9eebab-5ce3-459c-b52a-97130e3e8e58","type":"PROCESS","name":"outcomebuttons","extensions":{"Process_pxo1jZ03":{"constants":{},"mappings":{"UserTask_105glo5":{"mappingType":"MAP_ALL_OUTPUTS"}},"properties":{},"assignments":{"UserTask_105glo5":{"type":"identity","assignment":"assignee","id":"UserTask_105glo5"},"UserTask_10qkm3o":{"type":"identity","assignment":"assignee","id":"UserTask_10qkm3o"},"UserTask_0b9wnr5":{"type":"identity","assignment":"assignee","id":"UserTask_0b9wnr5"}}}}}