{"id":"process-e0fa4bdb-845a-4401-9d7f-d30683c925be","type":"PROCESS","name":"outcomebuttons","extensions":{"Process_pxo1jZ03":{"constants":{},"mappings":{"UserTask_105glo5":{"mappingType":"MAP_ALL_OUTPUTS"}},"properties":{},"assignments":{"UserTask_105glo5":{"type":"identity","assignment":"assignee","id":"UserTask_105glo5"},"UserTask_10qkm3o":{"type":"identity","assignment":"assignee","id":"UserTask_10qkm3o"},"UserTask_0b9wnr5":{"type":"identity","assignment":"assignee","id":"UserTask_0b9wnr5"}}}}}