<?xml version="1.0" encoding="UTF-8"?>
<bpmn2:definitions xmlns="http://www.omg.org/spec/BPMN/20100524/MODEL" xmlns:bpmn2="http://www.omg.org/spec/BPMN/20100524/MODEL" xmlns:xsi="http://www.w3.org/2001/XMLSchema-instance" xmlns:xsd="http://www.w3.org/2001/XMLSchema" xmlns:activiti="http://activiti.org/bpmn" xmlns:bpmndi="http://www.omg.org/spec/BPMN/20100524/DI" xmlns:omgdc="http://www.omg.org/spec/DD/20100524/DC" xmlns:omgdi="http://www.omg.org/spec/DD/20100524/DI" xmlns:dc="http://www.omg.org/spec/DD/20100524/DC" xmlns:di="http://www.omg.org/spec/DD/20100524/DI" typeLanguage="http://www.w3.org/2001/XMLSchema" expressionLanguage="http://www.w3.org/1999/XPath" targetNamespace="http://bpmn.io/schema/bpmn" id="model-4345607c-14b7-4aac-9add-1de863ccf22a" name="output-variables-mapping" xsi:schemaLocation="http://www.omg.org/spec/BPMN/20100524/MODEL BPMN20.xsd">
  <bpmn2:process id="Process_pImGQNRUE" name="output-variables-mapping" isExecutable="true">
    <bpmn2:startEvent id="Event_1">
      <bpmn2:outgoing>SequenceFlow_18yn0x7</bpmn2:outgoing>
    </bpmn2:startEvent>
    <bpmn2:serviceTask id="ServiceTask_1hqg918" name="DecisionTask" implementation="dmn-connector.EXECUTE_TABLE">
      <bpmn2:incoming>SequenceFlow_1ep3rot</bpmn2:incoming>
      <bpmn2:outgoing>SequenceFlow_05z9igg</bpmn2:outgoing>
    </bpmn2:serviceTask>
    <bpmn2:sequenceFlow id="SequenceFlow_18yn0x7" sourceRef="Event_1" targetRef="UserTask_00j4sgy"></bpmn2:sequenceFlow>
    <bpmn2:userTask id="UserTask_1kunlcm" name="UserTask2" activiti:assignee="hruser" activiti:formKey="form-569d91b4-8b82-454a-bf40-146aa2a2c84b" activiti:priority="0">
      <bpmn2:incoming>SequenceFlow_05z9igg</bpmn2:incoming>
      <bpmn2:outgoing>SequenceFlow_1o8y072</bpmn2:outgoing>
    </bpmn2:userTask>
    <bpmn2:sequenceFlow id="SequenceFlow_05z9igg" sourceRef="ServiceTask_1hqg918" targetRef="UserTask_1kunlcm"></bpmn2:sequenceFlow>
    <bpmn2:endEvent id="EndEvent_09e5fud">
      <bpmn2:incoming>SequenceFlow_1o8y072</bpmn2:incoming>
    </bpmn2:endEvent>
    <bpmn2:sequenceFlow id="SequenceFlow_1o8y072" sourceRef="UserTask_1kunlcm" targetRef="EndEvent_09e5fud"></bpmn2:sequenceFlow>
    <bpmn2:userTask id="UserTask_00j4sgy" name="UserTask1" activiti:assignee="hruser" activiti:formKey="form-569d91b4-8b82-454a-bf40-146aa2a2c84b" activiti:priority="0">
      <bpmn2:incoming>SequenceFlow_18yn0x7</bpmn2:incoming>
      <bpmn2:outgoing>SequenceFlow_1ep3rot</bpmn2:outgoing>
    </bpmn2:userTask>
    <bpmn2:sequenceFlow id="SequenceFlow_1ep3rot" sourceRef="UserTask_00j4sgy" targetRef="ServiceTask_1hqg918"></bpmn2:sequenceFlow>
  </bpmn2:process>
  <bpmndi:BPMNDiagram id="BPMNDiagram_Process_pImGQNRUE">
    <bpmndi:BPMNPlane bpmnElement="Process_pImGQNRUE" id="BPMNPlane_Process_pImGQNRUE">
      <bpmndi:BPMNShape bpmnElement="Event_1" id="BPMNShape_Event_1">
        <omgdc:Bounds height="36.0" width="36.0" x="232.0" y="240.0"></omgdc:Bounds>
      </bpmndi:BPMNShape>
      <bpmndi:BPMNShape bpmnElement="ServiceTask_1hqg918" id="BPMNShape_ServiceTask_1hqg918">
        <omgdc:Bounds height="80.0" width="100.0" x="500.0" y="218.0"></omgdc:Bounds>
      </bpmndi:BPMNShape>
      <bpmndi:BPMNShape bpmnElement="UserTask_1kunlcm" id="BPMNShape_UserTask_1kunlcm">
        <omgdc:Bounds height="80.0" width="100.0" x="680.0" y="218.0"></omgdc:Bounds>
      </bpmndi:BPMNShape>
      <bpmndi:BPMNShape bpmnElement="EndEvent_09e5fud" id="BPMNShape_EndEvent_09e5fud">
        <omgdc:Bounds height="36.0" width="36.0" x="862.0" y="240.0"></omgdc:Bounds>
      </bpmndi:BPMNShape>
      <bpmndi:BPMNShape bpmnElement="UserTask_00j4sgy" id="BPMNShape_UserTask_00j4sgy">
        <omgdc:Bounds height="80.0" width="100.0" x="330.0" y="218.0"></omgdc:Bounds>
      </bpmndi:BPMNShape>
      <bpmndi:BPMNEdge bpmnElement="SequenceFlow_18yn0x7" id="BPMNEdge_SequenceFlow_18yn0x7">
        <omgdi:waypoint x="268.0" y="258.0"></omgdi:waypoint>
        <omgdi:waypoint x="330.0" y="258.0"></omgdi:waypoint>
      </bpmndi:BPMNEdge>
      <bpmndi:BPMNEdge bpmnElement="SequenceFlow_05z9igg" id="BPMNEdge_SequenceFlow_05z9igg">
        <omgdi:waypoint x="600.0" y="258.0"></omgdi:waypoint>
        <omgdi:waypoint x="680.0" y="258.0"></omgdi:waypoint>
      </bpmndi:BPMNEdge>
      <bpmndi:BPMNEdge bpmnElement="SequenceFlow_1o8y072" id="BPMNEdge_SequenceFlow_1o8y072">
        <omgdi:waypoint x="780.0" y="258.0"></omgdi:waypoint>
        <omgdi:waypoint x="862.0" y="258.0"></omgdi:waypoint>
      </bpmndi:BPMNEdge>
      <bpmndi:BPMNEdge bpmnElement="SequenceFlow_1ep3rot" id="BPMNEdge_SequenceFlow_1ep3rot">
        <omgdi:waypoint x="430.0" y="258.0"></omgdi:waypoint>
        <omgdi:waypoint x="500.0" y="258.0"></omgdi:waypoint>
      </bpmndi:BPMNEdge>
    </bpmndi:BPMNPlane>
  </bpmndi:BPMNDiagram>
</bpmn2:definitions>