{"id":"process-e78dfd8b-f0c3-47fb-9ebb-c01eacddad25","type":"PROCESS","name":"output-variables-mapping","key":"output-variables-mapping","extensions":{"Process_pImGQNRUE":{"constants":{"ServiceTask_1hqg918":{"_activiti_dmn_table_":{"value":"dt-input-output-vars"}}},"mappings":{"ServiceTask_1hqg918":{"inputs":{"myVariableInX":{"type":"variable","value":"inX"}},"outputs":{"outX":{"type":"variable","value":"myVariableOutX"}}},"UserTask_1kunlcm":{"inputs":{"Text08944l":{"type":"variable","value":"outX"}}},"UserTask_00j4sgy":{"outputs":{"inX":{"type":"variable","value":"Text08944l"}}}},"properties":{"e662c484-1b8a-48b6-90b7-80a9d581c00c":{"id":"e662c484-1b8a-48b6-90b7-80a9d581c00c","name":"inX","type":"string","value":"","required":false},"06f68cb5-7aff-4790-beff-8e53541e48d6":{"id":"06f68cb5-7aff-4790-beff-8e53541e48d6","name":"outX","type":"string","value":"","required":false}},"assignments":{"UserTask_1kunlcm":{"type":"static","assignment":"assignee","id":"UserTask_1kunlcm"},"UserTask_00j4sgy":{"type":"static","assignment":"assignee","id":"UserTask_00j4sgy"}}}}}