{"id":"process-efbe58b5-2b11-443f-b149-56e8777de89d","type":"PROCESS","name":"pool-process-calling","extensions":{"Process_ZaxtqGT1":{"constants":{},"mappings":{"CallActivity_12762b6":{"inputs":{"calledvar":{"type":"variable","value":"callingvar"}},"outputs":{"callingvar":{"type":"variable","value":"calledvar"}}}},"properties":{"fad93d96-0e40-464b-9403-f31786b4823f":{"id":"fad93d96-0e40-464b-9403-f31786b4823f","name":"callingvar","type":"string","value":"defaultstring","required":false}},"assignments":{}}}}