{"id":"process-f59b8ec9-aa89-4e3a-b221-b1053a424331","type":"PROCESS","name":"pool-intermed-messag-ev","extensions":{"Process_tW_Fwjqj":{"constants":{},"mappings":{"Event_111dmsq":{"inputs":{"messagepayload":{"type":"variable","value":"stringvar"}}},"Event_1":{"outputs":{"mycorrelationkey":{"type":"variable","value":"correlationKey"}}}},"properties":{"29f36640-a33d-428b-b6f9-cfba8a97eedc":{"id":"29f36640-a33d-428b-b6f9-cfba8a97eedc","name":"mycorrelationkey","type":"string","value":"test","required":false},"39420315-f837-4e04-972c-0f4f003bec3b":{"id":"39420315-f837-4e04-972c-0f4f003bec3b","name":"stringvar","type":"string","value":"","required":false}},"assignments":{}},"Process_0f5sn37":{"constants":{},"mappings":{"Event_11qtp8u":{"outputs":{"stringvar":{"type":"variable","value":"messagepayload"}}},"Event_0yfpzkf":{"outputs":{"mycorrelationkey":{"type":"variable","value":"correlationKey"}}}},"properties":{"e31947bc-6b5a-4448-8c44-b05b95ecadd4":{"id":"e31947bc-6b5a-4448-8c44-b05b95ecadd4","name":"mycorrelationkey","type":"string","value":"test","required":false},"a63076ca-778b-4738-a3e2-2c6bd7b3467f":{"id":"a63076ca-778b-4738-a3e2-2c6bd7b3467f","name":"stringvar","type":"string","value":"","required":false}},"assignments":{}}}}