{"id":"process-3a9dbe0a-a668-4fa9-b3ab-47c5560c509f","type":"PROCESS","name":"pool-process-calling","extensions":{"Process_ZaxtqGT1":{"constants":{},"mappings":{"CallActivity_12762b6":{"inputs":{"calledvar":{"type":"variable","value":"callingvar"}},"outputs":{"callingvar":{"type":"variable","value":"calledvar"}}}},"properties":{"fad93d96-0e40-464b-9403-f31786b4823f":{"id":"fad93d96-0e40-464b-9403-f31786b4823f","name":"callingvar","type":"string","value":"defaultstring","required":false}},"assignments":{}}}}