{"id":"process-f116986a-1626-43b8-a644-2044b22b6622","type":"PROCESS","name":"pool-start-end-message","key":"pool-start-end-message","extensions":{"Process_1aidgt1":{"mappings":{"Event_17pb316":{"inputs":{},"outputs":{"stringvar":{"type":"variable","value":"stringvar"}}},"Task_12qfe73":{"inputs":{"Text0rfn8p":{"type":"variable","value":"stringvar"}},"outputs":{}}},"assignments":{"Task_12qfe73":{"type":"identity","assignment":"assignee","id":"Task_12qfe73"}},"templates":{"tasks":{}},"constants":{},"properties":{"e1d63b0e-a4e3-4d34-8ee2-3e4349e22e70":{"id":"e1d63b0e-a4e3-4d34-8ee2-3e4349e22e70","name":"stringvar","type":"string","required":false,"ephemeral":false,"value":"","display":false,"analytics":false}}},"Process_4CM2Vsk1":{"mappings":{"Task_1213bu1":{"inputs":{},"outputs":{"stringvar":{"type":"variable","value":"Text0rfn8p"}}},"Event_0z59mzc":{"inputs":{"stringvar":{"type":"variable","value":"stringvar"}},"outputs":{}}},"assignments":{"Task_1213bu1":{"type":"identity","assignment":"assignee","id":"Task_1213bu1"}},"templates":{"tasks":{}},"constants":{},"properties":{"ab715d7a-00ae-4d67-a358-72d5d3e19cf2":{"id":"ab715d7a-00ae-4d67-a358-72d5d3e19cf2","name":"stringvar","type":"string","required":false,"ephemeral":false,"value":"","display":false,"analytics":false},"b39c0317-09ca-4343-a891-356f5733d136":{"id":"b39c0317-09ca-4343-a891-356f5733d136","name":"correlationkey","type":"string","required":false,"ephemeral":false,"value":"","display":false,"analytics":false}}}}}