{"id":"process-8aebf4f7-dcab-426a-9769-c5f795938120","type":"PROCESS","name":"pool-intermed-messag-ev","key":"pool-intermed-messag-ev","extensions":{"Process_0f5sn37":{"mappings":{"Event_11qtp8u":{"inputs":{},"outputs":{"stringvar":{"type":"variable","value":"messagepayload"}}},"Event_0yfpzkf":{"inputs":{},"outputs":{"mycorrelationkey":{"type":"variable","value":"correlationKey"}}}},"assignments":{},"templates":{"tasks":{}},"constants":{},"properties":{"e31947bc-6b5a-4448-8c44-b05b95ecadd4":{"id":"e31947bc-6b5a-4448-8c44-b05b95ecadd4","name":"mycorrelationkey","type":"string","required":false,"ephemeral":false,"value":"test","display":false,"analytics":false},"a63076ca-778b-4738-a3e2-2c6bd7b3467f":{"id":"a63076ca-778b-4738-a3e2-2c6bd7b3467f","name":"stringvar","type":"string","required":false,"ephemeral":false,"value":"","display":false,"analytics":false}}},"Process_tW_Fwjqj":{"mappings":{"Event_111dmsq":{"inputs":{"messagepayload":{"type":"variable","value":"stringvar"}},"outputs":{}},"Event_1":{"inputs":{},"outputs":{"mycorrelationkey":{"type":"variable","value":"correlationKey"}}}},"assignments":{},"templates":{"tasks":{}},"constants":{},"properties":{"29f36640-a33d-428b-b6f9-cfba8a97eedc":{"id":"29f36640-a33d-428b-b6f9-cfba8a97eedc","name":"mycorrelationkey","type":"string","required":false,"ephemeral":false,"value":"test","display":false,"analytics":false},"39420315-f837-4e04-972c-0f4f003bec3b":{"id":"39420315-f837-4e04-972c-0f4f003bec3b","name":"stringvar","type":"string","required":false,"ephemeral":false,"value":"","display":false,"analytics":false}}}}}