<?xml version="1.0" encoding="UTF-8"?>
<bpmn2:definitions xmlns="http://www.omg.org/spec/BPMN/20100524/MODEL" xmlns:bpmn2="http://www.omg.org/spec/BPMN/20100524/MODEL" xmlns:xsi="http://www.w3.org/2001/XMLSchema-instance" xmlns:xsd="http://www.w3.org/2001/XMLSchema" xmlns:activiti="http://activiti.org/bpmn" xmlns:bpmndi="http://www.omg.org/spec/BPMN/20100524/DI" xmlns:omgdc="http://www.omg.org/spec/DD/20100524/DC" xmlns:omgdi="http://www.omg.org/spec/DD/20100524/DI" typeLanguage="http://www.w3.org/2001/XMLSchema" expressionLanguage="http://www.w3.org/1999/XPath" targetNamespace="http://bpmn.io/schema/bpmn" id="model-8e126410-ddfd-4da4-abd5-427362722be2" name="pool-int-boundary-event" xsi:schemaLocation="http://www.omg.org/spec/BPMN/20100524/MODEL BPMN20.xsd">
  <bpmn2:collaboration id="Collaboration">
    <bpmn2:participant id="Participant_0o5qjz3" name="pool-int-boundary-catch" processRef="Process_QbJjbPP1"></bpmn2:participant>
    <bpmn2:participant id="Participant_07pw88m" name="pool-int-boundary-throw" processRef="Process_0a58ql1"></bpmn2:participant>
  </bpmn2:collaboration>
  <bpmn2:message id="Message_0gufgw7" name="pool-int-boundary-message"></bpmn2:message>
  <bpmn2:process id="Process_QbJjbPP1" name="pool-int-boundary-catch" isExecutable="true">
    <bpmn2:startEvent id="StartEvent_1" activiti:formKey="form-fd94e319-f364-4518-aadc-05504ea2e9be">
      <bpmn2:outgoing>SequenceFlow_1snl6u4</bpmn2:outgoing>
    </bpmn2:startEvent>
    <bpmn2:endEvent id="EndEvent_1hum2om">
      <bpmn2:incoming>SequenceFlow_0tu26jm</bpmn2:incoming>
    </bpmn2:endEvent>
    <bpmn2:userTask id="Task_0psfkyo" name="final-task" activiti:assignee="hruser" activiti:formKey="form-c33824cb-9049-4242-8bf4-e9c941881b18">
      <bpmn2:incoming>SequenceFlow_0vrqb77</bpmn2:incoming>
      <bpmn2:outgoing>SequenceFlow_0tu26jm</bpmn2:outgoing>
    </bpmn2:userTask>
    <bpmn2:sequenceFlow id="SequenceFlow_0tu26jm" sourceRef="Task_0psfkyo" targetRef="EndEvent_1hum2om"></bpmn2:sequenceFlow>
    <bpmn2:sequenceFlow id="SequenceFlow_0vrqb77" sourceRef="BoundaryEvent_0a4852x" targetRef="Task_0psfkyo"></bpmn2:sequenceFlow>
    <bpmn2:sequenceFlow id="SequenceFlow_1t6x188" sourceRef="Task_12u4c91" targetRef="EndEvent_03fg64u"></bpmn2:sequenceFlow>
    <bpmn2:sequenceFlow id="SequenceFlow_1snl6u4" sourceRef="StartEvent_1" targetRef="Task_12u4c91"></bpmn2:sequenceFlow>
    <bpmn2:userTask id="Task_12u4c91" name="int-boundary-task" activiti:assignee="hruser">
      <bpmn2:incoming>SequenceFlow_1snl6u4</bpmn2:incoming>
      <bpmn2:outgoing>SequenceFlow_1t6x188</bpmn2:outgoing>
    </bpmn2:userTask>
    <bpmn2:boundaryEvent id="BoundaryEvent_0a4852x" attachedToRef="Task_12u4c91" cancelActivity="true">
      <bpmn2:outgoing>SequenceFlow_0vrqb77</bpmn2:outgoing>
      <messageEventDefinition messageRef="Message_0gufgw7" activiti:correlationKey="${mycorrelationkey}"></messageEventDefinition>
    </bpmn2:boundaryEvent>
    <bpmn2:endEvent id="EndEvent_03fg64u">
      <bpmn2:incoming>SequenceFlow_1t6x188</bpmn2:incoming>
    </bpmn2:endEvent>
  </bpmn2:process>
  <bpmn2:process id="Process_0a58ql1" name="pool-int-boundary-throw" isExecutable="true">
    <bpmn2:startEvent id="Event_1bebyb0">
      <bpmn2:outgoing>SequenceFlow_0w93sbj</bpmn2:outgoing>
    </bpmn2:startEvent>
    <bpmn2:sequenceFlow id="SequenceFlow_0w93sbj" sourceRef="Event_1bebyb0" targetRef="Task_0x06eh3"></bpmn2:sequenceFlow>
    <bpmn2:userTask id="Task_0x06eh3" name="throwtask" activiti:assignee="hruser" activiti:formKey="form-c33824cb-9049-4242-8bf4-e9c941881b18">
      <bpmn2:incoming>SequenceFlow_0w93sbj</bpmn2:incoming>
      <bpmn2:outgoing>SequenceFlow_0h8cgt3</bpmn2:outgoing>
    </bpmn2:userTask>
    <bpmn2:sequenceFlow id="SequenceFlow_0h8cgt3" sourceRef="Task_0x06eh3" targetRef="Event_14iefxd"></bpmn2:sequenceFlow>
    <bpmn2:endEvent id="Event_14iefxd">
      <bpmn2:incoming>SequenceFlow_0h8cgt3</bpmn2:incoming>
      <messageEventDefinition messageRef="Message_0gufgw7" activiti:correlationKey="${mycorrelationkey}"></messageEventDefinition>
    </bpmn2:endEvent>
  </bpmn2:process>
  <bpmndi:BPMNDiagram id="BPMNDiagram_Collaboration">
    <bpmndi:BPMNPlane bpmnElement="Collaboration" id="BPMNPlane_Collaboration">
      <bpmndi:BPMNShape bpmnElement="Participant_0o5qjz3" id="BPMNShape_Participant_0o5qjz3">
        <omgdc:Bounds height="240.0" width="620.0" x="30.0" y="87.0"></omgdc:Bounds>
      </bpmndi:BPMNShape>
      <bpmndi:BPMNShape bpmnElement="StartEvent_1" id="BPMNShape_StartEvent_1">
        <omgdc:Bounds height="36.0" width="36.0" x="84.0" y="129.0"></omgdc:Bounds>
      </bpmndi:BPMNShape>
      <bpmndi:BPMNShape bpmnElement="EndEvent_03fg64u" id="BPMNShape_EndEvent_03fg64u">
        <omgdc:Bounds height="36.0" width="36.0" x="402.0" y="129.0"></omgdc:Bounds>
      </bpmndi:BPMNShape>
      <bpmndi:BPMNShape bpmnElement="EndEvent_1hum2om" id="BPMNShape_EndEvent_1hum2om">
        <omgdc:Bounds height="36.0" width="36.0" x="589.0" y="249.0"></omgdc:Bounds>
      </bpmndi:BPMNShape>
      <bpmndi:BPMNShape bpmnElement="Task_12u4c91" id="BPMNShape_Task_12u4c91">
        <omgdc:Bounds height="80.0" width="100.0" x="230.0" y="107.0"></omgdc:Bounds>
      </bpmndi:BPMNShape>
      <bpmndi:BPMNShape bpmnElement="Task_0psfkyo" id="BPMNShape_Task_0psfkyo">
        <omgdc:Bounds height="80.0" width="100.0" x="439.0" y="227.0"></omgdc:Bounds>
      </bpmndi:BPMNShape>
      <bpmndi:BPMNShape bpmnElement="BoundaryEvent_0a4852x" id="BPMNShape_BoundaryEvent_0a4852x">
        <omgdc:Bounds height="36.0" width="36.0" x="263.0" y="169.0"></omgdc:Bounds>
      </bpmndi:BPMNShape>
      <bpmndi:BPMNShape bpmnElement="Participant_07pw88m" id="BPMNShape_Participant_07pw88m">
        <omgdc:Bounds height="250.0" width="400.0" x="50.0" y="410.0"></omgdc:Bounds>
      </bpmndi:BPMNShape>
      <bpmndi:BPMNShape bpmnElement="Event_1bebyb0" id="BPMNShape_Event_1bebyb0">
        <omgdc:Bounds height="36.0" width="36.0" x="92.0" y="502.0"></omgdc:Bounds>
      </bpmndi:BPMNShape>
      <bpmndi:BPMNShape bpmnElement="Task_0x06eh3" id="BPMNShape_Task_0x06eh3">
        <omgdc:Bounds height="80.0" width="100.0" x="180.0" y="480.0"></omgdc:Bounds>
      </bpmndi:BPMNShape>
      <bpmndi:BPMNShape bpmnElement="Event_14iefxd" id="BPMNShape_Event_14iefxd">
        <omgdc:Bounds height="36.0" width="36.0" x="332.0" y="502.0"></omgdc:Bounds>
      </bpmndi:BPMNShape>
      <bpmndi:BPMNEdge bpmnElement="SequenceFlow_0tu26jm" id="BPMNEdge_SequenceFlow_0tu26jm">
        <omgdi:waypoint x="539.0" y="267.0"></omgdi:waypoint>
        <omgdi:waypoint x="589.0" y="267.0"></omgdi:waypoint>
      </bpmndi:BPMNEdge>
      <bpmndi:BPMNEdge bpmnElement="SequenceFlow_0vrqb77" id="BPMNEdge_SequenceFlow_0vrqb77">
        <omgdi:waypoint x="281.0" y="205.0"></omgdi:waypoint>
        <omgdi:waypoint x="281.0" y="267.0"></omgdi:waypoint>
        <omgdi:waypoint x="439.0" y="267.0"></omgdi:waypoint>
      </bpmndi:BPMNEdge>
      <bpmndi:BPMNEdge bpmnElement="SequenceFlow_1t6x188" id="BPMNEdge_SequenceFlow_1t6x188">
        <omgdi:waypoint x="330.0" y="147.0"></omgdi:waypoint>
        <omgdi:waypoint x="402.0" y="147.0"></omgdi:waypoint>
      </bpmndi:BPMNEdge>
      <bpmndi:BPMNEdge bpmnElement="SequenceFlow_1snl6u4" id="BPMNEdge_SequenceFlow_1snl6u4">
        <omgdi:waypoint x="120.0" y="147.0"></omgdi:waypoint>
        <omgdi:waypoint x="230.0" y="147.0"></omgdi:waypoint>
      </bpmndi:BPMNEdge>
      <bpmndi:BPMNEdge bpmnElement="SequenceFlow_0w93sbj" id="BPMNEdge_SequenceFlow_0w93sbj">
        <omgdi:waypoint x="128.0" y="520.0"></omgdi:waypoint>
        <omgdi:waypoint x="180.0" y="520.0"></omgdi:waypoint>
      </bpmndi:BPMNEdge>
      <bpmndi:BPMNEdge bpmnElement="SequenceFlow_0h8cgt3" id="BPMNEdge_SequenceFlow_0h8cgt3">
        <omgdi:waypoint x="280.0" y="520.0"></omgdi:waypoint>
        <omgdi:waypoint x="332.0" y="520.0"></omgdi:waypoint>
      </bpmndi:BPMNEdge>
    </bpmndi:BPMNPlane>
  </bpmndi:BPMNDiagram>
</bpmn2:definitions>