{"id":"process-47c21e79-dd40-41df-99ff-0d0cc6b15614","type":"PROCESS","name":"pool-process-calling","key":"pool-process-calling","extensions":{"Process_ZaxtqGT1":{"mappings":{"CallActivity_12762b6":{"inputs":{"calledvar":{"type":"variable","value":"callingvar"}},"outputs":{"callingvar":{"type":"variable","value":"calledvar"}}}},"assignments":{},"templates":{"tasks":{}},"constants":{},"properties":{"fad93d96-0e40-464b-9403-f31786b4823f":{"id":"fad93d96-0e40-464b-9403-f31786b4823f","name":"callingvar","type":"string","required":false,"ephemeral":false,"value":"defaultstring","display":false,"analytics":false}}}}}