<?xml version="1.0" encoding="UTF-8"?>
<bpmn2:definitions xmlns="http://www.omg.org/spec/BPMN/20100524/MODEL" xmlns:bpmn2="http://www.omg.org/spec/BPMN/20100524/MODEL" xmlns:xsi="http://www.w3.org/2001/XMLSchema-instance" xmlns:xsd="http://www.w3.org/2001/XMLSchema" xmlns:activiti="http://activiti.org/bpmn" xmlns:bpmndi="http://www.omg.org/spec/BPMN/20100524/DI" xmlns:omgdc="http://www.omg.org/spec/DD/20100524/DC" xmlns:omgdi="http://www.omg.org/spec/DD/20100524/DI" typeLanguage="http://www.w3.org/2001/XMLSchema" expressionLanguage="http://www.w3.org/1999/XPath" targetNamespace="http://bpmn.io/schema/bpmn" id="model-63227ea0-0094-4188-9895-1719fb9a3c49" name="pool-start-end-message" xsi:schemaLocation="http://www.omg.org/spec/BPMN/20100524/MODEL BPMN20.xsd">
  <bpmn2:collaboration id="Collaboration">
    <bpmn2:participant id="Participant_149exww" name="pool-start-end-mess-throw" processRef="Process_4CM2Vsk1"></bpmn2:participant>
    <bpmn2:participant id="Participant_0knq1ym" name="pool-start-end-mess-catch" processRef="Process_1aidgt1"></bpmn2:participant>
  </bpmn2:collaboration>
  <bpmn2:message id="Message_06ldbq1" name="pool-start-end"></bpmn2:message>
  <bpmn2:process id="Process_4CM2Vsk1" name="pool-start-end-mess-throw" isExecutable="true">
    <bpmn2:startEvent id="Event_1">
      <bpmn2:outgoing>SequenceFlow_123wphs</bpmn2:outgoing>
    </bpmn2:startEvent>
    <bpmn2:sequenceFlow id="SequenceFlow_123wphs" sourceRef="Event_1" targetRef="Task_1213bu1"></bpmn2:sequenceFlow>
    <bpmn2:userTask id="Task_1213bu1" name="throwtask" activiti:assignee="hruser" activiti:formKey="form-689ffc19-3677-4b7b-8b72-dc903081a69f">
      <bpmn2:incoming>SequenceFlow_123wphs</bpmn2:incoming>
      <bpmn2:outgoing>SequenceFlow_1mseqm0</bpmn2:outgoing>
    </bpmn2:userTask>
    <bpmn2:sequenceFlow id="SequenceFlow_1mseqm0" sourceRef="Task_1213bu1" targetRef="Event_0z59mzc"></bpmn2:sequenceFlow>
    <bpmn2:endEvent id="Event_0z59mzc">
      <bpmn2:incoming>SequenceFlow_1mseqm0</bpmn2:incoming>
      <messageEventDefinition messageRef="Message_06ldbq1"></messageEventDefinition>
    </bpmn2:endEvent>
  </bpmn2:process>
  <bpmn2:process id="Process_1aidgt1" name="pool-start-end-mess-catch" isExecutable="true">
    <bpmn2:startEvent id="Event_17pb316" isInterrupting="true">
      <bpmn2:outgoing>SequenceFlow_042ob9i</bpmn2:outgoing>
      <messageEventDefinition messageRef="Message_06ldbq1"></messageEventDefinition>
    </bpmn2:startEvent>
    <bpmn2:sequenceFlow id="SequenceFlow_042ob9i" sourceRef="Event_17pb316" targetRef="Task_12qfe73"></bpmn2:sequenceFlow>
    <bpmn2:userTask id="Task_12qfe73" name="catchtask" activiti:assignee="hruser" activiti:formKey="form-689ffc19-3677-4b7b-8b72-dc903081a69f">
      <bpmn2:incoming>SequenceFlow_042ob9i</bpmn2:incoming>
      <bpmn2:outgoing>SequenceFlow_0wc6tjj</bpmn2:outgoing>
    </bpmn2:userTask>
    <bpmn2:endEvent id="Event_16vxxoj">
      <bpmn2:incoming>SequenceFlow_0wc6tjj</bpmn2:incoming>
    </bpmn2:endEvent>
    <bpmn2:sequenceFlow id="SequenceFlow_0wc6tjj" sourceRef="Task_12qfe73" targetRef="Event_16vxxoj"></bpmn2:sequenceFlow>
  </bpmn2:process>
  <bpmndi:BPMNDiagram id="BPMNDiagram_Collaboration">
    <bpmndi:BPMNPlane bpmnElement="Collaboration" id="BPMNPlane_Collaboration">
      <bpmndi:BPMNShape bpmnElement="Participant_149exww" id="BPMNShape_Participant_149exww">
        <omgdc:Bounds height="200.0" width="400.0" x="360.0" y="158.0"></omgdc:Bounds>
      </bpmndi:BPMNShape>
      <bpmndi:BPMNShape bpmnElement="Event_1" id="BPMNShape_Event_1">
        <omgdc:Bounds height="36.0" width="36.0" x="412.0" y="240.0"></omgdc:Bounds>
      </bpmndi:BPMNShape>
      <bpmndi:BPMNShape bpmnElement="Task_1213bu1" id="BPMNShape_Task_1213bu1">
        <omgdc:Bounds height="80.0" width="100.0" x="500.0" y="218.0"></omgdc:Bounds>
      </bpmndi:BPMNShape>
      <bpmndi:BPMNShape bpmnElement="Event_0z59mzc" id="BPMNShape_Event_0z59mzc">
        <omgdc:Bounds height="36.0" width="36.0" x="652.0" y="240.0"></omgdc:Bounds>
      </bpmndi:BPMNShape>
      <bpmndi:BPMNShape bpmnElement="Participant_0knq1ym" id="BPMNShape_Participant_0knq1ym">
        <omgdc:Bounds height="250.0" width="400.0" x="350.0" y="440.0"></omgdc:Bounds>
      </bpmndi:BPMNShape>
      <bpmndi:BPMNShape bpmnElement="Event_17pb316" id="BPMNShape_Event_17pb316">
        <omgdc:Bounds height="36.0" width="36.0" x="402.0" y="512.0"></omgdc:Bounds>
      </bpmndi:BPMNShape>
      <bpmndi:BPMNShape bpmnElement="Task_12qfe73" id="BPMNShape_Task_12qfe73">
        <omgdc:Bounds height="80.0" width="100.0" x="490.0" y="490.0"></omgdc:Bounds>
      </bpmndi:BPMNShape>
      <bpmndi:BPMNShape bpmnElement="Event_16vxxoj" id="BPMNShape_Event_16vxxoj">
        <omgdc:Bounds height="36.0" width="36.0" x="642.0" y="512.0"></omgdc:Bounds>
      </bpmndi:BPMNShape>
      <bpmndi:BPMNEdge bpmnElement="SequenceFlow_123wphs" id="BPMNEdge_SequenceFlow_123wphs">
        <omgdi:waypoint x="448.0" y="258.0"></omgdi:waypoint>
        <omgdi:waypoint x="500.0" y="258.0"></omgdi:waypoint>
      </bpmndi:BPMNEdge>
      <bpmndi:BPMNEdge bpmnElement="SequenceFlow_1mseqm0" id="BPMNEdge_SequenceFlow_1mseqm0">
        <omgdi:waypoint x="600.0" y="258.0"></omgdi:waypoint>
        <omgdi:waypoint x="652.0" y="258.0"></omgdi:waypoint>
      </bpmndi:BPMNEdge>
      <bpmndi:BPMNEdge bpmnElement="SequenceFlow_042ob9i" id="BPMNEdge_SequenceFlow_042ob9i">
        <omgdi:waypoint x="438.0" y="530.0"></omgdi:waypoint>
        <omgdi:waypoint x="490.0" y="530.0"></omgdi:waypoint>
      </bpmndi:BPMNEdge>
      <bpmndi:BPMNEdge bpmnElement="SequenceFlow_0wc6tjj" id="BPMNEdge_SequenceFlow_0wc6tjj">
        <omgdi:waypoint x="590.0" y="530.0"></omgdi:waypoint>
        <omgdi:waypoint x="642.0" y="530.0"></omgdi:waypoint>
      </bpmndi:BPMNEdge>
    </bpmndi:BPMNPlane>
  </bpmndi:BPMNDiagram>
</bpmn2:definitions>