<?xml version="1.0" encoding="UTF-8"?>
<definitions xmlns="http://www.omg.org/spec/BPMN/20100524/MODEL" xmlns:xsi="http://www.w3.org/2001/XMLSchema-instance" xmlns:activiti="http://activiti.org/bpmn" xmlns:bpmndi="http://www.omg.org/spec/BPMN/20100524/DI" xmlns:omgdc="http://www.omg.org/spec/DD/20100524/DC" xmlns:omgdi="http://www.omg.org/spec/DD/20100524/DI" xmlns:xsd="http://www.w3.org/2001/XMLSchema" id="model-63227ea0-0094-4188-9895-1719fb9a3c49" name="pool-start-end-message" targetNamespace="http://bpmn.io/schema/bpmn" xsi:schemaLocation="http://www.omg.org/spec/BPMN/20100524/MODEL BPMN20.xsd">
  <collaboration id="Collaboration">
    <participant id="Participant_149exww" name="pool-start-end-mess-throw" processRef="Process_4CM2Vsk1" />
    <participant id="Participant_0knq1ym" name="pool-start-end-mess-catch" processRef="Process_1aidgt1" />
  </collaboration>
  <process id="Process_4CM2Vsk1" name="pool-start-end-mess-throw" isExecutable="true">
    <startEvent id="Event_1">
      <outgoing>SequenceFlow_123wphs</outgoing>
    </startEvent>
    <sequenceFlow id="SequenceFlow_123wphs" sourceRef="Event_1" targetRef="Task_1213bu1" />
    <userTask id="Task_1213bu1" name="throwtask" activiti:formKey="form-04345e7e-e972-40f7-b87a-09184a101a38" activiti:assignee="hruser">
      <incoming>SequenceFlow_123wphs</incoming>
      <outgoing>SequenceFlow_1mseqm0</outgoing>
    </userTask>
    <sequenceFlow id="SequenceFlow_1mseqm0" sourceRef="Task_1213bu1" targetRef="Event_0z59mzc" />
    <endEvent id="Event_0z59mzc">
      <incoming>SequenceFlow_1mseqm0</incoming>
      <messageEventDefinition messageRef="Message_06ldbq1" />
    </endEvent>
  </process>
  <process id="Process_1aidgt1" name="pool-start-end-mess-catch" isExecutable="true">
    <startEvent id="Event_17pb316">
      <outgoing>SequenceFlow_042ob9i</outgoing>
      <messageEventDefinition messageRef="Message_06ldbq1" />
    </startEvent>
    <sequenceFlow id="SequenceFlow_042ob9i" sourceRef="Event_17pb316" targetRef="Task_12qfe73" />
    <userTask id="Task_12qfe73" name="catchtask" activiti:formKey="form-04345e7e-e972-40f7-b87a-09184a101a38" activiti:assignee="hruser">
      <incoming>SequenceFlow_042ob9i</incoming>
      <outgoing>SequenceFlow_0wc6tjj</outgoing>
    </userTask>
    <endEvent id="Event_16vxxoj">
      <incoming>SequenceFlow_0wc6tjj</incoming>
    </endEvent>
    <sequenceFlow id="SequenceFlow_0wc6tjj" sourceRef="Task_12qfe73" targetRef="Event_16vxxoj" />
  </process>
  <message id="Message_06ldbq1" name="pool-start-end" />
  <bpmndi:BPMNDiagram id="BPMNDiagram_Collaboration">
    <bpmndi:BPMNPlane id="BPMNPlane_Collaboration" bpmnElement="Collaboration">
      <bpmndi:BPMNShape id="BPMNShape_Participant_149exww" bpmnElement="Participant_149exww">
        <omgdc:Bounds x="360" y="158" width="400" height="200" />
      </bpmndi:BPMNShape>
      <bpmndi:BPMNShape id="BPMNShape_Event_1" bpmnElement="Event_1">
        <omgdc:Bounds x="412" y="240" width="36" height="36" />
      </bpmndi:BPMNShape>
      <bpmndi:BPMNShape id="BPMNShape_Task_1213bu1" bpmnElement="Task_1213bu1">
        <omgdc:Bounds x="500" y="218" width="100" height="80" />
      </bpmndi:BPMNShape>
      <bpmndi:BPMNShape id="BPMNShape_Event_0z59mzc" bpmnElement="Event_0z59mzc">
        <omgdc:Bounds x="652" y="240" width="36" height="36" />
      </bpmndi:BPMNShape>
      <bpmndi:BPMNShape id="BPMNShape_Participant_0knq1ym" bpmnElement="Participant_0knq1ym">
        <omgdc:Bounds x="350" y="440" width="400" height="250" />
      </bpmndi:BPMNShape>
      <bpmndi:BPMNShape id="BPMNShape_Event_17pb316" bpmnElement="Event_17pb316">
        <omgdc:Bounds x="402" y="512" width="36" height="36" />
      </bpmndi:BPMNShape>
      <bpmndi:BPMNShape id="BPMNShape_Task_12qfe73" bpmnElement="Task_12qfe73">
        <omgdc:Bounds x="490" y="490" width="100" height="80" />
      </bpmndi:BPMNShape>
      <bpmndi:BPMNShape id="BPMNShape_Event_16vxxoj" bpmnElement="Event_16vxxoj">
        <omgdc:Bounds x="642" y="512" width="36" height="36" />
      </bpmndi:BPMNShape>
      <bpmndi:BPMNEdge id="BPMNEdge_SequenceFlow_123wphs" bpmnElement="SequenceFlow_123wphs">
        <omgdi:waypoint x="448" y="258" />
        <omgdi:waypoint x="500" y="258" />
      </bpmndi:BPMNEdge>
      <bpmndi:BPMNEdge id="BPMNEdge_SequenceFlow_1mseqm0" bpmnElement="SequenceFlow_1mseqm0">
        <omgdi:waypoint x="600" y="258" />
        <omgdi:waypoint x="652" y="258" />
      </bpmndi:BPMNEdge>
      <bpmndi:BPMNEdge id="BPMNEdge_SequenceFlow_042ob9i" bpmnElement="SequenceFlow_042ob9i">
        <omgdi:waypoint x="438" y="530" />
        <omgdi:waypoint x="490" y="530" />
      </bpmndi:BPMNEdge>
      <bpmndi:BPMNEdge id="BPMNEdge_SequenceFlow_0wc6tjj" bpmnElement="SequenceFlow_0wc6tjj">
        <omgdi:waypoint x="590" y="530" />
        <omgdi:waypoint x="642" y="530" />
      </bpmndi:BPMNEdge>
    </bpmndi:BPMNPlane>
  </bpmndi:BPMNDiagram>
</definitions>
