{"id":"process-d2c27d01-7e24-4f08-a285-308d55ff5851","type":"PROCESS","name":"pool-nonint-boundary-event","extensions":{"Process_TwTC0Dm1":{"constants":{},"mappings":{"Task_17j0c0h":{"inputs":{"Text0e6xg3":{"type":"variable","value":"nonint_boundary_var"},"Text0rfn8p":{"type":"variable","value":"stringvar"}}},"Event_1r729aw":{"outputs":{"stringvar":{"type":"variable","value":"stringvar"}}},"Event_1":{"outputs":{"mycorrelationkey":{"type":"variable","value":"correlationKey"}}}},"properties":{"e4286887-f5fd-482c-9c0c-8534451f5186":{"id":"e4286887-f5fd-482c-9c0c-8534451f5186","name":"nonint_boundary_var","type":"string","value":"","required":false},"9569c2c9-a364-42b5-9e9e-60fab566e8b8":{"id":"9569c2c9-a364-42b5-9e9e-60fab566e8b8","name":"stringvar","type":"string","value":"","required":false},"bfc45539-8210-4710-b7e4-efa77988bd51":{"id":"bfc45539-8210-4710-b7e4-efa77988bd51","name":"mycorrelationkey","type":"string","value":"test","required":false}},"assignments":{"Task_0h86dkk":{"type":"identity","assignment":"assignee","id":"Task_0h86dkk"},"Task_17j0c0h":{"type":"identity","assignment":"assignee","id":"Task_17j0c0h"}}},"Process_1luu2q1":{"constants":{},"mappings":{"Event_0clejl4":{"inputs":{"stringvar":{"type":"variable","value":"stringvar"}}},"Task_0bmy5qn":{"outputs":{"nonint_boundary_var":{"type":"variable","value":"Text0e6xg3"},"stringvar":{"type":"variable","value":"Text0rfn8p"},"mycorrelationkey":{"type":"variable","value":"correlationKey"}}}},"properties":{"3063d533-92f8-4184-8bec-edb9fbfd943c":{"id":"3063d533-92f8-4184-8bec-edb9fbfd943c","name":"nonint_boundary_var","type":"string","value":"","required":false},"aed27035-1cc0-40f6-a5ec-8eeefbca43b5":{"id":"aed27035-1cc0-40f6-a5ec-8eeefbca43b5","name":"stringvar","type":"string","value":"","required":false},"7526b963-675a-4d5a-86a9-872537935486":{"id":"7526b963-675a-4d5a-86a9-872537935486","name":"mycorrelationkey","type":"string","value":"test","required":false}},"assignments":{"Task_0bmy5qn":{"type":"identity","assignment":"assignee","id":"Task_0bmy5qn"}}}}}