{"id":"process-5db98349-c7dd-4c3c-8637-0ca20b2968c0","type":"PROCESS","name":"pool-int-boundary-subproc","extensions":{"Process_kYhtnFm1":{"constants":{},"mappings":{"Task_1c5nd8z":{"inputs":{"Text0e6xg3":{"type":"variable","value":"int_boundary_sub_var"},"Text0rfn8p":{"type":"variable","value":"stringvar2"}}},"BoundaryEvent_0qdfvmr":{"outputs":{"stringvar2":{"type":"variable","value":"stringvar"}}},"StartEvent_1":{"outputs":{"mycorrelationkey":{"type":"variable","value":"correlationKey"}}}},"properties":{"173a88bd-4c92-4bc5-a8db-b85ac1a686bd":{"id":"173a88bd-4c92-4bc5-a8db-b85ac1a686bd","name":"int_boundary_sub_var","type":"string","value":"","required":false},"391f9534-6bbc-495a-809d-47ef18bdf608":{"id":"391f9534-6bbc-495a-809d-47ef18bdf608","name":"stringvar2","type":"string","value":"","required":false},"87c9a993-2fa8-48c2-a9e4-18168e9da757":{"id":"87c9a993-2fa8-48c2-a9e4-18168e9da757","name":"mycorrelationkey","type":"string","value":"test","required":false}},"assignments":{"Task_1erah30":{"type":"identity","assignment":"assignee","id":"Task_1erah30"},"Task_1c5nd8z":{"type":"identity","assignment":"assignee","id":"Task_1c5nd8z"}}},"Process_1uos571":{"constants":{},"mappings":{"Task_1bs080q":{"outputs":{"int_boundary_sub_var":{"type":"variable","value":"Text0e6xg3"},"stringvar":{"type":"variable","value":"Text0rfn8p"},"mycorrelationkey":{"type":"variable","value":"correlationKey"}}},"Event_0t6k4p8":{"inputs":{"stringvar":{"type":"variable","value":"stringvar"}}}},"properties":{"6892ba7d-72af-4398-9211-10a7a5f45e80":{"id":"6892ba7d-72af-4398-9211-10a7a5f45e80","name":"int_boundary_sub_var","type":"string","value":"","required":false},"233509e4-7a52-4e2d-a549-34350de294c1":{"id":"233509e4-7a52-4e2d-a549-34350de294c1","name":"stringvar","type":"string","value":"","required":false},"d13e2200-482e-4d6e-bc7e-22ab3d7ac761":{"id":"d13e2200-482e-4d6e-bc7e-22ab3d7ac761","name":"mycorrelationkey","type":"string","value":"test","required":false}},"assignments":{"Task_1bs080q":{"type":"identity","assignment":"assignee","id":"Task_1bs080q"}}}}}