{"id":"process-f8acc0d3-9f63-42ab-a5ab-9fab825680dc","type":"PROCESS","name":"pool-int-boundary-event","key":"pool-int-boundary-event","extensions":{"Process_QbJjbPP1":{"constants":{},"mappings":{"Task_0psfkyo":{"inputs":{"Text0e6xg3":{"type":"variable","value":"int_boundary_var"},"Text0rfn8p":{"type":"variable","value":"stringvar"}}},"BoundaryEvent_0a4852x":{"outputs":{"stringvar":{"type":"variable","value":"stringvar"}}},"StartEvent_1":{"outputs":{"mycorrelationkey":{"type":"variable","value":"correlationKey"}}}},"properties":{"cff6c713-a796-4a5b-973f-7ee2a5ff8d26":{"id":"cff6c713-a796-4a5b-973f-7ee2a5ff8d26","name":"int_boundary_var","type":"string","value":"","required":false},"7fba8aaa-221c-4d2d-8435-9b800cc36c10":{"id":"7fba8aaa-221c-4d2d-8435-9b800cc36c10","name":"stringvar","type":"string","value":"","required":false},"f40c9464-eea2-4fe4-96d5-aa5c13b03fef":{"id":"f40c9464-eea2-4fe4-96d5-aa5c13b03fef","name":"mycorrelationkey","type":"string","value":"test","required":false}},"assignments":{"Task_12u4c91":{"type":"identity","assignment":"assignee","id":"Task_12u4c91"},"Task_0psfkyo":{"type":"identity","assignment":"assignee","id":"Task_0psfkyo"}}},"Process_0a58ql1":{"constants":{},"mappings":{"Task_0x06eh3":{"outputs":{"int_boundary_var":{"type":"variable","value":"Text0e6xg3"},"stringvar":{"type":"variable","value":"Text0rfn8p"},"mycorrelationkey":{"type":"variable","value":"correlationKey"}}},"Event_14iefxd":{"inputs":{"stringvar":{"type":"variable","value":"stringvar"}}}},"properties":{"37b1fbc6-a106-4694-8d32-36aa8035c97e":{"id":"37b1fbc6-a106-4694-8d32-36aa8035c97e","name":"int_boundary_var","type":"string","value":"","required":false},"9731d63a-5550-45d2-a2a2-5bcb5b859412":{"id":"9731d63a-5550-45d2-a2a2-5bcb5b859412","name":"stringvar","type":"string","value":"","required":false},"92ebdcbe-3be4-411d-a81c-712020dbb38c":{"id":"92ebdcbe-3be4-411d-a81c-712020dbb38c","name":"mycorrelationkey","type":"string","value":"test","required":false}},"assignments":{"Task_0x06eh3":{"type":"identity","assignment":"assignee","id":"Task_0x06eh3"}}}}}