<?xml version="1.0" encoding="UTF-8"?>
<bpmn2:definitions xmlns="http://www.omg.org/spec/BPMN/20100524/MODEL" xmlns:bpmn2="http://www.omg.org/spec/BPMN/20100524/MODEL" xmlns:xsi="http://www.w3.org/2001/XMLSchema-instance" xmlns:xsd="http://www.w3.org/2001/XMLSchema" xmlns:activiti="http://activiti.org/bpmn" xmlns:bpmndi="http://www.omg.org/spec/BPMN/20100524/DI" xmlns:omgdc="http://www.omg.org/spec/DD/20100524/DC" xmlns:omgdi="http://www.omg.org/spec/DD/20100524/DI" typeLanguage="http://www.w3.org/2001/XMLSchema" expressionLanguage="http://www.w3.org/1999/XPath" targetNamespace="http://bpmn.io/schema/bpmn" id="model-96304ad4-b868-4d7f-94df-945a670cc243" name="pool-int-boundary-subproc" xsi:schemaLocation="http://www.omg.org/spec/BPMN/20100524/MODEL BPMN20.xsd">
  <bpmn2:collaboration id="Collaboration">
    <bpmn2:participant id="Participant_1esczfp" name="pool-int-bound-subpr-catch" processRef="Process_kYhtnFm1"></bpmn2:participant>
    <bpmn2:participant id="Participant_1y942ac" name="pool-int-bound-subpr-throw" processRef="Process_1uos571"></bpmn2:participant>
  </bpmn2:collaboration>
  <bpmn2:message id="Message_1w097x1" name="pool-int-boundary-subpr"></bpmn2:message>
  <bpmn2:process id="Process_kYhtnFm1" name="pool-int-bound-subpr-catch" isExecutable="true">
    <bpmn2:startEvent id="StartEvent_1">
      <bpmn2:outgoing>SequenceFlow_0k6zxb7</bpmn2:outgoing>
    </bpmn2:startEvent>
    <bpmn2:endEvent id="EndEvent_18beqaj">
      <bpmn2:incoming>SequenceFlow_1yrcrpb</bpmn2:incoming>
    </bpmn2:endEvent>
    <bpmn2:userTask id="Task_1c5nd8z" name="final-task" activiti:assignee="hruser" activiti:formKey="form-c6c828a8-a3bb-4430-9ed1-706dc6ce74b2">
      <bpmn2:incoming>SequenceFlow_1r1pvu0</bpmn2:incoming>
      <bpmn2:outgoing>SequenceFlow_1yrcrpb</bpmn2:outgoing>
    </bpmn2:userTask>
    <bpmn2:sequenceFlow id="SequenceFlow_1r1pvu0" sourceRef="BoundaryEvent_0qdfvmr" targetRef="Task_1c5nd8z"></bpmn2:sequenceFlow>
    <bpmn2:sequenceFlow id="SequenceFlow_1yrcrpb" sourceRef="Task_1c5nd8z" targetRef="EndEvent_18beqaj"></bpmn2:sequenceFlow>
    <bpmn2:sequenceFlow id="SequenceFlow_0k6zxb7" sourceRef="StartEvent_1" targetRef="SubProcess_0wal67l"></bpmn2:sequenceFlow>
    <bpmn2:subProcess id="SubProcess_0wal67l" name="parent-task">
      <bpmn2:startEvent id="StartEvent_15yj112">
        <bpmn2:outgoing>SequenceFlow_17ao9wo</bpmn2:outgoing>
      </bpmn2:startEvent>
      <bpmn2:sequenceFlow id="SequenceFlow_17ao9wo" sourceRef="StartEvent_15yj112" targetRef="Task_1erah30"></bpmn2:sequenceFlow>
      <bpmn2:endEvent id="EndEvent_08j68dk">
        <bpmn2:incoming>SequenceFlow_1a2nbxi</bpmn2:incoming>
      </bpmn2:endEvent>
      <bpmn2:sequenceFlow id="SequenceFlow_1a2nbxi" sourceRef="Task_1erah30" targetRef="EndEvent_08j68dk"></bpmn2:sequenceFlow>
      <bpmn2:userTask id="Task_1erah30" name="subprocess-task" activiti:assignee="hruser">
        <bpmn2:incoming>SequenceFlow_17ao9wo</bpmn2:incoming>
        <bpmn2:outgoing>SequenceFlow_1a2nbxi</bpmn2:outgoing>
      </bpmn2:userTask>
    </bpmn2:subProcess>
    <bpmn2:boundaryEvent id="BoundaryEvent_0qdfvmr" attachedToRef="SubProcess_0wal67l" cancelActivity="true">
      <bpmn2:outgoing>SequenceFlow_1r1pvu0</bpmn2:outgoing>
      <messageEventDefinition messageRef="Message_1w097x1" activiti:correlationKey="${mycorrelationkey}"></messageEventDefinition>
    </bpmn2:boundaryEvent>
    <bpmn2:endEvent id="EndEvent_0zgx7zk">
      <bpmn2:incoming>SequenceFlow_1umle47</bpmn2:incoming>
    </bpmn2:endEvent>
    <bpmn2:sequenceFlow id="SequenceFlow_1umle47" sourceRef="SubProcess_0wal67l" targetRef="EndEvent_0zgx7zk"></bpmn2:sequenceFlow>
  </bpmn2:process>
  <bpmn2:process id="Process_1uos571" name="pool-int-bound-subpr-throw" isExecutable="true">
    <bpmn2:startEvent id="Event_0b7qm9g">
      <bpmn2:outgoing>SequenceFlow_1d7nsvb</bpmn2:outgoing>
    </bpmn2:startEvent>
    <bpmn2:userTask id="Task_1bs080q" name="throwtask" activiti:assignee="hruser" activiti:formKey="form-c6c828a8-a3bb-4430-9ed1-706dc6ce74b2">
      <bpmn2:incoming>SequenceFlow_1d7nsvb</bpmn2:incoming>
      <bpmn2:outgoing>SequenceFlow_080otrp</bpmn2:outgoing>
    </bpmn2:userTask>
    <bpmn2:endEvent id="Event_0t6k4p8">
      <bpmn2:incoming>SequenceFlow_080otrp</bpmn2:incoming>
      <messageEventDefinition messageRef="Message_1w097x1" activiti:correlationKey="${mycorrelationkey}"></messageEventDefinition>
    </bpmn2:endEvent>
    <bpmn2:sequenceFlow id="SequenceFlow_080otrp" sourceRef="Task_1bs080q" targetRef="Event_0t6k4p8"></bpmn2:sequenceFlow>
    <bpmn2:sequenceFlow id="SequenceFlow_1d7nsvb" sourceRef="Event_0b7qm9g" targetRef="Task_1bs080q"></bpmn2:sequenceFlow>
  </bpmn2:process>
  <bpmndi:BPMNDiagram id="BPMNDiagram_Collaboration">
    <bpmndi:BPMNPlane bpmnElement="Collaboration" id="BPMNPlane_Collaboration">
      <bpmndi:BPMNShape bpmnElement="StartEvent_15yj112" id="BPMNShape_StartEvent_15yj112">
        <omgdc:Bounds height="36.0" width="36.0" x="285.0" y="152.0"></omgdc:Bounds>
      </bpmndi:BPMNShape>
      <bpmndi:BPMNShape bpmnElement="EndEvent_08j68dk" id="BPMNShape_EndEvent_08j68dk">
        <omgdc:Bounds height="36.0" width="36.0" x="521.0" y="152.0"></omgdc:Bounds>
      </bpmndi:BPMNShape>
      <bpmndi:BPMNShape bpmnElement="Task_1erah30" id="BPMNShape_Task_1erah30">
        <omgdc:Bounds height="80.0" width="100.0" x="371.0" y="130.0"></omgdc:Bounds>
      </bpmndi:BPMNShape>
      <bpmndi:BPMNShape bpmnElement="Participant_1esczfp" id="BPMNShape_Participant_1esczfp">
        <omgdc:Bounds height="360.0" width="810.0" x="55.0" y="67.0"></omgdc:Bounds>
      </bpmndi:BPMNShape>
      <bpmndi:BPMNShape bpmnElement="StartEvent_1" id="BPMNShape_StartEvent_1">
        <omgdc:Bounds height="36.0" width="36.0" x="108.0" y="154.0"></omgdc:Bounds>
      </bpmndi:BPMNShape>
      <bpmndi:BPMNShape bpmnElement="EndEvent_18beqaj" id="BPMNShape_EndEvent_18beqaj">
        <omgdc:Bounds height="36.0" width="36.0" x="806.0" y="345.0"></omgdc:Bounds>
      </bpmndi:BPMNShape>
      <bpmndi:BPMNShape bpmnElement="Task_1c5nd8z" id="BPMNShape_Task_1c5nd8z">
        <omgdc:Bounds height="80.0" width="100.0" x="656.0" y="323.0"></omgdc:Bounds>
      </bpmndi:BPMNShape>
      <bpmndi:BPMNShape bpmnElement="SubProcess_0wal67l" id="BPMNShape_SubProcess_0wal67l" isExpanded="true">
        <omgdc:Bounds height="200.0" width="350.0" x="270.0" y="91.0"></omgdc:Bounds>
      </bpmndi:BPMNShape>
      <bpmndi:BPMNShape bpmnElement="BoundaryEvent_0qdfvmr" id="BPMNShape_BoundaryEvent_0qdfvmr">
        <omgdc:Bounds height="36.0" width="36.0" x="417.0" y="273.0"></omgdc:Bounds>
      </bpmndi:BPMNShape>
      <bpmndi:BPMNShape bpmnElement="Participant_1y942ac" id="BPMNShape_Participant_1y942ac">
        <omgdc:Bounds height="250.0" width="400.0" x="120.0" y="520.0"></omgdc:Bounds>
      </bpmndi:BPMNShape>
      <bpmndi:BPMNShape bpmnElement="Event_0b7qm9g" id="BPMNShape_Event_0b7qm9g">
        <omgdc:Bounds height="36.0" width="36.0" x="192.0" y="632.0"></omgdc:Bounds>
      </bpmndi:BPMNShape>
      <bpmndi:BPMNShape bpmnElement="Task_1bs080q" id="BPMNShape_Task_1bs080q">
        <omgdc:Bounds height="80.0" width="100.0" x="280.0" y="610.0"></omgdc:Bounds>
      </bpmndi:BPMNShape>
      <bpmndi:BPMNShape bpmnElement="Event_0t6k4p8" id="BPMNShape_Event_0t6k4p8">
        <omgdc:Bounds height="36.0" width="36.0" x="432.0" y="632.0"></omgdc:Bounds>
      </bpmndi:BPMNShape>
      <bpmndi:BPMNShape bpmnElement="EndEvent_0zgx7zk" id="BPMNShape_EndEvent_0zgx7zk">
        <omgdc:Bounds height="36.0" width="36.0" x="752.0" y="173.0"></omgdc:Bounds>
      </bpmndi:BPMNShape>
      <bpmndi:BPMNEdge bpmnElement="SequenceFlow_17ao9wo" id="BPMNEdge_SequenceFlow_17ao9wo">
        <omgdi:waypoint x="321.0" y="170.0"></omgdi:waypoint>
        <omgdi:waypoint x="371.0" y="170.0"></omgdi:waypoint>
      </bpmndi:BPMNEdge>
      <bpmndi:BPMNEdge bpmnElement="SequenceFlow_1a2nbxi" id="BPMNEdge_SequenceFlow_1a2nbxi">
        <omgdi:waypoint x="471.0" y="170.0"></omgdi:waypoint>
        <omgdi:waypoint x="521.0" y="170.0"></omgdi:waypoint>
      </bpmndi:BPMNEdge>
      <bpmndi:BPMNEdge bpmnElement="SequenceFlow_1r1pvu0" id="BPMNEdge_SequenceFlow_1r1pvu0">
        <omgdi:waypoint x="435.0" y="309.0"></omgdi:waypoint>
        <omgdi:waypoint x="435.0" y="363.0"></omgdi:waypoint>
        <omgdi:waypoint x="656.0" y="363.0"></omgdi:waypoint>
      </bpmndi:BPMNEdge>
      <bpmndi:BPMNEdge bpmnElement="SequenceFlow_1yrcrpb" id="BPMNEdge_SequenceFlow_1yrcrpb">
        <omgdi:waypoint x="756.0" y="363.0"></omgdi:waypoint>
        <omgdi:waypoint x="806.0" y="363.0"></omgdi:waypoint>
      </bpmndi:BPMNEdge>
      <bpmndi:BPMNEdge bpmnElement="SequenceFlow_0k6zxb7" id="BPMNEdge_SequenceFlow_0k6zxb7">
        <omgdi:waypoint x="144.0" y="172.0"></omgdi:waypoint>
        <omgdi:waypoint x="207.0" y="172.0"></omgdi:waypoint>
        <omgdi:waypoint x="207.0" y="170.0"></omgdi:waypoint>
        <omgdi:waypoint x="270.0" y="170.0"></omgdi:waypoint>
      </bpmndi:BPMNEdge>
      <bpmndi:BPMNEdge bpmnElement="SequenceFlow_1d7nsvb" id="BPMNEdge_SequenceFlow_1d7nsvb">
        <omgdi:waypoint x="228.0" y="650.0"></omgdi:waypoint>
        <omgdi:waypoint x="280.0" y="650.0"></omgdi:waypoint>
      </bpmndi:BPMNEdge>
      <bpmndi:BPMNEdge bpmnElement="SequenceFlow_080otrp" id="BPMNEdge_SequenceFlow_080otrp">
        <omgdi:waypoint x="380.0" y="650.0"></omgdi:waypoint>
        <omgdi:waypoint x="432.0" y="650.0"></omgdi:waypoint>
      </bpmndi:BPMNEdge>
      <bpmndi:BPMNEdge bpmnElement="SequenceFlow_1umle47" id="BPMNEdge_SequenceFlow_1umle47">
        <omgdi:waypoint x="620.0" y="191.0"></omgdi:waypoint>
        <omgdi:waypoint x="752.0" y="191.0"></omgdi:waypoint>
      </bpmndi:BPMNEdge>
    </bpmndi:BPMNPlane>
  </bpmndi:BPMNDiagram>
</bpmn2:definitions>