<?xml version="1.0" encoding="UTF-8"?>
<bpmn2:definitions xmlns="http://www.omg.org/spec/BPMN/20100524/MODEL" xmlns:bpmn2="http://www.omg.org/spec/BPMN/20100524/MODEL" xmlns:xsi="http://www.w3.org/2001/XMLSchema-instance" xmlns:xsd="http://www.w3.org/2001/XMLSchema" xmlns:activiti="http://activiti.org/bpmn" xmlns:bpmndi="http://www.omg.org/spec/BPMN/20100524/DI" xmlns:omgdc="http://www.omg.org/spec/DD/20100524/DC" xmlns:omgdi="http://www.omg.org/spec/DD/20100524/DI" typeLanguage="http://www.w3.org/2001/XMLSchema" expressionLanguage="http://www.w3.org/1999/XPath" targetNamespace="http://bpmn.io/schema/bpmn" id="model-217efe25-3cbd-4ced-b977-b020160704e8" name="pool-process-called" xsi:schemaLocation="http://www.omg.org/spec/BPMN/20100524/MODEL BPMN20.xsd">
  <bpmn2:collaboration id="Collaboration">
    <bpmn2:participant id="Participant_0shie2v" name="pool-process-called" processRef="Process_eSwOPLU1"></bpmn2:participant>
  </bpmn2:collaboration>
  <bpmn2:process id="Process_eSwOPLU1" name="pool-process-called" isExecutable="true">
    <bpmn2:startEvent id="Event_1">
      <bpmn2:outgoing>SequenceFlow_0lzpznc</bpmn2:outgoing>
    </bpmn2:startEvent>
    <bpmn2:userTask id="Task_1uf4xy1" name="calledtask" activiti:assignee="hruser">
      <bpmn2:incoming>SequenceFlow_0lzpznc</bpmn2:incoming>
      <bpmn2:outgoing>SequenceFlow_0fu2u7o</bpmn2:outgoing>
    </bpmn2:userTask>
    <bpmn2:endEvent id="Event_1f30n06">
      <bpmn2:incoming>SequenceFlow_0fu2u7o</bpmn2:incoming>
    </bpmn2:endEvent>
    <bpmn2:sequenceFlow id="SequenceFlow_0fu2u7o" sourceRef="Task_1uf4xy1" targetRef="Event_1f30n06"></bpmn2:sequenceFlow>
    <bpmn2:sequenceFlow id="SequenceFlow_0lzpznc" sourceRef="Event_1" targetRef="Task_1uf4xy1"></bpmn2:sequenceFlow>
  </bpmn2:process>
  <bpmndi:BPMNDiagram id="BPMNDiagram_Collaboration">
    <bpmndi:BPMNPlane bpmnElement="Collaboration" id="BPMNPlane_Collaboration">
      <bpmndi:BPMNShape bpmnElement="Participant_0shie2v" id="BPMNShape_Participant_0shie2v">
        <omgdc:Bounds height="120.0" width="400.0" x="238.0" y="198.0"></omgdc:Bounds>
      </bpmndi:BPMNShape>
      <bpmndi:BPMNShape bpmnElement="Event_1" id="BPMNShape_Event_1">
        <omgdc:Bounds height="36.0" width="36.0" x="342.0" y="240.0"></omgdc:Bounds>
      </bpmndi:BPMNShape>
      <bpmndi:BPMNShape bpmnElement="Task_1uf4xy1" id="BPMNShape_Task_1uf4xy1">
        <omgdc:Bounds height="80.0" width="100.0" x="430.0" y="218.0"></omgdc:Bounds>
      </bpmndi:BPMNShape>
      <bpmndi:BPMNShape bpmnElement="Event_1f30n06" id="BPMNShape_Event_1f30n06">
        <omgdc:Bounds height="36.0" width="36.0" x="582.0" y="240.0"></omgdc:Bounds>
      </bpmndi:BPMNShape>
      <bpmndi:BPMNEdge bpmnElement="SequenceFlow_0fu2u7o" id="BPMNEdge_SequenceFlow_0fu2u7o">
        <omgdi:waypoint x="530.0" y="258.0"></omgdi:waypoint>
        <omgdi:waypoint x="582.0" y="258.0"></omgdi:waypoint>
      </bpmndi:BPMNEdge>
      <bpmndi:BPMNEdge bpmnElement="SequenceFlow_0lzpznc" id="BPMNEdge_SequenceFlow_0lzpznc">
        <omgdi:waypoint x="378.0" y="258.0"></omgdi:waypoint>
        <omgdi:waypoint x="430.0" y="258.0"></omgdi:waypoint>
      </bpmndi:BPMNEdge>
    </bpmndi:BPMNPlane>
  </bpmndi:BPMNDiagram>
</bpmn2:definitions>