<?xml version="1.0" encoding="UTF-8"?>
<bpmn2:definitions xmlns="http://www.omg.org/spec/BPMN/20100524/MODEL" xmlns:bpmn2="http://www.omg.org/spec/BPMN/20100524/MODEL" xmlns:xsi="http://www.w3.org/2001/XMLSchema-instance" xmlns:xsd="http://www.w3.org/2001/XMLSchema" xmlns:activiti="http://activiti.org/bpmn" xmlns:bpmndi="http://www.omg.org/spec/BPMN/20100524/DI" xmlns:omgdc="http://www.omg.org/spec/DD/20100524/DC" xmlns:omgdi="http://www.omg.org/spec/DD/20100524/DI" typeLanguage="http://www.w3.org/2001/XMLSchema" expressionLanguage="http://www.w3.org/1999/XPath" targetNamespace="http://bpmn.io/schema/bpmn" id="model-db2cd770-17a5-4581-9fb1-035b6e082d8c" name="pool-nonint-boundary-event" xsi:schemaLocation="http://www.omg.org/spec/BPMN/20100524/MODEL BPMN20.xsd">
  <bpmn2:collaboration id="Collaboration">
    <bpmn2:participant id="Participant_0pvkyl7" name="pool-nonint-boundary-catch" processRef="Process_TwTC0Dm1"></bpmn2:participant>
    <bpmn2:participant id="Participant_1gzaumf" name="pool-nonint-boundary-throw" processRef="Process_1luu2q1"></bpmn2:participant>
  </bpmn2:collaboration>
  <bpmn2:message id="Message_0ockgq1" name="pool-nonint-boundary"></bpmn2:message>
  <bpmn2:process id="Process_TwTC0Dm1" name="pool-nonint-boundary-catch" isExecutable="true">
    <bpmn2:userTask id="Task_0h86dkk" name="nonint-boundary-task" activiti:assignee="hruser">
      <bpmn2:incoming>SequenceFlow_10kjn9b</bpmn2:incoming>
      <bpmn2:outgoing>SequenceFlow_0rq6o44</bpmn2:outgoing>
    </bpmn2:userTask>
    <bpmn2:userTask id="Task_17j0c0h" name="finaltask" activiti:assignee="hruser" activiti:formKey="form-8787138d-85c7-49b2-ae3e-8901426cb381">
      <bpmn2:incoming>SequenceFlow_11b1kcz</bpmn2:incoming>
      <bpmn2:outgoing>SequenceFlow_0lpkp7m</bpmn2:outgoing>
    </bpmn2:userTask>
    <bpmn2:endEvent id="Event_1wb1mma">
      <bpmn2:incoming>SequenceFlow_0lpkp7m</bpmn2:incoming>
    </bpmn2:endEvent>
    <bpmn2:startEvent id="Event_1">
      <bpmn2:outgoing>SequenceFlow_10kjn9b</bpmn2:outgoing>
    </bpmn2:startEvent>
    <bpmn2:endEvent id="EndEvent_1p8qxyk">
      <bpmn2:incoming>SequenceFlow_0rq6o44</bpmn2:incoming>
    </bpmn2:endEvent>
    <bpmn2:boundaryEvent id="Event_1r729aw" attachedToRef="Task_0h86dkk" cancelActivity="false">
      <bpmn2:outgoing>SequenceFlow_11b1kcz</bpmn2:outgoing>
      <messageEventDefinition messageRef="Message_0ockgq1" activiti:correlationKey="${mycorrelationkey}"></messageEventDefinition>
    </bpmn2:boundaryEvent>
    <bpmn2:sequenceFlow id="SequenceFlow_0rq6o44" sourceRef="Task_0h86dkk" targetRef="EndEvent_1p8qxyk"></bpmn2:sequenceFlow>
    <bpmn2:sequenceFlow id="SequenceFlow_10kjn9b" sourceRef="Event_1" targetRef="Task_0h86dkk"></bpmn2:sequenceFlow>
    <bpmn2:sequenceFlow id="SequenceFlow_11b1kcz" sourceRef="Event_1r729aw" targetRef="Task_17j0c0h"></bpmn2:sequenceFlow>
    <bpmn2:sequenceFlow id="SequenceFlow_0lpkp7m" sourceRef="Task_17j0c0h" targetRef="Event_1wb1mma"></bpmn2:sequenceFlow>
  </bpmn2:process>
  <bpmn2:process id="Process_1luu2q1" name="pool-nonint-boundary-throw" isExecutable="true">
    <bpmn2:startEvent id="Event_0r4z3mc">
      <bpmn2:outgoing>SequenceFlow_0jt08f8</bpmn2:outgoing>
    </bpmn2:startEvent>
    <bpmn2:sequenceFlow id="SequenceFlow_0jt08f8" sourceRef="Event_0r4z3mc" targetRef="Task_0bmy5qn"></bpmn2:sequenceFlow>
    <bpmn2:userTask id="Task_0bmy5qn" name="throwtask" activiti:assignee="hruser" activiti:formKey="form-8787138d-85c7-49b2-ae3e-8901426cb381">
      <bpmn2:incoming>SequenceFlow_0jt08f8</bpmn2:incoming>
      <bpmn2:outgoing>SequenceFlow_1070wfd</bpmn2:outgoing>
    </bpmn2:userTask>
    <bpmn2:sequenceFlow id="SequenceFlow_1070wfd" sourceRef="Task_0bmy5qn" targetRef="Event_0clejl4"></bpmn2:sequenceFlow>
    <bpmn2:endEvent id="Event_0clejl4">
      <bpmn2:incoming>SequenceFlow_1070wfd</bpmn2:incoming>
      <messageEventDefinition messageRef="Message_0ockgq1" activiti:correlationKey="${mycorrelationkey}"></messageEventDefinition>
    </bpmn2:endEvent>
  </bpmn2:process>
  <bpmndi:BPMNDiagram id="BPMNDiagram_Collaboration">
    <bpmndi:BPMNPlane bpmnElement="Collaboration" id="BPMNPlane_Collaboration">
      <bpmndi:BPMNShape bpmnElement="Participant_0pvkyl7" id="BPMNShape_Participant_0pvkyl7">
        <omgdc:Bounds height="240.0" width="730.0" x="151.0" y="150.0"></omgdc:Bounds>
      </bpmndi:BPMNShape>
      <bpmndi:BPMNShape bpmnElement="Event_1" id="BPMNShape_Event_1">
        <omgdc:Bounds height="36.0" width="36.0" x="333.0" y="192.0"></omgdc:Bounds>
      </bpmndi:BPMNShape>
      <bpmndi:BPMNShape bpmnElement="Task_0h86dkk" id="BPMNShape_Task_0h86dkk">
        <omgdc:Bounds height="80.0" width="100.0" x="451.0" y="170.0"></omgdc:Bounds>
      </bpmndi:BPMNShape>
      <bpmndi:BPMNShape bpmnElement="Task_17j0c0h" id="BPMNShape_Task_17j0c0h">
        <omgdc:Bounds height="80.0" width="100.0" x="621.0" y="290.0"></omgdc:Bounds>
      </bpmndi:BPMNShape>
      <bpmndi:BPMNShape bpmnElement="Event_1wb1mma" id="BPMNShape_Event_1wb1mma">
        <omgdc:Bounds height="36.0" width="36.0" x="823.0" y="312.0"></omgdc:Bounds>
      </bpmndi:BPMNShape>
      <bpmndi:BPMNShape bpmnElement="Event_1r729aw" id="BPMNShape_Event_1r729aw">
        <omgdc:Bounds height="36.0" width="36.0" x="483.0" y="232.0"></omgdc:Bounds>
      </bpmndi:BPMNShape>
      <bpmndi:BPMNShape bpmnElement="Participant_1gzaumf" id="BPMNShape_Participant_1gzaumf">
        <omgdc:Bounds height="250.0" width="400.0" x="220.0" y="470.0"></omgdc:Bounds>
      </bpmndi:BPMNShape>
      <bpmndi:BPMNShape bpmnElement="Event_0r4z3mc" id="BPMNShape_Event_0r4z3mc">
        <omgdc:Bounds height="36.0" width="36.0" x="292.0" y="582.0"></omgdc:Bounds>
      </bpmndi:BPMNShape>
      <bpmndi:BPMNShape bpmnElement="Task_0bmy5qn" id="BPMNShape_Task_0bmy5qn">
        <omgdc:Bounds height="80.0" width="100.0" x="380.0" y="560.0"></omgdc:Bounds>
      </bpmndi:BPMNShape>
      <bpmndi:BPMNShape bpmnElement="Event_0clejl4" id="BPMNShape_Event_0clejl4">
        <omgdc:Bounds height="36.0" width="36.0" x="532.0" y="582.0"></omgdc:Bounds>
      </bpmndi:BPMNShape>
      <bpmndi:BPMNShape bpmnElement="EndEvent_1p8qxyk" id="BPMNShape_EndEvent_1p8qxyk">
        <omgdc:Bounds height="36.0" width="36.0" x="633.0" y="192.0"></omgdc:Bounds>
      </bpmndi:BPMNShape>
      <bpmndi:BPMNEdge bpmnElement="SequenceFlow_0lpkp7m" id="BPMNEdge_SequenceFlow_0lpkp7m">
        <omgdi:waypoint x="721.0" y="330.0"></omgdi:waypoint>
        <omgdi:waypoint x="823.0" y="330.0"></omgdi:waypoint>
      </bpmndi:BPMNEdge>
      <bpmndi:BPMNEdge bpmnElement="SequenceFlow_11b1kcz" id="BPMNEdge_SequenceFlow_11b1kcz">
        <omgdi:waypoint x="501.0" y="268.0"></omgdi:waypoint>
        <omgdi:waypoint x="501.0" y="330.0"></omgdi:waypoint>
        <omgdi:waypoint x="621.0" y="330.0"></omgdi:waypoint>
      </bpmndi:BPMNEdge>
      <bpmndi:BPMNEdge bpmnElement="SequenceFlow_10kjn9b" id="BPMNEdge_SequenceFlow_10kjn9b">
        <omgdi:waypoint x="369.0" y="210.0"></omgdi:waypoint>
        <omgdi:waypoint x="451.0" y="210.0"></omgdi:waypoint>
      </bpmndi:BPMNEdge>
      <bpmndi:BPMNEdge bpmnElement="SequenceFlow_0jt08f8" id="BPMNEdge_SequenceFlow_0jt08f8">
        <omgdi:waypoint x="328.0" y="600.0"></omgdi:waypoint>
        <omgdi:waypoint x="380.0" y="600.0"></omgdi:waypoint>
      </bpmndi:BPMNEdge>
      <bpmndi:BPMNEdge bpmnElement="SequenceFlow_1070wfd" id="BPMNEdge_SequenceFlow_1070wfd">
        <omgdi:waypoint x="480.0" y="600.0"></omgdi:waypoint>
        <omgdi:waypoint x="532.0" y="600.0"></omgdi:waypoint>
      </bpmndi:BPMNEdge>
      <bpmndi:BPMNEdge bpmnElement="SequenceFlow_0rq6o44" id="BPMNEdge_SequenceFlow_0rq6o44">
        <omgdi:waypoint x="551.0" y="210.0"></omgdi:waypoint>
        <omgdi:waypoint x="633.0" y="210.0"></omgdi:waypoint>
      </bpmndi:BPMNEdge>
    </bpmndi:BPMNPlane>
  </bpmndi:BPMNDiagram>
</bpmn2:definitions>