{"id":"process-9f41df24-9082-4ac9-8c8a-1df790cc62a5","type":"PROCESS","name":"pool-process-calling","extensions":{"Process_ZaxtqGT1":{"constants":{},"mappings":{"CallActivity_12762b6":{"inputs":{"calledvar":{"type":"variable","value":"callingvar"}},"outputs":{"callingvar":{"type":"variable","value":"calledvar"}}}},"properties":{"fad93d96-0e40-464b-9403-f31786b4823f":{"id":"fad93d96-0e40-464b-9403-f31786b4823f","name":"callingvar","type":"string","value":"defaultstring","required":false}},"assignments":{}}}}