<?xml version="1.0" encoding="UTF-8"?>
<definitions xmlns="http://www.omg.org/spec/BPMN/20100524/MODEL" xmlns:xsi="http://www.w3.org/2001/XMLSchema-instance" xmlns:activiti="http://activiti.org/bpmn" xmlns:bpmndi="http://www.omg.org/spec/BPMN/20100524/DI" xmlns:omgdc="http://www.omg.org/spec/DD/20100524/DC" xmlns:omgdi="http://www.omg.org/spec/DD/20100524/DI" xmlns:xsd="http://www.w3.org/2001/XMLSchema" id="model-96304ad4-b868-4d7f-94df-945a670cc243" name="pool-int-boundary-subproc" targetNamespace="http://bpmn.io/schema/bpmn" xsi:schemaLocation="http://www.omg.org/spec/BPMN/20100524/MODEL BPMN20.xsd">
  <collaboration id="Collaboration">
    <participant id="Participant_1esczfp" name="pool-int-bound-subpr-catch" processRef="Process_kYhtnFm1" />
    <participant id="Participant_1y942ac" name="pool-int-bound-subpr-throw" processRef="Process_1uos571" />
  </collaboration>
  <message id="Message_1w097xa" name="interrupting-boundary-subprocess-message" />
  <process id="Process_kYhtnFm1" name="pool-int-bound-subpr-catch" isExecutable="true">
    <startEvent id="StartEvent_1">
      <outgoing>SequenceFlow_0k6zxb7</outgoing>
    </startEvent>
    <endEvent id="EndEvent_18beqaj">
      <incoming>SequenceFlow_1yrcrpb</incoming>
    </endEvent>
    <userTask id="Task_1c5nd8z" name="final-task" activiti:formKey="form-de91c750-1915-4661-9d55-39ad61259016" activiti:assignee="hruser">
      <incoming>SequenceFlow_1r1pvu0</incoming>
      <outgoing>SequenceFlow_1yrcrpb</outgoing>
    </userTask>
    <sequenceFlow id="SequenceFlow_1r1pvu0" sourceRef="BoundaryEvent_0qdfvmr" targetRef="Task_1c5nd8z" />
    <sequenceFlow id="SequenceFlow_1yrcrpb" sourceRef="Task_1c5nd8z" targetRef="EndEvent_18beqaj" />
    <sequenceFlow id="SequenceFlow_0k6zxb7" sourceRef="StartEvent_1" targetRef="SubProcess_0wal67l" />
    <subProcess id="SubProcess_0wal67l" name="parent-task">
      <startEvent id="StartEvent_15yj112">
        <outgoing>SequenceFlow_17ao9wo</outgoing>
      </startEvent>
      <sequenceFlow id="SequenceFlow_17ao9wo" sourceRef="StartEvent_15yj112" targetRef="Task_1erah30" />
      <endEvent id="EndEvent_08j68dk">
        <incoming>SequenceFlow_1a2nbxi</incoming>
      </endEvent>
      <sequenceFlow id="SequenceFlow_1a2nbxi" sourceRef="Task_1erah30" targetRef="EndEvent_08j68dk" />
      <userTask id="Task_1erah30" name="subprocess-task" activiti:assignee="hruser">
        <incoming>SequenceFlow_17ao9wo</incoming>
        <outgoing>SequenceFlow_1a2nbxi</outgoing>
      </userTask>
    </subProcess>
    <boundaryEvent id="BoundaryEvent_0qdfvmr" attachedToRef="SubProcess_0wal67l">
      <outgoing>SequenceFlow_1r1pvu0</outgoing>
      <messageEventDefinition messageRef="Message_1w097xa" activiti:correlationKey="${mycorrelationkey}" />
    </boundaryEvent>
    <endEvent id="EndEvent_0zgx7zk">
      <incoming>SequenceFlow_1umle47</incoming>
    </endEvent>
    <sequenceFlow id="SequenceFlow_1umle47" sourceRef="SubProcess_0wal67l" targetRef="EndEvent_0zgx7zk" />
  </process>
  <process id="Process_1uos571" name="pool-int-bound-subpr-throw" isExecutable="true">
    <startEvent id="Event_0b7qm9g">
      <outgoing>SequenceFlow_1d7nsvb</outgoing>
    </startEvent>
    <userTask id="Task_1bs080q" name="throwtask" activiti:formKey="form-de91c750-1915-4661-9d55-39ad61259016" activiti:assignee="hruser">
      <incoming>SequenceFlow_1d7nsvb</incoming>
      <outgoing>SequenceFlow_080otrp</outgoing>
    </userTask>
    <endEvent id="Event_0t6k4p8">
      <incoming>SequenceFlow_080otrp</incoming>
      <messageEventDefinition messageRef="Message_1w097xa" activiti:correlationKey="${mycorrelationkey}" />
    </endEvent>
    <sequenceFlow id="SequenceFlow_080otrp" sourceRef="Task_1bs080q" targetRef="Event_0t6k4p8" />
    <sequenceFlow id="SequenceFlow_1d7nsvb" sourceRef="Event_0b7qm9g" targetRef="Task_1bs080q" />
  </process>
  <bpmndi:BPMNDiagram id="BPMNDiagram_Collaboration">
    <bpmndi:BPMNPlane id="BPMNPlane_Collaboration" bpmnElement="Collaboration">
      <bpmndi:BPMNShape id="BPMNShape_StartEvent_15yj112" bpmnElement="StartEvent_15yj112">
        <omgdc:Bounds x="285" y="152" width="36" height="36" />
      </bpmndi:BPMNShape>
      <bpmndi:BPMNShape id="BPMNShape_EndEvent_08j68dk" bpmnElement="EndEvent_08j68dk">
        <omgdc:Bounds x="521" y="152" width="36" height="36" />
      </bpmndi:BPMNShape>
      <bpmndi:BPMNShape id="BPMNShape_Task_1erah30" bpmnElement="Task_1erah30">
        <omgdc:Bounds x="371" y="130" width="100" height="80" />
      </bpmndi:BPMNShape>
      <bpmndi:BPMNShape id="BPMNShape_Participant_1esczfp" bpmnElement="Participant_1esczfp">
        <omgdc:Bounds x="55" y="67" width="810" height="360" />
      </bpmndi:BPMNShape>
      <bpmndi:BPMNShape id="BPMNShape_StartEvent_1" bpmnElement="StartEvent_1">
        <omgdc:Bounds x="108" y="154" width="36" height="36" />
      </bpmndi:BPMNShape>
      <bpmndi:BPMNShape id="BPMNShape_EndEvent_18beqaj" bpmnElement="EndEvent_18beqaj">
        <omgdc:Bounds x="806" y="345" width="36" height="36" />
      </bpmndi:BPMNShape>
      <bpmndi:BPMNShape id="BPMNShape_Task_1c5nd8z" bpmnElement="Task_1c5nd8z">
        <omgdc:Bounds x="656" y="323" width="100" height="80" />
      </bpmndi:BPMNShape>
      <bpmndi:BPMNShape id="BPMNShape_SubProcess_0wal67l" bpmnElement="SubProcess_0wal67l" isExpanded="true">
        <omgdc:Bounds x="270" y="91" width="350" height="200" />
      </bpmndi:BPMNShape>
      <bpmndi:BPMNShape id="BPMNShape_BoundaryEvent_0qdfvmr" bpmnElement="BoundaryEvent_0qdfvmr">
        <omgdc:Bounds x="417" y="273" width="36" height="36" />
      </bpmndi:BPMNShape>
      <bpmndi:BPMNShape id="BPMNShape_Participant_1y942ac" bpmnElement="Participant_1y942ac">
        <omgdc:Bounds x="120" y="520" width="400" height="250" />
      </bpmndi:BPMNShape>
      <bpmndi:BPMNShape id="BPMNShape_Event_0b7qm9g" bpmnElement="Event_0b7qm9g">
        <omgdc:Bounds x="192" y="632" width="36" height="36" />
      </bpmndi:BPMNShape>
      <bpmndi:BPMNShape id="BPMNShape_Task_1bs080q" bpmnElement="Task_1bs080q">
        <omgdc:Bounds x="280" y="610" width="100" height="80" />
      </bpmndi:BPMNShape>
      <bpmndi:BPMNShape id="BPMNShape_Event_0t6k4p8" bpmnElement="Event_0t6k4p8">
        <omgdc:Bounds x="432" y="632" width="36" height="36" />
      </bpmndi:BPMNShape>
      <bpmndi:BPMNShape id="BPMNShape_EndEvent_0zgx7zk" bpmnElement="EndEvent_0zgx7zk">
        <omgdc:Bounds x="752" y="173" width="36" height="36" />
      </bpmndi:BPMNShape>
      <bpmndi:BPMNEdge id="BPMNEdge_SequenceFlow_17ao9wo" bpmnElement="SequenceFlow_17ao9wo">
        <omgdi:waypoint x="321" y="170" />
        <omgdi:waypoint x="371" y="170" />
      </bpmndi:BPMNEdge>
      <bpmndi:BPMNEdge id="BPMNEdge_SequenceFlow_1a2nbxi" bpmnElement="SequenceFlow_1a2nbxi">
        <omgdi:waypoint x="471" y="170" />
        <omgdi:waypoint x="521" y="170" />
      </bpmndi:BPMNEdge>
      <bpmndi:BPMNEdge id="BPMNEdge_SequenceFlow_1r1pvu0" bpmnElement="SequenceFlow_1r1pvu0">
        <omgdi:waypoint x="435" y="309" />
        <omgdi:waypoint x="435" y="363" />
        <omgdi:waypoint x="656" y="363" />
      </bpmndi:BPMNEdge>
      <bpmndi:BPMNEdge id="BPMNEdge_SequenceFlow_1yrcrpb" bpmnElement="SequenceFlow_1yrcrpb">
        <omgdi:waypoint x="756" y="363" />
        <omgdi:waypoint x="806" y="363" />
      </bpmndi:BPMNEdge>
      <bpmndi:BPMNEdge id="BPMNEdge_SequenceFlow_0k6zxb7" bpmnElement="SequenceFlow_0k6zxb7">
        <omgdi:waypoint x="144" y="172" />
        <omgdi:waypoint x="207" y="172" />
        <omgdi:waypoint x="207" y="170" />
        <omgdi:waypoint x="270" y="170" />
      </bpmndi:BPMNEdge>
      <bpmndi:BPMNEdge id="BPMNEdge_SequenceFlow_1d7nsvb" bpmnElement="SequenceFlow_1d7nsvb">
        <omgdi:waypoint x="228" y="650" />
        <omgdi:waypoint x="280" y="650" />
      </bpmndi:BPMNEdge>
      <bpmndi:BPMNEdge id="BPMNEdge_SequenceFlow_080otrp" bpmnElement="SequenceFlow_080otrp">
        <omgdi:waypoint x="380" y="650" />
        <omgdi:waypoint x="432" y="650" />
      </bpmndi:BPMNEdge>
      <bpmndi:BPMNEdge id="BPMNEdge_SequenceFlow_1umle47" bpmnElement="SequenceFlow_1umle47">
        <omgdi:waypoint x="620" y="191" />
        <omgdi:waypoint x="752" y="191" />
      </bpmndi:BPMNEdge>
    </bpmndi:BPMNPlane>
  </bpmndi:BPMNDiagram>
</definitions>
