<?xml version="1.0" encoding="UTF-8"?>
<bpmn2:definitions xmlns="http://www.omg.org/spec/BPMN/20100524/MODEL" xmlns:bpmn2="http://www.omg.org/spec/BPMN/20100524/MODEL" xmlns:xsi="http://www.w3.org/2001/XMLSchema-instance" xmlns:xsd="http://www.w3.org/2001/XMLSchema" xmlns:activiti="http://activiti.org/bpmn" xmlns:bpmndi="http://www.omg.org/spec/BPMN/20100524/DI" xmlns:omgdc="http://www.omg.org/spec/DD/20100524/DC" xmlns:omgdi="http://www.omg.org/spec/DD/20100524/DI" typeLanguage="http://www.w3.org/2001/XMLSchema" expressionLanguage="http://www.w3.org/1999/XPath" targetNamespace="http://bpmn.io/schema/bpmn" id="model-04d1d3f1-1a87-4bc8-8908-5dc5065c5825" name="pool-intermed-messag-ev" xsi:schemaLocation="http://www.omg.org/spec/BPMN/20100524/MODEL BPMN20.xsd">
  <bpmn2:collaboration id="Collaboration">
    <bpmn2:participant id="Participant_14dt2mj" name="pool-interm-message-throw" processRef="Process_tW_Fwjqj"></bpmn2:participant>
    <bpmn2:participant id="Participant_05lh96h" name="pool-interm-message-catch" processRef="Process_0f5sn37"></bpmn2:participant>
  </bpmn2:collaboration>
  <bpmn2:message id="Message_053jyi1" name="pool-intermediate_message"></bpmn2:message>
  <bpmn2:process id="Process_tW_Fwjqj" name="pool-interm-message-throw" isExecutable="true">
    <bpmn2:startEvent id="Event_1" activiti:formKey="form-1257f0f4-515f-412e-82a6-e3a8004d7aba">
      <bpmn2:outgoing>SequenceFlow_0rvasmg</bpmn2:outgoing>
    </bpmn2:startEvent>
    <bpmn2:sequenceFlow id="SequenceFlow_0rvasmg" sourceRef="Event_1" targetRef="Event_111dmsq"></bpmn2:sequenceFlow>
    <bpmn2:intermediateThrowEvent id="Event_111dmsq">
      <bpmn2:incoming>SequenceFlow_0rvasmg</bpmn2:incoming>
      <bpmn2:outgoing>SequenceFlow_0wq258f</bpmn2:outgoing>
      <messageEventDefinition messageRef="Message_053jyi1" activiti:correlationKey="${mycorrelationkey}"></messageEventDefinition>
    </bpmn2:intermediateThrowEvent>
    <bpmn2:sequenceFlow id="SequenceFlow_0wq258f" sourceRef="Event_111dmsq" targetRef="Event_03n0rlu"></bpmn2:sequenceFlow>
    <bpmn2:endEvent id="Event_03n0rlu">
      <bpmn2:incoming>SequenceFlow_0wq258f</bpmn2:incoming>
    </bpmn2:endEvent>
  </bpmn2:process>
  <bpmn2:process id="Process_0f5sn37" name="pool-interm-message-catch" isExecutable="true">
    <bpmn2:sequenceFlow id="SequenceFlow_0hrhmlo" sourceRef="Event_11qtp8u" targetRef="Event_15hcy8u"></bpmn2:sequenceFlow>
    <bpmn2:startEvent id="Event_0yfpzkf" activiti:formKey="form-1257f0f4-515f-412e-82a6-e3a8004d7aba">
      <bpmn2:outgoing>SequenceFlow_1hlpxql</bpmn2:outgoing>
    </bpmn2:startEvent>
    <bpmn2:sequenceFlow id="SequenceFlow_1hlpxql" sourceRef="Event_0yfpzkf" targetRef="Event_11qtp8u"></bpmn2:sequenceFlow>
    <bpmn2:endEvent id="Event_15hcy8u">
      <bpmn2:incoming>SequenceFlow_0hrhmlo</bpmn2:incoming>
    </bpmn2:endEvent>
    <bpmn2:intermediateCatchEvent id="Event_11qtp8u">
      <bpmn2:incoming>SequenceFlow_1hlpxql</bpmn2:incoming>
      <bpmn2:outgoing>SequenceFlow_0hrhmlo</bpmn2:outgoing>
      <messageEventDefinition messageRef="Message_053jyi1" activiti:correlationKey="${mycorrelationkey}"></messageEventDefinition>
    </bpmn2:intermediateCatchEvent>
  </bpmn2:process>
  <bpmndi:BPMNDiagram id="BPMNDiagram_Collaboration">
    <bpmndi:BPMNPlane bpmnElement="Collaboration" id="BPMNPlane_Collaboration">
      <bpmndi:BPMNShape bpmnElement="Participant_14dt2mj" id="BPMNShape_Participant_14dt2mj">
        <omgdc:Bounds height="200.0" width="570.0" x="330.0" y="158.0"></omgdc:Bounds>
      </bpmndi:BPMNShape>
      <bpmndi:BPMNShape bpmnElement="Event_1" id="BPMNShape_Event_1">
        <omgdc:Bounds height="36.0" width="36.0" x="392.0" y="240.0"></omgdc:Bounds>
      </bpmndi:BPMNShape>
      <bpmndi:BPMNShape bpmnElement="Participant_05lh96h" id="BPMNShape_Participant_05lh96h">
        <omgdc:Bounds height="250.0" width="588.0" x="330.0" y="410.0"></omgdc:Bounds>
      </bpmndi:BPMNShape>
      <bpmndi:BPMNShape bpmnElement="Event_15hcy8u" id="BPMNShape_Event_15hcy8u">
        <omgdc:Bounds height="36.0" width="36.0" x="862.0" y="502.0"></omgdc:Bounds>
      </bpmndi:BPMNShape>
      <bpmndi:BPMNShape bpmnElement="Event_111dmsq" id="BPMNShape_Event_111dmsq">
        <omgdc:Bounds height="36.0" width="36.0" x="622.0" y="240.0"></omgdc:Bounds>
      </bpmndi:BPMNShape>
      <bpmndi:BPMNShape bpmnElement="Event_11qtp8u" id="BPMNShape_Event_11qtp8u">
        <omgdc:Bounds height="36.0" width="36.0" x="632.0" y="502.0"></omgdc:Bounds>
      </bpmndi:BPMNShape>
      <bpmndi:BPMNShape bpmnElement="Event_03n0rlu" id="BPMNShape_Event_03n0rlu">
        <omgdc:Bounds height="36.0" width="36.0" x="842.0" y="240.0"></omgdc:Bounds>
      </bpmndi:BPMNShape>
      <bpmndi:BPMNShape bpmnElement="Event_0yfpzkf" id="BPMNShape_Event_0yfpzkf">
        <omgdc:Bounds height="36.0" width="36.0" x="372.0" y="502.0"></omgdc:Bounds>
      </bpmndi:BPMNShape>
      <bpmndi:BPMNEdge bpmnElement="SequenceFlow_0rvasmg" id="BPMNEdge_SequenceFlow_0rvasmg">
        <omgdi:waypoint x="428.0" y="258.0"></omgdi:waypoint>
        <omgdi:waypoint x="622.0" y="258.0"></omgdi:waypoint>
      </bpmndi:BPMNEdge>
      <bpmndi:BPMNEdge bpmnElement="SequenceFlow_0hrhmlo" id="BPMNEdge_SequenceFlow_0hrhmlo">
        <omgdi:waypoint x="668.0" y="520.0"></omgdi:waypoint>
        <omgdi:waypoint x="862.0" y="520.0"></omgdi:waypoint>
      </bpmndi:BPMNEdge>
      <bpmndi:BPMNEdge bpmnElement="SequenceFlow_0wq258f" id="BPMNEdge_SequenceFlow_0wq258f">
        <omgdi:waypoint x="658.0" y="258.0"></omgdi:waypoint>
        <omgdi:waypoint x="842.0" y="258.0"></omgdi:waypoint>
      </bpmndi:BPMNEdge>
      <bpmndi:BPMNEdge bpmnElement="SequenceFlow_1hlpxql" id="BPMNEdge_SequenceFlow_1hlpxql">
        <omgdi:waypoint x="408.0" y="520.0"></omgdi:waypoint>
        <omgdi:waypoint x="632.0" y="520.0"></omgdi:waypoint>
      </bpmndi:BPMNEdge>
    </bpmndi:BPMNPlane>
  </bpmndi:BPMNDiagram>
</bpmn2:definitions>