{"id":"process-db197a52-48d4-4857-be7f-fd527cdae58a","type":"PROCESS","name":"processdate","extensions":{"constants":{"ServiceTask_1dpvb65":{"_activiti_dmn_table_":{"value":"decisiondate"}}},"mappings":{"Task_0guinu7":{"inputs":{"inputText":{"type":"variable","value":"stringvar"},"inputNumber":{"type":"variable","value":"numbervar"},"inputCheckbox":{"type":"variable","value":"booleanvar"},"inputDate":{"type":"variable","value":"datevar"}},"outputs":{"stringvar":{"type":"variable","value":"inputText"},"numbervar":{"type":"variable","value":"inputNumber"},"booleanvar":{"type":"variable","value":"inputCheckbox"},"datevar":{"type":"variable","value":"inputDate"}}},"ServiceTask_1dpvb65":{"inputs":{"inputString":{"type":"variable","value":"stringvar"},"inputInteger":{"type":"variable","value":"numbervar"},"inputDate":{"type":"variable","value":"datevar"},"intBoolean":{"type":"variable","value":"booleanvar"}},"outputs":{"datevar":{"type":"variable","value":"outDate"}}},"Task_0628s88":{"inputs":{"outputText":{"type":"variable","value":"stringvar"},"outputNumber":{"type":"variable","value":"numbervar"},"outputCheckbox":{"type":"variable","value":"booleanvar"},"outputDate":{"type":"variable","value":"datevar"}}}},"properties":{"7c0f4722-35de-42c6-8915-fec4b897d98e":{"id":"7c0f4722-35de-42c6-8915-fec4b897d98e","name":"stringvar","type":"string","value":"","required":false},"a8c22eb0-47f4-4d65-be9f-c2ed6e8a381f":{"id":"a8c22eb0-47f4-4d65-be9f-c2ed6e8a381f","name":"booleanvar","type":"boolean","required":false},"b0df112d-a314-4d22-b605-bbd5ebee8c83":{"id":"b0df112d-a314-4d22-b605-bbd5ebee8c83","name":"numbervar","type":"integer","required":false},"d97e8c59-dd41-496b-8755-3661550e8f1a":{"id":"d97e8c59-dd41-496b-8755-3661550e8f1a","name":"datevar","type":"date","required":false}}}}