<?xml version="1.0" encoding="UTF-8"?>
<bpmn2:definitions xmlns="http://www.omg.org/spec/BPMN/20100524/MODEL" xmlns:bpmn2="http://www.omg.org/spec/BPMN/20100524/MODEL" xmlns:xsi="http://www.w3.org/2001/XMLSchema-instance" xmlns:xsd="http://www.w3.org/2001/XMLSchema" xmlns:activiti="http://activiti.org/bpmn" xmlns:bpmndi="http://www.omg.org/spec/BPMN/20100524/DI" xmlns:omgdc="http://www.omg.org/spec/DD/20100524/DC" xmlns:omgdi="http://www.omg.org/spec/DD/20100524/DI" typeLanguage="http://www.w3.org/2001/XMLSchema" expressionLanguage="http://www.w3.org/1999/XPath" targetNamespace="http://bpmn.io/schema/bpmn" id="model-640584cd-f3f7-4833-af2d-16023b062b07" name="processstring" xsi:schemaLocation="http://www.omg.org/spec/BPMN/20100524/MODEL BPMN20.xsd">
  <bpmn2:process id="Process_24rkVVSR" name="processstring" isExecutable="true">
    <bpmn2:startEvent id="StartEvent_1">
      <bpmn2:outgoing>SequenceFlow_1vp9m0n</bpmn2:outgoing>
    </bpmn2:startEvent>
    <bpmn2:sequenceFlow id="SequenceFlow_1vp9m0n" sourceRef="StartEvent_1" targetRef="Task_1j6y9be"></bpmn2:sequenceFlow>
    <bpmn2:serviceTask id="ServiceTask_0lszm0x" implementation="dmn-connector.EXECUTE_TABLE">
      <bpmn2:incoming>SequenceFlow_0cvulxu</bpmn2:incoming>
      <bpmn2:outgoing>SequenceFlow_0uz7lqv</bpmn2:outgoing>
    </bpmn2:serviceTask>
    <bpmn2:sequenceFlow id="SequenceFlow_0uz7lqv" sourceRef="ServiceTask_0lszm0x" targetRef="Task_1qfcd9m"></bpmn2:sequenceFlow>
    <bpmn2:endEvent id="EndEvent_074tyke">
      <bpmn2:incoming>SequenceFlow_001cd5v</bpmn2:incoming>
    </bpmn2:endEvent>
    <bpmn2:sequenceFlow id="SequenceFlow_001cd5v" sourceRef="Task_1qfcd9m" targetRef="EndEvent_074tyke"></bpmn2:sequenceFlow>
    <bpmn2:sequenceFlow id="SequenceFlow_0cvulxu" sourceRef="Task_1j6y9be" targetRef="ServiceTask_0lszm0x"></bpmn2:sequenceFlow>
    <bpmn2:userTask id="Task_1j6y9be" name="inputtask" activiti:assignee="hruser" activiti:formKey="form-82fc1eba-6c95-4b00-a716-0aa8dd32c44d">
      <bpmn2:incoming>SequenceFlow_1vp9m0n</bpmn2:incoming>
      <bpmn2:outgoing>SequenceFlow_0cvulxu</bpmn2:outgoing>
    </bpmn2:userTask>
    <bpmn2:userTask id="Task_1qfcd9m" name="outputtask" activiti:assignee="hruser" activiti:formKey="form-ff2d5db5-a921-4906-88dc-36baa9f9c640">
      <bpmn2:incoming>SequenceFlow_0uz7lqv</bpmn2:incoming>
      <bpmn2:outgoing>SequenceFlow_001cd5v</bpmn2:outgoing>
    </bpmn2:userTask>
  </bpmn2:process>
  <bpmndi:BPMNDiagram id="BPMNDiagram_Process_24rkVVSR">
    <bpmndi:BPMNPlane bpmnElement="Process_24rkVVSR" id="BPMNPlane_Process_24rkVVSR">
      <bpmndi:BPMNShape bpmnElement="StartEvent_1" id="BPMNShape_StartEvent_1">
        <omgdc:Bounds height="36.0" width="36.0" x="108.0" y="182.0"></omgdc:Bounds>
      </bpmndi:BPMNShape>
      <bpmndi:BPMNShape bpmnElement="ServiceTask_0lszm0x" id="BPMNShape_ServiceTask_0lszm0x">
        <omgdc:Bounds height="80.0" width="100.0" x="343.0" y="160.0"></omgdc:Bounds>
      </bpmndi:BPMNShape>
      <bpmndi:BPMNShape bpmnElement="EndEvent_074tyke" id="BPMNShape_EndEvent_074tyke">
        <omgdc:Bounds height="36.0" width="36.0" x="643.0" y="182.0"></omgdc:Bounds>
      </bpmndi:BPMNShape>
      <bpmndi:BPMNShape bpmnElement="Task_1j6y9be" id="BPMNShape_Task_1j6y9be">
        <omgdc:Bounds height="80.0" width="100.0" x="194.0" y="160.0"></omgdc:Bounds>
      </bpmndi:BPMNShape>
      <bpmndi:BPMNShape bpmnElement="Task_1qfcd9m" id="BPMNShape_Task_1qfcd9m">
        <omgdc:Bounds height="80.0" width="100.0" x="493.0" y="160.0"></omgdc:Bounds>
      </bpmndi:BPMNShape>
      <bpmndi:BPMNEdge bpmnElement="SequenceFlow_1vp9m0n" id="BPMNEdge_SequenceFlow_1vp9m0n">
        <omgdi:waypoint x="144.0" y="200.0"></omgdi:waypoint>
        <omgdi:waypoint x="194.0" y="200.0"></omgdi:waypoint>
      </bpmndi:BPMNEdge>
      <bpmndi:BPMNEdge bpmnElement="SequenceFlow_0uz7lqv" id="BPMNEdge_SequenceFlow_0uz7lqv">
        <omgdi:waypoint x="443.0" y="200.0"></omgdi:waypoint>
        <omgdi:waypoint x="493.0" y="200.0"></omgdi:waypoint>
      </bpmndi:BPMNEdge>
      <bpmndi:BPMNEdge bpmnElement="SequenceFlow_001cd5v" id="BPMNEdge_SequenceFlow_001cd5v">
        <omgdi:waypoint x="593.0" y="200.0"></omgdi:waypoint>
        <omgdi:waypoint x="643.0" y="200.0"></omgdi:waypoint>
      </bpmndi:BPMNEdge>
      <bpmndi:BPMNEdge bpmnElement="SequenceFlow_0cvulxu" id="BPMNEdge_SequenceFlow_0cvulxu">
        <omgdi:waypoint x="294.0" y="200.0"></omgdi:waypoint>
        <omgdi:waypoint x="343.0" y="200.0"></omgdi:waypoint>
      </bpmndi:BPMNEdge>
    </bpmndi:BPMNPlane>
  </bpmndi:BPMNDiagram>
</bpmn2:definitions>