<?xml version="1.0" encoding="UTF-8"?>
<definitions xmlns="http://www.omg.org/spec/BPMN/20100524/MODEL" xmlns:xsi="http://www.w3.org/2001/XMLSchema-instance" xmlns:activiti="http://activiti.org/bpmn" xmlns:bpmndi="http://www.omg.org/spec/BPMN/20100524/DI" xmlns:omgdc="http://www.omg.org/spec/DD/20100524/DC" xmlns:omgdi="http://www.omg.org/spec/DD/20100524/DI" xmlns:xsd="http://www.w3.org/2001/XMLSchema" id="model-b5647c5e-6f52-44f5-998b-65fe0d26df81" name="processinteger" targetNamespace="http://bpmn.io/schema/bpmn" xsi:schemaLocation="http://www.omg.org/spec/BPMN/20100524/MODEL BPMN20.xsd">
  <process id="Process_FbN7DN2e" name="processinteger" isExecutable="true">
    <startEvent id="StartEvent_1">
      <outgoing>SequenceFlow_0rqfs7k</outgoing>
    </startEvent>
    <sequenceFlow id="SequenceFlow_0rqfs7k" sourceRef="StartEvent_1" targetRef="Task_1uljnuh" />
    <serviceTask id="ServiceTask_1pjtm9m" implementation="dmn-connector.EXECUTE_TABLE" />
    <sequenceFlow id="SequenceFlow_0300ytm" sourceRef="ServiceTask_1pjtm9m" targetRef="Task_1s4me6i" />
    <endEvent id="EndEvent_1b3fnly">
      <incoming>SequenceFlow_1y41wsw</incoming>
    </endEvent>
    <sequenceFlow id="SequenceFlow_1y41wsw" sourceRef="Task_1s4me6i" targetRef="EndEvent_1b3fnly" />
    <sequenceFlow id="SequenceFlow_0cqgiyo" sourceRef="Task_1uljnuh" targetRef="ServiceTask_1pjtm9m" />
    <userTask id="Task_1uljnuh" name="inputtask" activiti:formKey="form-077d43da-7665-4971-b55f-350c7031ee7d" activiti:assignee="hruser" />
    <userTask id="Task_1s4me6i" name="outputtask" activiti:formKey="form-3ff67ffa-da1d-44f6-afb1-317c87c2dabd" activiti:assignee="hruser" />
  </process>
  <bpmndi:BPMNDiagram id="BPMNDiagram_Process_FbN7DN2e">
    <bpmndi:BPMNPlane id="BPMNPlane_Process_FbN7DN2e" bpmnElement="Process_FbN7DN2e">
      <bpmndi:BPMNShape id="BPMNShape_StartEvent_1" bpmnElement="StartEvent_1">
        <omgdc:Bounds x="154" y="214" width="36" height="36" />
      </bpmndi:BPMNShape>
      <bpmndi:BPMNShape id="BPMNShape_ServiceTask_1pjtm9m" bpmnElement="ServiceTask_1pjtm9m">
        <omgdc:Bounds x="412" y="192" width="100" height="80" />
      </bpmndi:BPMNShape>
      <bpmndi:BPMNShape id="BPMNShape_EndEvent_1b3fnly" bpmnElement="EndEvent_1b3fnly">
        <omgdc:Bounds x="712" y="214" width="36" height="36" />
      </bpmndi:BPMNShape>
      <bpmndi:BPMNShape id="BPMNShape_Task_1uljnuh" bpmnElement="Task_1uljnuh">
        <omgdc:Bounds x="240" y="192" width="100" height="80" />
      </bpmndi:BPMNShape>
      <bpmndi:BPMNShape id="BPMNShape_Task_1s4me6i" bpmnElement="Task_1s4me6i">
        <omgdc:Bounds x="562" y="192" width="100" height="80" />
      </bpmndi:BPMNShape>
      <bpmndi:BPMNEdge id="BPMNEdge_SequenceFlow_0rqfs7k" bpmnElement="SequenceFlow_0rqfs7k">
        <omgdi:waypoint x="190" y="232" />
        <omgdi:waypoint x="240" y="232" />
      </bpmndi:BPMNEdge>
      <bpmndi:BPMNEdge id="BPMNEdge_SequenceFlow_0300ytm" bpmnElement="SequenceFlow_0300ytm">
        <omgdi:waypoint x="512" y="232" />
        <omgdi:waypoint x="562" y="232" />
      </bpmndi:BPMNEdge>
      <bpmndi:BPMNEdge id="BPMNEdge_SequenceFlow_1y41wsw" bpmnElement="SequenceFlow_1y41wsw">
        <omgdi:waypoint x="662" y="232" />
        <omgdi:waypoint x="712" y="232" />
      </bpmndi:BPMNEdge>
      <bpmndi:BPMNEdge id="BPMNEdge_SequenceFlow_0cqgiyo" bpmnElement="SequenceFlow_0cqgiyo">
        <omgdi:waypoint x="340" y="232" />
        <omgdi:waypoint x="412" y="232" />
      </bpmndi:BPMNEdge>
    </bpmndi:BPMNPlane>
  </bpmndi:BPMNDiagram>
</definitions>
