{"id":"process-478fb8bc-16c0-416e-94fd-e979b9d75cbd","type":"PROCESS","name":"processwithvariables","extensions":{"mappings":{},"constants":{},"properties":{"22d1b827-24eb-49d6-ae16-d50d39903940":{"id":"22d1b827-24eb-49d6-ae16-d50d39903940","name":"nameString","type":"string","value":"string","required":false},"39f90b1f-a7fc-4108-b6e8-717651ebd779":{"id":"39f90b1f-a7fc-4108-b6e8-717651ebd779","name":"nameInteger","type":"integer","required":false,"value":11},"c7dad02e-9e79-4e3f-bede-250f8f5edc78":{"id":"c7dad02e-9e79-4e3f-bede-250f8f5edc78","name":"nameBoolean","type":"boolean","required":false,"value":false},"bd95f132-aaff-4cfa-a5b7-7e4770c4f4fa":{"id":"bd95f132-aaff-4cfa-a5b7-7e4770c4f4fa","name":"nameDate","type":"date","required":false,"value":"2019-09-13"}}}}