{"id":"process-030cb10e-8c96-4b30-9976-2c2134d5eaa2","type":"PROCESS","name":"processdate","key":"processdate","extensions":{"Process_FvmdAXi2":{"mappings":{"Task_0guinu7":{"inputs":{"inputText":{"type":"variable","value":"stringvar"},"inputNumber":{"type":"variable","value":"numbervar"},"inputCheckbox":{"type":"variable","value":"booleanvar"},"inputDate":{"type":"variable","value":"datevar"}},"outputs":{"stringvar":{"type":"variable","value":"inputText"},"numbervar":{"type":"variable","value":"inputNumber"},"booleanvar":{"type":"variable","value":"inputCheckbox"},"datevar":{"type":"variable","value":"inputDate"}}},"ServiceTask_1dpvb65":{"inputs":{"inputString":{"type":"variable","value":"stringvar"},"inputInteger":{"type":"variable","value":"numbervar"},"inputDate":{"type":"variable","value":"datevar"},"intBoolean":{"type":"variable","value":"booleanvar"}},"outputs":{"datevar":{"type":"variable","value":"outDate"}}},"Task_0628s88":{"inputs":{"outputText":{"type":"variable","value":"stringvar"},"outputNumber":{"type":"variable","value":"numbervar"},"outputCheckbox":{"type":"variable","value":"booleanvar"},"outputDate":{"type":"variable","value":"datevar"}},"outputs":{}}},"assignments":{"Task_0guinu7":{"type":"identity","assignment":"assignee","id":"Task_0guinu7"},"Task_0628s88":{"type":"identity","assignment":"assignee","id":"Task_0628s88"}},"templates":{"tasks":{}},"constants":{"ServiceTask_1dpvb65":{"_activiti_dmn_table_":{"value":"decisiondate"}}},"properties":{"7c0f4722-35de-42c6-8915-fec4b897d98e":{"id":"7c0f4722-35de-42c6-8915-fec4b897d98e","name":"stringvar","type":"string","required":false,"ephemeral":false,"value":"","display":false,"analytics":false},"a8c22eb0-47f4-4d65-be9f-c2ed6e8a381f":{"id":"a8c22eb0-47f4-4d65-be9f-c2ed6e8a381f","name":"booleanvar","type":"boolean","required":false,"ephemeral":false,"display":false,"analytics":false},"b0df112d-a314-4d22-b605-bbd5ebee8c83":{"id":"b0df112d-a314-4d22-b605-bbd5ebee8c83","name":"numbervar","type":"integer","required":false,"ephemeral":false,"display":false,"analytics":false},"d97e8c59-dd41-496b-8755-3661550e8f1a":{"id":"d97e8c59-dd41-496b-8755-3661550e8f1a","name":"datevar","type":"date","required":false,"ephemeral":false,"display":false,"analytics":false}}}}}