<?xml version="1.0" encoding="UTF-8"?>
<bpmn2:definitions xmlns="http://www.omg.org/spec/BPMN/20100524/MODEL" xmlns:bpmn2="http://www.omg.org/spec/BPMN/20100524/MODEL" xmlns:xsi="http://www.w3.org/2001/XMLSchema-instance" xmlns:xsd="http://www.w3.org/2001/XMLSchema" xmlns:activiti="http://activiti.org/bpmn" xmlns:bpmndi="http://www.omg.org/spec/BPMN/20100524/DI" xmlns:omgdc="http://www.omg.org/spec/DD/20100524/DC" xmlns:omgdi="http://www.omg.org/spec/DD/20100524/DI" typeLanguage="http://www.w3.org/2001/XMLSchema" expressionLanguage="http://www.w3.org/1999/XPath" targetNamespace="http://bpmn.io/schema/bpmn" id="model-b5647c5e-6f52-44f5-998b-65fe0d26df81" name="processinteger" xsi:schemaLocation="http://www.omg.org/spec/BPMN/20100524/MODEL BPMN20.xsd">
  <bpmn2:process id="Process_FbN7DN2e" name="processinteger" isExecutable="true">
    <bpmn2:startEvent id="StartEvent_1">
      <bpmn2:outgoing>SequenceFlow_0rqfs7k</bpmn2:outgoing>
    </bpmn2:startEvent>
    <bpmn2:sequenceFlow id="SequenceFlow_0rqfs7k" sourceRef="StartEvent_1" targetRef="Task_1uljnuh"></bpmn2:sequenceFlow>
    <bpmn2:serviceTask id="ServiceTask_1pjtm9m" implementation="dmn-connector.EXECUTE_TABLE">
      <bpmn2:incoming>SequenceFlow_0cqgiyo</bpmn2:incoming>
      <bpmn2:outgoing>SequenceFlow_0300ytm</bpmn2:outgoing>
    </bpmn2:serviceTask>
    <bpmn2:sequenceFlow id="SequenceFlow_0300ytm" sourceRef="ServiceTask_1pjtm9m" targetRef="Task_1s4me6i"></bpmn2:sequenceFlow>
    <bpmn2:endEvent id="EndEvent_1b3fnly">
      <bpmn2:incoming>SequenceFlow_1y41wsw</bpmn2:incoming>
    </bpmn2:endEvent>
    <bpmn2:sequenceFlow id="SequenceFlow_1y41wsw" sourceRef="Task_1s4me6i" targetRef="EndEvent_1b3fnly"></bpmn2:sequenceFlow>
    <bpmn2:sequenceFlow id="SequenceFlow_0cqgiyo" sourceRef="Task_1uljnuh" targetRef="ServiceTask_1pjtm9m"></bpmn2:sequenceFlow>
    <bpmn2:userTask id="Task_1uljnuh" name="inputtask" activiti:assignee="hruser" activiti:formKey="form-18c03695-554a-428f-b99e-f263a26c93f4">
      <bpmn2:incoming>SequenceFlow_0rqfs7k</bpmn2:incoming>
      <bpmn2:outgoing>SequenceFlow_0cqgiyo</bpmn2:outgoing>
    </bpmn2:userTask>
    <bpmn2:userTask id="Task_1s4me6i" name="outputtask" activiti:assignee="hruser" activiti:formKey="form-5735eb70-cf4a-4266-9e88-89bed716e9dd">
      <bpmn2:incoming>SequenceFlow_0300ytm</bpmn2:incoming>
      <bpmn2:outgoing>SequenceFlow_1y41wsw</bpmn2:outgoing>
    </bpmn2:userTask>
  </bpmn2:process>
  <bpmndi:BPMNDiagram id="BPMNDiagram_Process_FbN7DN2e">
    <bpmndi:BPMNPlane bpmnElement="Process_FbN7DN2e" id="BPMNPlane_Process_FbN7DN2e">
      <bpmndi:BPMNShape bpmnElement="StartEvent_1" id="BPMNShape_StartEvent_1">
        <omgdc:Bounds height="36.0" width="36.0" x="154.0" y="214.0"></omgdc:Bounds>
      </bpmndi:BPMNShape>
      <bpmndi:BPMNShape bpmnElement="ServiceTask_1pjtm9m" id="BPMNShape_ServiceTask_1pjtm9m">
        <omgdc:Bounds height="80.0" width="100.0" x="412.0" y="192.0"></omgdc:Bounds>
      </bpmndi:BPMNShape>
      <bpmndi:BPMNShape bpmnElement="EndEvent_1b3fnly" id="BPMNShape_EndEvent_1b3fnly">
        <omgdc:Bounds height="36.0" width="36.0" x="712.0" y="214.0"></omgdc:Bounds>
      </bpmndi:BPMNShape>
      <bpmndi:BPMNShape bpmnElement="Task_1uljnuh" id="BPMNShape_Task_1uljnuh">
        <omgdc:Bounds height="80.0" width="100.0" x="240.0" y="192.0"></omgdc:Bounds>
      </bpmndi:BPMNShape>
      <bpmndi:BPMNShape bpmnElement="Task_1s4me6i" id="BPMNShape_Task_1s4me6i">
        <omgdc:Bounds height="80.0" width="100.0" x="562.0" y="192.0"></omgdc:Bounds>
      </bpmndi:BPMNShape>
      <bpmndi:BPMNEdge bpmnElement="SequenceFlow_0rqfs7k" id="BPMNEdge_SequenceFlow_0rqfs7k">
        <omgdi:waypoint x="190.0" y="232.0"></omgdi:waypoint>
        <omgdi:waypoint x="240.0" y="232.0"></omgdi:waypoint>
      </bpmndi:BPMNEdge>
      <bpmndi:BPMNEdge bpmnElement="SequenceFlow_0300ytm" id="BPMNEdge_SequenceFlow_0300ytm">
        <omgdi:waypoint x="512.0" y="232.0"></omgdi:waypoint>
        <omgdi:waypoint x="562.0" y="232.0"></omgdi:waypoint>
      </bpmndi:BPMNEdge>
      <bpmndi:BPMNEdge bpmnElement="SequenceFlow_1y41wsw" id="BPMNEdge_SequenceFlow_1y41wsw">
        <omgdi:waypoint x="662.0" y="232.0"></omgdi:waypoint>
        <omgdi:waypoint x="712.0" y="232.0"></omgdi:waypoint>
      </bpmndi:BPMNEdge>
      <bpmndi:BPMNEdge bpmnElement="SequenceFlow_0cqgiyo" id="BPMNEdge_SequenceFlow_0cqgiyo">
        <omgdi:waypoint x="340.0" y="232.0"></omgdi:waypoint>
        <omgdi:waypoint x="412.0" y="232.0"></omgdi:waypoint>
      </bpmndi:BPMNEdge>
    </bpmndi:BPMNPlane>
  </bpmndi:BPMNDiagram>
</bpmn2:definitions>