<?xml version="1.0" encoding="UTF-8"?>
<bpmn2:definitions xmlns:activiti="http://activiti.org/bpmn" xmlns:xsi="http://www.w3.org/2001/XMLSchema-instance" xmlns:bpmn2="http://www.omg.org/spec/BPMN/20100524/MODEL" xmlns:bpmndi="http://www.omg.org/spec/BPMN/20100524/DI" xmlns:dc="http://www.omg.org/spec/DD/20100524/DC" xmlns:di="http://www.omg.org/spec/DD/20100524/DI" id="sample-diagram" targetNamespace="http://bpmn.io/schema/bpmn" xsi:schemaLocation="http://www.omg.org/spec/BPMN/20100524/MODEL BPMN20.xsd">
  <bpmn2:process id="process-bbd62490-6191-4850-9260-908b574c114f" name="processdate" isExecutable="true">
    <bpmn2:documentation />
    <bpmn2:startEvent id="StartEvent_1">
      <bpmn2:outgoing>SequenceFlow_1tt9079</bpmn2:outgoing>
    </bpmn2:startEvent>
    <bpmn2:sequenceFlow id="SequenceFlow_1tt9079" sourceRef="StartEvent_1" targetRef="Task_0guinu7" />
    <bpmn2:serviceTask id="ServiceTask_1dpvb65" implementation="dmn-connector.EXECUTE_TABLE">
      <bpmn2:incoming>SequenceFlow_1f58ll9</bpmn2:incoming>
      <bpmn2:outgoing>SequenceFlow_1tnrxay</bpmn2:outgoing>
    </bpmn2:serviceTask>
    <bpmn2:sequenceFlow id="SequenceFlow_1tnrxay" sourceRef="ServiceTask_1dpvb65" targetRef="Task_0628s88" />
    <bpmn2:endEvent id="EndEvent_159y9nw">
      <bpmn2:incoming>SequenceFlow_1h3s8rk</bpmn2:incoming>
    </bpmn2:endEvent>
    <bpmn2:sequenceFlow id="SequenceFlow_1h3s8rk" sourceRef="Task_0628s88" targetRef="EndEvent_159y9nw" />
    <bpmn2:sequenceFlow id="SequenceFlow_1f58ll9" sourceRef="Task_0guinu7" targetRef="ServiceTask_1dpvb65" />
    <bpmn2:userTask id="Task_0guinu7" name="inputtask" activiti:formKey="form-d69fd470-b67a-4e7c-bb70-8979fc10374f" activiti:assignee="hruser">
      <bpmn2:incoming>SequenceFlow_1tt9079</bpmn2:incoming>
      <bpmn2:outgoing>SequenceFlow_1f58ll9</bpmn2:outgoing>
    </bpmn2:userTask>
    <bpmn2:userTask id="Task_0628s88" name="outputtask" activiti:formKey="form-eeb2174f-b25a-4386-bf73-bda4de195eee" activiti:assignee="hruser">
      <bpmn2:incoming>SequenceFlow_1tnrxay</bpmn2:incoming>
      <bpmn2:outgoing>SequenceFlow_1h3s8rk</bpmn2:outgoing>
    </bpmn2:userTask>
  </bpmn2:process>
  <bpmndi:BPMNDiagram id="BPMNDiagram_1">
    <bpmndi:BPMNPlane id="BPMNPlane_1" bpmnElement="process-bbd62490-6191-4850-9260-908b574c114f">
      <bpmndi:BPMNShape id="_BPMNShape_StartEvent_2" bpmnElement="StartEvent_1">
        <dc:Bounds x="181" y="203" width="36" height="36" />
      </bpmndi:BPMNShape>
      <bpmndi:BPMNEdge id="SequenceFlow_1tt9079_di" bpmnElement="SequenceFlow_1tt9079">
        <di:waypoint x="217" y="221" />
        <di:waypoint x="267" y="221" />
      </bpmndi:BPMNEdge>
      <bpmndi:BPMNShape id="ServiceTask_1dpvb65_di" bpmnElement="ServiceTask_1dpvb65">
        <dc:Bounds x="432" y="181" width="100" height="80" />
      </bpmndi:BPMNShape>
      <bpmndi:BPMNEdge id="SequenceFlow_1tnrxay_di" bpmnElement="SequenceFlow_1tnrxay">
        <di:waypoint x="532" y="221" />
        <di:waypoint x="582" y="221" />
      </bpmndi:BPMNEdge>
      <bpmndi:BPMNShape id="EndEvent_159y9nw_di" bpmnElement="EndEvent_159y9nw">
        <dc:Bounds x="732" y="203" width="36" height="36" />
      </bpmndi:BPMNShape>
      <bpmndi:BPMNEdge id="SequenceFlow_1h3s8rk_di" bpmnElement="SequenceFlow_1h3s8rk">
        <di:waypoint x="682" y="221" />
        <di:waypoint x="732" y="221" />
      </bpmndi:BPMNEdge>
      <bpmndi:BPMNEdge id="SequenceFlow_1f58ll9_di" bpmnElement="SequenceFlow_1f58ll9">
        <di:waypoint x="367" y="221" />
        <di:waypoint x="432" y="221" />
      </bpmndi:BPMNEdge>
      <bpmndi:BPMNShape id="UserTask_0qn9zer_di" bpmnElement="Task_0guinu7">
        <dc:Bounds x="267" y="181" width="100" height="80" />
      </bpmndi:BPMNShape>
      <bpmndi:BPMNShape id="UserTask_1s3q8ta_di" bpmnElement="Task_0628s88">
        <dc:Bounds x="582" y="181" width="100" height="80" />
      </bpmndi:BPMNShape>
    </bpmndi:BPMNPlane>
  </bpmndi:BPMNDiagram>
</bpmn2:definitions>
