{"id":"process-d029cbb8-53a6-41c3-a1fe-062f12d53a6b","type":"PROCESS","name":"processinteger","extensions":{"Process_FbN7DN2e":{"constants":{"ServiceTask_1pjtm9m":{"_activiti_dmn_table_":{"value":"decisioninteger"}}},"mappings":{"Task_1uljnuh":{"inputs":{"inputText":{"type":"variable","value":"stringvar"},"inputNumber":{"type":"variable","value":"numbervar"},"inputCheckbox":{"type":"variable","value":"booleanvar"},"inputDate":{"type":"variable","value":"datevar"}},"outputs":{"stringvar":{"type":"variable","value":"inputText"},"numbervar":{"type":"variable","value":"inputNumber"},"booleanvar":{"type":"variable","value":"inputCheckbox"},"datevar":{"type":"variable","value":"inputDate"}}},"ServiceTask_1pjtm9m":{"inputs":{"inputString":{"type":"variable","value":"stringvar"},"inputInteger":{"type":"variable","value":"numbervar"},"inputDate":{"type":"variable","value":"datevar"},"intBoolean":{"type":"variable","value":"booleanvar"}},"outputs":{"numbervar":{"type":"variable","value":"outInteger"}}},"Task_1s4me6i":{"inputs":{"outputText":{"type":"variable","value":"stringvar"},"outputNumber":{"type":"variable","value":"numbervar"},"outputCheckbox":{"type":"variable","value":"booleanvar"},"outputDate":{"type":"variable","value":"datevar"}}}},"properties":{"f3674e0f-7069-4d9c-907b-d8f4015a785d":{"id":"f3674e0f-7069-4d9c-907b-d8f4015a785d","name":"stringvar","type":"string","value":"","required":false},"30a2cc47-f540-4d35-8a41-970d75635eb3":{"id":"30a2cc47-f540-4d35-8a41-970d75635eb3","name":"booleanvar","type":"boolean","required":false},"73f68f11-66c7-4d1a-b061-bd3b2c8fd319":{"id":"73f68f11-66c7-4d1a-b061-bd3b2c8fd319","name":"numbervar","type":"integer","required":false},"c264af65-b93c-406c-9bbf-8dfcb7855f76":{"id":"c264af65-b93c-406c-9bbf-8dfcb7855f76","name":"datevar","type":"date","required":false}},"assignments":{"Task_1uljnuh":{"type":"identity","assignment":"assignee","id":"Task_1uljnuh"},"Task_1s4me6i":{"type":"identity","assignment":"assignee","id":"Task_1s4me6i"}}}}}