<?xml version="1.0" encoding="UTF-8"?>
<definitions xmlns="http://www.omg.org/spec/BPMN/20100524/MODEL" xmlns:xsi="http://www.w3.org/2001/XMLSchema-instance" xmlns:activiti="http://activiti.org/bpmn" xmlns:bpmndi="http://www.omg.org/spec/BPMN/20100524/DI" xmlns:omgdc="http://www.omg.org/spec/DD/20100524/DC" xmlns:omgdi="http://www.omg.org/spec/DD/20100524/DI" xmlns:xsd="http://www.w3.org/2001/XMLSchema" id="model-47561112-f3e6-49d0-bb28-edba127db11f" name="processwithtabvisibility" targetNamespace="http://bpmn.io/schema/bpmn" xsi:schemaLocation="http://www.omg.org/spec/BPMN/20100524/MODEL BPMN20.xsd">
  <process id="Process_WGAJ7OEQ" name="processwithtabvisibility" isExecutable="true">
    <startEvent id="StartEvent_1">
      <outgoing>SequenceFlow_149hgi9</outgoing>
    </startEvent>
    <sequenceFlow id="SequenceFlow_149hgi9" sourceRef="StartEvent_1" targetRef="Task_1bdwteb" />
    <userTask id="Task_1bdwteb" name="tabwithvisibilitycondition" activiti:formKey="form-db06bdbc-1404-473b-a5c1-726ac719e798" activiti:candidateGroups="hr" />
    <endEvent id="EndEvent_0tlrnyk">
      <incoming>SequenceFlow_0l54oem</incoming>
    </endEvent>
    <sequenceFlow id="SequenceFlow_0l54oem" sourceRef="Task_1bdwteb" targetRef="EndEvent_0tlrnyk" />
  </process>
  <bpmndi:BPMNDiagram id="BPMNDiagram_Process_WGAJ7OEQ">
    <bpmndi:BPMNPlane id="BPMNPlane_Process_WGAJ7OEQ" bpmnElement="Process_WGAJ7OEQ">
      <bpmndi:BPMNShape id="BPMNShape_StartEvent_1" bpmnElement="StartEvent_1">
        <omgdc:Bounds x="412" y="240" width="36" height="36" />
      </bpmndi:BPMNShape>
      <bpmndi:BPMNShape id="BPMNShape_Task_1bdwteb" bpmnElement="Task_1bdwteb">
        <omgdc:Bounds x="498" y="218" width="100" height="80" />
      </bpmndi:BPMNShape>
      <bpmndi:BPMNShape id="BPMNShape_EndEvent_0tlrnyk" bpmnElement="EndEvent_0tlrnyk">
        <omgdc:Bounds x="648" y="240" width="36" height="36" />
      </bpmndi:BPMNShape>
      <bpmndi:BPMNEdge id="BPMNEdge_SequenceFlow_149hgi9" bpmnElement="SequenceFlow_149hgi9">
        <omgdi:waypoint x="448" y="258" />
        <omgdi:waypoint x="498" y="258" />
      </bpmndi:BPMNEdge>
      <bpmndi:BPMNEdge id="BPMNEdge_SequenceFlow_0l54oem" bpmnElement="SequenceFlow_0l54oem">
        <omgdi:waypoint x="598" y="258" />
        <omgdi:waypoint x="648" y="258" />
      </bpmndi:BPMNEdge>
    </bpmndi:BPMNPlane>
  </bpmndi:BPMNDiagram>
</definitions>
