{"id":"process-b9f1ab12-dfc2-4ebc-a1bc-6cbb2e3030ad","type":"PROCESS","name":"processstring","key":"processstring","extensions":{"Process_24rkVVSR":{"constants":{"ServiceTask_0lszm0x":{"_activiti_dmn_table_":{"value":"decisionstring"}}},"mappings":{"Task_1j6y9be":{"inputs":{"inputText":{"type":"variable","value":"stringvar"},"inputNumber":{"type":"variable","value":"numbervar"},"inputCheckbox":{"type":"variable","value":"booleanvar"},"inputDate":{"type":"variable","value":"datevar"}},"outputs":{"stringvar":{"type":"variable","value":"inputText"},"numbervar":{"type":"variable","value":"inputNumber"},"booleanvar":{"type":"variable","value":"inputCheckbox"},"datevar":{"type":"variable","value":"inputDate"}}},"ServiceTask_0lszm0x":{"inputs":{"inputString":{"type":"variable","value":"stringvar"},"inputInteger":{"type":"variable","value":"numbervar"},"inputBoolean":{"type":"variable","value":"booleanvar"},"inputDate":{"type":"variable","value":"datevar"}},"outputs":{"stringvar":{"type":"variable","value":"outString"}}},"Task_1qfcd9m":{"inputs":{"outputText":{"type":"variable","value":"stringvar"},"outputNumber":{"type":"variable","value":"numbervar"},"outputCheckbox":{"type":"variable","value":"booleanvar"},"outputDate":{"type":"variable","value":"datevar"}}}},"properties":{"c517a9d0-446d-4ded-9f98-c794368d0440":{"id":"c517a9d0-446d-4ded-9f98-c794368d0440","name":"stringvar","type":"string","value":"","required":false},"0730cb30-3850-4ed7-b88b-e717a34df341":{"id":"0730cb30-3850-4ed7-b88b-e717a34df341","name":"booleanvar","type":"boolean","required":false},"0531096f-b250-4a3f-a9ae-c8a4c9edc67e":{"id":"0531096f-b250-4a3f-a9ae-c8a4c9edc67e","name":"numbervar","type":"integer","required":false},"29fba305-8e82-4b71-8aaf-c616a7437e90":{"id":"29fba305-8e82-4b71-8aaf-c616a7437e90","name":"datevar","type":"date","required":false}},"assignments":{"Task_1j6y9be":{"type":"identity","assignment":"assignee","id":"Task_1j6y9be"},"Task_1qfcd9m":{"type":"identity","assignment":"assignee","id":"Task_1qfcd9m"}}}}}