{"id":"process-af602dbe-4f8d-4642-947c-3ebd67328eca","type":"PROCESS","name":"mapped-default-variables","key":"proc","extensions":{"Process_R3Ceo7D0":{"constants":{},"mappings":{"UserTask_0fb1tup":{"inputs":{"variables.jsonVar":{"type":"variable","value":"procVar"}}}},"properties":{"4264b36c-2b05-4dc1-a48c-e786233e88e3":{"id":"4264b36c-2b05-4dc1-a48c-e786233e88e3","name":"procVar","type":"json","model":{"$ref":"#/$defs/primitive/json"},"required":false,"value":{"data":[{"id":"1","name":"Mapped dog"},{"id":"2","name":"Mapped cat"},{"id":"3","name":"Mapped monkey"}]}}},"assignments":{},"templates":{"tasks":{},"default":{}}}}}