{"id":"process-25e1a821-3c5e-4827-9bcc-521a581288cb","type":"PROCESS","name":"processwithvariables","key":"processwithvariables","extensions":{"Process_8sTkAZnQ":{"mappings":{},"assignments":{"Task_13kpt3a":{"type":"identity","assignment":"assignee","id":"Task_13kpt3a"}},"templates":{"tasks":{}},"constants":{},"properties":{"22d1b827-24eb-49d6-ae16-d50d39903940":{"id":"22d1b827-24eb-49d6-ae16-d50d39903940","name":"nameString","type":"string","required":false,"ephemeral":false,"value":"string","display":false,"analytics":false},"39f90b1f-a7fc-4108-b6e8-717651ebd779":{"id":"39f90b1f-a7fc-4108-b6e8-717651ebd779","name":"nameInteger","type":"integer","required":false,"ephemeral":false,"value":11,"display":false,"analytics":false},"c7dad02e-9e79-4e3f-bede-250f8f5edc78":{"id":"c7dad02e-9e79-4e3f-bede-250f8f5edc78","name":"nameBoolean","type":"boolean","required":false,"ephemeral":false,"value":false,"display":false,"analytics":false},"bd95f132-aaff-4cfa-a5b7-7e4770c4f4fa":{"id":"bd95f132-aaff-4cfa-a5b7-7e4770c4f4fa","name":"nameDate","type":"date","required":false,"ephemeral":false,"value":"2019-09-13","display":false,"analytics":false}}}}}