<?xml version="1.0" encoding="UTF-8"?>
<definitions xmlns="http://www.omg.org/spec/BPMN/20100524/MODEL" xmlns:xsi="http://www.w3.org/2001/XMLSchema-instance" xmlns:xsd="http://www.w3.org/2001/XMLSchema" xmlns:activiti="http://activiti.org/bpmn" xmlns:bpmndi="http://www.omg.org/spec/BPMN/20100524/DI" xmlns:omgdc="http://www.omg.org/spec/DD/20100524/DC" xmlns:omgdi="http://www.omg.org/spec/DD/20100524/DI" xmlns:bpmn2="http://www.omg.org/spec/BPMN/20100524/MODEL" xmlns:dc="http://www.omg.org/spec/DD/20100524/DC" xmlns:di="http://www.omg.org/spec/DD/20100524/DI" typeLanguage="http://www.w3.org/2001/XMLSchema" expressionLanguage="http://www.w3.org/1999/XPath" targetNamespace="http://bpmn.io/schema/bpmn" id="sample-diagram" xsi:schemaLocation="http://www.omg.org/spec/BPMN/20100524/MODEL BPMN20.xsd">
  <process id="process-1887c79a-1dee-4872-b076-b6bce4d5c1a5" name="processinteger" isExecutable="true">
    <startEvent id="StartEvent_1">
      <outgoing>SequenceFlow_0rqfs7k</outgoing>
    </startEvent>
    <sequenceFlow id="SequenceFlow_0rqfs7k" sourceRef="StartEvent_1" targetRef="Task_1uljnuh"></sequenceFlow>
    <serviceTask id="ServiceTask_1pjtm9m" implementation="dmn-connector.EXECUTE_TABLE"></serviceTask>
    <sequenceFlow id="SequenceFlow_0300ytm" sourceRef="ServiceTask_1pjtm9m" targetRef="Task_1s4me6i"></sequenceFlow>
    <endEvent id="EndEvent_1b3fnly">
      <incoming>SequenceFlow_1y41wsw</incoming>
    </endEvent>
    <sequenceFlow id="SequenceFlow_1y41wsw" sourceRef="Task_1s4me6i" targetRef="EndEvent_1b3fnly"></sequenceFlow>
    <sequenceFlow id="SequenceFlow_0cqgiyo" sourceRef="Task_1uljnuh" targetRef="ServiceTask_1pjtm9m"></sequenceFlow>
    <userTask id="Task_1uljnuh" name="inputtask" activiti:assignee="hruser" activiti:formKey="form-60b7587a-f6fc-4436-88fb-93a4c2f6f925"></userTask>
    <userTask id="Task_1s4me6i" name="outputtask" activiti:assignee="hruser" activiti:formKey="form-ad1631c6-9b3c-4d93-9453-26ab35caf592"></userTask>
  </process>
  <bpmndi:BPMNDiagram id="BPMNDiagram_process-1887c79a-1dee-4872-b076-b6bce4d5c1a5">
    <bpmndi:BPMNPlane bpmnElement="process-1887c79a-1dee-4872-b076-b6bce4d5c1a5" id="BPMNPlane_process-1887c79a-1dee-4872-b076-b6bce4d5c1a5">
      <bpmndi:BPMNShape bpmnElement="StartEvent_1" id="BPMNShape_StartEvent_1">
        <omgdc:Bounds height="36.0" width="36.0" x="154.0" y="214.0"></omgdc:Bounds>
      </bpmndi:BPMNShape>
      <bpmndi:BPMNShape bpmnElement="ServiceTask_1pjtm9m" id="BPMNShape_ServiceTask_1pjtm9m">
        <omgdc:Bounds height="80.0" width="100.0" x="412.0" y="192.0"></omgdc:Bounds>
      </bpmndi:BPMNShape>
      <bpmndi:BPMNShape bpmnElement="EndEvent_1b3fnly" id="BPMNShape_EndEvent_1b3fnly">
        <omgdc:Bounds height="36.0" width="36.0" x="712.0" y="214.0"></omgdc:Bounds>
      </bpmndi:BPMNShape>
      <bpmndi:BPMNShape bpmnElement="Task_1uljnuh" id="BPMNShape_Task_1uljnuh">
        <omgdc:Bounds height="80.0" width="100.0" x="240.0" y="192.0"></omgdc:Bounds>
      </bpmndi:BPMNShape>
      <bpmndi:BPMNShape bpmnElement="Task_1s4me6i" id="BPMNShape_Task_1s4me6i">
        <omgdc:Bounds height="80.0" width="100.0" x="562.0" y="192.0"></omgdc:Bounds>
      </bpmndi:BPMNShape>
      <bpmndi:BPMNEdge bpmnElement="SequenceFlow_0rqfs7k" id="BPMNEdge_SequenceFlow_0rqfs7k">
        <omgdi:waypoint x="190.0" y="232.0"></omgdi:waypoint>
        <omgdi:waypoint x="240.0" y="232.0"></omgdi:waypoint>
      </bpmndi:BPMNEdge>
      <bpmndi:BPMNEdge bpmnElement="SequenceFlow_0300ytm" id="BPMNEdge_SequenceFlow_0300ytm">
        <omgdi:waypoint x="512.0" y="232.0"></omgdi:waypoint>
        <omgdi:waypoint x="562.0" y="232.0"></omgdi:waypoint>
      </bpmndi:BPMNEdge>
      <bpmndi:BPMNEdge bpmnElement="SequenceFlow_1y41wsw" id="BPMNEdge_SequenceFlow_1y41wsw">
        <omgdi:waypoint x="662.0" y="232.0"></omgdi:waypoint>
        <omgdi:waypoint x="712.0" y="232.0"></omgdi:waypoint>
      </bpmndi:BPMNEdge>
      <bpmndi:BPMNEdge bpmnElement="SequenceFlow_0cqgiyo" id="BPMNEdge_SequenceFlow_0cqgiyo">
        <omgdi:waypoint x="340.0" y="232.0"></omgdi:waypoint>
        <omgdi:waypoint x="412.0" y="232.0"></omgdi:waypoint>
      </bpmndi:BPMNEdge>
    </bpmndi:BPMNPlane>
  </bpmndi:BPMNDiagram>
</definitions>