<?xml version="1.0" encoding="UTF-8"?>
<definitions xmlns="http://www.omg.org/spec/BPMN/20100524/MODEL" xmlns:xsi="http://www.w3.org/2001/XMLSchema-instance" xmlns:xsd="http://www.w3.org/2001/XMLSchema" xmlns:activiti="http://activiti.org/bpmn" xmlns:bpmndi="http://www.omg.org/spec/BPMN/20100524/DI" xmlns:omgdc="http://www.omg.org/spec/DD/20100524/DC" xmlns:omgdi="http://www.omg.org/spec/DD/20100524/DI" xmlns:bpmn2="http://www.omg.org/spec/BPMN/20100524/MODEL" xmlns:dc="http://www.omg.org/spec/DD/20100524/DC" xmlns:di="http://www.omg.org/spec/DD/20100524/DI" typeLanguage="http://www.w3.org/2001/XMLSchema" expressionLanguage="http://www.w3.org/1999/XPath" targetNamespace="http://bpmn.io/schema/bpmn" id="sample-diagram" xsi:schemaLocation="http://www.omg.org/spec/BPMN/20100524/MODEL BPMN20.xsd">
  <process id="process-e5bcf07d-f1d7-4f8c-9b6b-d00242586dbe" name="processwithtabvisibility" isExecutable="true">
    <startEvent id="StartEvent_1">
      <outgoing>SequenceFlow_149hgi9</outgoing>
    </startEvent>
    <sequenceFlow id="SequenceFlow_149hgi9" sourceRef="StartEvent_1" targetRef="Task_1bdwteb"></sequenceFlow>
    <userTask id="Task_1bdwteb" name="tabwithvisibilitycondition" activiti:candidateGroups="hr" activiti:formKey="form-22d0d996-9c4b-4600-a130-214c450a0022"></userTask>
    <endEvent id="EndEvent_0tlrnyk">
      <incoming>SequenceFlow_0l54oem</incoming>
    </endEvent>
    <sequenceFlow id="SequenceFlow_0l54oem" sourceRef="Task_1bdwteb" targetRef="EndEvent_0tlrnyk"></sequenceFlow>
  </process>
  <bpmndi:BPMNDiagram id="BPMNDiagram_process-e5bcf07d-f1d7-4f8c-9b6b-d00242586dbe">
    <bpmndi:BPMNPlane bpmnElement="process-e5bcf07d-f1d7-4f8c-9b6b-d00242586dbe" id="BPMNPlane_process-e5bcf07d-f1d7-4f8c-9b6b-d00242586dbe">
      <bpmndi:BPMNShape bpmnElement="StartEvent_1" id="BPMNShape_StartEvent_1">
        <omgdc:Bounds height="36.0" width="36.0" x="412.0" y="240.0"></omgdc:Bounds>
      </bpmndi:BPMNShape>
      <bpmndi:BPMNShape bpmnElement="Task_1bdwteb" id="BPMNShape_Task_1bdwteb">
        <omgdc:Bounds height="80.0" width="100.0" x="498.0" y="218.0"></omgdc:Bounds>
      </bpmndi:BPMNShape>
      <bpmndi:BPMNShape bpmnElement="EndEvent_0tlrnyk" id="BPMNShape_EndEvent_0tlrnyk">
        <omgdc:Bounds height="36.0" width="36.0" x="648.0" y="240.0"></omgdc:Bounds>
      </bpmndi:BPMNShape>
      <bpmndi:BPMNEdge bpmnElement="SequenceFlow_149hgi9" id="BPMNEdge_SequenceFlow_149hgi9">
        <omgdi:waypoint x="448.0" y="258.0"></omgdi:waypoint>
        <omgdi:waypoint x="498.0" y="258.0"></omgdi:waypoint>
      </bpmndi:BPMNEdge>
      <bpmndi:BPMNEdge bpmnElement="SequenceFlow_0l54oem" id="BPMNEdge_SequenceFlow_0l54oem">
        <omgdi:waypoint x="598.0" y="258.0"></omgdi:waypoint>
        <omgdi:waypoint x="648.0" y="258.0"></omgdi:waypoint>
      </bpmndi:BPMNEdge>
    </bpmndi:BPMNPlane>
  </bpmndi:BPMNDiagram>
</definitions>