{"id":"process-01119b7b-c41a-46fa-845f-f71e41e33c7e","type":"PROCESS","name":"processboolean","extensions":{"Process_ITkwFXxN":{"constants":{"ServiceTask_0afh134":{"_activiti_dmn_table_":{"value":"decisionboolean"}}},"mappings":{"Task_1ixhult":{"inputs":{"inputText":{"type":"variable","value":"stringvar"},"inputNumber":{"type":"variable","value":"numbervar"},"inputCheckbox":{"type":"variable","value":"booleanvar"},"inputDate":{"type":"variable","value":"datevar"}},"outputs":{"stringvar":{"type":"variable","value":"inputText"},"numbervar":{"type":"variable","value":"inputNumber"},"booleanvar":{"type":"variable","value":"inputCheckbox"},"datevar":{"type":"variable","value":"inputDate"}}},"ServiceTask_0afh134":{"inputs":{"inputString":{"type":"variable","value":"stringvar"},"inputInteger":{"type":"variable","value":"numbervar"},"inputBoolean":{"type":"variable","value":"booleanvar"},"inputDate":{"type":"variable","value":"datevar"}},"outputs":{"booleanvar":{"type":"variable","value":"outBoolean"}}},"Task_066ma4k":{"inputs":{"outputText":{"type":"variable","value":"stringvar"},"outputNumber":{"type":"variable","value":"numbervar"},"outputCheckbox":{"type":"variable","value":"booleanvar"},"outputDate":{"type":"variable","value":"datevar"}}}},"properties":{"fb73cbd4-efe5-4d8e-8471-a54e48808529":{"id":"fb73cbd4-efe5-4d8e-8471-a54e48808529","name":"stringvar","type":"string","value":"","required":false},"d954e91f-a982-4339-80d5-f092328bd8f1":{"id":"d954e91f-a982-4339-80d5-f092328bd8f1","name":"booleanvar","type":"boolean","required":false},"67009585-4795-41bd-8a75-7f791283c281":{"id":"67009585-4795-41bd-8a75-7f791283c281","name":"numbervar","type":"integer","required":false},"c8b3a676-13e7-459e-8cf1-934459cf72b3":{"id":"c8b3a676-13e7-459e-8cf1-934459cf72b3","name":"datevar","type":"date","required":false}},"assignments":{"Task_1ixhult":{"type":"identity","assignment":"assignee","id":"Task_1ixhult"},"Task_066ma4k":{"type":"identity","assignment":"assignee","id":"Task_066ma4k"}}}}}