<?xml version="1.0" encoding="UTF-8"?>
<definitions xmlns="http://www.omg.org/spec/BPMN/20100524/MODEL" xmlns:xsi="http://www.w3.org/2001/XMLSchema-instance" xmlns:activiti="http://activiti.org/bpmn" xmlns:bpmndi="http://www.omg.org/spec/BPMN/20100524/DI" xmlns:omgdc="http://www.omg.org/spec/DD/20100524/DC" xmlns:omgdi="http://www.omg.org/spec/DD/20100524/DI" xmlns:xsd="http://www.w3.org/2001/XMLSchema" id="model-f63d2293-c7b8-462e-a59f-9ab7b57e5a95" name="processwithvariables" targetNamespace="http://bpmn.io/schema/bpmn" xsi:schemaLocation="http://www.omg.org/spec/BPMN/20100524/MODEL BPMN20.xsd">
  <process id="Process_8sTkAZnQ" name="processwithvariables" isExecutable="true">
    <startEvent id="StartEvent_1">
      <outgoing>SequenceFlow_0yx7uuw</outgoing>
    </startEvent>
    <sequenceFlow id="SequenceFlow_0yx7uuw" sourceRef="StartEvent_1" targetRef="Task_13kpt3a" />
    <userTask id="Task_13kpt3a" name="taskVariable" activiti:candidateUsers="hruser,admin.adf" />
    <endEvent id="EndEvent_1whqpi5">
      <incoming>SequenceFlow_1a3uiw2</incoming>
    </endEvent>
    <sequenceFlow id="SequenceFlow_1a3uiw2" sourceRef="Task_13kpt3a" targetRef="EndEvent_1whqpi5" />
  </process>
  <bpmndi:BPMNDiagram id="BPMNDiagram_process-f63d2293-c7b8-462e-a59f-9ab7b57e5a95">
    <bpmndi:BPMNPlane id="BPMNPlane_process-f63d2293-c7b8-462e-a59f-9ab7b57e5a95" bpmnElement="Process_8sTkAZnQ">
      <bpmndi:BPMNShape id="BPMNShape_StartEvent_1" bpmnElement="StartEvent_1">
        <omgdc:Bounds x="412" y="240" width="36" height="36" />
      </bpmndi:BPMNShape>
      <bpmndi:BPMNShape id="BPMNShape_Task_13kpt3a" bpmnElement="Task_13kpt3a">
        <omgdc:Bounds x="498" y="218" width="100" height="80" />
      </bpmndi:BPMNShape>
      <bpmndi:BPMNShape id="BPMNShape_EndEvent_1whqpi5" bpmnElement="EndEvent_1whqpi5">
        <omgdc:Bounds x="648" y="240" width="36" height="36" />
      </bpmndi:BPMNShape>
      <bpmndi:BPMNEdge id="BPMNEdge_SequenceFlow_0yx7uuw" bpmnElement="SequenceFlow_0yx7uuw">
        <omgdi:waypoint x="448" y="258" />
        <omgdi:waypoint x="498" y="258" />
      </bpmndi:BPMNEdge>
      <bpmndi:BPMNEdge id="BPMNEdge_SequenceFlow_1a3uiw2" bpmnElement="SequenceFlow_1a3uiw2">
        <omgdi:waypoint x="598" y="258" />
        <omgdi:waypoint x="648" y="258" />
      </bpmndi:BPMNEdge>
    </bpmndi:BPMNPlane>
  </bpmndi:BPMNDiagram>
</definitions>
