<?xml version="1.0" encoding="UTF-8"?>
<definitions xmlns="http://www.omg.org/spec/BPMN/20100524/MODEL" xmlns:xsi="http://www.w3.org/2001/XMLSchema-instance" xmlns:activiti="http://activiti.org/bpmn" xmlns:bpmndi="http://www.omg.org/spec/BPMN/20100524/DI" xmlns:omgdc="http://www.omg.org/spec/DD/20100524/DC" xmlns:omgdi="http://www.omg.org/spec/DD/20100524/DI" xmlns:xsd="http://www.w3.org/2001/XMLSchema" id="model-749a9ebe-0a34-49d3-b682-5a46cbb12269" name="processdate" targetNamespace="http://bpmn.io/schema/bpmn" xsi:schemaLocation="http://www.omg.org/spec/BPMN/20100524/MODEL BPMN20.xsd">
  <process id="Process_FvmdAXi2" name="processdate" isExecutable="true">
    <startEvent id="StartEvent_1">
      <outgoing>SequenceFlow_1tt9079</outgoing>
    </startEvent>
    <sequenceFlow id="SequenceFlow_1tt9079" sourceRef="StartEvent_1" targetRef="Task_0guinu7" />
    <serviceTask id="ServiceTask_1dpvb65" implementation="dmn-connector.EXECUTE_TABLE" />
    <sequenceFlow id="SequenceFlow_1tnrxay" sourceRef="ServiceTask_1dpvb65" targetRef="Task_0628s88" />
    <endEvent id="EndEvent_159y9nw">
      <incoming>SequenceFlow_1h3s8rk</incoming>
    </endEvent>
    <sequenceFlow id="SequenceFlow_1h3s8rk" sourceRef="Task_0628s88" targetRef="EndEvent_159y9nw" />
    <sequenceFlow id="SequenceFlow_1f58ll9" sourceRef="Task_0guinu7" targetRef="ServiceTask_1dpvb65" />
    <userTask id="Task_0guinu7" name="inputtask" activiti:formKey="form-bb364aa8-29a1-4fca-bdaa-d8fe3a403c89" activiti:assignee="hruser" />
    <userTask id="Task_0628s88" name="outputtask" activiti:formKey="form-637d034c-136a-4533-91cf-d8ffd1c852dd" activiti:assignee="hruser" />
  </process>
  <bpmndi:BPMNDiagram id="BPMNDiagram_process-749a9ebe-0a34-49d3-b682-5a46cbb12269">
    <bpmndi:BPMNPlane id="BPMNPlane_process-749a9ebe-0a34-49d3-b682-5a46cbb12269" bpmnElement="Process_FvmdAXi2">
      <bpmndi:BPMNShape id="BPMNShape_StartEvent_1" bpmnElement="StartEvent_1">
        <omgdc:Bounds x="181" y="203" width="36" height="36" />
      </bpmndi:BPMNShape>
      <bpmndi:BPMNShape id="BPMNShape_ServiceTask_1dpvb65" bpmnElement="ServiceTask_1dpvb65">
        <omgdc:Bounds x="432" y="181" width="100" height="80" />
      </bpmndi:BPMNShape>
      <bpmndi:BPMNShape id="BPMNShape_EndEvent_159y9nw" bpmnElement="EndEvent_159y9nw">
        <omgdc:Bounds x="732" y="203" width="36" height="36" />
      </bpmndi:BPMNShape>
      <bpmndi:BPMNShape id="BPMNShape_Task_0guinu7" bpmnElement="Task_0guinu7">
        <omgdc:Bounds x="267" y="181" width="100" height="80" />
      </bpmndi:BPMNShape>
      <bpmndi:BPMNShape id="BPMNShape_Task_0628s88" bpmnElement="Task_0628s88">
        <omgdc:Bounds x="582" y="181" width="100" height="80" />
      </bpmndi:BPMNShape>
      <bpmndi:BPMNEdge id="BPMNEdge_SequenceFlow_1tt9079" bpmnElement="SequenceFlow_1tt9079">
        <omgdi:waypoint x="217" y="221" />
        <omgdi:waypoint x="267" y="221" />
      </bpmndi:BPMNEdge>
      <bpmndi:BPMNEdge id="BPMNEdge_SequenceFlow_1tnrxay" bpmnElement="SequenceFlow_1tnrxay">
        <omgdi:waypoint x="532" y="221" />
        <omgdi:waypoint x="582" y="221" />
      </bpmndi:BPMNEdge>
      <bpmndi:BPMNEdge id="BPMNEdge_SequenceFlow_1h3s8rk" bpmnElement="SequenceFlow_1h3s8rk">
        <omgdi:waypoint x="682" y="221" />
        <omgdi:waypoint x="732" y="221" />
      </bpmndi:BPMNEdge>
      <bpmndi:BPMNEdge id="BPMNEdge_SequenceFlow_1f58ll9" bpmnElement="SequenceFlow_1f58ll9">
        <omgdi:waypoint x="367" y="221" />
        <omgdi:waypoint x="432" y="221" />
      </bpmndi:BPMNEdge>
    </bpmndi:BPMNPlane>
  </bpmndi:BPMNDiagram>
</definitions>
