<?xml version="1.0" encoding="UTF-8"?>
<bpmn2:definitions xmlns:activiti="http://activiti.org/bpmn" xmlns:xsi="http://www.w3.org/2001/XMLSchema-instance" xmlns:bpmn2="http://www.omg.org/spec/BPMN/20100524/MODEL" xmlns:bpmndi="http://www.omg.org/spec/BPMN/20100524/DI" xmlns:dc="http://www.omg.org/spec/DD/20100524/DC" xmlns:di="http://www.omg.org/spec/DD/20100524/DI" id="model-71980d9a-9cb2-4b32-a19c-970271dbcfd5" name="refresh-process" targetNamespace="" xsi:schemaLocation="http://www.omg.org/spec/BPMN/20100524/MODEL BPMN20.xsd">
  <bpmn2:process id="Process_Xww0fZOE" name="refresh-process" isExecutable="true">
    <bpmn2:documentation />
    <bpmn2:startEvent id="Event_1">
      <bpmn2:outgoing>Flow_0n99qci</bpmn2:outgoing>
    </bpmn2:startEvent>
    <bpmn2:sequenceFlow id="Flow_0n99qci" sourceRef="Event_1" targetRef="Activity_0bfcwsb" />
    <bpmn2:userTask id="Activity_0bfcwsb" name="refreshTask-${suffix}" activiti:assignee="${initiator}" activiti:priority="0">
      <bpmn2:incoming>Flow_0n99qci</bpmn2:incoming>
      <bpmn2:outgoing>Flow_1eny7qa</bpmn2:outgoing>
    </bpmn2:userTask>
    <bpmn2:endEvent id="Event_1o461qq">
      <bpmn2:incoming>Flow_1eny7qa</bpmn2:incoming>
    </bpmn2:endEvent>
    <bpmn2:sequenceFlow id="Flow_1eny7qa" sourceRef="Activity_0bfcwsb" targetRef="Event_1o461qq" />
  </bpmn2:process>
  <bpmndi:BPMNDiagram id="BPMNDiagram_1">
    <bpmndi:BPMNPlane id="BPMNPlane_1" bpmnElement="Process_Xww0fZOE">
      <bpmndi:BPMNShape id="_BPMNShape_Event_2" bpmnElement="Event_1">
        <dc:Bounds x="222" y="240" width="36" height="36" />
      </bpmndi:BPMNShape>
      <bpmndi:BPMNShape id="Activity_10pbkhe_di" bpmnElement="Activity_0bfcwsb">
        <dc:Bounds x="310" y="218" width="100" height="80" />
        <bpmndi:BPMNLabel />
      </bpmndi:BPMNShape>
      <bpmndi:BPMNShape id="Event_1o461qq_di" bpmnElement="Event_1o461qq">
        <dc:Bounds x="462" y="240" width="36" height="36" />
      </bpmndi:BPMNShape>
      <bpmndi:BPMNEdge id="Flow_0n99qci_di" bpmnElement="Flow_0n99qci">
        <di:waypoint x="258" y="258" />
        <di:waypoint x="310" y="258" />
      </bpmndi:BPMNEdge>
      <bpmndi:BPMNEdge id="Flow_1eny7qa_di" bpmnElement="Flow_1eny7qa">
        <di:waypoint x="410" y="258" />
        <di:waypoint x="462" y="258" />
      </bpmndi:BPMNEdge>
    </bpmndi:BPMNPlane>
  </bpmndi:BPMNDiagram>
</bpmn2:definitions>
