<?xml version="1.0" encoding="UTF-8"?>
<bpmn2:definitions xmlns:activiti="http://activiti.org/bpmn" xmlns:xsi="http://www.w3.org/2001/XMLSchema-instance" xmlns:bpmn2="http://www.omg.org/spec/BPMN/20100524/MODEL" xmlns:bpmndi="http://www.omg.org/spec/BPMN/20100524/DI" xmlns:dc="http://www.omg.org/spec/DD/20100524/DC" xmlns:di="http://www.omg.org/spec/DD/20100524/DI" id="model-d2743766-a184-401e-8ab1-9fb0ec8e012e" name="rest-connector-process" targetNamespace="http://bpmn.io/schema/bpmn" xsi:schemaLocation="http://www.omg.org/spec/BPMN/20100524/MODEL BPMN20.xsd">
  <bpmn2:process id="Process_Sy7OxV8z" name="rest-connector-process" isExecutable="true">
    <bpmn2:documentation />
    <bpmn2:startEvent id="Event_1">
      <bpmn2:outgoing>SequenceFlow_0aktcvj</bpmn2:outgoing>
    </bpmn2:startEvent>
    <bpmn2:sequenceFlow id="SequenceFlow_0aktcvj" sourceRef="Event_1" targetRef="Task_0nb0bj8" />
    <bpmn2:sequenceFlow id="SequenceFlow_00yydxi" sourceRef="Task_0nb0bj8" targetRef="Task_08tcwqv" />
    <bpmn2:endEvent id="EndEvent_1bt5z76">
      <bpmn2:incoming>SequenceFlow_0vmhl5j</bpmn2:incoming>
    </bpmn2:endEvent>
    <bpmn2:sequenceFlow id="SequenceFlow_0vmhl5j" sourceRef="Task_08tcwqv" targetRef="EndEvent_1bt5z76" />
    <bpmn2:serviceTask id="Task_0nb0bj8" name="restServiceTask" implementation="restconnector.GET">
      <bpmn2:incoming>SequenceFlow_0aktcvj</bpmn2:incoming>
      <bpmn2:outgoing>SequenceFlow_00yydxi</bpmn2:outgoing>
    </bpmn2:serviceTask>
    <bpmn2:userTask id="Task_08tcwqv" name="UserTaskToShowRestResult" activiti:formKey="form-ab65933d-1a71-475b-9560-d29f4d07446c" activiti:assignee="hruser">
      <bpmn2:incoming>SequenceFlow_00yydxi</bpmn2:incoming>
      <bpmn2:outgoing>SequenceFlow_0vmhl5j</bpmn2:outgoing>
    </bpmn2:userTask>
  </bpmn2:process>
  <bpmndi:BPMNDiagram id="BPMNDiagram_1">
    <bpmndi:BPMNPlane id="BPMNPlane_1" bpmnElement="Process_Sy7OxV8z">
      <bpmndi:BPMNShape id="_BPMNShape_Event_2" bpmnElement="Event_1">
        <dc:Bounds x="102" y="202" width="36" height="36" />
      </bpmndi:BPMNShape>
      <bpmndi:BPMNEdge id="SequenceFlow_0aktcvj_di" bpmnElement="SequenceFlow_0aktcvj">
        <di:waypoint x="138" y="220" />
        <di:waypoint x="190" y="220" />
      </bpmndi:BPMNEdge>
      <bpmndi:BPMNEdge id="SequenceFlow_00yydxi_di" bpmnElement="SequenceFlow_00yydxi">
        <di:waypoint x="290" y="220" />
        <di:waypoint x="350" y="220" />
      </bpmndi:BPMNEdge>
      <bpmndi:BPMNShape id="EndEvent_1bt5z76_di" bpmnElement="EndEvent_1bt5z76">
        <dc:Bounds x="512" y="202" width="36" height="36" />
      </bpmndi:BPMNShape>
      <bpmndi:BPMNEdge id="SequenceFlow_0vmhl5j_di" bpmnElement="SequenceFlow_0vmhl5j">
        <di:waypoint x="450" y="220" />
        <di:waypoint x="512" y="220" />
      </bpmndi:BPMNEdge>
      <bpmndi:BPMNShape id="ServiceTask_0o6wlaz_di" bpmnElement="Task_0nb0bj8">
        <dc:Bounds x="190" y="180" width="100" height="80" />
      </bpmndi:BPMNShape>
      <bpmndi:BPMNShape id="UserTask_0nx41rv_di" bpmnElement="Task_08tcwqv">
        <dc:Bounds x="350" y="180" width="100" height="80" />
      </bpmndi:BPMNShape>
    </bpmndi:BPMNPlane>
  </bpmndi:BPMNDiagram>
</bpmn2:definitions>
