{"id":"process-55b3e5d0-2fea-4973-abc6-d440c052a66e","type":"PROCESS","name":"rest-connector-process","key":"rest-connector-process","extensions":{"Process_Sy7OxV8z":{"mappings":{"Task_0nb0bj8":{"inputs":{"restUrl":{"type":"variable","value":"mockAPI"}},"outputs":{"response":{"type":"variable","value":"restResult"}}},"Task_08tcwqv":{"inputs":{"variables.restResultForm":{"type":"variable","value":"response"}},"outputs":{}}},"assignments":{"Task_08tcwqv":{"type":"identity","assignment":"assignee","id":"Task_08tcwqv"}},"templates":{"tasks":{}},"constants":{},"properties":{"099c2335-06c6-4474-99e7-195b5801a21c":{"id":"099c2335-06c6-4474-99e7-195b5801a21c","name":"mockAPI","type":"string","required":false,"ephemeral":false,"value":"http://jsonplaceholder.typicode.com/todos/1","display":false,"analytics":false},"1d97110d-3b3d-4bde-b0ed-b8bd16e3fe08":{"id":"1d97110d-3b3d-4bde-b0ed-b8bd16e3fe08","name":"response","type":"json","required":false,"ephemeral":false,"value":{},"display":false,"analytics":false}}}}}