<?xml version="1.0" encoding="UTF-8"?>
<bpmn2:definitions xmlns="http://www.omg.org/spec/BPMN/20100524/MODEL" xmlns:bpmn2="http://www.omg.org/spec/BPMN/20100524/MODEL" xmlns:xsi="http://www.w3.org/2001/XMLSchema-instance" xmlns:xsd="http://www.w3.org/2001/XMLSchema" xmlns:activiti="http://activiti.org/bpmn" xmlns:bpmndi="http://www.omg.org/spec/BPMN/20100524/DI" xmlns:omgdc="http://www.omg.org/spec/DD/20100524/DC" xmlns:omgdi="http://www.omg.org/spec/DD/20100524/DI" xmlns:dc="http://www.omg.org/spec/DD/20100524/DC" xmlns:di="http://www.omg.org/spec/DD/20100524/DI" typeLanguage="http://www.w3.org/2001/XMLSchema" expressionLanguage="http://www.w3.org/1999/XPath" targetNamespace="http://bpmn.io/schema/bpmn" id="model-d2743766-a184-401e-8ab1-9fb0ec8e012e" name="rest-connector-process" xsi:schemaLocation="http://www.omg.org/spec/BPMN/20100524/MODEL BPMN20.xsd">
  <bpmn2:process id="Process_Sy7OxV8z" name="rest-connector-process" isExecutable="true">
    <bpmn2:startEvent id="Event_1">
      <bpmn2:outgoing>SequenceFlow_0aktcvj</bpmn2:outgoing>
    </bpmn2:startEvent>
    <bpmn2:sequenceFlow id="SequenceFlow_0aktcvj" sourceRef="Event_1" targetRef="Task_0nb0bj8"></bpmn2:sequenceFlow>
    <bpmn2:sequenceFlow id="SequenceFlow_00yydxi" sourceRef="Task_0nb0bj8" targetRef="Task_08tcwqv"></bpmn2:sequenceFlow>
    <bpmn2:endEvent id="EndEvent_1bt5z76">
      <bpmn2:incoming>SequenceFlow_0vmhl5j</bpmn2:incoming>
    </bpmn2:endEvent>
    <bpmn2:sequenceFlow id="SequenceFlow_0vmhl5j" sourceRef="Task_08tcwqv" targetRef="EndEvent_1bt5z76"></bpmn2:sequenceFlow>
    <bpmn2:serviceTask id="Task_0nb0bj8" name="restServiceTask" implementation="restconnector.GET">
      <bpmn2:incoming>SequenceFlow_0aktcvj</bpmn2:incoming>
      <bpmn2:outgoing>SequenceFlow_00yydxi</bpmn2:outgoing>
    </bpmn2:serviceTask>
    <bpmn2:userTask id="Task_08tcwqv" name="UserTaskToShowRestResult" activiti:assignee="hruser" activiti:formKey="form-07e48d85-4709-48f9-aee0-51b93659929e">
      <bpmn2:incoming>SequenceFlow_00yydxi</bpmn2:incoming>
      <bpmn2:outgoing>SequenceFlow_0vmhl5j</bpmn2:outgoing>
    </bpmn2:userTask>
  </bpmn2:process>
  <bpmndi:BPMNDiagram id="BPMNDiagram_Process_Sy7OxV8z">
    <bpmndi:BPMNPlane bpmnElement="Process_Sy7OxV8z" id="BPMNPlane_Process_Sy7OxV8z">
      <bpmndi:BPMNShape bpmnElement="Event_1" id="BPMNShape_Event_1">
        <omgdc:Bounds height="36.0" width="36.0" x="102.0" y="202.0"></omgdc:Bounds>
      </bpmndi:BPMNShape>
      <bpmndi:BPMNShape bpmnElement="EndEvent_1bt5z76" id="BPMNShape_EndEvent_1bt5z76">
        <omgdc:Bounds height="36.0" width="36.0" x="512.0" y="202.0"></omgdc:Bounds>
      </bpmndi:BPMNShape>
      <bpmndi:BPMNShape bpmnElement="Task_0nb0bj8" id="BPMNShape_Task_0nb0bj8">
        <omgdc:Bounds height="80.0" width="100.0" x="190.0" y="180.0"></omgdc:Bounds>
      </bpmndi:BPMNShape>
      <bpmndi:BPMNShape bpmnElement="Task_08tcwqv" id="BPMNShape_Task_08tcwqv">
        <omgdc:Bounds height="80.0" width="100.0" x="350.0" y="180.0"></omgdc:Bounds>
      </bpmndi:BPMNShape>
      <bpmndi:BPMNEdge bpmnElement="SequenceFlow_0aktcvj" id="BPMNEdge_SequenceFlow_0aktcvj">
        <omgdi:waypoint x="138.0" y="220.0"></omgdi:waypoint>
        <omgdi:waypoint x="190.0" y="220.0"></omgdi:waypoint>
      </bpmndi:BPMNEdge>
      <bpmndi:BPMNEdge bpmnElement="SequenceFlow_00yydxi" id="BPMNEdge_SequenceFlow_00yydxi">
        <omgdi:waypoint x="290.0" y="220.0"></omgdi:waypoint>
        <omgdi:waypoint x="350.0" y="220.0"></omgdi:waypoint>
      </bpmndi:BPMNEdge>
      <bpmndi:BPMNEdge bpmnElement="SequenceFlow_0vmhl5j" id="BPMNEdge_SequenceFlow_0vmhl5j">
        <omgdi:waypoint x="450.0" y="220.0"></omgdi:waypoint>
        <omgdi:waypoint x="512.0" y="220.0"></omgdi:waypoint>
      </bpmndi:BPMNEdge>
    </bpmndi:BPMNPlane>
  </bpmndi:BPMNDiagram>
</bpmn2:definitions>