{"id":"process-10be5f84-b4d9-4bb9-8cb5-6deb16fac555","type":"PROCESS","name":"rest-connector-process","extensions":{"Process_Sy7OxV8z":{"constants":{},"mappings":{"Task_0nb0bj8":{"inputs":{"restUrl":{"type":"variable","value":"mockAPI"}},"outputs":{"response":{"type":"variable","value":"restResult"}}},"Task_08tcwqv":{"inputs":{"variables.restResultForm":{"type":"variable","value":"response"}}}},"properties":{"099c2335-06c6-4474-99e7-195b5801a21c":{"id":"099c2335-06c6-4474-99e7-195b5801a21c","name":"mockAPI","type":"string","value":"http://jsonplaceholder.typicode.com/todos/1","required":false},"1d97110d-3b3d-4bde-b0ed-b8bd16e3fe08":{"id":"1d97110d-3b3d-4bde-b0ed-b8bd16e3fe08","name":"response","type":"json","required":false,"value":{}}},"assignments":{"Task_08tcwqv":{"type":"identity","assignment":"assignee","id":"Task_08tcwqv"}}}}}