<?xml version="1.0" encoding="UTF-8"?>
<definitions xmlns="http://www.omg.org/spec/BPMN/20100524/MODEL" xmlns:xsi="http://www.w3.org/2001/XMLSchema-instance" xmlns:xsd="http://www.w3.org/2001/XMLSchema" xmlns:activiti="http://activiti.org/bpmn" xmlns:bpmndi="http://www.omg.org/spec/BPMN/20100524/DI" xmlns:omgdc="http://www.omg.org/spec/DD/20100524/DC" xmlns:omgdi="http://www.omg.org/spec/DD/20100524/DI" xmlns:bpmn2="http://www.omg.org/spec/BPMN/20100524/MODEL" xmlns:dc="http://www.omg.org/spec/DD/20100524/DC" xmlns:di="http://www.omg.org/spec/DD/20100524/DI" typeLanguage="http://www.w3.org/2001/XMLSchema" expressionLanguage="http://www.w3.org/1999/XPath" targetNamespace="http://bpmn.io/schema/bpmn" id="sample-diagram" xsi:schemaLocation="http://www.omg.org/spec/BPMN/20100524/MODEL BPMN20.xsd">
  <process id="process-75651812-d60b-4a4c-892f-55eb095705c8" name="simpleProcess" isExecutable="true">
    <startEvent id="StartEvent_1"></startEvent>
    <sequenceFlow id="SequenceFlow_0jdd7i3" sourceRef="StartEvent_1" targetRef="Task_1gp4t4s"></sequenceFlow>
    <userTask id="Task_1gp4t4s" name="taskSimple"></userTask>
    <endEvent id="EndEvent_05442a5"></endEvent>
    <sequenceFlow id="SequenceFlow_00wy043" sourceRef="Task_1gp4t4s" targetRef="EndEvent_05442a5"></sequenceFlow>
  </process>
  <bpmndi:BPMNDiagram id="BPMNDiagram_process-75651812-d60b-4a4c-892f-55eb095705c8">
    <bpmndi:BPMNPlane bpmnElement="process-75651812-d60b-4a4c-892f-55eb095705c8" id="BPMNPlane_process-75651812-d60b-4a4c-892f-55eb095705c8">
      <bpmndi:BPMNShape bpmnElement="StartEvent_1" id="BPMNShape_StartEvent_1">
        <omgdc:Bounds height="36.0" width="36.0" x="412.0" y="240.0"></omgdc:Bounds>
      </bpmndi:BPMNShape>
      <bpmndi:BPMNShape bpmnElement="Task_1gp4t4s" id="BPMNShape_Task_1gp4t4s">
        <omgdc:Bounds height="80.0" width="100.0" x="498.0" y="218.0"></omgdc:Bounds>
      </bpmndi:BPMNShape>
      <bpmndi:BPMNShape bpmnElement="EndEvent_05442a5" id="BPMNShape_EndEvent_05442a5">
        <omgdc:Bounds height="36.0" width="36.0" x="648.0" y="240.0"></omgdc:Bounds>
      </bpmndi:BPMNShape>
      <bpmndi:BPMNEdge bpmnElement="SequenceFlow_0jdd7i3" id="BPMNEdge_SequenceFlow_0jdd7i3">
        <omgdi:waypoint x="448.0" y="258.0"></omgdi:waypoint>
        <omgdi:waypoint x="498.0" y="258.0"></omgdi:waypoint>
      </bpmndi:BPMNEdge>
      <bpmndi:BPMNEdge bpmnElement="SequenceFlow_00wy043" id="BPMNEdge_SequenceFlow_00wy043">
        <omgdi:waypoint x="598.0" y="258.0"></omgdi:waypoint>
        <omgdi:waypoint x="648.0" y="258.0"></omgdi:waypoint>
      </bpmndi:BPMNEdge>
    </bpmndi:BPMNPlane>
  </bpmndi:BPMNDiagram>
</definitions>