<?xml version="1.0" encoding="UTF-8"?>
<definitions xmlns="http://www.omg.org/spec/BPMN/20100524/MODEL" xmlns:xsi="http://www.w3.org/2001/XMLSchema-instance" xmlns:activiti="http://activiti.org/bpmn" xmlns:bpmndi="http://www.omg.org/spec/BPMN/20100524/DI" xmlns:omgdc="http://www.omg.org/spec/DD/20100524/DC" xmlns:omgdi="http://www.omg.org/spec/DD/20100524/DI" xmlns:xsd="http://www.w3.org/2001/XMLSchema" id="model-32827eb6-07ed-4a95-8843-11ace0bfc2cf" name="start-task-visibility-form" targetNamespace="http://bpmn.io/schema/bpmn" xsi:schemaLocation="http://www.omg.org/spec/BPMN/20100524/MODEL BPMN20.xsd">
  <process id="Process_rVUZqBHj" name="start-task-visibility-form" isExecutable="true">
    <startEvent id="StartEvent_1" activiti:formKey="form-4f5f3f50-d071-4a06-b40d-30d68017211f">
      <outgoing>SequenceFlow_0xr33x3</outgoing>
    </startEvent>
    <sequenceFlow id="SequenceFlow_0xr33x3" sourceRef="StartEvent_1" targetRef="Task_0zcbh7o" />
    <userTask id="Task_0zcbh7o" name="User Task" activiti:formKey="form-4f5f3f50-d071-4a06-b40d-30d68017211f" activiti:assignee="hruser" activiti:candidateGroups="hr" />
    <endEvent id="EndEvent_03tvngn">
      <incoming>SequenceFlow_1bogont</incoming>
    </endEvent>
    <sequenceFlow id="SequenceFlow_1bogont" sourceRef="Task_0zcbh7o" targetRef="EndEvent_03tvngn" />
  </process>
  <bpmndi:BPMNDiagram id="BPMNDiagram_process-32827eb6-07ed-4a95-8843-11ace0bfc2cf">
    <bpmndi:BPMNPlane id="BPMNPlane_process-32827eb6-07ed-4a95-8843-11ace0bfc2cf" bpmnElement="Process_rVUZqBHj">
      <bpmndi:BPMNShape id="BPMNShape_StartEvent_1" bpmnElement="StartEvent_1">
        <omgdc:Bounds x="412" y="240" width="36" height="36" />
      </bpmndi:BPMNShape>
      <bpmndi:BPMNShape id="BPMNShape_Task_0zcbh7o" bpmnElement="Task_0zcbh7o">
        <omgdc:Bounds x="498" y="218" width="100" height="80" />
      </bpmndi:BPMNShape>
      <bpmndi:BPMNShape id="BPMNShape_EndEvent_03tvngn" bpmnElement="EndEvent_03tvngn">
        <omgdc:Bounds x="648" y="240" width="36" height="36" />
      </bpmndi:BPMNShape>
      <bpmndi:BPMNEdge id="BPMNEdge_SequenceFlow_0xr33x3" bpmnElement="SequenceFlow_0xr33x3">
        <omgdi:waypoint x="448" y="258" />
        <omgdi:waypoint x="498" y="258" />
      </bpmndi:BPMNEdge>
      <bpmndi:BPMNEdge id="BPMNEdge_SequenceFlow_1bogont" bpmnElement="SequenceFlow_1bogont">
        <omgdi:waypoint x="598" y="258" />
        <omgdi:waypoint x="648" y="258" />
      </bpmndi:BPMNEdge>
    </bpmndi:BPMNPlane>
  </bpmndi:BPMNDiagram>
</definitions>
