<?xml version="1.0" encoding="UTF-8"?>
<definitions xmlns="http://www.omg.org/spec/BPMN/20100524/MODEL" xmlns:xsi="http://www.w3.org/2001/XMLSchema-instance" xmlns:xsd="http://www.w3.org/2001/XMLSchema" xmlns:activiti="http://activiti.org/bpmn" xmlns:bpmndi="http://www.omg.org/spec/BPMN/20100524/DI" xmlns:omgdc="http://www.omg.org/spec/DD/20100524/DC" xmlns:omgdi="http://www.omg.org/spec/DD/20100524/DI" typeLanguage="http://www.w3.org/2001/XMLSchema" expressionLanguage="http://www.w3.org/1999/XPath" targetNamespace="http://bpmn.io/schema/bpmn" id="sample-diagram" xsi:schemaLocation="http://www.omg.org/spec/BPMN/20100524/MODEL BPMN20.xsd">
  <message id="Message_0hq81h3" name="Start message"></message>
  <message id="Message_0nw8ead" name="intermediate catch event message"></message>
  <message id="Message_0rdttwu" name="message interrupting boundary event"></message>
  <message id="Message_1qrh8at" name="message noninterrupting boundary event"></message>
  <process id="process-10a82996-c869-4c38-8462-70fafb646d04" name="start-message-event" isExecutable="true">
    <startEvent id="StartEvent_1" isInterrupting="true">
      <outgoing>SequenceFlow_1lveojo</outgoing>
      <messageEventDefinition messageRef="Message_0hq81h3"></messageEventDefinition>
    </startEvent>
    <sequenceFlow id="SequenceFlow_1lveojo" sourceRef="StartEvent_1" targetRef="Task_0o63oyn"></sequenceFlow>
    <userTask id="Task_0o63oyn" name="simple user task" activiti:assignee="hruser"></userTask>
    <endEvent id="EndEvent_0kr4bgd">
      <incoming>SequenceFlow_174p8lw</incoming>
    </endEvent>
    <sequenceFlow id="SequenceFlow_174p8lw" sourceRef="Task_0o63oyn" targetRef="EndEvent_0kr4bgd"></sequenceFlow>
  </process>
  <bpmndi:BPMNDiagram id="BPMNDiagram_process-10a82996-c869-4c38-8462-70fafb646d04">
    <bpmndi:BPMNPlane bpmnElement="process-10a82996-c869-4c38-8462-70fafb646d04" id="BPMNPlane_process-10a82996-c869-4c38-8462-70fafb646d04">
      <bpmndi:BPMNShape bpmnElement="StartEvent_1" id="BPMNShape_StartEvent_1">
        <omgdc:Bounds height="36.0" width="36.0" x="27.0" y="154.0"></omgdc:Bounds>
      </bpmndi:BPMNShape>
      <bpmndi:BPMNShape bpmnElement="Task_0o63oyn" id="BPMNShape_Task_0o63oyn">
        <omgdc:Bounds height="80.0" width="100.0" x="389.0" y="132.0"></omgdc:Bounds>
      </bpmndi:BPMNShape>
      <bpmndi:BPMNShape bpmnElement="EndEvent_0kr4bgd" id="BPMNShape_EndEvent_0kr4bgd">
        <omgdc:Bounds height="36.0" width="36.0" x="539.0" y="154.0"></omgdc:Bounds>
      </bpmndi:BPMNShape>
      <bpmndi:BPMNEdge bpmnElement="SequenceFlow_1lveojo" id="BPMNEdge_SequenceFlow_1lveojo">
        <omgdi:waypoint x="63.0" y="172.0"></omgdi:waypoint>
        <omgdi:waypoint x="389.0" y="172.0"></omgdi:waypoint>
      </bpmndi:BPMNEdge>
      <bpmndi:BPMNEdge bpmnElement="SequenceFlow_174p8lw" id="BPMNEdge_SequenceFlow_174p8lw">
        <omgdi:waypoint x="489.0" y="172.0"></omgdi:waypoint>
        <omgdi:waypoint x="539.0" y="172.0"></omgdi:waypoint>
      </bpmndi:BPMNEdge>
    </bpmndi:BPMNPlane>
  </bpmndi:BPMNDiagram>
</definitions>