<?xml version="1.0" encoding="UTF-8"?>
<definitions xmlns="http://www.omg.org/spec/BPMN/20100524/MODEL" xmlns:xsi="http://www.w3.org/2001/XMLSchema-instance" xmlns:xsd="http://www.w3.org/2001/XMLSchema" xmlns:activiti="http://activiti.org/bpmn" xmlns:bpmndi="http://www.omg.org/spec/BPMN/20100524/DI" xmlns:omgdc="http://www.omg.org/spec/DD/20100524/DC" xmlns:omgdi="http://www.omg.org/spec/DD/20100524/DI" typeLanguage="http://www.w3.org/2001/XMLSchema" expressionLanguage="http://www.w3.org/1999/XPath" targetNamespace="http://bpmn.io/schema/bpmn" id="sample-diagram" xsi:schemaLocation="http://www.omg.org/spec/BPMN/20100524/MODEL BPMN20.xsd">
  <process id="process-ba9811ae-878f-4156-983b-ab3fe1a81a08" name="start-visibility-form" isExecutable="true">
    <startEvent id="StartEvent_1" activiti:formKey="form-39f266d3-caf6-40e6-ad8a-fc80818a33ba">
      <outgoing>SequenceFlow_1qaa9fw</outgoing>
    </startEvent>
    <sequenceFlow id="SequenceFlow_1qaa9fw" sourceRef="StartEvent_1" targetRef="Task_0lnjk5q"></sequenceFlow>
    <endEvent id="EndEvent_0mkn34t">
      <incoming>SequenceFlow_1lwf281</incoming>
    </endEvent>
    <sequenceFlow id="SequenceFlow_1lwf281" sourceRef="Task_0lnjk5q" targetRef="EndEvent_0mkn34t"></sequenceFlow>
    <userTask id="Task_0lnjk5q" name="User Task" activiti:assignee="hruser" activiti:candidateGroups="hr"></userTask>
  </process>
  <bpmndi:BPMNDiagram id="BPMNDiagram_process-ba9811ae-878f-4156-983b-ab3fe1a81a08">
    <bpmndi:BPMNPlane bpmnElement="process-ba9811ae-878f-4156-983b-ab3fe1a81a08" id="BPMNPlane_process-ba9811ae-878f-4156-983b-ab3fe1a81a08">
      <bpmndi:BPMNShape bpmnElement="StartEvent_1" id="BPMNShape_StartEvent_1">
        <omgdc:Bounds height="36.0" width="36.0" x="412.0" y="240.0"></omgdc:Bounds>
      </bpmndi:BPMNShape>
      <bpmndi:BPMNShape bpmnElement="EndEvent_0mkn34t" id="BPMNShape_EndEvent_0mkn34t">
        <omgdc:Bounds height="36.0" width="36.0" x="648.0" y="240.0"></omgdc:Bounds>
      </bpmndi:BPMNShape>
      <bpmndi:BPMNShape bpmnElement="Task_0lnjk5q" id="BPMNShape_Task_0lnjk5q">
        <omgdc:Bounds height="80.0" width="100.0" x="498.0" y="218.0"></omgdc:Bounds>
      </bpmndi:BPMNShape>
      <bpmndi:BPMNEdge bpmnElement="SequenceFlow_1qaa9fw" id="BPMNEdge_SequenceFlow_1qaa9fw">
        <omgdi:waypoint x="448.0" y="258.0"></omgdi:waypoint>
        <omgdi:waypoint x="498.0" y="258.0"></omgdi:waypoint>
      </bpmndi:BPMNEdge>
      <bpmndi:BPMNEdge bpmnElement="SequenceFlow_1lwf281" id="BPMNEdge_SequenceFlow_1lwf281">
        <omgdi:waypoint x="598.0" y="258.0"></omgdi:waypoint>
        <omgdi:waypoint x="648.0" y="258.0"></omgdi:waypoint>
      </bpmndi:BPMNEdge>
    </bpmndi:BPMNPlane>
  </bpmndi:BPMNDiagram>
</definitions>