<?xml version="1.0" encoding="UTF-8"?>
<definitions xmlns="http://www.omg.org/spec/BPMN/20100524/MODEL" xmlns:xsi="http://www.w3.org/2001/XMLSchema-instance" xmlns:activiti="http://activiti.org/bpmn" xmlns:bpmndi="http://www.omg.org/spec/BPMN/20100524/DI" xmlns:omgdc="http://www.omg.org/spec/DD/20100524/DC" xmlns:omgdi="http://www.omg.org/spec/DD/20100524/DI" xmlns:xsd="http://www.w3.org/2001/XMLSchema" id="model-74a95cdd-bf75-4717-aa86-f8204c667e29" name="task-executor-read" targetNamespace="http://www.activiti.org/test" xsi:schemaLocation="http://www.omg.org/spec/BPMN/20100524/MODEL BPMN20.xsd">
  <process id="Process_qle2HZ0u" name="task-executor-read" isExecutable="true">
    <sequenceFlow id="SequenceFlow_0f4ajex" sourceRef="Gateway_0suistq" targetRef="Task_0kg1ubk">
      <conditionExpression xsi:type="tFormalExpression">${(choice eq "manual")}</conditionExpression>
    </sequenceFlow>
    <sequenceFlow id="SequenceFlow_10k5ve3" sourceRef="Gateway_0suistq" targetRef="Task_0nosoqr">
      <conditionExpression xsi:type="tFormalExpression">${(choice eq "automatic")}</conditionExpression>
    </sequenceFlow>
    <sequenceFlow id="SequenceFlow_10p4xjx" sourceRef="Task_0nosoqr" targetRef="Task_03dn8nc" />
    <sequenceFlow id="SequenceFlow_03q0gwj" sourceRef="Task_0kg1ubk" targetRef="Task_1dq499r" />
    <endEvent id="EndEvent_0gyxev1">
      <incoming>SequenceFlow_13yr0wr</incoming>
      <incoming>SequenceFlow_07g1948</incoming>
    </endEvent>
    <sequenceFlow id="SequenceFlow_13yr0wr" sourceRef="Task_1dq499r" targetRef="EndEvent_0gyxev1" />
    <sequenceFlow id="SequenceFlow_07g1948" sourceRef="Task_03dn8nc" targetRef="EndEvent_0gyxev1" />
    <exclusiveGateway id="Gateway_0suistq">
      <incoming>SequenceFlow_0bpam3d</incoming>
      <outgoing>SequenceFlow_0f4ajex</outgoing>
      <outgoing>SequenceFlow_10k5ve3</outgoing>
    </exclusiveGateway>
    <userTask id="Task_0nosoqr" name="automatic write" activiti:formKey="form-7ebf675f-77ce-40be-9f3a-13a76e2437e1" activiti:assignee="${initiator}" activiti:priority="0">
      <incoming>SequenceFlow_10k5ve3</incoming>
      <outgoing>SequenceFlow_10p4xjx</outgoing>
    </userTask>
    <userTask id="Task_0kg1ubk" name="manual write" activiti:formKey="form-7ebf675f-77ce-40be-9f3a-13a76e2437e1" activiti:assignee="${initiator}" activiti:priority="0">
      <incoming>SequenceFlow_0f4ajex</incoming>
      <outgoing>SequenceFlow_03q0gwj</outgoing>
    </userTask>
    <userTask id="Task_1dq499r" name="manual read" activiti:formKey="form-7ebf675f-77ce-40be-9f3a-13a76e2437e1" activiti:assignee="${initiator}" activiti:priority="0">
      <incoming>SequenceFlow_03q0gwj</incoming>
      <outgoing>SequenceFlow_13yr0wr</outgoing>
    </userTask>
    <userTask id="Task_03dn8nc" name="automatic read" activiti:formKey="form-7ebf675f-77ce-40be-9f3a-13a76e2437e1" activiti:assignee="${initiator}" activiti:priority="0">
      <incoming>SequenceFlow_10p4xjx</incoming>
      <outgoing>SequenceFlow_07g1948</outgoing>
    </userTask>
    <startEvent id="StartEvent_1f9ynpn">
      <outgoing>SequenceFlow_0szptnz</outgoing>
    </startEvent>
    <sequenceFlow id="SequenceFlow_0szptnz" sourceRef="StartEvent_1f9ynpn" targetRef="Task_00y16ms" />
    <userTask id="Task_00y16ms" name="pick process" activiti:formKey="form-fb4db844-081a-41d6-a734-073f7c017333" activiti:assignee="${initiator}" activiti:priority="0">
      <incoming>SequenceFlow_0szptnz</incoming>
      <outgoing>SequenceFlow_0bpam3d</outgoing>
    </userTask>
    <sequenceFlow id="SequenceFlow_0bpam3d" sourceRef="Task_00y16ms" targetRef="Gateway_0suistq" />
  </process>
  <bpmndi:BPMNDiagram id="BPMNDiagram_Process_qle2HZ0u">
    <bpmndi:BPMNPlane id="BPMNPlane_Process_qle2HZ0u" bpmnElement="Process_qle2HZ0u">
      <bpmndi:BPMNShape id="BPMNShape_EndEvent_0gyxev1" bpmnElement="EndEvent_0gyxev1">
        <omgdc:Bounds x="962" y="232" width="36" height="36" />
      </bpmndi:BPMNShape>
      <bpmndi:BPMNShape id="BPMNShape_Gateway_0suistq" bpmnElement="Gateway_0suistq" isMarkerVisible="true">
        <omgdc:Bounds x="505" y="233" width="50" height="50" />
      </bpmndi:BPMNShape>
      <bpmndi:BPMNShape id="BPMNShape_Task_0nosoqr" bpmnElement="Task_0nosoqr">
        <omgdc:Bounds x="620" y="270" width="100" height="80" />
      </bpmndi:BPMNShape>
      <bpmndi:BPMNShape id="BPMNShape_Task_0kg1ubk" bpmnElement="Task_0kg1ubk">
        <omgdc:Bounds x="620" y="158" width="100" height="80" />
      </bpmndi:BPMNShape>
      <bpmndi:BPMNShape id="BPMNShape_Task_1dq499r" bpmnElement="Task_1dq499r">
        <omgdc:Bounds x="790" y="158" width="100" height="80" />
      </bpmndi:BPMNShape>
      <bpmndi:BPMNShape id="BPMNShape_Task_03dn8nc" bpmnElement="Task_03dn8nc">
        <omgdc:Bounds x="790" y="270" width="100" height="80" />
      </bpmndi:BPMNShape>
      <bpmndi:BPMNEdge id="BPMNEdge_SequenceFlow_0f4ajex" bpmnElement="SequenceFlow_0f4ajex">
        <omgdi:waypoint x="530" y="233" />
        <omgdi:waypoint x="530" y="198" />
        <omgdi:waypoint x="620" y="198" />
      </bpmndi:BPMNEdge>
      <bpmndi:BPMNEdge id="BPMNEdge_SequenceFlow_10k5ve3" bpmnElement="SequenceFlow_10k5ve3">
        <omgdi:waypoint x="530" y="283" />
        <omgdi:waypoint x="530" y="310" />
        <omgdi:waypoint x="620" y="310" />
      </bpmndi:BPMNEdge>
      <bpmndi:BPMNEdge id="BPMNEdge_SequenceFlow_10p4xjx" bpmnElement="SequenceFlow_10p4xjx">
        <omgdi:waypoint x="720" y="310" />
        <omgdi:waypoint x="790" y="310" />
      </bpmndi:BPMNEdge>
      <bpmndi:BPMNEdge id="BPMNEdge_SequenceFlow_03q0gwj" bpmnElement="SequenceFlow_03q0gwj">
        <omgdi:waypoint x="720" y="198" />
        <omgdi:waypoint x="790" y="198" />
      </bpmndi:BPMNEdge>
      <bpmndi:BPMNEdge id="BPMNEdge_SequenceFlow_13yr0wr" bpmnElement="SequenceFlow_13yr0wr">
        <omgdi:waypoint x="890" y="198" />
        <omgdi:waypoint x="930" y="198" />
        <omgdi:waypoint x="930" y="250" />
        <omgdi:waypoint x="962" y="250" />
      </bpmndi:BPMNEdge>
      <bpmndi:BPMNEdge id="BPMNEdge_SequenceFlow_07g1948" bpmnElement="SequenceFlow_07g1948">
        <omgdi:waypoint x="890" y="310" />
        <omgdi:waypoint x="930" y="310" />
        <omgdi:waypoint x="930" y="250" />
        <omgdi:waypoint x="962" y="250" />
      </bpmndi:BPMNEdge>
      <bpmndi:BPMNShape id="StartEvent_1f9ynpn_di" bpmnElement="StartEvent_1f9ynpn">
        <omgdc:Bounds x="252" y="240" width="36" height="36" />
      </bpmndi:BPMNShape>
      <bpmndi:BPMNEdge id="SequenceFlow_0szptnz_di" bpmnElement="SequenceFlow_0szptnz">
        <omgdi:waypoint x="288" y="258" />
        <omgdi:waypoint x="340" y="258" />
      </bpmndi:BPMNEdge>
      <bpmndi:BPMNShape id="UserTask_1269z7q_di" bpmnElement="Task_00y16ms">
        <omgdc:Bounds x="340" y="218" width="100" height="80" />
      </bpmndi:BPMNShape>
      <bpmndi:BPMNEdge id="SequenceFlow_0bpam3d_di" bpmnElement="SequenceFlow_0bpam3d">
        <omgdi:waypoint x="440" y="258" />
        <omgdi:waypoint x="505" y="258" />
      </bpmndi:BPMNEdge>
    </bpmndi:BPMNPlane>
  </bpmndi:BPMNDiagram>
</definitions>
