<?xml version="1.0" encoding="UTF-8"?>
<bpmn2:definitions xmlns="http://www.omg.org/spec/BPMN/20100524/MODEL" xmlns:bpmn2="http://www.omg.org/spec/BPMN/20100524/MODEL" xmlns:xsi="http://www.w3.org/2001/XMLSchema-instance" xmlns:xsd="http://www.w3.org/2001/XMLSchema" xmlns:activiti="http://activiti.org/bpmn" xmlns:bpmndi="http://www.omg.org/spec/BPMN/20100524/DI" xmlns:omgdc="http://www.omg.org/spec/DD/20100524/DC" xmlns:omgdi="http://www.omg.org/spec/DD/20100524/DI" typeLanguage="http://www.w3.org/2001/XMLSchema" expressionLanguage="http://www.w3.org/1999/XPath" targetNamespace="http://www.activiti.org/test" id="model-74a95cdd-bf75-4717-aa86-f8204c667e29" name="task-executor-read" xsi:schemaLocation="http://www.omg.org/spec/BPMN/20100524/MODEL BPMN20.xsd">
  <bpmn2:process id="Process_qle2HZ0u" name="task-executor-read" isExecutable="true">
    <bpmn2:sequenceFlow id="SequenceFlow_0f4ajex" sourceRef="Gateway_0suistq" targetRef="Task_0kg1ubk">
      <conditionExpression xsi:type="tFormalExpression"><![CDATA[${(choice eq "manual")}]]></conditionExpression>
    </bpmn2:sequenceFlow>
    <bpmn2:sequenceFlow id="SequenceFlow_10k5ve3" sourceRef="Gateway_0suistq" targetRef="Task_0nosoqr">
      <conditionExpression xsi:type="tFormalExpression"><![CDATA[${(choice eq "automatic")}]]></conditionExpression>
    </bpmn2:sequenceFlow>
    <bpmn2:sequenceFlow id="SequenceFlow_10p4xjx" sourceRef="Task_0nosoqr" targetRef="Task_03dn8nc"></bpmn2:sequenceFlow>
    <bpmn2:sequenceFlow id="SequenceFlow_03q0gwj" sourceRef="Task_0kg1ubk" targetRef="Task_1dq499r"></bpmn2:sequenceFlow>
    <bpmn2:endEvent id="EndEvent_0gyxev1">
      <bpmn2:incoming>SequenceFlow_13yr0wr</bpmn2:incoming>
      <bpmn2:incoming>SequenceFlow_07g1948</bpmn2:incoming>
    </bpmn2:endEvent>
    <bpmn2:sequenceFlow id="SequenceFlow_13yr0wr" sourceRef="Task_1dq499r" targetRef="EndEvent_0gyxev1"></bpmn2:sequenceFlow>
    <bpmn2:sequenceFlow id="SequenceFlow_07g1948" sourceRef="Task_03dn8nc" targetRef="EndEvent_0gyxev1"></bpmn2:sequenceFlow>
    <bpmn2:exclusiveGateway id="Gateway_0suistq">
      <bpmn2:incoming>SequenceFlow_0bpam3d</bpmn2:incoming>
      <bpmn2:outgoing>SequenceFlow_0f4ajex</bpmn2:outgoing>
      <bpmn2:outgoing>SequenceFlow_10k5ve3</bpmn2:outgoing>
    </bpmn2:exclusiveGateway>
    <bpmn2:userTask id="Task_0nosoqr" name="automatic write" activiti:assignee="${initiator}" activiti:formKey="form-e5462f14-5d64-4b97-bd2c-7844ee0ea6e0" activiti:priority="0">
      <bpmn2:incoming>SequenceFlow_10k5ve3</bpmn2:incoming>
      <bpmn2:outgoing>SequenceFlow_10p4xjx</bpmn2:outgoing>
    </bpmn2:userTask>
    <bpmn2:userTask id="Task_0kg1ubk" name="manual write" activiti:assignee="${initiator}" activiti:formKey="form-e5462f14-5d64-4b97-bd2c-7844ee0ea6e0" activiti:priority="0">
      <bpmn2:incoming>SequenceFlow_0f4ajex</bpmn2:incoming>
      <bpmn2:outgoing>SequenceFlow_03q0gwj</bpmn2:outgoing>
    </bpmn2:userTask>
    <bpmn2:userTask id="Task_1dq499r" name="manual read" activiti:assignee="${initiator}" activiti:formKey="form-e5462f14-5d64-4b97-bd2c-7844ee0ea6e0" activiti:priority="0">
      <bpmn2:incoming>SequenceFlow_03q0gwj</bpmn2:incoming>
      <bpmn2:outgoing>SequenceFlow_13yr0wr</bpmn2:outgoing>
    </bpmn2:userTask>
    <bpmn2:userTask id="Task_03dn8nc" name="automatic read" activiti:assignee="${initiator}" activiti:formKey="form-e5462f14-5d64-4b97-bd2c-7844ee0ea6e0" activiti:priority="0">
      <bpmn2:incoming>SequenceFlow_10p4xjx</bpmn2:incoming>
      <bpmn2:outgoing>SequenceFlow_07g1948</bpmn2:outgoing>
    </bpmn2:userTask>
    <bpmn2:startEvent id="StartEvent_1f9ynpn">
      <bpmn2:outgoing>SequenceFlow_0szptnz</bpmn2:outgoing>
    </bpmn2:startEvent>
    <bpmn2:sequenceFlow id="SequenceFlow_0szptnz" sourceRef="StartEvent_1f9ynpn" targetRef="Task_00y16ms"></bpmn2:sequenceFlow>
    <bpmn2:userTask id="Task_00y16ms" name="pick process" activiti:assignee="${initiator}" activiti:formKey="form-666739fb-58c7-4875-b04d-54faae843b77" activiti:priority="0">
      <bpmn2:incoming>SequenceFlow_0szptnz</bpmn2:incoming>
      <bpmn2:outgoing>SequenceFlow_0bpam3d</bpmn2:outgoing>
    </bpmn2:userTask>
    <bpmn2:sequenceFlow id="SequenceFlow_0bpam3d" sourceRef="Task_00y16ms" targetRef="Gateway_0suistq"></bpmn2:sequenceFlow>
  </bpmn2:process>
  <bpmndi:BPMNDiagram id="BPMNDiagram_Process_qle2HZ0u">
    <bpmndi:BPMNPlane bpmnElement="Process_qle2HZ0u" id="BPMNPlane_Process_qle2HZ0u">
      <bpmndi:BPMNShape bpmnElement="EndEvent_0gyxev1" id="BPMNShape_EndEvent_0gyxev1">
        <omgdc:Bounds height="36.0" width="36.0" x="962.0" y="232.0"></omgdc:Bounds>
      </bpmndi:BPMNShape>
      <bpmndi:BPMNShape bpmnElement="Gateway_0suistq" id="BPMNShape_Gateway_0suistq">
        <omgdc:Bounds height="50.0" width="50.0" x="505.0" y="233.0"></omgdc:Bounds>
      </bpmndi:BPMNShape>
      <bpmndi:BPMNShape bpmnElement="Task_0nosoqr" id="BPMNShape_Task_0nosoqr">
        <omgdc:Bounds height="80.0" width="100.0" x="620.0" y="270.0"></omgdc:Bounds>
      </bpmndi:BPMNShape>
      <bpmndi:BPMNShape bpmnElement="Task_0kg1ubk" id="BPMNShape_Task_0kg1ubk">
        <omgdc:Bounds height="80.0" width="100.0" x="620.0" y="158.0"></omgdc:Bounds>
      </bpmndi:BPMNShape>
      <bpmndi:BPMNShape bpmnElement="Task_1dq499r" id="BPMNShape_Task_1dq499r">
        <omgdc:Bounds height="80.0" width="100.0" x="790.0" y="158.0"></omgdc:Bounds>
      </bpmndi:BPMNShape>
      <bpmndi:BPMNShape bpmnElement="Task_03dn8nc" id="BPMNShape_Task_03dn8nc">
        <omgdc:Bounds height="80.0" width="100.0" x="790.0" y="270.0"></omgdc:Bounds>
      </bpmndi:BPMNShape>
      <bpmndi:BPMNShape bpmnElement="StartEvent_1f9ynpn" id="BPMNShape_StartEvent_1f9ynpn">
        <omgdc:Bounds height="36.0" width="36.0" x="252.0" y="240.0"></omgdc:Bounds>
      </bpmndi:BPMNShape>
      <bpmndi:BPMNShape bpmnElement="Task_00y16ms" id="BPMNShape_Task_00y16ms">
        <omgdc:Bounds height="80.0" width="100.0" x="340.0" y="218.0"></omgdc:Bounds>
      </bpmndi:BPMNShape>
      <bpmndi:BPMNEdge bpmnElement="SequenceFlow_0f4ajex" id="BPMNEdge_SequenceFlow_0f4ajex">
        <omgdi:waypoint x="530.0" y="233.0"></omgdi:waypoint>
        <omgdi:waypoint x="530.0" y="198.0"></omgdi:waypoint>
        <omgdi:waypoint x="620.0" y="198.0"></omgdi:waypoint>
      </bpmndi:BPMNEdge>
      <bpmndi:BPMNEdge bpmnElement="SequenceFlow_10k5ve3" id="BPMNEdge_SequenceFlow_10k5ve3">
        <omgdi:waypoint x="530.0" y="283.0"></omgdi:waypoint>
        <omgdi:waypoint x="530.0" y="310.0"></omgdi:waypoint>
        <omgdi:waypoint x="620.0" y="310.0"></omgdi:waypoint>
      </bpmndi:BPMNEdge>
      <bpmndi:BPMNEdge bpmnElement="SequenceFlow_10p4xjx" id="BPMNEdge_SequenceFlow_10p4xjx">
        <omgdi:waypoint x="720.0" y="310.0"></omgdi:waypoint>
        <omgdi:waypoint x="790.0" y="310.0"></omgdi:waypoint>
      </bpmndi:BPMNEdge>
      <bpmndi:BPMNEdge bpmnElement="SequenceFlow_03q0gwj" id="BPMNEdge_SequenceFlow_03q0gwj">
        <omgdi:waypoint x="720.0" y="198.0"></omgdi:waypoint>
        <omgdi:waypoint x="790.0" y="198.0"></omgdi:waypoint>
      </bpmndi:BPMNEdge>
      <bpmndi:BPMNEdge bpmnElement="SequenceFlow_13yr0wr" id="BPMNEdge_SequenceFlow_13yr0wr">
        <omgdi:waypoint x="890.0" y="198.0"></omgdi:waypoint>
        <omgdi:waypoint x="930.0" y="198.0"></omgdi:waypoint>
        <omgdi:waypoint x="930.0" y="250.0"></omgdi:waypoint>
        <omgdi:waypoint x="962.0" y="250.0"></omgdi:waypoint>
      </bpmndi:BPMNEdge>
      <bpmndi:BPMNEdge bpmnElement="SequenceFlow_07g1948" id="BPMNEdge_SequenceFlow_07g1948">
        <omgdi:waypoint x="890.0" y="310.0"></omgdi:waypoint>
        <omgdi:waypoint x="930.0" y="310.0"></omgdi:waypoint>
        <omgdi:waypoint x="930.0" y="250.0"></omgdi:waypoint>
        <omgdi:waypoint x="962.0" y="250.0"></omgdi:waypoint>
      </bpmndi:BPMNEdge>
      <bpmndi:BPMNEdge bpmnElement="SequenceFlow_0szptnz" id="BPMNEdge_SequenceFlow_0szptnz">
        <omgdi:waypoint x="288.0" y="258.0"></omgdi:waypoint>
        <omgdi:waypoint x="340.0" y="258.0"></omgdi:waypoint>
      </bpmndi:BPMNEdge>
      <bpmndi:BPMNEdge bpmnElement="SequenceFlow_0bpam3d" id="BPMNEdge_SequenceFlow_0bpam3d">
        <omgdi:waypoint x="440.0" y="258.0"></omgdi:waypoint>
        <omgdi:waypoint x="505.0" y="258.0"></omgdi:waypoint>
      </bpmndi:BPMNEdge>
    </bpmndi:BPMNPlane>
  </bpmndi:BPMNDiagram>
</bpmn2:definitions>