{"id":"process-961e77b0-8aab-47a3-9a6e-878b2d1b126a","type":"PROCESS","name":"task-executor-read","key":"task-executor-read","extensions":{"Process_qle2HZ0u":{"constants":{},"mappings":{"Task_0kg1ubk":{"outputs":{"text":{"type":"variable","value":"sys_task_assignee"}}},"Task_1dq499r":{"inputs":{"executorManual":{"type":"variable","value":"text"}}},"Task_0nosoqr":{"mappingType":"MAP_ALL"},"Task_03dn8nc":{"mappingType":"MAP_ALL"},"Task_00y16ms":{"outputs":{"choice":{"type":"value","value":"${executorDropdown.id}"}}}},"properties":{"e68a8434-7ffc-4293-8b64-fec562f3fc83":{"id":"e68a8434-7ffc-4293-8b64-fec562f3fc83","name":"choice","type":"string","analytics":false,"required":false,"model":{"$ref":"#/$defs/primitive/string"}},"be944a15-2552-443e-85a8-83b0cc8ec033":{"id":"be944a15-2552-443e-85a8-83b0cc8ec033","name":"text","type":"string","analytics":false,"required":false,"model":{"$ref":"#/$defs/primitive/string"}},"02bf16f5-df16-45ef-a37a-05a66537a2e7":{"id":"02bf16f5-df16-45ef-a37a-05a66537a2e7","name":"sys_task_assignee","type":"string","analytics":false,"required":false,"model":{"$ref":"#/$defs/primitive/string"}}},"assignments":{}}}}