{"id":"process-94a9260e-4379-4174-84b2-441f1b577fc5","type":"PROCESS","name":"terminate-exclusive","key":"terminate-exclusive","extensions":{"Process_9gfn9UfI":{"constants":{},"mappings":{"Task_1q1cdjn":{"outputs":{"exclusiveCondition":{"type":"variable","value":"exclusiveCondition"}}}},"properties":{"60cb4d78-de64-4ce0-a4f4-5f29209aa95e":{"id":"60cb4d78-de64-4ce0-a4f4-5f29209aa95e","name":"exclusiveCondition","type":"string","value":"","required":false}},"assignments":{"Task_1q1cdjn":{"type":"identity","assignment":"assignee","id":"Task_1q1cdjn"},"Task_1ge2eyp":{"type":"identity","assignment":"assignee","id":"Task_1ge2eyp"},"Task_1hmz7ou":{"type":"identity","assignment":"assignee","id":"Task_1hmz7ou"}}}}}