<?xml version="1.0" encoding="UTF-8"?>
<bpmn2:definitions xmlns="http://www.omg.org/spec/BPMN/20100524/MODEL" xmlns:bpmn2="http://www.omg.org/spec/BPMN/20100524/MODEL" xmlns:xsi="http://www.w3.org/2001/XMLSchema-instance" xmlns:xsd="http://www.w3.org/2001/XMLSchema" xmlns:activiti="http://activiti.org/bpmn" xmlns:bpmndi="http://www.omg.org/spec/BPMN/20100524/DI" xmlns:omgdc="http://www.omg.org/spec/DD/20100524/DC" xmlns:omgdi="http://www.omg.org/spec/DD/20100524/DI" typeLanguage="http://www.w3.org/2001/XMLSchema" expressionLanguage="http://www.w3.org/1999/XPath" targetNamespace="http://bpmn.io/schema/bpmn" id="model-d3c3821b-1fcd-4af6-ba3b-c932344e9eff" name="terminate-exclusive" xsi:schemaLocation="http://www.omg.org/spec/BPMN/20100524/MODEL BPMN20.xsd">
  <bpmn2:process id="Process_9gfn9UfI" name="terminate-exclusive" isExecutable="true">
    <bpmn2:startEvent id="StartEvent_1">
      <bpmn2:outgoing>SequenceFlow_1mdi34w</bpmn2:outgoing>
    </bpmn2:startEvent>
    <bpmn2:sequenceFlow id="SequenceFlow_1mdi34w" sourceRef="StartEvent_1" targetRef="Task_1q1cdjn"></bpmn2:sequenceFlow>
    <bpmn2:exclusiveGateway id="ExclusiveGateway_15ig6mk" default="SequenceFlow_00lc7ec">
      <bpmn2:incoming>SequenceFlow_001o7pl</bpmn2:incoming>
      <bpmn2:outgoing>SequenceFlow_00lc7ec</bpmn2:outgoing>
      <bpmn2:outgoing>SequenceFlow_0gpj3vi</bpmn2:outgoing>
    </bpmn2:exclusiveGateway>
    <bpmn2:sequenceFlow id="SequenceFlow_001o7pl" sourceRef="Task_1q1cdjn" targetRef="ExclusiveGateway_15ig6mk"></bpmn2:sequenceFlow>
    <bpmn2:sequenceFlow id="SequenceFlow_00lc7ec" sourceRef="ExclusiveGateway_15ig6mk" targetRef="Task_1ge2eyp"></bpmn2:sequenceFlow>
    <bpmn2:sequenceFlow id="SequenceFlow_0gpj3vi" sourceRef="ExclusiveGateway_15ig6mk" targetRef="Task_1hmz7ou">
      <conditionExpression xsi:type="tFormalExpression"><![CDATA[${exclusiveCondition == 'terminate'}]]></conditionExpression>
    </bpmn2:sequenceFlow>
    <bpmn2:sequenceFlow id="SequenceFlow_16u0m3l" sourceRef="Task_1hmz7ou" targetRef="EndEvent_108t8rw"></bpmn2:sequenceFlow>
    <bpmn2:endEvent id="EndEvent_108t8rw">
      <bpmn2:incoming>SequenceFlow_16u0m3l</bpmn2:incoming>
      <terminateEventDefinition></terminateEventDefinition>
    </bpmn2:endEvent>
    <bpmn2:endEvent id="EndEvent_00zp456">
      <bpmn2:incoming>SequenceFlow_0k9yyxr</bpmn2:incoming>
    </bpmn2:endEvent>
    <bpmn2:sequenceFlow id="SequenceFlow_0k9yyxr" sourceRef="Task_1ge2eyp" targetRef="EndEvent_00zp456"></bpmn2:sequenceFlow>
    <bpmn2:userTask id="Task_1q1cdjn" name="ConditionTask" activiti:assignee="hruser" activiti:formKey="form-e5f05bd8-6b0d-4a8e-a4d3-42cc1a690211"></bpmn2:userTask>
    <bpmn2:userTask id="Task_1ge2eyp" name="UserTask" activiti:assignee="hruser"></bpmn2:userTask>
    <bpmn2:userTask id="Task_1hmz7ou" name="TerminateTask" activiti:assignee="hruser"></bpmn2:userTask>
  </bpmn2:process>
  <bpmndi:BPMNDiagram id="BPMNDiagram_Process_9gfn9UfI">
    <bpmndi:BPMNPlane bpmnElement="Process_9gfn9UfI" id="BPMNPlane_Process_9gfn9UfI">
      <bpmndi:BPMNShape bpmnElement="StartEvent_1" id="BPMNShape_StartEvent_1">
        <omgdc:Bounds height="36.0" width="36.0" x="99.0" y="186.0"></omgdc:Bounds>
      </bpmndi:BPMNShape>
      <bpmndi:BPMNShape bpmnElement="ExclusiveGateway_15ig6mk" id="BPMNShape_ExclusiveGateway_15ig6mk">
        <omgdc:Bounds height="50.0" width="50.0" x="335.0" y="179.0"></omgdc:Bounds>
      </bpmndi:BPMNShape>
      <bpmndi:BPMNShape bpmnElement="EndEvent_108t8rw" id="BPMNShape_EndEvent_108t8rw">
        <omgdc:Bounds height="36.0" width="36.0" x="585.0" y="296.0"></omgdc:Bounds>
      </bpmndi:BPMNShape>
      <bpmndi:BPMNShape bpmnElement="EndEvent_00zp456" id="BPMNShape_EndEvent_00zp456">
        <omgdc:Bounds height="36.0" width="36.0" x="585.0" y="186.0"></omgdc:Bounds>
      </bpmndi:BPMNShape>
      <bpmndi:BPMNShape bpmnElement="Task_1q1cdjn" id="BPMNShape_Task_1q1cdjn">
        <omgdc:Bounds height="80.0" width="100.0" x="185.0" y="164.0"></omgdc:Bounds>
      </bpmndi:BPMNShape>
      <bpmndi:BPMNShape bpmnElement="Task_1ge2eyp" id="BPMNShape_Task_1ge2eyp">
        <omgdc:Bounds height="80.0" width="100.0" x="435.0" y="164.0"></omgdc:Bounds>
      </bpmndi:BPMNShape>
      <bpmndi:BPMNShape bpmnElement="Task_1hmz7ou" id="BPMNShape_Task_1hmz7ou">
        <omgdc:Bounds height="80.0" width="100.0" x="435.0" y="274.0"></omgdc:Bounds>
      </bpmndi:BPMNShape>
      <bpmndi:BPMNEdge bpmnElement="SequenceFlow_1mdi34w" id="BPMNEdge_SequenceFlow_1mdi34w">
        <omgdi:waypoint x="135.0" y="204.0"></omgdi:waypoint>
        <omgdi:waypoint x="185.0" y="204.0"></omgdi:waypoint>
      </bpmndi:BPMNEdge>
      <bpmndi:BPMNEdge bpmnElement="SequenceFlow_001o7pl" id="BPMNEdge_SequenceFlow_001o7pl">
        <omgdi:waypoint x="285.0" y="204.0"></omgdi:waypoint>
        <omgdi:waypoint x="335.0" y="204.0"></omgdi:waypoint>
      </bpmndi:BPMNEdge>
      <bpmndi:BPMNEdge bpmnElement="SequenceFlow_00lc7ec" id="BPMNEdge_SequenceFlow_00lc7ec">
        <omgdi:waypoint x="385.0" y="204.0"></omgdi:waypoint>
        <omgdi:waypoint x="435.0" y="204.0"></omgdi:waypoint>
      </bpmndi:BPMNEdge>
      <bpmndi:BPMNEdge bpmnElement="SequenceFlow_0gpj3vi" id="BPMNEdge_SequenceFlow_0gpj3vi">
        <omgdi:waypoint x="360.0" y="229.0"></omgdi:waypoint>
        <omgdi:waypoint x="360.0" y="314.0"></omgdi:waypoint>
        <omgdi:waypoint x="435.0" y="314.0"></omgdi:waypoint>
      </bpmndi:BPMNEdge>
      <bpmndi:BPMNEdge bpmnElement="SequenceFlow_16u0m3l" id="BPMNEdge_SequenceFlow_16u0m3l">
        <omgdi:waypoint x="535.0" y="314.0"></omgdi:waypoint>
        <omgdi:waypoint x="585.0" y="314.0"></omgdi:waypoint>
      </bpmndi:BPMNEdge>
      <bpmndi:BPMNEdge bpmnElement="SequenceFlow_0k9yyxr" id="BPMNEdge_SequenceFlow_0k9yyxr">
        <omgdi:waypoint x="535.0" y="204.0"></omgdi:waypoint>
        <omgdi:waypoint x="585.0" y="204.0"></omgdi:waypoint>
      </bpmndi:BPMNEdge>
    </bpmndi:BPMNPlane>
  </bpmndi:BPMNDiagram>
</bpmn2:definitions>