<?xml version="1.0" encoding="UTF-8"?>
<definitions xmlns="http://www.omg.org/spec/BPMN/20100524/MODEL" xmlns:xsi="http://www.w3.org/2001/XMLSchema-instance" xmlns:activiti="http://activiti.org/bpmn" xmlns:bpmndi="http://www.omg.org/spec/BPMN/20100524/DI" xmlns:omgdc="http://www.omg.org/spec/DD/20100524/DC" xmlns:omgdi="http://www.omg.org/spec/DD/20100524/DI" xmlns:xsd="http://www.w3.org/2001/XMLSchema" id="model-28afe375-3d9d-42c0-b17d-f6e04f45479d" name="terminate-subprocess" targetNamespace="http://bpmn.io/schema/bpmn" xsi:schemaLocation="http://www.omg.org/spec/BPMN/20100524/MODEL BPMN20.xsd">
  <process id="Process_mEcdmlhM" name="terminate-subprocess" isExecutable="true">
    <startEvent id="StartEvent_1">
      <outgoing>SequenceFlow_1nbwmo1</outgoing>
    </startEvent>
    <sequenceFlow id="SequenceFlow_1nbwmo1" sourceRef="StartEvent_1" targetRef="ExclusiveGateway_0lb4igu" />
    <parallelGateway id="ExclusiveGateway_0lb4igu">
      <incoming>SequenceFlow_1nbwmo1</incoming>
      <outgoing>SequenceFlow_0nsaeq7</outgoing>
      <outgoing>SequenceFlow_1bmlnau</outgoing>
    </parallelGateway>
    <sequenceFlow id="SequenceFlow_0nsaeq7" sourceRef="ExclusiveGateway_0lb4igu" targetRef="Task_1a9ovw0" />
    <subProcess id="Task_1a9ovw0" name="subProcess">
      <startEvent id="StartEvent_1p7tr09">
        <outgoing>SequenceFlow_1jzg30d</outgoing>
      </startEvent>
      <sequenceFlow id="SequenceFlow_1jzg30d" sourceRef="StartEvent_1p7tr09" targetRef="Task_073vqr9" />
      <sequenceFlow id="SequenceFlow_0a921pi" sourceRef="Task_073vqr9" targetRef="EndEvent_0lsyyaf" />
      <endEvent id="EndEvent_0lsyyaf">
        <incoming>SequenceFlow_0a921pi</incoming>
        <terminateEventDefinition />
      </endEvent>
      <userTask id="Task_073vqr9" name="TerminateTask" activiti:assignee="hruser" />
    </subProcess>
    <sequenceFlow id="SequenceFlow_1bmlnau" sourceRef="ExclusiveGateway_0lb4igu" targetRef="Task_0jsfxy4" />
    <endEvent id="EndEvent_1fq8t3a">
      <incoming>SequenceFlow_0e6h7y6</incoming>
      <incoming>SequenceFlow_1bdgwgw</incoming>
    </endEvent>
    <sequenceFlow id="SequenceFlow_0e6h7y6" sourceRef="Task_0jsfxy4" targetRef="EndEvent_1fq8t3a" />
    <sequenceFlow id="SequenceFlow_024jofe" sourceRef="Task_1a9ovw0" targetRef="Task_1vjmjmi" />
    <sequenceFlow id="SequenceFlow_1bdgwgw" sourceRef="Task_1vjmjmi" targetRef="EndEvent_1fq8t3a" />
    <userTask id="Task_0jsfxy4" name="MainTask" activiti:assignee="hruser" />
    <userTask id="Task_1vjmjmi" name="FollowingTask" activiti:assignee="hruser" />
  </process>
  <bpmndi:BPMNDiagram id="BPMNDiagram_process-28afe375-3d9d-42c0-b17d-f6e04f45479d">
    <bpmndi:BPMNPlane id="BPMNPlane_process-28afe375-3d9d-42c0-b17d-f6e04f45479d" bpmnElement="Process_mEcdmlhM">
      <bpmndi:BPMNShape id="BPMNShape_StartEvent_1" bpmnElement="StartEvent_1">
        <omgdc:Bounds x="130" y="303" width="36" height="36" />
      </bpmndi:BPMNShape>
      <bpmndi:BPMNShape id="BPMNShape_ExclusiveGateway_0lb4igu" bpmnElement="ExclusiveGateway_0lb4igu">
        <omgdc:Bounds x="216" y="296" width="50" height="50" />
      </bpmndi:BPMNShape>
      <bpmndi:BPMNShape id="BPMNShape_Task_1a9ovw0" bpmnElement="Task_1a9ovw0">
        <omgdc:Bounds x="316" y="281" width="100" height="80" />
      </bpmndi:BPMNShape>
      <bpmndi:BPMNShape id="BPMNShape_StartEvent_1p7tr09" bpmnElement="StartEvent_1p7tr09">
        <omgdc:Bounds x="225" y="282" width="36" height="36" />
      </bpmndi:BPMNShape>
      <bpmndi:BPMNShape id="BPMNShape_EndEvent_0lsyyaf" bpmnElement="EndEvent_0lsyyaf">
        <omgdc:Bounds x="461" y="282" width="36" height="36" />
      </bpmndi:BPMNShape>
      <bpmndi:BPMNShape id="BPMNShape_Task_073vqr9" bpmnElement="Task_073vqr9">
        <omgdc:Bounds x="311" y="260" width="100" height="80" />
      </bpmndi:BPMNShape>
      <bpmndi:BPMNShape id="BPMNShape_EndEvent_1fq8t3a" bpmnElement="EndEvent_1fq8t3a">
        <omgdc:Bounds x="701" y="413" width="36" height="36" />
      </bpmndi:BPMNShape>
      <bpmndi:BPMNShape id="BPMNShape_Task_0jsfxy4" bpmnElement="Task_0jsfxy4">
        <omgdc:Bounds x="316" y="391" width="100" height="80" />
      </bpmndi:BPMNShape>
      <bpmndi:BPMNShape id="BPMNShape_Task_1vjmjmi" bpmnElement="Task_1vjmjmi">
        <omgdc:Bounds x="466" y="281" width="100" height="80" />
      </bpmndi:BPMNShape>
      <bpmndi:BPMNEdge id="BPMNEdge_SequenceFlow_1nbwmo1" bpmnElement="SequenceFlow_1nbwmo1">
        <omgdi:waypoint x="166" y="321" />
        <omgdi:waypoint x="216" y="321" />
      </bpmndi:BPMNEdge>
      <bpmndi:BPMNEdge id="BPMNEdge_SequenceFlow_0nsaeq7" bpmnElement="SequenceFlow_0nsaeq7">
        <omgdi:waypoint x="266" y="321" />
        <omgdi:waypoint x="316" y="321" />
      </bpmndi:BPMNEdge>
      <bpmndi:BPMNEdge id="BPMNEdge_SequenceFlow_1jzg30d" bpmnElement="SequenceFlow_1jzg30d">
        <omgdi:waypoint x="261" y="300" />
        <omgdi:waypoint x="311" y="300" />
      </bpmndi:BPMNEdge>
      <bpmndi:BPMNEdge id="BPMNEdge_SequenceFlow_0a921pi" bpmnElement="SequenceFlow_0a921pi">
        <omgdi:waypoint x="411" y="300" />
        <omgdi:waypoint x="461" y="300" />
      </bpmndi:BPMNEdge>
      <bpmndi:BPMNEdge id="BPMNEdge_SequenceFlow_1bmlnau" bpmnElement="SequenceFlow_1bmlnau">
        <omgdi:waypoint x="241" y="346" />
        <omgdi:waypoint x="241" y="431" />
        <omgdi:waypoint x="316" y="431" />
      </bpmndi:BPMNEdge>
      <bpmndi:BPMNEdge id="BPMNEdge_SequenceFlow_0e6h7y6" bpmnElement="SequenceFlow_0e6h7y6">
        <omgdi:waypoint x="416" y="431" />
        <omgdi:waypoint x="701" y="431" />
      </bpmndi:BPMNEdge>
      <bpmndi:BPMNEdge id="BPMNEdge_SequenceFlow_024jofe" bpmnElement="SequenceFlow_024jofe">
        <omgdi:waypoint x="416" y="321" />
        <omgdi:waypoint x="466" y="321" />
      </bpmndi:BPMNEdge>
      <bpmndi:BPMNEdge id="BPMNEdge_SequenceFlow_1bdgwgw" bpmnElement="SequenceFlow_1bdgwgw">
        <omgdi:waypoint x="566" y="321" />
        <omgdi:waypoint x="634" y="321" />
        <omgdi:waypoint x="634" y="431" />
        <omgdi:waypoint x="701" y="431" />
      </bpmndi:BPMNEdge>
    </bpmndi:BPMNPlane>
  </bpmndi:BPMNDiagram>
</definitions>
