<?xml version="1.0" encoding="UTF-8"?>
<bpmn2:definitions xmlns:xsi="http://www.w3.org/2001/XMLSchema-instance" xmlns:bpmn2="http://www.omg.org/spec/BPMN/20100524/MODEL" xmlns:bpmndi="http://www.omg.org/spec/BPMN/20100524/DI" xmlns:dc="http://www.omg.org/spec/DD/20100524/DC" xmlns:di="http://www.omg.org/spec/DD/20100524/DI" xmlns:activiti="http://activiti.org/bpmn" id="sample-diagram" targetNamespace="http://bpmn.io/schema/bpmn" xsi:schemaLocation="http://www.omg.org/spec/BPMN/20100524/MODEL BPMN20.xsd">
  <bpmn2:process id="process-19f6c1d9-7b80-458a-aee9-a76f79a41a1b" name="terminate-exclusive" isExecutable="true">
    <bpmn2:documentation />
    <bpmn2:startEvent id="StartEvent_1">
      <bpmn2:outgoing>SequenceFlow_1mdi34w</bpmn2:outgoing>
    </bpmn2:startEvent>
    <bpmn2:sequenceFlow id="SequenceFlow_1mdi34w" sourceRef="StartEvent_1" targetRef="Task_1q1cdjn" />
    <bpmn2:exclusiveGateway id="ExclusiveGateway_15ig6mk" default="SequenceFlow_00lc7ec">
      <bpmn2:incoming>SequenceFlow_001o7pl</bpmn2:incoming>
      <bpmn2:outgoing>SequenceFlow_00lc7ec</bpmn2:outgoing>
      <bpmn2:outgoing>SequenceFlow_0gpj3vi</bpmn2:outgoing>
    </bpmn2:exclusiveGateway>
    <bpmn2:sequenceFlow id="SequenceFlow_001o7pl" sourceRef="Task_1q1cdjn" targetRef="ExclusiveGateway_15ig6mk" />
    <bpmn2:sequenceFlow id="SequenceFlow_00lc7ec" sourceRef="ExclusiveGateway_15ig6mk" targetRef="Task_1ge2eyp" />
    <bpmn2:sequenceFlow id="SequenceFlow_0gpj3vi" sourceRef="ExclusiveGateway_15ig6mk" targetRef="Task_1hmz7ou">
      <bpmn2:conditionExpression xsi:type="bpmn2:tFormalExpression">${exclusiveCondition == 'terminate'}</bpmn2:conditionExpression>
    </bpmn2:sequenceFlow>
    <bpmn2:sequenceFlow id="SequenceFlow_16u0m3l" sourceRef="Task_1hmz7ou" targetRef="EndEvent_108t8rw" />
    <bpmn2:endEvent id="EndEvent_108t8rw">
      <bpmn2:incoming>SequenceFlow_16u0m3l</bpmn2:incoming>
      <bpmn2:terminateEventDefinition />
    </bpmn2:endEvent>
    <bpmn2:endEvent id="EndEvent_00zp456">
      <bpmn2:incoming>SequenceFlow_0k9yyxr</bpmn2:incoming>
    </bpmn2:endEvent>
    <bpmn2:sequenceFlow id="SequenceFlow_0k9yyxr" sourceRef="Task_1ge2eyp" targetRef="EndEvent_00zp456" />
    <bpmn2:userTask id="Task_1q1cdjn" name="ConditionTask" activiti:formKey="form-03f56f41-c9a7-430a-a713-fc37bab070c1" activiti:assignee="hruser">
      <bpmn2:incoming>SequenceFlow_1mdi34w</bpmn2:incoming>
      <bpmn2:outgoing>SequenceFlow_001o7pl</bpmn2:outgoing>
    </bpmn2:userTask>
    <bpmn2:userTask id="Task_1ge2eyp" name="UserTask" activiti:assignee="hruser">
      <bpmn2:incoming>SequenceFlow_00lc7ec</bpmn2:incoming>
      <bpmn2:outgoing>SequenceFlow_0k9yyxr</bpmn2:outgoing>
    </bpmn2:userTask>
    <bpmn2:userTask id="Task_1hmz7ou" name="TerminateTask" activiti:assignee="hruser">
      <bpmn2:incoming>SequenceFlow_0gpj3vi</bpmn2:incoming>
      <bpmn2:outgoing>SequenceFlow_16u0m3l</bpmn2:outgoing>
    </bpmn2:userTask>
  </bpmn2:process>
  <bpmndi:BPMNDiagram id="BPMNDiagram_1">
    <bpmndi:BPMNPlane id="BPMNPlane_1" bpmnElement="process-19f6c1d9-7b80-458a-aee9-a76f79a41a1b">
      <bpmndi:BPMNShape id="_BPMNShape_StartEvent_2" bpmnElement="StartEvent_1">
        <dc:Bounds x="99" y="186" width="36" height="36" />
      </bpmndi:BPMNShape>
      <bpmndi:BPMNEdge id="SequenceFlow_1mdi34w_di" bpmnElement="SequenceFlow_1mdi34w">
        <di:waypoint x="135" y="204" />
        <di:waypoint x="185" y="204" />
      </bpmndi:BPMNEdge>
      <bpmndi:BPMNShape id="ExclusiveGateway_15ig6mk_di" bpmnElement="ExclusiveGateway_15ig6mk" isMarkerVisible="true">
        <dc:Bounds x="335" y="179" width="50" height="50" />
      </bpmndi:BPMNShape>
      <bpmndi:BPMNEdge id="SequenceFlow_001o7pl_di" bpmnElement="SequenceFlow_001o7pl">
        <di:waypoint x="285" y="204" />
        <di:waypoint x="335" y="204" />
      </bpmndi:BPMNEdge>
      <bpmndi:BPMNEdge id="SequenceFlow_00lc7ec_di" bpmnElement="SequenceFlow_00lc7ec">
        <di:waypoint x="385" y="204" />
        <di:waypoint x="435" y="204" />
      </bpmndi:BPMNEdge>
      <bpmndi:BPMNEdge id="SequenceFlow_0gpj3vi_di" bpmnElement="SequenceFlow_0gpj3vi">
        <di:waypoint x="360" y="229" />
        <di:waypoint x="360" y="314" />
        <di:waypoint x="435" y="314" />
      </bpmndi:BPMNEdge>
      <bpmndi:BPMNEdge id="SequenceFlow_16u0m3l_di" bpmnElement="SequenceFlow_16u0m3l">
        <di:waypoint x="535" y="314" />
        <di:waypoint x="585" y="314" />
      </bpmndi:BPMNEdge>
      <bpmndi:BPMNShape id="EndEvent_1s0ydf0_di" bpmnElement="EndEvent_108t8rw">
        <dc:Bounds x="585" y="296" width="36" height="36" />
      </bpmndi:BPMNShape>
      <bpmndi:BPMNShape id="EndEvent_00zp456_di" bpmnElement="EndEvent_00zp456">
        <dc:Bounds x="585" y="186" width="36" height="36" />
      </bpmndi:BPMNShape>
      <bpmndi:BPMNEdge id="SequenceFlow_0k9yyxr_di" bpmnElement="SequenceFlow_0k9yyxr">
        <di:waypoint x="535" y="204" />
        <di:waypoint x="585" y="204" />
      </bpmndi:BPMNEdge>
      <bpmndi:BPMNShape id="UserTask_0eib6k6_di" bpmnElement="Task_1q1cdjn">
        <dc:Bounds x="185" y="164" width="100" height="80" />
      </bpmndi:BPMNShape>
      <bpmndi:BPMNShape id="UserTask_07f9ozf_di" bpmnElement="Task_1ge2eyp">
        <dc:Bounds x="435" y="164" width="100" height="80" />
      </bpmndi:BPMNShape>
      <bpmndi:BPMNShape id="UserTask_0phft7l_di" bpmnElement="Task_1hmz7ou">
        <dc:Bounds x="435" y="274" width="100" height="80" />
      </bpmndi:BPMNShape>
    </bpmndi:BPMNPlane>
  </bpmndi:BPMNDiagram>
</bpmn2:definitions>
