{"id":"process-345fd5e7-24c2-4c5f-9492-d37b336bcabb","type":"PROCESS","name":"terminate-exclusive","key":"terminate-exclusive","extensions":{"Process_9gfn9UfI":{"mappings":{"Task_1q1cdjn":{"inputs":{},"outputs":{"exclusiveCondition":{"type":"variable","value":"exclusiveCondition"}}}},"assignments":{"Task_1q1cdjn":{"type":"identity","assignment":"assignee","id":"Task_1q1cdjn"},"Task_1ge2eyp":{"type":"identity","assignment":"assignee","id":"Task_1ge2eyp"},"Task_1hmz7ou":{"type":"identity","assignment":"assignee","id":"Task_1hmz7ou"}},"templates":{"tasks":{}},"constants":{},"properties":{"60cb4d78-de64-4ce0-a4f4-5f29209aa95e":{"id":"60cb4d78-de64-4ce0-a4f4-5f29209aa95e","name":"exclusiveCondition","type":"string","required":false,"ephemeral":false,"value":"","display":false,"analytics":false}}}}}