<?xml version="1.0" encoding="UTF-8"?>
<bpmn2:definitions xmlns="http://www.omg.org/spec/BPMN/20100524/MODEL" xmlns:bpmn2="http://www.omg.org/spec/BPMN/20100524/MODEL" xmlns:xsi="http://www.w3.org/2001/XMLSchema-instance" xmlns:xsd="http://www.w3.org/2001/XMLSchema" xmlns:activiti="http://activiti.org/bpmn" xmlns:bpmndi="http://www.omg.org/spec/BPMN/20100524/DI" xmlns:omgdc="http://www.omg.org/spec/DD/20100524/DC" xmlns:omgdi="http://www.omg.org/spec/DD/20100524/DI" xmlns:dc="http://www.omg.org/spec/DD/20100524/DC" xmlns:di="http://www.omg.org/spec/DD/20100524/DI" typeLanguage="http://www.w3.org/2001/XMLSchema" expressionLanguage="http://www.w3.org/1999/XPath" targetNamespace="http://www.activiti.org/test" id="model-2df0e8a6-08a1-480f-a3d9-765975938cf2" name="variable-filters" xsi:schemaLocation="http://www.omg.org/spec/BPMN/20100524/MODEL BPMN20.xsd">
  <bpmn2:process id="Process_jvbN0mPs" name="variable-filters" isExecutable="true">
    <bpmn2:startEvent id="Event_1">
      <bpmn2:outgoing>Flow_1j6x8o4</bpmn2:outgoing>
    </bpmn2:startEvent>
    <bpmn2:userTask id="Activity_1my0nmn" name="variable_filters_task1" activiti:assignee="${initiator}" activiti:formKey="form-949a4af7-b824-478d-b6b1-5e02509c26ea" activiti:priority="0">
      <bpmn2:incoming>Flow_1j6x8o4</bpmn2:incoming>
      <bpmn2:outgoing>Flow_1dxpb4l</bpmn2:outgoing>
    </bpmn2:userTask>
    <bpmn2:userTask id="Activity_06b8fl3" name="variable_filters_task2" activiti:assignee="${initiator}" activiti:dueDate="2026-09-27T05:30:00" activiti:formKey="form-949a4af7-b824-478d-b6b1-5e02509c26ea" activiti:priority="0">
      <bpmn2:incoming>Flow_1dxpb4l</bpmn2:incoming>
      <bpmn2:outgoing>Flow_1wunwbr</bpmn2:outgoing>
    </bpmn2:userTask>
    <bpmn2:endEvent id="Event_1g2tst9">
      <bpmn2:incoming>Flow_1wunwbr</bpmn2:incoming>
    </bpmn2:endEvent>
    <bpmn2:sequenceFlow id="Flow_1wunwbr" sourceRef="Activity_06b8fl3" targetRef="Event_1g2tst9"></bpmn2:sequenceFlow>
    <bpmn2:sequenceFlow id="Flow_1j6x8o4" sourceRef="Event_1" targetRef="Activity_1my0nmn"></bpmn2:sequenceFlow>
    <bpmn2:sequenceFlow id="Flow_1dxpb4l" sourceRef="Activity_1my0nmn" targetRef="Activity_06b8fl3"></bpmn2:sequenceFlow>
  </bpmn2:process>
  <bpmndi:BPMNDiagram id="BPMNDiagram_Process_jvbN0mPs">
    <bpmndi:BPMNPlane bpmnElement="Process_jvbN0mPs" id="BPMNPlane_Process_jvbN0mPs">
      <bpmndi:BPMNShape bpmnElement="Event_1" id="BPMNShape_Event_1">
        <omgdc:Bounds height="36.0" width="36.0" x="412.0" y="240.0"></omgdc:Bounds>
      </bpmndi:BPMNShape>
      <bpmndi:BPMNShape bpmnElement="Activity_1my0nmn" id="BPMNShape_Activity_1my0nmn">
        <omgdc:Bounds height="80.0" width="100.0" x="500.0" y="218.0"></omgdc:Bounds>
      </bpmndi:BPMNShape>
      <bpmndi:BPMNShape bpmnElement="Activity_06b8fl3" id="BPMNShape_Activity_06b8fl3">
        <omgdc:Bounds height="80.0" width="100.0" x="650.0" y="218.0"></omgdc:Bounds>
      </bpmndi:BPMNShape>
      <bpmndi:BPMNShape bpmnElement="Event_1g2tst9" id="BPMNShape_Event_1g2tst9">
        <omgdc:Bounds height="36.0" width="36.0" x="802.0" y="240.0"></omgdc:Bounds>
      </bpmndi:BPMNShape>
      <bpmndi:BPMNEdge bpmnElement="Flow_1wunwbr" id="BPMNEdge_Flow_1wunwbr">
        <omgdi:waypoint x="750.0" y="258.0"></omgdi:waypoint>
        <omgdi:waypoint x="802.0" y="258.0"></omgdi:waypoint>
      </bpmndi:BPMNEdge>
      <bpmndi:BPMNEdge bpmnElement="Flow_1j6x8o4" id="BPMNEdge_Flow_1j6x8o4">
        <omgdi:waypoint x="448.0" y="258.0"></omgdi:waypoint>
        <omgdi:waypoint x="500.0" y="258.0"></omgdi:waypoint>
      </bpmndi:BPMNEdge>
      <bpmndi:BPMNEdge bpmnElement="Flow_1dxpb4l" id="BPMNEdge_Flow_1dxpb4l">
        <omgdi:waypoint x="600.0" y="258.0"></omgdi:waypoint>
        <omgdi:waypoint x="650.0" y="258.0"></omgdi:waypoint>
      </bpmndi:BPMNEdge>
    </bpmndi:BPMNPlane>
  </bpmndi:BPMNDiagram>
</bpmn2:definitions>