{"id":"process-2f457d55-4995-4b4c-947d-f53894f0ca82","type":"PROCESS","name":"with-displayed-variables-2","key":"with-displayed-variables-2","extensions":{"Process_0eKr4YsDm":{"constants":{},"mappings":{},"properties":{"20a325cb-c79b-40d5-92bf-06e3287322ce":{"id":"20a325cb-c79b-40d5-92bf-06e3287322ce","name":"var1","type":"datetime","model":{"$ref":"#/$defs/primitive/datetime"},"required":false,"display":true,"displayName":"Column. A","value":"2023-10-26T17:25:00"},"c1de5c02-d76c-4a84-a460-faad915ed94c":{"id":"c1de5c02-d76c-4a84-a460-faad915ed94c","name":"var2","type":"date","model":{"$ref":"#/$defs/primitive/date"},"required":false,"display":true,"displayName":"Column B !@#$%^&*()_","value":"2037-03-12"},"62c1a7a7-0499-49cc-968c-a6ed4dfd1618":{"id":"62c1a7a7-0499-49cc-968c-a6ed4dfd1618","name":"var3","type":"boolean","required":false,"model":{"$ref":"#/$defs/primitive/boolean"},"display":true,"displayName":"Column C","value":true},"0803b16d-a920-4ede-95a2-78c1063e9c9a":{"id":"0803b16d-a920-4ede-95a2-78c1063e9c9a","name":"var4","type":"integer","required":false,"model":{"$ref":"#/$defs/primitive/integer"},"display":true,"displayName":"Column D","value":456},"114abfbf-1f42-4328-a52f-35b50aa6e9cb":{"id":"114abfbf-1f42-4328-a52f-35b50aa6e9cb","name":"var5","type":"string","required":false,"model":{"$ref":"#/$defs/primitive/string"},"display":true,"displayName":"Column E","value":"Value E"}},"assignments":{}}}}