<?xml version="1.0" encoding="UTF-8"?>
<bpmn2:definitions xmlns:activiti="http://activiti.org/bpmn" xmlns:xsi="http://www.w3.org/2001/XMLSchema-instance" xmlns:bpmn2="http://www.omg.org/spec/BPMN/20100524/MODEL" xmlns:bpmndi="http://www.omg.org/spec/BPMN/20100524/DI" xmlns:dc="http://www.omg.org/spec/DD/20100524/DC" xmlns:di="http://www.omg.org/spec/DD/20100524/DI" id="model-a05e38f8-ed26-44b5-995c-d1bce9a192f2" name="with-displayed-variables" targetNamespace="" xsi:schemaLocation="http://www.omg.org/spec/BPMN/20100524/MODEL BPMN20.xsd">
  <bpmn2:process id="Process_lN01YyveO" name="with-displayed-variables" isExecutable="true">
    <bpmn2:documentation />
    <bpmn2:startEvent id="Event_1">
      <bpmn2:outgoing>SequenceFlow_145glld</bpmn2:outgoing>
    </bpmn2:startEvent>
    <bpmn2:userTask id="UserTask_08v0zkt" name="with-displayed-variables" activiti:assignee="${initiator}" activiti:priority="0">
      <bpmn2:incoming>SequenceFlow_145glld</bpmn2:incoming>
      <bpmn2:outgoing>SequenceFlow_18r0swh</bpmn2:outgoing>
    </bpmn2:userTask>
    <bpmn2:sequenceFlow id="SequenceFlow_145glld" sourceRef="Event_1" targetRef="UserTask_08v0zkt" />
    <bpmn2:endEvent id="EndEvent_0ao1bo9">
      <bpmn2:incoming>SequenceFlow_18r0swh</bpmn2:incoming>
    </bpmn2:endEvent>
    <bpmn2:sequenceFlow id="SequenceFlow_18r0swh" sourceRef="UserTask_08v0zkt" targetRef="EndEvent_0ao1bo9" />
  </bpmn2:process>
  <bpmndi:BPMNDiagram id="BPMNDiagram_1">
    <bpmndi:BPMNPlane id="BPMNPlane_1" bpmnElement="Process_lN01YyveO">
      <bpmndi:BPMNShape id="_BPMNShape_Event_2" bpmnElement="Event_1">
        <dc:Bounds x="402" y="192" width="36" height="36" />
      </bpmndi:BPMNShape>
      <bpmndi:BPMNShape id="UserTask_08v0zkt_di" bpmnElement="UserTask_08v0zkt">
        <dc:Bounds x="480" y="170" width="100" height="80" />
      </bpmndi:BPMNShape>
      <bpmndi:BPMNEdge id="SequenceFlow_145glld_di" bpmnElement="SequenceFlow_145glld">
        <di:waypoint x="438" y="210" />
        <di:waypoint x="480" y="210" />
      </bpmndi:BPMNEdge>
      <bpmndi:BPMNShape id="EndEvent_0ao1bo9_di" bpmnElement="EndEvent_0ao1bo9">
        <dc:Bounds x="612" y="192" width="36" height="36" />
      </bpmndi:BPMNShape>
      <bpmndi:BPMNEdge id="SequenceFlow_18r0swh_di" bpmnElement="SequenceFlow_18r0swh">
        <di:waypoint x="580" y="210" />
        <di:waypoint x="612" y="210" />
      </bpmndi:BPMNEdge>
    </bpmndi:BPMNPlane>
  </bpmndi:BPMNDiagram>
</bpmn2:definitions>
