{"id":"process-3ced9350-0a80-40c1-85ac-b0366c072237","type":"PROCESS","name":"with-displayed-variables","key":"with-displayed-variables","extensions":{"Process_lN01YyveO":{"mappings":{},"assignments":{},"templates":{"tasks":{}},"constants":{},"properties":{"7e54b4b0-d1f0-48f5-8060-adfc459be9ee":{"id":"7e54b4b0-d1f0-48f5-8060-adfc459be9ee","name":"var1","type":"string","required":false,"ephemeral":false,"value":"Value A","display":true,"displayName":"Column. A","analytics":false},"7727897b-c471-4f38-a1b3-da07e6308e44":{"id":"7727897b-c471-4f38-a1b3-da07e6308e44","name":"var2","type":"integer","required":false,"ephemeral":false,"value":123,"display":true,"displayName":"Column B !@#$%^&*()_","analytics":false},"7845f9eb-7e58-417a-a933-1f48f2c97b75":{"id":"7845f9eb-7e58-417a-a933-1f48f2c97b75","name":"var3","type":"date","required":false,"ephemeral":false,"value":"2033-11-03","display":true,"displayName":"Column C","analytics":false},"f3ae6af4-b580-42ab-a74f-afc461031006":{"id":"f3ae6af4-b580-42ab-a74f-afc461031006","name":"var4","type":"datetime","required":false,"ephemeral":false,"value":"2024-10-16T18:30:00","display":true,"displayName":"Column D","analytics":false},"8bebf1a7-189f-46a2-b2b5-bb1c05d6d349":{"id":"8bebf1a7-189f-46a2-b2b5-bb1c05d6d349","name":"var5","type":"boolean","required":false,"ephemeral":false,"value":false,"display":true,"displayName":"Column E","analytics":false}}}}}