{"id":"process-fb1f3e97-b5e9-450b-81a0-51b3400b3a25","type":"PROCESS","name":"with-displayed-variables-2","key":"with-displayed-variables-2","extensions":{"Process_0eKr4YsDm":{"mappings":{},"assignments":{},"templates":{"tasks":{}},"constants":{},"properties":{"20a325cb-c79b-40d5-92bf-06e3287322ce":{"id":"20a325cb-c79b-40d5-92bf-06e3287322ce","name":"var1","type":"datetime","required":false,"ephemeral":false,"value":"2023-10-26T17:25:00","display":true,"displayName":"Column. A","analytics":false},"c1de5c02-d76c-4a84-a460-faad915ed94c":{"id":"c1de5c02-d76c-4a84-a460-faad915ed94c","name":"var2","type":"date","required":false,"ephemeral":false,"value":"2037-03-12","display":true,"displayName":"Column B !@#$%^&*()_","analytics":false},"62c1a7a7-0499-49cc-968c-a6ed4dfd1618":{"id":"62c1a7a7-0499-49cc-968c-a6ed4dfd1618","name":"var3","type":"boolean","required":false,"ephemeral":false,"value":true,"display":true,"displayName":"Column C","analytics":false},"0803b16d-a920-4ede-95a2-78c1063e9c9a":{"id":"0803b16d-a920-4ede-95a2-78c1063e9c9a","name":"var4","type":"integer","required":false,"ephemeral":false,"value":456,"display":true,"displayName":"Column D","analytics":false},"114abfbf-1f42-4328-a52f-35b50aa6e9cb":{"id":"114abfbf-1f42-4328-a52f-35b50aa6e9cb","name":"var5","type":"string","required":false,"ephemeral":false,"value":"Value E","display":true,"displayName":"Column E","analytics":false}}}}}