{"id":"process-5bb848c7-dd9f-493d-9707-7542206a03d6","type":"PROCESS","name":"with-displayed-variables","key":"with-displayed-variables","extensions":{"Process_lN01YyveO":{"constants":{},"mappings":{},"properties":{"7e54b4b0-d1f0-48f5-8060-adfc459be9ee":{"id":"7e54b4b0-d1f0-48f5-8060-adfc459be9ee","name":"var1","type":"string","model":{"$ref":"#/$defs/primitive/string"},"required":false,"display":true,"displayName":"Column. A","value":"Value A"},"7727897b-c471-4f38-a1b3-da07e6308e44":{"id":"7727897b-c471-4f38-a1b3-da07e6308e44","name":"var2","type":"integer","model":{"$ref":"#/$defs/primitive/integer"},"required":false,"display":true,"displayName":"Column B !@#$%^&*()_","value":123},"7845f9eb-7e58-417a-a933-1f48f2c97b75":{"id":"7845f9eb-7e58-417a-a933-1f48f2c97b75","name":"var3","type":"date","required":false,"model":{"$ref":"#/$defs/primitive/date"},"display":true,"displayName":"Column C","value":"2033-11-03"},"f3ae6af4-b580-42ab-a74f-afc461031006":{"id":"f3ae6af4-b580-42ab-a74f-afc461031006","name":"var4","type":"datetime","required":false,"model":{"$ref":"#/$defs/primitive/datetime"},"display":true,"displayName":"Column D","value":"2024-10-16T18:30:00"},"8bebf1a7-189f-46a2-b2b5-bb1c05d6d349":{"id":"8bebf1a7-189f-46a2-b2b5-bb1c05d6d349","name":"var5","type":"boolean","required":false,"model":{"$ref":"#/$defs/primitive/boolean"},"display":true,"displayName":"Column E","value":false}},"assignments":{}}}}