{"name":"App_with_processes","description":"Description for app","definition":{"models":[{"id":180,"name":"process_without_se","version":2,"modelType":0,"description":"","stencilSetId":0,"createdByFullName":"bb bb","createdBy":40,"lastUpdatedByFullName":"bb bb","lastUpdatedBy":40,"lastUpdated":"2018-06-06T20:13:07.908+0000"},{"id":179,"name":"process_with_se","version":2,"modelType":0,"description":"","stencilSetId":0,"createdByFullName":"bb bb","createdBy":40,"lastUpdatedByFullName":"bb bb","lastUpdatedBy":40,"lastUpdated":"2018-06-06T20:13:07.921+0000"}],"theme":"theme-1","icon":"glyphicon-asterisk","publishIdentityInfo":[]}}