{"name":"Simple App with User Form","description":"Simple app with a process having a User task with a form attached.","definition":{"models":[{"id":22687,"name":"VisibilityProcess","version":2,"modelType":0,"description":"","stencilSetId":null,"createdByFullName":"aa vv","createdBy":2086,"lastUpdatedByFullName":"aa vv","lastUpdatedBy":2086,"lastUpdated":"2019-09-09T14:08:26.953+0000"},{"id":22686,"name":"Simple Process","version":2,"modelType":0,"description":null,"stencilSetId":null,"createdByFullName":"aa vv","createdBy":2086,"lastUpdatedByFullName":"aa vv","lastUpdatedBy":2086,"lastUpdated":"2019-09-09T14:08:26.968+0000"}],"theme":"theme-5","icon":"glyphicon-user","publishIdentityInfo":[]}}