<?xml version='1.0' encoding='UTF-8'?>
<definitions xmlns="http://www.omg.org/spec/BPMN/20100524/MODEL" xmlns:xsi="http://www.w3.org/2001/XMLSchema-instance" xmlns:xsd="http://www.w3.org/2001/XMLSchema" xmlns:activiti="http://activiti.org/bpmn" xmlns:bpmndi="http://www.omg.org/spec/BPMN/20100524/DI" xmlns:omgdc="http://www.omg.org/spec/DD/20100524/DC" xmlns:omgdi="http://www.omg.org/spec/DD/20100524/DI" typeLanguage="http://www.w3.org/2001/XMLSchema" expressionLanguage="http://www.w3.org/1999/XPath" targetNamespace="http://www.activiti.org/processdef" xmlns:modeler="http://activiti.com/modeler" modeler:version="1.0en" modeler:exportDateTime="20200221073203708" modeler:modelId="14939" modeler:modelVersion="5" modeler:modelLastUpdated="1582270279889">
  <process id="simple" name="simple" isExecutable="true">
    <startEvent id="startEvent1">
      <extensionElements>
        <modeler:editor-resource-id><![CDATA[startEvent1]]></modeler:editor-resource-id>
      </extensionElements>
    </startEvent>
    <userTask id="sid-9E7F47C1-4F37-46D0-9E96-67477C1494CF" name="Candidate Task" activiti:assignee="1300" activiti:formKey="14937">
      <extensionElements>
        <modeler:allow-send-email><![CDATA[true]]></modeler:allow-send-email>
        <modeler:form-reference-id><![CDATA[14937]]></modeler:form-reference-id>
        <modeler:form-reference-name><![CDATA[Form1]]></modeler:form-reference-name>
        <modeler:activiti-idm-assignee><![CDATA[true]]></modeler:activiti-idm-assignee>
        <modeler:assignee-info-email><![CDATA[candidate-user@activiti.com]]></modeler:assignee-info-email>
        <modeler:assignee-info-firstname><![CDATA[candidate]]></modeler:assignee-info-firstname>
        <modeler:assignee-info-lastname><![CDATA[user]]></modeler:assignee-info-lastname>
        <modeler:initiator-can-complete><![CDATA[true]]></modeler:initiator-can-complete>
        <modeler:editor-resource-id><![CDATA[sid-9E7F47C1-4F37-46D0-9E96-67477C1494CF]]></modeler:editor-resource-id>
      </extensionElements>
    </userTask>
    <sequenceFlow id="sid-35285EF4-0AB0-4BDB-A50B-29967250D6BE" sourceRef="startEvent1" targetRef="sid-9E7F47C1-4F37-46D0-9E96-67477C1494CF">
      <extensionElements>
        <modeler:editor-resource-id><![CDATA[sid-35285EF4-0AB0-4BDB-A50B-29967250D6BE]]></modeler:editor-resource-id>
      </extensionElements>
    </sequenceFlow>
    <userTask id="sid-7739DD95-6197-4FDC-91B7-BD8DB1A1F5B4" name="User Task" activiti:assignee="$INITIATOR" activiti:formKey="14938">
      <extensionElements>
        <modeler:allow-send-email><![CDATA[true]]></modeler:allow-send-email>
        <modeler:form-reference-id><![CDATA[14938]]></modeler:form-reference-id>
        <modeler:form-reference-name><![CDATA[Form2]]></modeler:form-reference-name>
        <modeler:activiti-idm-initiator><![CDATA[true]]></modeler:activiti-idm-initiator>
        <modeler:initiator-can-complete><![CDATA[true]]></modeler:initiator-can-complete>
        <modeler:editor-resource-id><![CDATA[sid-7739DD95-6197-4FDC-91B7-BD8DB1A1F5B4]]></modeler:editor-resource-id>
      </extensionElements>
    </userTask>
    <sequenceFlow id="sid-FD2B64F3-C6F4-4329-90F7-1A4993AC0E83" sourceRef="sid-9E7F47C1-4F37-46D0-9E96-67477C1494CF" targetRef="sid-7739DD95-6197-4FDC-91B7-BD8DB1A1F5B4">
      <extensionElements>
        <modeler:editor-resource-id><![CDATA[sid-FD2B64F3-C6F4-4329-90F7-1A4993AC0E83]]></modeler:editor-resource-id>
      </extensionElements>
    </sequenceFlow>
    <endEvent id="sid-684026E7-CC50-4FE5-A62A-D83A26C3C55E">
      <extensionElements>
        <modeler:editor-resource-id><![CDATA[sid-684026E7-CC50-4FE5-A62A-D83A26C3C55E]]></modeler:editor-resource-id>
      </extensionElements>
    </endEvent>
    <sequenceFlow id="sid-B2957BD3-B1C3-42B9-8E1B-B82CCFAABB40" sourceRef="sid-7739DD95-6197-4FDC-91B7-BD8DB1A1F5B4" targetRef="sid-684026E7-CC50-4FE5-A62A-D83A26C3C55E">
      <extensionElements>
        <modeler:editor-resource-id><![CDATA[sid-B2957BD3-B1C3-42B9-8E1B-B82CCFAABB40]]></modeler:editor-resource-id>
      </extensionElements>
    </sequenceFlow>
  </process>
  <bpmndi:BPMNDiagram id="BPMNDiagram_simple">
    <bpmndi:BPMNPlane bpmnElement="simple" id="BPMNPlane_simple">
      <bpmndi:BPMNShape bpmnElement="startEvent1" id="BPMNShape_startEvent1">
        <omgdc:Bounds height="30.0" width="30.0" x="90.0" y="145.0"/>
      </bpmndi:BPMNShape>
      <bpmndi:BPMNShape bpmnElement="sid-9E7F47C1-4F37-46D0-9E96-67477C1494CF" id="BPMNShape_sid-9E7F47C1-4F37-46D0-9E96-67477C1494CF">
        <omgdc:Bounds height="80.0" width="100.0" x="165.0" y="120.0"/>
      </bpmndi:BPMNShape>
      <bpmndi:BPMNShape bpmnElement="sid-7739DD95-6197-4FDC-91B7-BD8DB1A1F5B4" id="BPMNShape_sid-7739DD95-6197-4FDC-91B7-BD8DB1A1F5B4">
        <omgdc:Bounds height="80.0" width="100.0" x="300.0" y="120.0"/>
      </bpmndi:BPMNShape>
      <bpmndi:BPMNShape bpmnElement="sid-684026E7-CC50-4FE5-A62A-D83A26C3C55E" id="BPMNShape_sid-684026E7-CC50-4FE5-A62A-D83A26C3C55E">
        <omgdc:Bounds height="28.0" width="28.0" x="455.0" y="146.0"/>
      </bpmndi:BPMNShape>
      <bpmndi:BPMNEdge bpmnElement="sid-35285EF4-0AB0-4BDB-A50B-29967250D6BE" id="BPMNEdge_sid-35285EF4-0AB0-4BDB-A50B-29967250D6BE">
        <omgdi:waypoint x="120.0" y="160.0"/>
        <omgdi:waypoint x="165.0" y="160.0"/>
      </bpmndi:BPMNEdge>
      <bpmndi:BPMNEdge bpmnElement="sid-B2957BD3-B1C3-42B9-8E1B-B82CCFAABB40" id="BPMNEdge_sid-B2957BD3-B1C3-42B9-8E1B-B82CCFAABB40">
        <omgdi:waypoint x="400.0" y="160.0"/>
        <omgdi:waypoint x="455.0" y="160.0"/>
      </bpmndi:BPMNEdge>
      <bpmndi:BPMNEdge bpmnElement="sid-FD2B64F3-C6F4-4329-90F7-1A4993AC0E83" id="BPMNEdge_sid-FD2B64F3-C6F4-4329-90F7-1A4993AC0E83">
        <omgdi:waypoint x="265.0" y="160.0"/>
        <omgdi:waypoint x="300.0" y="160.0"/>
      </bpmndi:BPMNEdge>
    </bpmndi:BPMNPlane>
  </bpmndi:BPMNDiagram>
</definitions>