{"resourceId":14939,"properties":{"process_id":"simple","name":"simple","documentation":"","process_author":"","process_version":"","process_namespace":"http://www.activiti.org/processdef","executionlisteners":"{\"executionListeners\":[]}","eventlisteners":"{\"eventListeners\":[]}","signaldefinitions":"[]","messagedefinitions":"[]","executionvariables":"","metadata":""},"stencil":{"id":"BPMNDiagram"},"childShapes":[{"resourceId":"startEvent1","properties":{"overrideid":"startEvent1","name":"","documentation":"","executionlisteners":{"executionListeners":[]},"initiator":"","formkeydefinition":"","formreference":"","fieldstovariables":"","formproperties":"","asynchronousdefinition":false,"exclusivedefinition":false},"stencil":{"id":"StartNoneEvent"},"childShapes":[],"outgoing":[{"resourceId":"sid-35285EF4-0AB0-4BDB-A50B-29967250D6BE"}],"bounds":{"lowerRight":{"x":120,"y":175},"upperLeft":{"x":90,"y":145}},"dockers":[]},{"resourceId":"sid-9E7F47C1-4F37-46D0-9E96-67477C1494CF","properties":{"overrideid":"sid-9E7F47C1-4F37-46D0-9E96-67477C1494CF","name":"Candidate Task","documentation":"","asynchronousdefinition":false,"exclusivedefinition":false,"executionlisteners":{"executionListeners":[]},"multiinstance_type":"None","multiinstance_cardinality":"","multiinstance_collection":"","multiinstance_variable":"","multiinstance_condition":"","isforcompensation":false,"usertasksendemail":true,"usertaskassignment":{"assignment":{"type":"idm","idm":{"type":"user","assignee":{"id":1300,"firstName":"candidate","lastName":"user","email":"candidate-user@activiti.com","$$hashKey":"object:798"}},"initiatorCanCompleteTask":true}},"formkeydefinition":"","formreference":{"id":14937,"name":"Form1"},"fieldstovariables":"","duedatedefinition":"","prioritydefinition":"","categorydefinition":"","formproperties":"","tasklisteners":{"taskListeners":[]},"emailtemplate":""},"stencil":{"id":"UserTask"},"childShapes":[],"outgoing":[{"resourceId":"sid-FD2B64F3-C6F4-4329-90F7-1A4993AC0E83"}],"bounds":{"lowerRight":{"x":265,"y":200},"upperLeft":{"x":165,"y":120}},"dockers":[]},{"resourceId":"sid-35285EF4-0AB0-4BDB-A50B-29967250D6BE","properties":{"overrideid":"sid-35285EF4-0AB0-4BDB-A50B-29967250D6BE","name":"","documentation":"","conditionsequenceflow":"","executionlisteners":{"executionListeners":[]},"defaultflow":"false"},"stencil":{"id":"SequenceFlow"},"childShapes":[],"outgoing":[{"resourceId":"sid-9E7F47C1-4F37-46D0-9E96-67477C1494CF"}],"bounds":{"lowerRight":{"x":164.15625,"y":160},"upperLeft":{"x":120.609375,"y":160}},"dockers":[{"x":15,"y":15},{"x":50,"y":40}],"target":{"resourceId":"sid-9E7F47C1-4F37-46D0-9E96-67477C1494CF"}},{"resourceId":"sid-7739DD95-6197-4FDC-91B7-BD8DB1A1F5B4","properties":{"overrideid":"sid-7739DD95-6197-4FDC-91B7-BD8DB1A1F5B4","name":"User Task","documentation":"","asynchronousdefinition":false,"exclusivedefinition":false,"executionlisteners":{"executionListeners":[]},"multiinstance_type":"None","multiinstance_cardinality":"","multiinstance_collection":"","multiinstance_variable":"","multiinstance_condition":"","isforcompensation":false,"usertasksendemail":true,"usertaskassignment":{"assignment":{"type":"idm","idm":{"type":"initiator"},"initiatorCanCompleteTask":true}},"formkeydefinition":"","formreference":{"id":14938,"name":"Form2"},"fieldstovariables":"","duedatedefinition":"","prioritydefinition":"","categorydefinition":"","formproperties":"","tasklisteners":{"taskListeners":[]},"emailtemplate":""},"stencil":{"id":"UserTask"},"childShapes":[],"outgoing":[{"resourceId":"sid-B2957BD3-B1C3-42B9-8E1B-B82CCFAABB40"}],"bounds":{"lowerRight":{"x":400,"y":200},"upperLeft":{"x":300,"y":120}},"dockers":[]},{"resourceId":"sid-FD2B64F3-C6F4-4329-90F7-1A4993AC0E83","properties":{"overrideid":"sid-FD2B64F3-C6F4-4329-90F7-1A4993AC0E83","name":"","documentation":"","conditionsequenceflow":"","executionlisteners":{"executionListeners":[]},"defaultflow":"false"},"stencil":{"id":"SequenceFlow"},"childShapes":[],"outgoing":[{"resourceId":"sid-7739DD95-6197-4FDC-91B7-BD8DB1A1F5B4"}],"bounds":{"lowerRight":{"x":299.4296875,"y":160},"upperLeft":{"x":265.5703125,"y":160}},"dockers":[{"x":50,"y":40},{"x":50,"y":40}],"target":{"resourceId":"sid-7739DD95-6197-4FDC-91B7-BD8DB1A1F5B4"}},{"resourceId":"sid-684026E7-CC50-4FE5-A62A-D83A26C3C55E","properties":{"overrideid":"sid-684026E7-CC50-4FE5-A62A-D83A26C3C55E","name":"","documentation":"","executionlisteners":{"executionListeners":[]},"asynchronousdefinition":false,"exclusivedefinition":false},"stencil":{"id":"EndNoneEvent"},"childShapes":[],"outgoing":[],"bounds":{"lowerRight":{"x":483,"y":174},"upperLeft":{"x":455,"y":146}},"dockers":[]},{"resourceId":"sid-B2957BD3-B1C3-42B9-8E1B-B82CCFAABB40","properties":{"overrideid":"sid-B2957BD3-B1C3-42B9-8E1B-B82CCFAABB40","name":"","documentation":"","conditionsequenceflow":"","executionlisteners":{"executionListeners":[]},"defaultflow":"false"},"stencil":{"id":"SequenceFlow"},"childShapes":[],"outgoing":[{"resourceId":"sid-684026E7-CC50-4FE5-A62A-D83A26C3C55E"}],"bounds":{"lowerRight":{"x":454.984375,"y":160},"upperLeft":{"x":400.2734375,"y":160}},"dockers":[{"x":50,"y":40},{"x":14,"y":14}],"target":{"resourceId":"sid-684026E7-CC50-4FE5-A62A-D83A26C3C55E"}}],"bounds":{"lowerRight":{"x":1200,"y":1050},"upperLeft":{"x":0,"y":0}},"stencilset":{"url":"stencilsets/bpmn2.0/bpmn2.0.json","namespace":"http://b3mn.org/stencilset/bpmn2.0#"},"ssextensions":[]}