{
  "id" : "ui-d33cad3b-f44f-4f13-b54c-67f076da5047",
  "name" : "custom-theme",
  "description" : "",
  "adf-template" : "content",
  "extension" : {
    "$id" : "ui-d33cad3b-f44f-4f13-b54c-67f076da5047",
    "$name" : "custom-theme",
    "$description" : "",
    "$version" : "0.0.2",
    "$vendor" : "",
    "$license" : "",
    "appConfig" : {
      "application" : {
        "logo" : "../../rb/v1/files/logo",
        "headerImagePath" : "../../rb/v1/files/paperbackground",
        "name" : "Custom Theme Testing"
      },
      "webFontPath" : "https://fonts.googleapis.com/css2?family=Oswald&display=swap",
      "theme" : {
        "primaryColor" : "#94CFBD",
        "accentColor" : "#5D897B",
        "textColor" : "#1D1D1D",
        "backgroundColor" : "#E5E5E5",
        "baseFontSize" : "12px",
        "fontFamily" : "Oswald"
      },
      "customCssPath" : "./assets/theme/custom.css",
      "headerTextColor" : "#393939",
      "headerColor" : "#DFDDDD"
    },
    "features" : {}
  },
  "key" : "custom-theme"
}