<?xml version="1.0" encoding="UTF-8"?>
<bpmn2:definitions xmlns:activiti="http://activiti.org/bpmn" xmlns:xsi="http://www.w3.org/2001/XMLSchema-instance" xmlns:bpmn2="http://www.omg.org/spec/BPMN/20100524/MODEL" xmlns:bpmndi="http://www.omg.org/spec/BPMN/20100524/DI" xmlns:dc="http://www.omg.org/spec/DD/20100524/DC" xmlns:di="http://www.omg.org/spec/DD/20100524/DI" id="sample-diagram" targetNamespace="http://bpmn.io/schema/bpmn" xsi:schemaLocation="http://www.omg.org/spec/BPMN/20100524/MODEL BPMN20.xsd">
  <bpmn2:process id="process-ef9c287f-fb16-4b00-9168-48edbf0dac1a" name="int-start-message-event" isExecutable="true">
    <bpmn2:documentation />
    <bpmn2:startEvent id="StartEvent_1">
      <bpmn2:outgoing>SequenceFlow_1cr5iju</bpmn2:outgoing>
    </bpmn2:startEvent>
    <bpmn2:sequenceFlow id="SequenceFlow_1cr5iju" sourceRef="StartEvent_1" targetRef="Task_0p2svxa" />
    <bpmn2:endEvent id="EndEvent_0jwmw3k">
      <bpmn2:incoming>SequenceFlow_1c4hufn</bpmn2:incoming>
    </bpmn2:endEvent>
    <bpmn2:sequenceFlow id="SequenceFlow_1c4hufn" sourceRef="Task_0p2svxa" targetRef="EndEvent_0jwmw3k" />
    <bpmn2:userTask id="Task_0p2svxa" name="user-task" activiti:assignee="hruser">
      <bpmn2:incoming>SequenceFlow_1cr5iju</bpmn2:incoming>
      <bpmn2:outgoing>SequenceFlow_1c4hufn</bpmn2:outgoing>
    </bpmn2:userTask>
    <bpmn2:subProcess id="SubProcess_19rjjvg" name="int-start-subprocess" triggeredByEvent="true">
      <bpmn2:endEvent id="EndEvent_1dedra5">
        <bpmn2:incoming>SequenceFlow_1jad1rs</bpmn2:incoming>
      </bpmn2:endEvent>
      <bpmn2:startEvent id="StartEvent_0xp0f2k">
        <bpmn2:outgoing>SequenceFlow_0v8f903</bpmn2:outgoing>
        <bpmn2:messageEventDefinition messageRef="Message_17bjiqx" />
      </bpmn2:startEvent>
      <bpmn2:userTask id="Task_0nqppv6" name="subprocess-usertask" activiti:assignee="hruser">
        <bpmn2:incoming>SequenceFlow_0v8f903</bpmn2:incoming>
        <bpmn2:outgoing>SequenceFlow_1jad1rs</bpmn2:outgoing>
      </bpmn2:userTask>
      <bpmn2:sequenceFlow id="SequenceFlow_0v8f903" sourceRef="StartEvent_0xp0f2k" targetRef="Task_0nqppv6" />
      <bpmn2:sequenceFlow id="SequenceFlow_1jad1rs" sourceRef="Task_0nqppv6" targetRef="EndEvent_1dedra5" />
    </bpmn2:subProcess>
  </bpmn2:process>
  <bpmn2:message id="Message_17bjiqx" name="int-start-message-event" />
  <bpmndi:BPMNDiagram id="BPMNDiagram_1">
    <bpmndi:BPMNPlane id="BPMNPlane_1" bpmnElement="process-ef9c287f-fb16-4b00-9168-48edbf0dac1a">
      <bpmndi:BPMNShape id="_BPMNShape_StartEvent_2" bpmnElement="StartEvent_1">
        <dc:Bounds x="113" y="318" width="36" height="36" />
      </bpmndi:BPMNShape>
      <bpmndi:BPMNEdge id="SequenceFlow_1cr5iju_di" bpmnElement="SequenceFlow_1cr5iju">
        <di:waypoint x="149" y="336" />
        <di:waypoint x="199" y="336" />
      </bpmndi:BPMNEdge>
      <bpmndi:BPMNShape id="EndEvent_0jwmw3k_di" bpmnElement="EndEvent_0jwmw3k">
        <dc:Bounds x="349" y="318" width="36" height="36" />
      </bpmndi:BPMNShape>
      <bpmndi:BPMNEdge id="SequenceFlow_1c4hufn_di" bpmnElement="SequenceFlow_1c4hufn">
        <di:waypoint x="299" y="336" />
        <di:waypoint x="349" y="336" />
      </bpmndi:BPMNEdge>
      <bpmndi:BPMNEdge id="SequenceFlow_0v8f903_di" bpmnElement="SequenceFlow_0v8f903">
        <di:waypoint x="139" y="83" />
        <di:waypoint x="189" y="83" />
      </bpmndi:BPMNEdge>
      <bpmndi:BPMNShape id="EndEvent_1dedra5_di" bpmnElement="EndEvent_1dedra5">
        <dc:Bounds x="339" y="65" width="36" height="36" />
      </bpmndi:BPMNShape>
      <bpmndi:BPMNEdge id="SequenceFlow_1jad1rs_di" bpmnElement="SequenceFlow_1jad1rs">
        <di:waypoint x="289" y="83" />
        <di:waypoint x="339" y="83" />
      </bpmndi:BPMNEdge>
      <bpmndi:BPMNShape id="StartEvent_0czf41d_di" bpmnElement="StartEvent_0xp0f2k">
        <dc:Bounds x="103" y="65" width="36" height="36" />
      </bpmndi:BPMNShape>
      <bpmndi:BPMNShape id="UserTask_1mn2o1g_di" bpmnElement="Task_0p2svxa">
        <dc:Bounds x="199" y="296" width="100" height="80" />
      </bpmndi:BPMNShape>
      <bpmndi:BPMNShape id="UserTask_044n73h_di" bpmnElement="Task_0nqppv6">
        <dc:Bounds x="189" y="43" width="100" height="80" />
      </bpmndi:BPMNShape>
      <bpmndi:BPMNShape id="SubProcess_0pthas1_di" bpmnElement="SubProcess_19rjjvg" isExpanded="true">
        <dc:Bounds x="74" y="1" width="350" height="200" />
      </bpmndi:BPMNShape>
    </bpmndi:BPMNPlane>
  </bpmndi:BPMNDiagram>
</bpmn2:definitions>
