{"id":"process-7df92d3a-7197-41b1-ac2e-449cacf59018","type":"PROCESS","name":"multiinstance-dmnsequence","extensions":{"Process_h3P-40rj":{"constants":{"ServiceTask_1t8vsc0":{"_activiti_dmn_table_":{"value":"decision-loopcounter"}}},"mappings":{"ServiceTask_1t8vsc0":{"inputs":{"input1":{"type":"variable","value":"loopCounter"}},"outputs":{"dmn_output":{"type":"variable","value":"output1"}}},"UserTask_0m7uljs":{"inputs":{"outputText":{"type":"variable","value":"dmn_output"}}}},"properties":{"153972a3-4efd-4d56-ad3d-145b6af31434":{"id":"153972a3-4efd-4d56-ad3d-145b6af31434","name":"loopCounter","type":"integer","required":false},"d5ce09a0-f8c1-461e-80dc-abedc2b20a3d":{"id":"d5ce09a0-f8c1-461e-80dc-abedc2b20a3d","name":"dmn_output","type":"string","required":false,"value":""}},"assignments":{"UserTask_0m7uljs":{"type":"identity","assignment":"assignee","id":"UserTask_0m7uljs"}}}}}