{"id":"script-75936a89-dedd-4bd4-9454-9ac9b6f69f7d","type":"SCRIPT","name":"create-tag","key":"create-tag","extensions":{"createdAt":"2023-10-30T08:27:39.619Z","name":"create-tag.bin","language":"js","uri":"file:/create-tag.bin","content":{"sizeInBytes":1582,"mimeType":"application/macbinary"},"variables":[{"id":"33e73b9c-11e0-4e3a-81f0-4f10e2cfd598","name":"output","type":"json","model":{"$ref":"#/$defs/primitive/json"},"value":{}},{"id":"19c3f265-1d2e-40b4-b591-4c77a529c315","name":"tags","type":"json","model":{"$ref":"#/$defs/primitive/json"},"value":{}},{"id":"5f8bd8e5-e66a-4633-b00d-81bf18cd8a17","name":"tagsForNode","type":"json","model":{"$ref":"#/$defs/primitive/json"},"value":{}}]}}