{"id":"script-7440f691-fef2-4469-bd6d-1183df091061","type":"SCRIPT","name":"query-binding","extensions":{"createdAt":"2024-01-10T08:43:42.973Z","name":"query-binding.bin","language":"js","uri":"file:/query-binding.bin","content":{"sizeInBytes":255,"mimeType":"application/octet-stream"},"variables":[{"id":"6f4a5e66-ea7f-4c9e-902a-65125c10f7f1","name":"processInstanceId","type":"string","model":{"$ref":"#/$defs/primitive/string"}},{"id":"301278e3-df12-4f71-895e-92152e24fae5","name":"processDefinitionName","type":"string","model":{"$ref":"#/$defs/primitive/string"}}]}}