{"resourceId":24,"properties":{"process_id":"ProcessWithUser","name":"ProcessWithUser","documentation":"","process_author":"","process_version":"","process_namespace":"http://www.activiti.org/processdef","executionlisteners":"","eventlisteners":"","signaldefinitions":"","messagedefinitions":"","executionvariables":"","metadata":""},"stencil":{"id":"BPMNDiagram"},"childShapes":[{"resourceId":"startEvent1","properties":{"overrideid":"","name":"","documentation":"","executionlisteners":"","initiator":"","formkeydefinition":"","formreference":{"id":25,"name":"user","referenceId":24},"fieldstovariables":"","formproperties":""},"stencil":{"id":"StartNoneEvent"},"childShapes":[],"outgoing":[{"resourceId":"sid-CEAF439F-F1F6-4B51-AA13-6343424476A6"}],"bounds":{"lowerRight":{"x":130,"y":193},"upperLeft":{"x":100,"y":163}},"dockers":[]},{"resourceId":"sid-39AABF03-49E9-4D3C-8F24-95FCB4A3A8C4","properties":{"overrideid":"","name":"","documentation":"","asynchronousdefinition":"false","exclusivedefinition":"false","executionlisteners":"","multiinstance_type":"None","multiinstance_cardinality":"","multiinstance_collection":"","multiinstance_variable":"","multiinstance_condition":"","isforcompensation":"false","usertasksendemail":true,"usertaskassignment":"","formkeydefinition":"","formreference":{"id":26,"name":"display user","referenceId":24},"fieldstovariables":"","duedatedefinition":"","prioritydefinition":"","categorydefinition":"","formproperties":"","tasklisteners":"","emailtemplate":""},"stencil":{"id":"UserTask"},"childShapes":[],"outgoing":[{"resourceId":"sid-F7745946-5733-4E84-8613-BF9F5316F8FF"}],"bounds":{"lowerRight":{"x":265,"y":215},"upperLeft":{"x":165,"y":135}},"dockers":[]},{"resourceId":"sid-CEAF439F-F1F6-4B51-AA13-6343424476A6","properties":{"overrideid":"","name":"","documentation":"","conditionsequenceflow":"","executionlisteners":"","defaultflow":"false"},"stencil":{"id":"SequenceFlow"},"childShapes":[],"outgoing":[{"resourceId":"sid-39AABF03-49E9-4D3C-8F24-95FCB4A3A8C4"}],"bounds":{"lowerRight":{"x":164.78169969647763,"y":177.54813849089433},"upperLeft":{"x":130.06205030352237,"y":176.50654900910567}},"dockers":[{"x":15,"y":15},{"x":50,"y":40}],"target":{"resourceId":"sid-39AABF03-49E9-4D3C-8F24-95FCB4A3A8C4"}},{"resourceId":"sid-611B714C-6BCC-4E2A-9684-2E9D0A3F3487","properties":{"overrideid":"","name":"","documentation":"","executionlisteners":""},"stencil":{"id":"EndNoneEvent"},"childShapes":[],"outgoing":[],"bounds":{"lowerRight":{"x":348,"y":192},"upperLeft":{"x":320,"y":164}},"dockers":[]},{"resourceId":"sid-F7745946-5733-4E84-8613-BF9F5316F8FF","properties":{"overrideid":"","name":"","documentation":"","conditionsequenceflow":"","executionlisteners":"","defaultflow":"false"},"stencil":{"id":"SequenceFlow"},"childShapes":[],"outgoing":[{"resourceId":"sid-611B714C-6BCC-4E2A-9684-2E9D0A3F3487"}],"bounds":{"lowerRight":{"x":319.3828125,"y":178},"upperLeft":{"x":265.6484375,"y":175}},"dockers":[{"x":50,"y":40},{"x":292.5,"y":175},{"x":292.5,"y":178},{"x":14,"y":14}],"target":{"resourceId":"sid-611B714C-6BCC-4E2A-9684-2E9D0A3F3487"}}],"bounds":{"lowerRight":{"x":1200,"y":1050},"upperLeft":{"x":0,"y":0}},"stencilset":{"url":"stencilsets/bpmn2.0/bpmn2.0.json","namespace":"http://b3mn.org/stencilset/bpmn2.0#"},"ssextensions":[]}