<?xml version='1.0' encoding='UTF-8'?>
<definitions xmlns="http://www.omg.org/spec/BPMN/20100524/MODEL" xmlns:xsi="http://www.w3.org/2001/XMLSchema-instance" xmlns:xsd="http://www.w3.org/2001/XMLSchema" xmlns:activiti="http://activiti.org/bpmn" xmlns:bpmndi="http://www.omg.org/spec/BPMN/20100524/DI" xmlns:omgdc="http://www.omg.org/spec/DD/20100524/DC" xmlns:omgdi="http://www.omg.org/spec/DD/20100524/DI" typeLanguage="http://www.w3.org/2001/XMLSchema" expressionLanguage="http://www.w3.org/1999/XPath" targetNamespace="http://www.activiti.org/processdef" xmlns:modeler="http://activiti.com/modeler" modeler:version="1.0en" modeler:exportDateTime="20180929084026732" modeler:modelId="24" modeler:modelVersion="2" modeler:modelLastUpdated="1538209954513">
  <process id="ProcessWithUser" name="ProcessWithUser" isExecutable="true">
    <startEvent id="startEvent1" activiti:formKey="25">
      <extensionElements>
        <modeler:form-reference-id><![CDATA[25]]></modeler:form-reference-id>
        <modeler:form-reference-name><![CDATA[user]]></modeler:form-reference-name>
        <modeler:editor-resource-id><![CDATA[startEvent1]]></modeler:editor-resource-id>
      </extensionElements>
    </startEvent>
    <userTask id="sid-39AABF03-49E9-4D3C-8F24-95FCB4A3A8C4" activiti:assignee="$INITIATOR" activiti:formKey="26">
      <extensionElements>
        <modeler:allow-send-email><![CDATA[true]]></modeler:allow-send-email>
        <modeler:form-reference-id><![CDATA[26]]></modeler:form-reference-id>
        <modeler:form-reference-name><![CDATA[display user]]></modeler:form-reference-name>
        <modeler:activiti-idm-initiator><![CDATA[true]]></modeler:activiti-idm-initiator>
        <modeler:editor-resource-id><![CDATA[sid-39AABF03-49E9-4D3C-8F24-95FCB4A3A8C4]]></modeler:editor-resource-id>
      </extensionElements>
    </userTask>
    <sequenceFlow id="sid-CEAF439F-F1F6-4B51-AA13-6343424476A6" sourceRef="startEvent1" targetRef="sid-39AABF03-49E9-4D3C-8F24-95FCB4A3A8C4">
      <extensionElements>
        <modeler:editor-resource-id><![CDATA[sid-CEAF439F-F1F6-4B51-AA13-6343424476A6]]></modeler:editor-resource-id>
      </extensionElements>
    </sequenceFlow>
    <endEvent id="sid-611B714C-6BCC-4E2A-9684-2E9D0A3F3487">
      <extensionElements>
        <modeler:editor-resource-id><![CDATA[sid-611B714C-6BCC-4E2A-9684-2E9D0A3F3487]]></modeler:editor-resource-id>
      </extensionElements>
    </endEvent>
    <sequenceFlow id="sid-F7745946-5733-4E84-8613-BF9F5316F8FF" sourceRef="sid-39AABF03-49E9-4D3C-8F24-95FCB4A3A8C4" targetRef="sid-611B714C-6BCC-4E2A-9684-2E9D0A3F3487">
      <extensionElements>
        <modeler:editor-resource-id><![CDATA[sid-F7745946-5733-4E84-8613-BF9F5316F8FF]]></modeler:editor-resource-id>
      </extensionElements>
    </sequenceFlow>
  </process>
  <bpmndi:BPMNDiagram id="BPMNDiagram_ProcessWithUser">
    <bpmndi:BPMNPlane bpmnElement="ProcessWithUser" id="BPMNPlane_ProcessWithUser">
      <bpmndi:BPMNShape bpmnElement="startEvent1" id="BPMNShape_startEvent1">
        <omgdc:Bounds height="30.0" width="30.0" x="100.0" y="163.0"/>
      </bpmndi:BPMNShape>
      <bpmndi:BPMNShape bpmnElement="sid-39AABF03-49E9-4D3C-8F24-95FCB4A3A8C4" id="BPMNShape_sid-39AABF03-49E9-4D3C-8F24-95FCB4A3A8C4">
        <omgdc:Bounds height="80.0" width="100.0" x="165.0" y="135.0"/>
      </bpmndi:BPMNShape>
      <bpmndi:BPMNShape bpmnElement="sid-611B714C-6BCC-4E2A-9684-2E9D0A3F3487" id="BPMNShape_sid-611B714C-6BCC-4E2A-9684-2E9D0A3F3487">
        <omgdc:Bounds height="28.0" width="28.0" x="320.0" y="164.0"/>
      </bpmndi:BPMNShape>
      <bpmndi:BPMNEdge bpmnElement="sid-CEAF439F-F1F6-4B51-AA13-6343424476A6" id="BPMNEdge_sid-CEAF439F-F1F6-4B51-AA13-6343424476A6">
        <omgdi:waypoint x="129.9932545528355" y="177.5502023634149"/>
        <omgdi:waypoint x="165.0" y="176.5"/>
      </bpmndi:BPMNEdge>
      <bpmndi:BPMNEdge bpmnElement="sid-F7745946-5733-4E84-8613-BF9F5316F8FF" id="BPMNEdge_sid-F7745946-5733-4E84-8613-BF9F5316F8FF">
        <omgdi:waypoint x="265.0" y="175.0"/>
        <omgdi:waypoint x="292.5" y="175.0"/>
        <omgdi:waypoint x="292.5" y="178.0"/>
        <omgdi:waypoint x="320.0" y="178.0"/>
      </bpmndi:BPMNEdge>
    </bpmndi:BPMNPlane>
  </bpmndi:BPMNDiagram>
</definitions>