{"formRepresentation":{"id":"form-0b6e2e34-1f96-4d71-af96-5909b5d0be70","name":"formtotestvalidations","description":"","version":0,"formDefinition":{"tabs":[],"fields":[{"id":"222fbd85-2ffa-4864-9210-37e915f1e6fd","name":"Label","type":"container","tab":null,"numberOfColumns":2,"fields":{"1":[{"id":"Text0tma8h","name":"Text","type":"text","required":true,"colspan":1,"placeholder":null,"minLength":0,"maxLength":0,"regexPattern":null,"visibilityCondition":null,"params":{"existingColspan":1,"maxColspan":2}},{"id":"Date0m1moq","name":"Date","type":"date","required":false,"colspan":1,"placeholder":null,"minValue":null,"maxValue":null,"visibilityCondition":null,"params":{"existingColspan":1,"maxColspan":2},"dateDisplayFormat":"D-M-YYYY"},{"id":"Amount0mtp1h","name":"Amount","type":"amount","required":false,"colspan":1,"placeholder":"123","minValue":null,"maxValue":null,"visibilityCondition":null,"params":{"existingColspan":1,"maxColspan":2},"enableFractions":false,"currency":"$"},{"id":"Number0klykr","name":"Number","type":"integer","colspan":1,"placeholder":null,"minValue":null,"maxValue":null,"required":false,"visibilityCondition":null,"params":{"existingColspan":1,"maxColspan":2}}],"2":[]}}],"outcomes":[],"metadata":{},"variables":[]},"standAlone":true}}