{"formRepresentation":{"id":"form-e7d60053-d79b-4ba2-8a92-f574c5aea156","name":"inputform","description":"","version":0,"standAlone":true,"formDefinition":{"tabs":[],"fields":[{"id":"c05c5627-1a23-4f97-865b-60ea54faaafd","name":"Label","type":"container","tab":null,"numberOfColumns":2,"fields":{"1":[{"id":"inputjson","name":"Display value","type":"readonly","value":"{\"SomeKey\":\"HelloThere\"}","colspan":1,"visibilityCondition":null,"params":{"existingColspan":1,"maxColspan":2,"field":{"id":"9e048814-8ec0-4a55-9537-94ed6970a63b","name":"inputjson","type":"json"},"responseVariable":true}}],"2":[{"id":"inputfile","name":"Attach file","type":"upload","required":false,"colspan":1,"visibilityCondition":null,"params":{"existingColspan":1,"maxColspan":2,"fileSource":{"serviceId":"all-file-sources","name":"Alfresco Content and Local","destinationFolderPath":"-my-"},"multiple":false,"link":false,"menuOptions":{"show":true,"download":true,"retrieveMetadata":false,"remove":true}}}]}}],"outcomes":[],"metadata":{},"variables":[{"id":"9e048814-8ec0-4a55-9537-94ed6970a63b","name":"inputjson","type":"json","value":{"SomeKey":"HelloThere"}}]}}}