{"formRepresentation":{"id":"form-b70fc829-8d8c-48c6-84ae-a75bbaf8793a","name":"inputform","description":"","version":0,"standAlone":true,"formDefinition":{"tabs":[],"fields":[{"id":"c05c5627-1a23-4f97-865b-60ea54faaafd","name":"Label","type":"container","tab":null,"numberOfColumns":2,"fields":{"1":[{"id":"inputjson","name":"Display value","type":"readonly","value":"{\"SomeKey\":\"HelloThere\"}","colspan":1,"visibilityCondition":null,"params":{"existingColspan":1,"maxColspan":2,"field":{"id":"9e048814-8ec0-4a55-9537-94ed6970a63b","name":"inputjson","type":"json"},"responseVariable":true}}],"2":[{"id":"inputfile","name":"Attach file","type":"upload","required":false,"colspan":1,"visibilityCondition":null,"params":{"existingColspan":1,"maxColspan":2,"fileSource":{"serviceId":"local-file","name":"Local File"},"multiple":false,"link":false}}]}}],"outcomes":[],"metadata":{},"variables":[{"id":"9e048814-8ec0-4a55-9537-94ed6970a63b","name":"inputjson","type":"json","value":{"SomeKey":"HelloThere"}}]}}}