{"formRepresentation":{"id":"form-9099f5ee-0881-4a91-936b-f4e7ac298b89","name":"outputform","description":"","version":0,"standAlone":true,"formDefinition":{"tabs":[],"fields":[{"id":"25a971f4-7d4c-422f-9164-e35ada2a537e","name":"Label","type":"container","tab":null,"numberOfColumns":2,"fields":{"1":[{"id":"outputjson","name":"Display value","type":"readonly","value":"{\"SomeKey2\":\"Hello2\"}","colspan":1,"visibilityCondition":null,"params":{"existingColspan":1,"maxColspan":2,"field":{"id":"8e34cdd4-be90-4fc0-8a24-861dc1441c54","name":"outputjson","type":"json"},"responseVariable":true}}],"2":[{"id":"outputfile","name":"Attach file","type":"upload","required":false,"colspan":1,"visibilityCondition":null,"params":{"existingColspan":1,"maxColspan":2,"fileSource":{"name":"Alfresco Content and Local","serviceId":"all-file-sources","destinationFolderPath":{"type":"value","value":"-my-"}},"multiple":false,"link":false,"menuOptions":{"show":true,"download":true,"retrieveMetadata":false,"remove":true}}}]}}],"outcomes":[],"metadata":{},"variables":[{"id":"8e34cdd4-be90-4fc0-8a24-861dc1441c54","name":"outputjson","type":"json","value":{"SomeKey2":"Hello2"}}]}}}