{"formRepresentation":{"id":"form-bb26f4a6-80f2-4c96-8f5d-fc1c5612888e","name":"simple","description":"","version":0,"standAlone":true,"formDefinition":{"tabs":[],"fields":[{"id":"af10a0d9-b096-4fdb-8317-4cac9e86a77e","name":"Label","type":"container","tab":null,"numberOfColumns":2,"fields":{"1":[{"id":"Text0e1skw","name":"Text","type":"text","readOnly":false,"required":false,"colspan":1,"placeholder":null,"minLength":0,"maxLength":0,"regexPattern":null,"visibilityCondition":null,"params":{"existingColspan":1,"maxColspan":2}}],"2":[{"id":"Number0sti7e","name":"Number","type":"integer","readOnly":false,"colspan":1,"placeholder":null,"minValue":null,"maxValue":null,"required":false,"visibilityCondition":null,"params":{"existingColspan":1,"maxColspan":2}}]}}],"outcomes":[],"metadata":{},"variables":[]}}}