{"formRepresentation":{"id":"form-041011ea-56a9-4307-97fd-49c01e4a9b5d","name":"starteventform","description":"","version":0,"formDefinition":{"tabs":[],"fields":[{"id":"5d5bc348-6bcd-4446-9e5e-c9de94c01f88","name":"Label","type":"container","tab":null,"numberOfColumns":2,"fields":{"1":[{"id":"FirstName","name":"FirstName","type":"text","required":true,"colspan":1,"placeholder":"Default","minLength":5,"maxLength":10,"regexPattern":null,"visibilityCondition":null,"params":{"existingColspan":1,"maxColspan":2}}],"2":[]}},{"id":"11fe7b66-8195-49c4-93e0-124571b1813e","name":"Label","type":"container","tab":null,"numberOfColumns":2,"fields":{"1":[{"id":"Number07vyx9","name":"Number","type":"integer","colspan":1,"placeholder":null,"minValue":10,"maxValue":1000,"required":true,"visibilityCondition":null,"params":{"existingColspan":1,"maxColspan":2}}],"2":[]}}],"outcomes":[],"metadata":{},"variables":[{"id":"a2582812-a3f5-480d-b574-0eeb6e6f19ce","name":"Custom Variable1","type":"string","value":"Default Custom 1"},{"id":"be234f0d-586a-428c-85bc-ba965571fd3d","name":"Custom Variable2","type":"integer","value":22}]}}}