{"formRepresentation":{"id":"form-6ea57ef8-7ee3-41c2-850d-00b95a3db107","name":"uploadfileform","description":"","version":0,"formDefinition":{"tabs":[],"fields":[{"id":"f362db60-b44c-46b9-a641-b6ffdcd2fa05","name":"Label","type":"container","tab":null,"numberOfColumns":2,"fields":{"1":[{"id":"Attachlocalfile","name":"Attach local file","type":"upload","required":false,"colspan":1,"visibilityCondition":null,"params":{"existingColspan":1,"maxColspan":2,"fileSource":{"serviceId":"all-file-sources","name":"Alfresco Content and Local","destinationFolderPath":"-root-"},"multiple":true,"link":false}}],"2":[{"id":"Attachsinglecontentfile","name":"Attach single content file","type":"upload","required":false,"colspan":1,"visibilityCondition":null,"params":{"existingColspan":1,"maxColspan":2,"fileSource":{"serviceId":"alfresco-content","name":"Alfresco Content"},"multiple":false,"link":false}},{"id":"Attachmultiplecontentfile","name":"Attach multiple content file","type":"upload","required":false,"colspan":1,"visibilityCondition":null,"params":{"existingColspan":1,"maxColspan":2,"fileSource":{"serviceId":"alfresco-content","name":"Alfresco Content"},"multiple":true,"link":false}}]}}],"outcomes":[],"metadata":{},"variables":[]},"standAlone":false}}