{"formRepresentation":{"id":"form-d7fc560a-07a8-4ae1-975a-c1d1070f075b","name":"uploadfileform","description":"","version":0,"formDefinition":{"tabs":[],"fields":[{"id":"f362db60-b44c-46b9-a641-b6ffdcd2fa05","name":"Label","type":"container","tab":null,"numberOfColumns":2,"fields":{"1":[{"id":"Attachlocalfile","name":"Attach local file","type":"upload","required":false,"colspan":1,"visibilityCondition":null,"params":{"existingColspan":1,"maxColspan":2,"fileSource":{"serviceId":"local-file","name":"Local File"},"multiple":true,"link":false}}],"2":[{"id":"Attachsinglecontentfile","name":"Attach single content file","type":"upload","required":false,"colspan":1,"visibilityCondition":null,"params":{"existingColspan":1,"maxColspan":2,"fileSource":{"serviceId":"alfresco-content","name":"Alfresco Content"},"multiple":false,"link":false}},{"id":"Attachmultiplecontentfile","name":"Attach multiple content file","type":"upload","required":false,"colspan":1,"visibilityCondition":null,"params":{"existingColspan":1,"maxColspan":2,"fileSource":{"serviceId":"alfresco-content","name":"Alfresco Content"},"multiple":true,"link":false}}]}}],"outcomes":[],"metadata":{},"variables":[]},"standAlone":false}}