{"formRepresentation":{"id":"form-7956ac05-28e4-411b-a1ef-d29434341596","name":"uploadfileform","description":"","version":0,"formDefinition":{"tabs":[],"fields":[{"id":"f362db60-b44c-46b9-a641-b6ffdcd2fa05","name":"Label","type":"container","tab":null,"numberOfColumns":2,"fields":{"1":[{"id":"Attachlocalfile","name":"Attach local file","type":"upload","required":false,"colspan":1,"visibilityCondition":null,"params":{"existingColspan":1,"maxColspan":2,"fileSource":{"name":"Alfresco Content and Local","serviceId":"all-file-sources","destinationFolderPath":{"type":"value","value":"-my-"}},"multiple":true,"link":false,"menuOptions":{"show":true,"download":true,"retrieveMetadata":false,"remove":true}}}],"2":[{"id":"Attachsinglecontentfile","name":"Attach single content file","type":"upload","required":false,"colspan":1,"visibilityCondition":null,"params":{"existingColspan":1,"maxColspan":2,"fileSource":{"serviceId":"alfresco-content","name":"Alfresco Content"},"multiple":false,"link":false,"menuOptions":{"show":true,"download":true,"retrieveMetadata":false,"remove":true}}},{"id":"Attachmultiplecontentfile","name":"Attach multiple content file","type":"upload","required":false,"colspan":1,"visibilityCondition":null,"params":{"existingColspan":1,"maxColspan":2,"fileSource":{"serviceId":"alfresco-content","name":"Alfresco Content"},"multiple":true,"link":false,"menuOptions":{"show":true,"download":true,"retrieveMetadata":false,"remove":true}}}]}}],"outcomes":[],"metadata":{},"variables":[]},"standAlone":false}}