{
  "formRepresentation": {
    "id": "form-4d7c2ce0-7f8a-4936-ab70-3b1cedbca4a6",
    "name": "amount-form",
    "version": 0,
    "description": "",
    "formDefinition": {
      "tabs": [ ],
      "fields": [
        {
          "id": "1511518390393",
          "type": "container",
          "name": "containertest",
          "tab": null,
          "numberOfColumns": 2,
          "fields": {
            "1": [
              {
                "id": "amounttest",
                "name": "amounttest",
                "type": "amount",
                "required": true,
                "colspan": 2,
                "placeholder": "amount",
                "minValue": 12,
                "maxValue": 53465,
                "params": {
                  "existingColspan": 2,
                  "maxColspan": 6
                },
                "visibilityCondition": null,
                "enableFractions": true,
                "currency": "euro"
              }
            ],
            "2": [ ]
          }
        }
      ],
      "metadata": {},
      "variables": [ ]
    }
  }
}