{
  "formRepresentation": {
    "id": "form-cb6b9bfb-83cc-452e-a8d8-7242a5978596",
    "name": "attach-variable-path",
    "description": "",
    "version": 0,
    "standAlone": true,
    "formDefinition": {
      "tabs": [ ],
      "fields": [
        {
          "id": "f55e3aed-25ea-464c-8fca-66c9da2973cd",
          "name": "Label",
          "type": "container",
          "tab": null,
          "numberOfColumns": 2,
          "fields": {
            "1": [
              {
                "id": "Attachfile0de253",
                "name": "Attach file",
                "type": "upload",
                "readOnly": false,
                "required": false,
                "colspan": 1,
                "rowspan": 1,
                "visibilityCondition": null,
                "params": {
                  "existingColspan": 1,
                  "maxColspan": 2,
                  "fileSource": {
                    "name": "Alfresco Content and Local",
                    "serviceId": "all-file-sources",
                    "destinationFolderPath": {
                      "id": "5a839ae9-d5cb-40d8-b59c-2bb9a4f43fcd",
                      "name": "formstringtype",
                      "type": "string",
                      "model": {
                        "$ref": "#/$defs/primitive/string"
                      }
                    }
                  },
                  "multiple": false,
                  "link": false,
                  "menuOptions": {
                    "show": true,
                    "download": true,
                    "retrieveMetadata": false,
                    "remove": true
                  },
                  "displayableCMProperties": [ ]
                }
              }
            ],
            "2": [ ]
          }
        }
      ],
      "outcomes": [ ],
      "metadata": {},
      "variables": [
        {
          "id": "5a839ae9-d5cb-40d8-b59c-2bb9a4f43fcd",
          "name": "formstringtype",
          "type": "string",
          "model": {
            "$ref": "#/$defs/primitive/string"
          },
          "value": "-root-/Sites/abcd/documentLibrary"
        }
      ]
    }
  }
}