{
  "formRepresentation": {
    "id": "form-c4523dc8-9c89-4a0d-b5af-6a5dc5b93e31",
    "name": "comment",
    "description": "",
    "version": 0,
    "standAlone": true,
    "formDefinition": {
      "tabs": [ ],
      "fields": [
        {
          "id": "886c0de0-fdff-46e7-9cab-6ab0844c8369",
          "name": "Label",
          "type": "container",
          "tab": null,
          "numberOfColumns": 1,
          "fields": {
            "1": [
              {
                "id": "nodes",
                "name": "Node",
                "type": "upload",
                "readOnly": false,
                "required": false,
                "colspan": 1,
                "rowspan": 1,
                "visibilityCondition": null,
                "params": {
                  "existingColspan": 1,
                  "maxColspan": 2,
                  "fileSource": {
                    "serviceId": "alfresco-content",
                    "name": "Alfresco Content",
                    "destinationFolderPath": "-my-"
                  },
                  "multiple": false,
                  "link": false,
                  "menuOptions": {
                    "show": true,
                    "download": true,
                    "retrieveMetadata": false,
                    "remove": true
                  }
                }
              },
              {
                "id": "comment",
                "name": "Comment",
                "type": "text",
                "readOnly": false,
                "required": false,
                "colspan": 1,
                "rowspan": 1,
                "placeholder": null,
                "minLength": 0,
                "maxLength": 0,
                "regexPattern": null,
                "visibilityCondition": null,
                "params": {
                  "existingColspan": 1,
                  "maxColspan": 2
                }
              }
            ]
          }
        }
      ],
      "outcomes": [ ],
      "metadata": {},
      "variables": [ ]
    },
    "key": "comment"
  }
}