{
  "formRepresentation": {
    "id": "form-14ee2fe0-1eb7-48f5-a5e8-b420afb12313",
    "name": "yes it exists",
    "key": "form-xfjqy",
    "description": "",
    "version": 0,
    "formDefinition": {
      "tabs": [ ],
      "fields": [
        {
          "id": "a5230e93-6536-4179-96e8-db11ec1c1282",
          "name": "Label",
          "type": "container",
          "tab": null,
          "numberOfColumns": 2,
          "fields": {
            "1": [
              {
                "id": "Text0ow9es",
                "name": "Text",
                "type": "text",
                "readOnly": false,
                "required": false,
                "colspan": 1,
                "rowspan": 1,
                "placeholder": null,
                "minLength": 0,
                "maxLength": 0,
                "regexPattern": null,
                "visibilityCondition": null,
                "params": {
                  "existingColspan": 1,
                  "maxColspan": 2
                },
                "value": "YES"
              }
            ],
            "2": [ ]
          }
        }
      ],
      "outcomes": [ ],
      "metadata": {},
      "variables": [ ]
    }
  }
}