{
  "formRepresentation": {
    "id": "form-765858fe-4314-48a2-ad1b-25a4312b0987",
    "name": "form-dmn-process",
    "key": "form-dmn-process-q2axa",
    "description": "",
    "version": 0,
    "standAlone": true,
    "formDefinition": {
      "tabs": [ ],
      "fields": [
        {
          "id": "b796ab11-d2d1-4449-8ee9-608c8028df99",
          "name": "Label",
          "type": "container",
          "tab": null,
          "numberOfColumns": 2,
          "fields": {
            "1": [
              {
                "id": "Date0mex1o",
                "name": "Date",
                "type": "date",
                "readOnly": false,
                "required": false,
                "colspan": 1,
                "rowspan": 1,
                "placeholder": null,
                "minValue": null,
                "maxValue": null,
                "minDateRangeValue": null,
                "maxDateRangeValue": null,
                "visibilityCondition": null,
                "params": {
                  "existingColspan": 1,
                  "maxColspan": 2
                },
                "dateDisplayFormat": "yyyy-MM-dd"
              }
            ],
            "2": [ ]
          }
        }
      ],
      "outcomes": [ ],
      "metadata": {},
      "variables": [ ]
    }
  }
}