{
  "formRepresentation": {
    "id": "form-cb5992c4-93be-4220-8758-1e191ea184b4",
    "name": "leave-request-form",
    "version": 1,
    "formDefinition": {
      "tabs": [ ],
      "fields": [
        {
          "id": "1511517839487",
          "type": "container",
          "name": "Label",
          "numberOfColumns": 2,
          "tab": null,
          "fields": {
            "1": [
              {
                "id": "timeoff",
                "name": "datetest",
                "type": "date",
                "required": false,
                "colspan": 2,
                "placeholder": "date",
                "minValue": "2018-07-08",
                "maxValue": "2018-07-27",
                "params": {
                  "existingColspan": 2,
                  "maxColspan": 6
                },
                "dateDisplayFormat": "D-M-YYYY"
              }
            ],
            "2": [ ]
          }
        }
      ],
      "outcomes": [
        {
          "id": "e18453db-3388-46ac-a07b-046309b9b01a",
          "name": "Vacation"
        },
        {
          "id": "e18453db-3333-46ac-a07b-046309b9b01a",
          "name": "Annual Leave"
        }
      ],
      "metadata": {
        "property1": "value1",
        "property2": "value2"
      },
      "variables": [
        {
          "name": "variable1",
          "type": "string",
          "value": "value1"
        },
        {
          "name": "variable2",
          "type": "string",
          "value": "value2"
        }
      ]
    }
  }
}