{
  "formRepresentation": {
    "id": "form-eb6b4353-9ef3-4432-a87c-2a994af52e66",
    "name": "number-form",
    "description": "",
    "version": 0,
    "standAlone": true,
    "formDefinition": {
      "tabs": [ ],
      "fields": [
        {
          "id": "dde3395a-e07a-4d82-a7c3-070128cba7f6",
          "name": "Label",
          "type": "container",
          "tab": null,
          "numberOfColumns": 1,
          "fields": {
            "1": [
              {
                "id": "numbertest",
                "name": "numbertest",
                "type": "integer",
                "readOnly": false,
                "colspan": 1,
                "rowspan": 1,
                "placeholder": null,
                "minValue": null,
                "maxValue": null,
                "required": false,
                "visibilityCondition": null,
                "params": {
                  "existingColspan": 1,
                  "maxColspan": 2
                }
              }
            ]
          }
        }
      ],
      "outcomes": [ ],
      "metadata": {},
      "variables": [ ]
    }
  }
}