{
  "formRepresentation": {
    "id": "form-a8dba0d1-2b3a-4fb3-957d-34e73e012fdd",
    "name": "pool-usertaskform",
    "description": "",
    "version": 0,
    "standAlone": true,
    "formDefinition": {
      "tabs": [ ],
      "fields": [
        {
          "id": "9a3cec56-e7be-4989-a7d4-93d9b5fd8ba0",
          "name": "Label",
          "type": "container",
          "tab": null,
          "numberOfColumns": 2,
          "fields": {
            "1": [
              {
                "id": "Text0e6xg3",
                "name": "Text",
                "type": "text",
                "readOnly": false,
                "required": false,
                "colspan": 1,
                "placeholder": null,
                "minLength": 0,
                "maxLength": 0,
                "regexPattern": null,
                "visibilityCondition": null,
                "params": {
                  "existingColspan": 1,
                  "maxColspan": 2
                }
              },
              {
                "id": "correlationKey",
                "name": "Set Correlation Key",
                "type": "text",
                "readOnly": false,
                "required": false,
                "colspan": 1,
                "placeholder": null,
                "minLength": 0,
                "maxLength": 0,
                "regexPattern": null,
                "visibilityCondition": null,
                "params": {
                  "existingColspan": 1,
                  "maxColspan": 2
                }
              }
            ],
            "2": [
              {
                "id": "Text0rfn8p",
                "name": "string",
                "type": "text",
                "readOnly": false,
                "required": false,
                "colspan": 1,
                "placeholder": null,
                "minLength": 0,
                "maxLength": 0,
                "regexPattern": null,
                "visibilityCondition": null,
                "params": {
                  "existingColspan": 1,
                  "maxColspan": 2
                }
              }
            ]
          }
        }
      ],
      "outcomes": [ ],
      "metadata": {},
      "variables": [ ]
    },
    "key": "pool-usertaskform"
  }
}