{
  "formRepresentation": {
    "id": "form-dee64f90-05ad-427d-82bd-06b9821941e3",
    "name": "result-collection-form",
    "key": "result-collection-fo-0ll4q",
    "description": "",
    "version": 0,
    "standAlone": true,
    "formDefinition": {
      "tabs": [ ],
      "fields": [
        {
          "id": "4a76983d-dc5e-4b2a-b57e-3d025dc2cc1e",
          "name": "Label",
          "type": "container",
          "tab": null,
          "numberOfColumns": 3,
          "fields": {
            "1": [
              {
                "id": "result1",
                "name": "result1",
                "type": "text",
                "readOnly": true,
                "required": false,
                "colspan": 1,
                "rowspan": 1,
                "placeholder": null,
                "minLength": 0,
                "maxLength": 0,
                "regexPattern": null,
                "visibilityCondition": null,
                "params": {
                  "existingColspan": 1,
                  "maxColspan": 2
                }
              }
            ],
            "2": [
              {
                "id": "result2",
                "name": "result2",
                "type": "text",
                "readOnly": true,
                "required": false,
                "colspan": 1,
                "rowspan": 1,
                "placeholder": null,
                "minLength": 0,
                "maxLength": 0,
                "regexPattern": null,
                "visibilityCondition": null,
                "params": {
                  "existingColspan": 1,
                  "maxColspan": 2
                }
              }
            ],
            "3": [
              {
                "id": "result3",
                "name": "result3",
                "type": "text",
                "readOnly": true,
                "required": false,
                "colspan": 1,
                "rowspan": 1,
                "placeholder": null,
                "minLength": 0,
                "maxLength": 0,
                "regexPattern": null,
                "visibilityCondition": null,
                "params": {
                  "existingColspan": 1,
                  "maxColspan": 2
                }
              }
            ]
          }
        }
      ],
      "outcomes": [ ],
      "metadata": {},
      "variables": [ ]
    }
  }
}