{
  "formRepresentation": {
    "id": "form-f518a60b-b1de-4d7e-a81b-34c421620d7f",
    "name": "text-field-validator",
    "description": "",
    "version": 0,
    "formDefinition": {
      "tabs": [ ],
      "fields": [
        {
          "id": "dd6a9dfc-b137-4ac5-ac45-55f66a0795bc",
          "name": "Label",
          "type": "container",
          "tab": null,
          "numberOfColumns": 2,
          "fields": {
            "1": [
              {
                "id": "country",
                "name": "country",
                "type": "text",
                "required": true,
                "placeholder": "text",
                "colspan": 1,
                "regexPattern": null,
                "params": {
                  "existingColspan": 1,
                  "maxColspan": 2
                }
              }
            ],
            "2": [
              {
                "id": "state",
                "name": "state",
                "type": "text",
                "required": true,
                "placeholder": "text",
                "colspan": 1,
                "regexPattern": null,
                "params": {
                  "existingColspan": 1,
                  "maxColspan": 2
                },
                "visibilityCondition": {
                  "leftType": "field",
                  "leftValue": "country",
                  "operator": "==",
                  "rightValue": "USA",
                  "rightType": "value",
                  "nextConditionOperator": "",
                  "nextCondition": null
                }
              }
            ]
          }
        }
      ],
      "outcomes": [ ],
      "metadata": {},
      "variables": [ ]
    }
  }
}