{
  "formRepresentation": {
    "id": "form-ed08ab55-3b46-444b-9ba9-8897af984f46",
    "name": "text-form",
    "version": 0,
    "description": "",
    "formDefinition": {
      "tabs": [ ],
      "fields": [
        {
          "id": "1511517333638",
          "type": "container",
          "name": "Label",
          "tab": null,
          "numberOfColumns": 2,
          "fields": {
            "1": [
              {
                "id": "texttest",
                "name": "texttest",
                "type": "text",
                "required": false,
                "placeholder": "text",
                "params": {
                  "existingColspan": 2,
                  "maxColspan": 6,
                  "inputMaskReversed": true,
                  "inputMask": "0#",
                  "inputMaskPlaceholder": "(0-9)"
                }
              }
            ],
            "2": [ ]
          }
        }
      ],
      "outcomes": [ ],
      "metadata": {},
      "variables": [ ]
    }
  }
}