{
  "formRepresentation": {
    "id": "form-cff1f84e-ee1f-47a1-b1a4-348ae9d98484",
    "name": "text-form",
    "version": 0,
    "description": "",
    "formDefinition": {
      "tabs": [ ],
      "fields": [
        {
          "id": "1511517333638",
          "type": "container",
          "name": "Label",
          "tab": null,
          "numberOfColumns": 2,
          "fields": {
            "1": [
              {
                "id": "texttest",
                "name": "texttest",
                "type": "text",
                "required": false,
                "placeholder": "text",
                "params": {
                  "existingColspan": 2,
                  "maxColspan": 6,
                  "inputMaskReversed": true,
                  "inputMask": "0#",
                  "inputMaskPlaceholder": "(0-9)"
                }
              }
            ],
            "2": [ ]
          }
        }
      ],
      "outcomes": [ ],
      "metadata": {},
      "variables": [ ]
    }
  }
}