<?xml version='1.0' encoding='UTF-8'?>
<definitions xmlns="http://www.omg.org/spec/BPMN/20100524/MODEL" xmlns:xsi="http://www.w3.org/2001/XMLSchema-instance" xmlns:xsd="http://www.w3.org/2001/XMLSchema" xmlns:activiti="http://activiti.org/bpmn" xmlns:bpmndi="http://www.omg.org/spec/BPMN/20100524/DI" xmlns:omgdc="http://www.omg.org/spec/DD/20100524/DC" xmlns:omgdi="http://www.omg.org/spec/DD/20100524/DI" typeLanguage="http://www.w3.org/2001/XMLSchema" expressionLanguage="http://www.w3.org/1999/XPath" targetNamespace="http://www.activiti.org/processdef" xmlns:modeler="http://activiti.com/modeler" modeler:version="1.0en" modeler:exportDateTime="20181009150556354" modeler:modelId="9994" modeler:modelVersion="1" modeler:modelLastUpdated="1539097528957">
  <process id="TextWidgetApp" name="TextWidgetApp" isExecutable="true">
    <startEvent id="startEvent1">
      <extensionElements>
        <modeler:editor-resource-id><![CDATA[startEvent1]]></modeler:editor-resource-id>
      </extensionElements>
    </startEvent>
    <userTask id="sid-523840DE-6F79-4360-B8A1-12E95830DDD1" activiti:assignee="$INITIATOR" activiti:formKey="9998">
      <extensionElements>
        <modeler:allow-send-email><![CDATA[true]]></modeler:allow-send-email>
        <modeler:form-reference-id><![CDATA[9998]]></modeler:form-reference-id>
        <modeler:form-reference-name><![CDATA[TextWidget - Form]]></modeler:form-reference-name>
        <modeler:activiti-idm-initiator><![CDATA[true]]></modeler:activiti-idm-initiator>
        <modeler:editor-resource-id><![CDATA[sid-523840DE-6F79-4360-B8A1-12E95830DDD1]]></modeler:editor-resource-id>
      </extensionElements>
    </userTask>
    <sequenceFlow id="sid-501E215F-7362-468F-BFA3-2C801C864611" sourceRef="startEvent1" targetRef="sid-523840DE-6F79-4360-B8A1-12E95830DDD1">
      <extensionElements>
        <modeler:editor-resource-id><![CDATA[sid-501E215F-7362-468F-BFA3-2C801C864611]]></modeler:editor-resource-id>
      </extensionElements>
    </sequenceFlow>
    <endEvent id="sid-5C337E66-B1D4-41A4-BD9F-835252034906">
      <extensionElements>
        <modeler:editor-resource-id><![CDATA[sid-5C337E66-B1D4-41A4-BD9F-835252034906]]></modeler:editor-resource-id>
      </extensionElements>
    </endEvent>
    <sequenceFlow id="sid-06482CEF-9E4E-4C0A-83BD-E930073C2B44" sourceRef="sid-523840DE-6F79-4360-B8A1-12E95830DDD1" targetRef="sid-5C337E66-B1D4-41A4-BD9F-835252034906">
      <extensionElements>
        <modeler:editor-resource-id><![CDATA[sid-06482CEF-9E4E-4C0A-83BD-E930073C2B44]]></modeler:editor-resource-id>
      </extensionElements>
    </sequenceFlow>
  </process>
  <bpmndi:BPMNDiagram id="BPMNDiagram_TextWidgetApp">
    <bpmndi:BPMNPlane bpmnElement="TextWidgetApp" id="BPMNPlane_TextWidgetApp">
      <bpmndi:BPMNShape bpmnElement="startEvent1" id="BPMNShape_startEvent1">
        <omgdc:Bounds height="30.0" width="30.0" x="90.0" y="150.0"/>
      </bpmndi:BPMNShape>
      <bpmndi:BPMNShape bpmnElement="sid-523840DE-6F79-4360-B8A1-12E95830DDD1" id="BPMNShape_sid-523840DE-6F79-4360-B8A1-12E95830DDD1">
        <omgdc:Bounds height="80.0" width="100.0" x="165.0" y="125.0"/>
      </bpmndi:BPMNShape>
      <bpmndi:BPMNShape bpmnElement="sid-5C337E66-B1D4-41A4-BD9F-835252034906" id="BPMNShape_sid-5C337E66-B1D4-41A4-BD9F-835252034906">
        <omgdc:Bounds height="28.0" width="28.0" x="310.0" y="151.0"/>
      </bpmndi:BPMNShape>
      <bpmndi:BPMNEdge bpmnElement="sid-501E215F-7362-468F-BFA3-2C801C864611" id="BPMNEdge_sid-501E215F-7362-468F-BFA3-2C801C864611">
        <omgdi:waypoint x="120.0" y="165.0"/>
        <omgdi:waypoint x="165.0" y="165.0"/>
      </bpmndi:BPMNEdge>
      <bpmndi:BPMNEdge bpmnElement="sid-06482CEF-9E4E-4C0A-83BD-E930073C2B44" id="BPMNEdge_sid-06482CEF-9E4E-4C0A-83BD-E930073C2B44">
        <omgdi:waypoint x="265.0" y="165.0"/>
        <omgdi:waypoint x="310.0" y="165.0"/>
      </bpmndi:BPMNEdge>
    </bpmndi:BPMNPlane>
  </bpmndi:BPMNDiagram>
</definitions>