{"resourceId":9994,"properties":{"process_id":"TextWidgetApp","name":"TextWidgetApp","documentation":"","process_author":"","process_version":"","process_namespace":"http://www.activiti.org/processdef","executionlisteners":"","eventlisteners":"","signaldefinitions":"","messagedefinitions":"","executionvariables":"","metadata":""},"stencil":{"id":"BPMNDiagram"},"childShapes":[{"resourceId":"startEvent1","properties":{"overrideid":"","name":"","documentation":"","executionlisteners":"","initiator":"","formkeydefinition":"","formreference":null,"fieldstovariables":"","formproperties":""},"stencil":{"id":"StartNoneEvent"},"childShapes":[],"outgoing":[{"resourceId":"sid-501E215F-7362-468F-BFA3-2C801C864611"}],"bounds":{"lowerRight":{"x":120,"y":180},"upperLeft":{"x":90,"y":150}},"dockers":[]},{"resourceId":"sid-523840DE-6F79-4360-B8A1-12E95830DDD1","properties":{"overrideid":"","name":"","documentation":"","asynchronousdefinition":"false","exclusivedefinition":"false","executionlisteners":"","multiinstance_type":"None","multiinstance_cardinality":"","multiinstance_collection":"","multiinstance_variable":"","multiinstance_condition":"","isforcompensation":"false","usertasksendemail":true,"usertaskassignment":"","formkeydefinition":"","formreference":{"id":9998,"name":"TextWidget - Form","referenceId":9994,"variablesmapping":[]},"fieldstovariables":"","duedatedefinition":"","prioritydefinition":"","categorydefinition":"","formproperties":"","tasklisteners":"","emailtemplate":""},"stencil":{"id":"UserTask"},"childShapes":[],"outgoing":[{"resourceId":"sid-06482CEF-9E4E-4C0A-83BD-E930073C2B44"}],"bounds":{"lowerRight":{"x":265,"y":205},"upperLeft":{"x":165,"y":125}},"dockers":[]},{"resourceId":"sid-501E215F-7362-468F-BFA3-2C801C864611","properties":{"overrideid":"","name":"","documentation":"","conditionsequenceflow":"","executionlisteners":"","defaultflow":"false"},"stencil":{"id":"SequenceFlow"},"childShapes":[],"outgoing":[{"resourceId":"sid-523840DE-6F79-4360-B8A1-12E95830DDD1"}],"bounds":{"lowerRight":{"x":164.15625,"y":165},"upperLeft":{"x":120.609375,"y":165}},"dockers":[{"x":15,"y":15},{"x":50,"y":40}],"target":{"resourceId":"sid-523840DE-6F79-4360-B8A1-12E95830DDD1"}},{"resourceId":"sid-5C337E66-B1D4-41A4-BD9F-835252034906","properties":{"overrideid":"","name":"","documentation":"","executionlisteners":""},"stencil":{"id":"EndNoneEvent"},"childShapes":[],"outgoing":[],"bounds":{"lowerRight":{"x":338,"y":179},"upperLeft":{"x":310,"y":151}},"dockers":[]},{"resourceId":"sid-06482CEF-9E4E-4C0A-83BD-E930073C2B44","properties":{"overrideid":"","name":"","documentation":"","conditionsequenceflow":"","executionlisteners":"","defaultflow":"false"},"stencil":{"id":"SequenceFlow"},"childShapes":[],"outgoing":[{"resourceId":"sid-5C337E66-B1D4-41A4-BD9F-835252034906"}],"bounds":{"lowerRight":{"x":309.375,"y":165},"upperLeft":{"x":265.390625,"y":165}},"dockers":[{"x":50,"y":40},{"x":14,"y":14}],"target":{"resourceId":"sid-5C337E66-B1D4-41A4-BD9F-835252034906"}}],"bounds":{"lowerRight":{"x":1200,"y":1050},"upperLeft":{"x":0,"y":0}},"stencilset":{"url":"stencilsets/bpmn2.0/bpmn2.0.json","namespace":"http://b3mn.org/stencilset/bpmn2.0#"},"ssextensions":[]}