{"resourceId":8021,"properties":{"process_id":"SimpleProcess","name":"Simple Process","documentation":"","process_author":"","process_version":"","process_namespace":"http://www.activiti.org/processdef","executionlisteners":"","eventlisteners":"","signaldefinitions":"","messagedefinitions":"","executionvariables":"","metadata":""},"stencil":{"id":"BPMNDiagram"},"childShapes":[{"resourceId":"startEvent1","properties":{"overrideid":"","name":"","documentation":"","executionlisteners":"","initiator":"","formkeydefinition":"","formreference":"","fieldstovariables":"","formproperties":""},"stencil":{"id":"StartNoneEvent"},"childShapes":[],"outgoing":[{"resourceId":"sid-06577E48-BC7D-48B8-9FF5-09005D4A4237"}],"bounds":{"lowerRight":{"x":120,"y":180},"upperLeft":{"x":90,"y":150}},"dockers":[]},{"resourceId":"sid-9954E7EF-606A-44EB-9F51-F170E26DDC4A","properties":{"overrideid":"","name":"User Task","documentation":"","asynchronousdefinition":"false","exclusivedefinition":"false","executionlisteners":"","multiinstance_type":"None","multiinstance_cardinality":"","multiinstance_collection":"","multiinstance_variable":"","multiinstance_condition":"","isforcompensation":"false","usertasksendemail":true,"usertaskassignment":"","formkeydefinition":"","formreference":{"id":8020,"name":"Simple form","referenceId":null,"variablesmapping":[]},"fieldstovariables":"","duedatedefinition":"","prioritydefinition":"","categorydefinition":"","formproperties":"","tasklisteners":"","emailtemplate":""},"stencil":{"id":"UserTask"},"childShapes":[],"outgoing":[{"resourceId":"sid-D2604DAF-752A-4154-B9FB-65D0D3160FF9"}],"bounds":{"lowerRight":{"x":265,"y":205},"upperLeft":{"x":165,"y":125}},"dockers":[]},{"resourceId":"sid-06577E48-BC7D-48B8-9FF5-09005D4A4237","properties":{"overrideid":"","name":"","documentation":"","conditionsequenceflow":"","executionlisteners":"","defaultflow":"false"},"stencil":{"id":"SequenceFlow"},"childShapes":[],"outgoing":[{"resourceId":"sid-9954E7EF-606A-44EB-9F51-F170E26DDC4A"}],"bounds":{"lowerRight":{"x":164.15625,"y":165},"upperLeft":{"x":120.609375,"y":165}},"dockers":[{"x":15,"y":15},{"x":50,"y":40}],"target":{"resourceId":"sid-9954E7EF-606A-44EB-9F51-F170E26DDC4A"}},{"resourceId":"sid-C87C9960-4C6F-4946-88DC-6B833E72F8AE","properties":{"overrideid":"","name":"","documentation":"","executionlisteners":""},"stencil":{"id":"EndNoneEvent"},"childShapes":[],"outgoing":[],"bounds":{"lowerRight":{"x":338,"y":179},"upperLeft":{"x":310,"y":151}},"dockers":[]},{"resourceId":"sid-D2604DAF-752A-4154-B9FB-65D0D3160FF9","properties":{"overrideid":"","name":"","documentation":"","conditionsequenceflow":"","executionlisteners":"","defaultflow":"false"},"stencil":{"id":"SequenceFlow"},"childShapes":[],"outgoing":[{"resourceId":"sid-C87C9960-4C6F-4946-88DC-6B833E72F8AE"}],"bounds":{"lowerRight":{"x":309.375,"y":165},"upperLeft":{"x":265.390625,"y":165}},"dockers":[{"x":50,"y":40},{"x":14,"y":14}],"target":{"resourceId":"sid-C87C9960-4C6F-4946-88DC-6B833E72F8AE"}}],"bounds":{"lowerRight":{"x":1200,"y":1050},"upperLeft":{"x":0,"y":0}},"stencilset":{"url":"stencilsets/bpmn2.0/bpmn2.0.json","namespace":"http://b3mn.org/stencilset/bpmn2.0#"},"ssextensions":[]}