{"bounds":{"lowerRight":{"x":1485.0,"y":700.0},"upperLeft":{"x":0.0,"y":0.0}},"resourceId":"canvas","stencil":{"id":"BPMNDiagram"},"stencilset":{"namespace":"http://b3mn.org/stencilset/bpmn2.0#","url":"../editor/stencilsets/bpmn2.0/bpmn2.0.json"},"properties":{"process_id":"SimpleProcess","name":"Simple Process","executionlisteners":{"executionListeners":[]},"eventlisteners":{"eventListeners":[]},"signaldefinitions":[],"messagedefinitions":[],"process_namespace":"http://www.activiti.org/processdef"},"childShapes":[{"bounds":{"lowerRight":{"x":120.0,"y":180.0},"upperLeft":{"x":90.0,"y":150.0}},"resourceId":"startEvent1","childShapes":[],"stencil":{"id":"StartNoneEvent"},"properties":{"overrideid":"startEvent1","executionlisteners":{"executionListeners":[]},"asynchronousdefinition":false,"exclusivedefinition":false},"outgoing":[{"resourceId":"sid-06577E48-BC7D-48B8-9FF5-09005D4A4237"}]},{"bounds":{"lowerRight":{"x":265.0,"y":205.0},"upperLeft":{"x":165.0,"y":125.0}},"resourceId":"sid-9954E7EF-606A-44EB-9F51-F170E26DDC4A","childShapes":[],"stencil":{"id":"UserTask"},"properties":{"overrideid":"sid-9954E7EF-606A-44EB-9F51-F170E26DDC4A","name":"User Task","usertasksendemail":true,"usertaskassignment":{"assignment":{"type":"idm","idm":{"type":"initiator"},"initiatorCanCompleteTask":false}},"formreference":{"id":22685,"name":"Simple form"},"executionlisteners":{"executionListeners":[]},"isforcompensation":false,"asynchronousdefinition":false,"exclusivedefinition":false,"tasklisteners":{"taskListeners":[]}},"outgoing":[{"resourceId":"sid-D2604DAF-752A-4154-B9FB-65D0D3160FF9"}]},{"bounds":{"lowerRight":{"x":172.0,"y":212.0},"upperLeft":{"x":128.0,"y":212.0}},"resourceId":"sid-06577E48-BC7D-48B8-9FF5-09005D4A4237","childShapes":[],"stencil":{"id":"SequenceFlow"},"dockers":[{"x":15.0,"y":15.0},{"x":50.0,"y":40.0}],"outgoing":[{"resourceId":"sid-9954E7EF-606A-44EB-9F51-F170E26DDC4A"}],"target":{"resourceId":"sid-9954E7EF-606A-44EB-9F51-F170E26DDC4A"},"properties":{"overrideid":"sid-06577E48-BC7D-48B8-9FF5-09005D4A4237","executionlisteners":{"executionListeners":[]}}},{"bounds":{"lowerRight":{"x":338.0,"y":179.0},"upperLeft":{"x":310.0,"y":151.0}},"resourceId":"sid-C87C9960-4C6F-4946-88DC-6B833E72F8AE","childShapes":[],"stencil":{"id":"EndNoneEvent"},"properties":{"overrideid":"sid-C87C9960-4C6F-4946-88DC-6B833E72F8AE","executionlisteners":{"executionListeners":[]},"asynchronousdefinition":false,"exclusivedefinition":false},"outgoing":[]},{"bounds":{"lowerRight":{"x":172.0,"y":212.0},"upperLeft":{"x":128.0,"y":212.0}},"resourceId":"sid-D2604DAF-752A-4154-B9FB-65D0D3160FF9","childShapes":[],"stencil":{"id":"SequenceFlow"},"dockers":[{"x":50.0,"y":40.0},{"x":14.0,"y":14.0}],"outgoing":[{"resourceId":"sid-C87C9960-4C6F-4946-88DC-6B833E72F8AE"}],"target":{"resourceId":"sid-C87C9960-4C6F-4946-88DC-6B833E72F8AE"},"properties":{"overrideid":"sid-D2604DAF-752A-4154-B9FB-65D0D3160FF9","executionlisteners":{"executionListeners":[]}}}]}