<?xml version='1.0' encoding='UTF-8'?>
<definitions xmlns="http://www.omg.org/spec/BPMN/20100524/MODEL" xmlns:xsi="http://www.w3.org/2001/XMLSchema-instance" xmlns:xsd="http://www.w3.org/2001/XMLSchema" xmlns:activiti="http://activiti.org/bpmn" xmlns:bpmndi="http://www.omg.org/spec/BPMN/20100524/DI" xmlns:omgdc="http://www.omg.org/spec/DD/20100524/DC" xmlns:omgdi="http://www.omg.org/spec/DD/20100524/DI" typeLanguage="http://www.w3.org/2001/XMLSchema" expressionLanguage="http://www.w3.org/1999/XPath" targetNamespace="http://www.activiti.org/processdef" xmlns:modeler="http://activiti.com/modeler" modeler:version="1.0en" modeler:exportDateTime="20171003185406396" modeler:modelId="8021" modeler:modelVersion="4" modeler:modelLastUpdated="1507046039203">
  <process id="SimpleProcess" name="Simple Process" isExecutable="true">
    <startEvent id="startEvent1">
      <extensionElements>
        <modeler:editor-resource-id><![CDATA[startEvent1]]></modeler:editor-resource-id>
      </extensionElements>
    </startEvent>
    <userTask id="sid-9954E7EF-606A-44EB-9F51-F170E26DDC4A" name="User Task" activiti:assignee="$INITIATOR" activiti:formKey="8020">
      <extensionElements>
        <modeler:allow-send-email><![CDATA[true]]></modeler:allow-send-email>
        <modeler:form-reference-id><![CDATA[8020]]></modeler:form-reference-id>
        <modeler:form-reference-name><![CDATA[Simple form]]></modeler:form-reference-name>
        <modeler:activiti-idm-initiator><![CDATA[true]]></modeler:activiti-idm-initiator>
        <modeler:editor-resource-id><![CDATA[sid-9954E7EF-606A-44EB-9F51-F170E26DDC4A]]></modeler:editor-resource-id>
      </extensionElements>
    </userTask>
    <sequenceFlow id="sid-06577E48-BC7D-48B8-9FF5-09005D4A4237" sourceRef="startEvent1" targetRef="sid-9954E7EF-606A-44EB-9F51-F170E26DDC4A">
      <extensionElements>
        <modeler:editor-resource-id><![CDATA[sid-06577E48-BC7D-48B8-9FF5-09005D4A4237]]></modeler:editor-resource-id>
      </extensionElements>
    </sequenceFlow>
    <endEvent id="sid-C87C9960-4C6F-4946-88DC-6B833E72F8AE">
      <extensionElements>
        <modeler:editor-resource-id><![CDATA[sid-C87C9960-4C6F-4946-88DC-6B833E72F8AE]]></modeler:editor-resource-id>
      </extensionElements>
    </endEvent>
    <sequenceFlow id="sid-D2604DAF-752A-4154-B9FB-65D0D3160FF9" sourceRef="sid-9954E7EF-606A-44EB-9F51-F170E26DDC4A" targetRef="sid-C87C9960-4C6F-4946-88DC-6B833E72F8AE">
      <extensionElements>
        <modeler:editor-resource-id><![CDATA[sid-D2604DAF-752A-4154-B9FB-65D0D3160FF9]]></modeler:editor-resource-id>
      </extensionElements>
    </sequenceFlow>
  </process>
  <bpmndi:BPMNDiagram id="BPMNDiagram_SimpleProcess">
    <bpmndi:BPMNPlane bpmnElement="SimpleProcess" id="BPMNPlane_SimpleProcess">
      <bpmndi:BPMNShape bpmnElement="startEvent1" id="BPMNShape_startEvent1">
        <omgdc:Bounds height="30.0" width="30.0" x="90.0" y="150.0"/>
      </bpmndi:BPMNShape>
      <bpmndi:BPMNShape bpmnElement="sid-9954E7EF-606A-44EB-9F51-F170E26DDC4A" id="BPMNShape_sid-9954E7EF-606A-44EB-9F51-F170E26DDC4A">
        <omgdc:Bounds height="80.0" width="100.0" x="165.0" y="125.0"/>
      </bpmndi:BPMNShape>
      <bpmndi:BPMNShape bpmnElement="sid-C87C9960-4C6F-4946-88DC-6B833E72F8AE" id="BPMNShape_sid-C87C9960-4C6F-4946-88DC-6B833E72F8AE">
        <omgdc:Bounds height="28.0" width="28.0" x="310.0" y="151.0"/>
      </bpmndi:BPMNShape>
      <bpmndi:BPMNEdge bpmnElement="sid-06577E48-BC7D-48B8-9FF5-09005D4A4237" id="BPMNEdge_sid-06577E48-BC7D-48B8-9FF5-09005D4A4237">
        <omgdi:waypoint x="120.0" y="165.0"/>
        <omgdi:waypoint x="165.0" y="165.0"/>
      </bpmndi:BPMNEdge>
      <bpmndi:BPMNEdge bpmnElement="sid-D2604DAF-752A-4154-B9FB-65D0D3160FF9" id="BPMNEdge_sid-D2604DAF-752A-4154-B9FB-65D0D3160FF9">
        <omgdi:waypoint x="265.0" y="165.0"/>
        <omgdi:waypoint x="310.0" y="165.0"/>
      </bpmndi:BPMNEdge>
    </bpmndi:BPMNPlane>
  </bpmndi:BPMNDiagram>
</definitions>