<?xml version='1.0' encoding='UTF-8'?>
<definitions xmlns="http://www.omg.org/spec/BPMN/20100524/MODEL" xmlns:xsi="http://www.w3.org/2001/XMLSchema-instance" xmlns:xsd="http://www.w3.org/2001/XMLSchema" xmlns:activiti="http://activiti.org/bpmn" xmlns:bpmndi="http://www.omg.org/spec/BPMN/20100524/DI" xmlns:omgdc="http://www.omg.org/spec/DD/20100524/DC" xmlns:omgdi="http://www.omg.org/spec/DD/20100524/DI" typeLanguage="http://www.w3.org/2001/XMLSchema" expressionLanguage="http://www.w3.org/1999/XPath" targetNamespace="http://www.activiti.org/processdef" xmlns:modeler="http://activiti.com/modeler" modeler:version="1.0en" modeler:exportDateTime="20190909140921230" modeler:modelId="22687" modeler:modelVersion="2" modeler:modelLastUpdated="1568038106953">
  <process id="VisibilityProcess" name="VisibilityProcess" isExecutable="true">
    <startEvent id="startEvent1">
      <extensionElements>
        <modeler:editor-resource-id><![CDATA[startEvent1]]></modeler:editor-resource-id>
      </extensionElements>
    </startEvent>
    <userTask id="sid-E97B39CA-7BCF-4CF6-8686-2082DD0C3705" activiti:assignee="$INITIATOR" activiti:formKey="22684">
      <extensionElements>
        <modeler:allow-send-email><![CDATA[true]]></modeler:allow-send-email>
        <modeler:form-reference-id><![CDATA[22684]]></modeler:form-reference-id>
        <modeler:form-reference-name><![CDATA[visibilityTabWithFields]]></modeler:form-reference-name>
        <modeler:activiti-idm-initiator><![CDATA[true]]></modeler:activiti-idm-initiator>
        <modeler:initiator-can-complete><![CDATA[false]]></modeler:initiator-can-complete>
        <modeler:editor-resource-id><![CDATA[sid-E97B39CA-7BCF-4CF6-8686-2082DD0C3705]]></modeler:editor-resource-id>
      </extensionElements>
    </userTask>
    <sequenceFlow id="sid-8F8269D3-4229-4F37-8C87-C9D0E2AA6A4B" sourceRef="startEvent1" targetRef="sid-E97B39CA-7BCF-4CF6-8686-2082DD0C3705">
      <extensionElements>
        <modeler:editor-resource-id><![CDATA[sid-8F8269D3-4229-4F37-8C87-C9D0E2AA6A4B]]></modeler:editor-resource-id>
      </extensionElements>
    </sequenceFlow>
    <endEvent id="sid-906A4335-0847-4C83-A0F8-3CDE12AB07DF">
      <extensionElements>
        <modeler:editor-resource-id><![CDATA[sid-906A4335-0847-4C83-A0F8-3CDE12AB07DF]]></modeler:editor-resource-id>
      </extensionElements>
    </endEvent>
    <sequenceFlow id="sid-AD35FF30-6F67-4B6B-9E31-846F3A029DD3" sourceRef="sid-E97B39CA-7BCF-4CF6-8686-2082DD0C3705" targetRef="sid-906A4335-0847-4C83-A0F8-3CDE12AB07DF">
      <extensionElements>
        <modeler:editor-resource-id><![CDATA[sid-AD35FF30-6F67-4B6B-9E31-846F3A029DD3]]></modeler:editor-resource-id>
      </extensionElements>
    </sequenceFlow>
  </process>
  <bpmndi:BPMNDiagram id="BPMNDiagram_VisibilityProcess">
    <bpmndi:BPMNPlane bpmnElement="VisibilityProcess" id="BPMNPlane_VisibilityProcess">
      <bpmndi:BPMNShape bpmnElement="startEvent1" id="BPMNShape_startEvent1">
        <omgdc:Bounds height="30.0" width="30.0" x="100.0" y="163.0"/>
      </bpmndi:BPMNShape>
      <bpmndi:BPMNShape bpmnElement="sid-E97B39CA-7BCF-4CF6-8686-2082DD0C3705" id="BPMNShape_sid-E97B39CA-7BCF-4CF6-8686-2082DD0C3705">
        <omgdc:Bounds height="80.0" width="100.0" x="175.0" y="138.0"/>
      </bpmndi:BPMNShape>
      <bpmndi:BPMNShape bpmnElement="sid-906A4335-0847-4C83-A0F8-3CDE12AB07DF" id="BPMNShape_sid-906A4335-0847-4C83-A0F8-3CDE12AB07DF">
        <omgdc:Bounds height="28.0" width="28.0" x="320.0" y="164.0"/>
      </bpmndi:BPMNShape>
      <bpmndi:BPMNEdge bpmnElement="sid-AD35FF30-6F67-4B6B-9E31-846F3A029DD3" id="BPMNEdge_sid-AD35FF30-6F67-4B6B-9E31-846F3A029DD3">
        <omgdi:waypoint x="275.0" y="178.0"/>
        <omgdi:waypoint x="320.0" y="178.0"/>
      </bpmndi:BPMNEdge>
      <bpmndi:BPMNEdge bpmnElement="sid-8F8269D3-4229-4F37-8C87-C9D0E2AA6A4B" id="BPMNEdge_sid-8F8269D3-4229-4F37-8C87-C9D0E2AA6A4B">
        <omgdi:waypoint x="130.0" y="178.0"/>
        <omgdi:waypoint x="175.0" y="178.0"/>
      </bpmndi:BPMNEdge>
    </bpmndi:BPMNPlane>
  </bpmndi:BPMNDiagram>
</definitions>