<?xml version='1.0' encoding='UTF-8'?>
<bpmn2:definitions xmlns="http://www.omg.org/spec/BPMN/20100524/MODEL" xmlns:bpmn2="http://www.omg.org/spec/BPMN/20100524/MODEL" xmlns:xsi="http://www.w3.org/2001/XMLSchema-instance" xmlns:xsd="http://www.w3.org/2001/XMLSchema" xmlns:activiti="http://activiti.org/bpmn" xmlns:bpmndi="http://www.omg.org/spec/BPMN/20100524/DI" xmlns:omgdc="http://www.omg.org/spec/DD/20100524/DC" xmlns:omgdi="http://www.omg.org/spec/DD/20100524/DI" typeLanguage="http://www.w3.org/2001/XMLSchema" expressionLanguage="http://www.w3.org/1999/XPath" targetNamespace="http://www.activiti.org/processdef" xmlns:modeler="http://activiti.com/modeler" modeler:version="1.0en" modeler:exportDateTime="20250423083024113" modeler:modelId="105" modeler:modelVersion="1" modeler:modelLastUpdated="1745397002182">
  <bpmn2:process id="e2e-overdue" name="e2e-overdue" isExecutable="true">
    <extensionElements>
      <modeler:deleteallvariables xmlns:modeler="http://activiti.com/modeler" modeler:deleteallvariables=""/>
    </extensionElements>
    <bpmn2:startEvent id="startEvent1">
      <extensionElements>
        <modeler:editor-resource-id><![CDATA[startEvent1]]></modeler:editor-resource-id>
      </extensionElements>
      <bpmn2:outgoing>sid-E10D00FB-CE80-4835-8BCF-4028D5ADEC87</bpmn2:outgoing>
    </bpmn2:startEvent>
    <bpmn2:userTask id="sid-A01D1257-0863-4463-A024-D6D34B2E908B" name="overdueTask" activiti:assignee="$INITIATOR" activiti:dueDate="${taskDueDateBean.calculateDueDate(0,0,0,0,0,1)}">
      <extensionElements>
        <modeler:allow-send-email><![CDATA[true]]></modeler:allow-send-email>
        <modeler:duedate-type><![CDATA[fixed]]></modeler:duedate-type>
        <modeler:duedate-years><![CDATA[0]]></modeler:duedate-years>
        <modeler:duedate-months><![CDATA[0]]></modeler:duedate-months>
        <modeler:duedate-days><![CDATA[0]]></modeler:duedate-days>
        <modeler:duedate-hours><![CDATA[0]]></modeler:duedate-hours>
        <modeler:duedate-minutes><![CDATA[0]]></modeler:duedate-minutes>
        <modeler:duedate-seconds><![CDATA[1]]></modeler:duedate-seconds>
        <modeler:activiti-idm-initiator><![CDATA[true]]></modeler:activiti-idm-initiator>
        <modeler:initiator-can-complete><![CDATA[false]]></modeler:initiator-can-complete>
        <modeler:deactivate-user-task-reassignment><![CDATA[false]]></modeler:deactivate-user-task-reassignment>
        <modeler:editor-resource-id><![CDATA[sid-A01D1257-0863-4463-A024-D6D34B2E908B]]></modeler:editor-resource-id>
      </extensionElements>
      <bpmn2:incoming>sid-E10D00FB-CE80-4835-8BCF-4028D5ADEC87</bpmn2:incoming>
      <bpmn2:outgoing>sid-6B168D53-8BE8-4ADC-B0BA-4D578D739AC6</bpmn2:outgoing>
    </bpmn2:userTask>
    <bpmn2:sequenceFlow id="sid-E10D00FB-CE80-4835-8BCF-4028D5ADEC87" sourceRef="startEvent1" targetRef="sid-A01D1257-0863-4463-A024-D6D34B2E908B">
      <extensionElements>
        <modeler:editor-resource-id><![CDATA[sid-E10D00FB-CE80-4835-8BCF-4028D5ADEC87]]></modeler:editor-resource-id>
      </extensionElements>
    </bpmn2:sequenceFlow>
    <bpmn2:endEvent id="sid-6EBB54CC-464C-4954-8ABA-DB4F4EA1D913">
      <extensionElements>
        <modeler:editor-resource-id><![CDATA[sid-6EBB54CC-464C-4954-8ABA-DB4F4EA1D913]]></modeler:editor-resource-id>
      </extensionElements>
      <bpmn2:incoming>sid-6B168D53-8BE8-4ADC-B0BA-4D578D739AC6</bpmn2:incoming>
    </bpmn2:endEvent>
    <bpmn2:sequenceFlow id="sid-6B168D53-8BE8-4ADC-B0BA-4D578D739AC6" sourceRef="sid-A01D1257-0863-4463-A024-D6D34B2E908B" targetRef="sid-6EBB54CC-464C-4954-8ABA-DB4F4EA1D913">
      <extensionElements>
        <modeler:editor-resource-id><![CDATA[sid-6B168D53-8BE8-4ADC-B0BA-4D578D739AC6]]></modeler:editor-resource-id>
      </extensionElements>
    </bpmn2:sequenceFlow>
  </bpmn2:process>
  <bpmndi:BPMNDiagram id="BPMNDiagram_e2e-overdue">
    <bpmndi:BPMNPlane bpmnElement="e2e-overdue" id="BPMNPlane_e2e-overdue">
      <bpmndi:BPMNShape bpmnElement="startEvent1" id="BPMNShape_startEvent1">
        <omgdc:Bounds height="30.0" width="30.0" x="100.0" y="163.0"/>
      </bpmndi:BPMNShape>
      <bpmndi:BPMNShape bpmnElement="sid-A01D1257-0863-4463-A024-D6D34B2E908B" id="BPMNShape_sid-A01D1257-0863-4463-A024-D6D34B2E908B">
        <omgdc:Bounds height="80.0" width="100.0" x="175.0" y="138.0"/>
      </bpmndi:BPMNShape>
      <bpmndi:BPMNShape bpmnElement="sid-6EBB54CC-464C-4954-8ABA-DB4F4EA1D913" id="BPMNShape_sid-6EBB54CC-464C-4954-8ABA-DB4F4EA1D913">
        <omgdc:Bounds height="28.0" width="28.0" x="320.0" y="164.0"/>
      </bpmndi:BPMNShape>
      <bpmndi:BPMNEdge bpmnElement="sid-6B168D53-8BE8-4ADC-B0BA-4D578D739AC6" id="BPMNEdge_sid-6B168D53-8BE8-4ADC-B0BA-4D578D739AC6">
        <omgdi:waypoint x="275.0" y="178.0"/>
        <omgdi:waypoint x="320.0" y="178.0"/>
      </bpmndi:BPMNEdge>
      <bpmndi:BPMNEdge bpmnElement="sid-E10D00FB-CE80-4835-8BCF-4028D5ADEC87" id="BPMNEdge_sid-E10D00FB-CE80-4835-8BCF-4028D5ADEC87">
        <omgdi:waypoint x="130.0" y="178.0"/>
        <omgdi:waypoint x="175.0" y="178.0"/>
      </bpmndi:BPMNEdge>
    </bpmndi:BPMNPlane>
  </bpmndi:BPMNDiagram>
</bpmn2:definitions>