<?xml version='1.0' encoding='UTF-8'?>
<bpmn2:definitions xmlns="http://www.omg.org/spec/BPMN/20100524/MODEL" xmlns:bpmn2="http://www.omg.org/spec/BPMN/20100524/MODEL" xmlns:xsi="http://www.w3.org/2001/XMLSchema-instance" xmlns:xsd="http://www.w3.org/2001/XMLSchema" xmlns:activiti="http://activiti.org/bpmn" xmlns:bpmndi="http://www.omg.org/spec/BPMN/20100524/DI" xmlns:omgdc="http://www.omg.org/spec/DD/20100524/DC" xmlns:omgdi="http://www.omg.org/spec/DD/20100524/DI" typeLanguage="http://www.w3.org/2001/XMLSchema" expressionLanguage="http://www.w3.org/1999/XPath" targetNamespace="http://www.activiti.org/processdef" xmlns:modeler="http://activiti.com/modeler" modeler:version="1.0en" modeler:exportDateTime="20250423083024281" modeler:modelId="118" modeler:modelVersion="1" modeler:modelLastUpdated="1745396910570">
  <bpmn2:process id="e2e-candidate_users_no_permissions_with_form-process" name="e2e-candidate_users_no_permissions_with_form-process" isExecutable="true">
    <bpmn2:startEvent id="startEvent1" activiti:formKey="11">
      <extensionElements>
        <modeler:form-reference-id><![CDATA[11]]></modeler:form-reference-id>
        <modeler:form-reference-name><![CDATA[setUserTaskName]]></modeler:form-reference-name>
        <modeler:variablesMapping>
          <modeler:mappedVariable><![CDATA[setusertaskname]]></modeler:mappedVariable>
          <modeler:outProcessVariable><![CDATA[setUserTaskName]]></modeler:outProcessVariable>
          <modeler:inVariableType><![CDATA[formField]]></modeler:inVariableType>
          <modeler:outVariableType><![CDATA[staticValue]]></modeler:outVariableType>
          <modeler:typeOfMapping><![CDATA[inputOutputMap]]></modeler:typeOfMapping>
        </modeler:variablesMapping>
        <modeler:variablesMapping>
          <modeler:mappedVariable><![CDATA[setsecondusertaskname]]></modeler:mappedVariable>
          <modeler:outProcessVariable><![CDATA[setSecondUserTaskName]]></modeler:outProcessVariable>
          <modeler:inVariableType><![CDATA[formField]]></modeler:inVariableType>
          <modeler:outVariableType><![CDATA[staticValue]]></modeler:outVariableType>
          <modeler:typeOfMapping><![CDATA[inputOutputMap]]></modeler:typeOfMapping>
        </modeler:variablesMapping>
        <modeler:editor-resource-id><![CDATA[startEvent1]]></modeler:editor-resource-id>
      </extensionElements>
      <bpmn2:outgoing>sid-64938C67-0CBE-4A6E-B688-1EA2A4EBA878</bpmn2:outgoing>
    </bpmn2:startEvent>
    <bpmn2:userTask id="sid-1C02FDB9-2728-4067-95F8-A03746FBD3AC" name="${setUserTaskName}" activiti:candidateUsers="52" activiti:formKey="15">
      <extensionElements>
        <modeler:allow-send-email><![CDATA[true]]></modeler:allow-send-email>
        <modeler:form-reference-id><![CDATA[15]]></modeler:form-reference-id>
        <modeler:form-reference-name><![CDATA[e2e-userTask1-form]]></modeler:form-reference-name>
        <modeler:user-info-email-52><![CDATA[salesuser@example.com]]></modeler:user-info-email-52>
        <modeler:user-info-firstname-52><![CDATA[Sales]]></modeler:user-info-firstname-52>
        <modeler:user-info-lastname-52><![CDATA[User]]></modeler:user-info-lastname-52>
        <modeler:activiti-idm-candidate-user><![CDATA[true]]></modeler:activiti-idm-candidate-user>
        <modeler:initiator-can-complete><![CDATA[false]]></modeler:initiator-can-complete>
        <modeler:deactivate-user-task-reassignment><![CDATA[false]]></modeler:deactivate-user-task-reassignment>
        <modeler:editor-resource-id><![CDATA[sid-1C02FDB9-2728-4067-95F8-A03746FBD3AC]]></modeler:editor-resource-id>
      </extensionElements>
      <bpmn2:incoming>sid-64938C67-0CBE-4A6E-B688-1EA2A4EBA878</bpmn2:incoming>
      <bpmn2:outgoing>sid-23DC8473-F4B3-4640-A39D-CC33B6102153</bpmn2:outgoing>
    </bpmn2:userTask>
    <bpmn2:sequenceFlow id="sid-64938C67-0CBE-4A6E-B688-1EA2A4EBA878" sourceRef="startEvent1" targetRef="sid-1C02FDB9-2728-4067-95F8-A03746FBD3AC">
      <extensionElements>
        <modeler:editor-resource-id><![CDATA[sid-64938C67-0CBE-4A6E-B688-1EA2A4EBA878]]></modeler:editor-resource-id>
      </extensionElements>
    </bpmn2:sequenceFlow>
    <bpmn2:userTask id="sid-C54BA370-5BC8-464C-AA27-C859F19100C8" name="${secondUserTask}" activiti:async="true" activiti:exclusive="false" activiti:candidateUsers="51" activiti:formKey="14">
      <extensionElements>
        <activiti:executionListener event="start" class="com.activiti.runtime.activiti.ContentProcessorExecutionListener">
          <activiti:field name="externalContentHandler">
            <activiti:expression><![CDATA[${externalContentHandler}]]></activiti:expression>
          </activiti:field>
        </activiti:executionListener>
        <modeler:allow-send-email><![CDATA[true]]></modeler:allow-send-email>
        <modeler:form-reference-id><![CDATA[14]]></modeler:form-reference-id>
        <modeler:form-reference-name><![CDATA[e2e-userTask2-form]]></modeler:form-reference-name>
        <modeler:user-info-email-51><![CDATA[hruser@example.com]]></modeler:user-info-email-51>
        <modeler:user-info-firstname-51><![CDATA[HR]]></modeler:user-info-firstname-51>
        <modeler:user-info-lastname-51><![CDATA[User]]></modeler:user-info-lastname-51>
        <modeler:activiti-idm-candidate-user><![CDATA[true]]></modeler:activiti-idm-candidate-user>
        <modeler:initiator-can-complete><![CDATA[false]]></modeler:initiator-can-complete>
        <modeler:deactivate-user-task-reassignment><![CDATA[false]]></modeler:deactivate-user-task-reassignment>
        <modeler:editor-resource-id><![CDATA[sid-C54BA370-5BC8-464C-AA27-C859F19100C8]]></modeler:editor-resource-id>
        <modeler:ignore-listener-on-import><![CDATA[com.activiti.runtime.activiti.ContentProcessorExecutionListener]]></modeler:ignore-listener-on-import>
      </extensionElements>
      <bpmn2:incoming>sid-23DC8473-F4B3-4640-A39D-CC33B6102153</bpmn2:incoming>
      <bpmn2:outgoing>sid-B9BB3776-9CB1-46E1-B029-4C618EE05C7C</bpmn2:outgoing>
    </bpmn2:userTask>
    <bpmn2:sequenceFlow id="sid-23DC8473-F4B3-4640-A39D-CC33B6102153" sourceRef="sid-1C02FDB9-2728-4067-95F8-A03746FBD3AC" targetRef="sid-C54BA370-5BC8-464C-AA27-C859F19100C8">
      <extensionElements>
        <modeler:editor-resource-id><![CDATA[sid-23DC8473-F4B3-4640-A39D-CC33B6102153]]></modeler:editor-resource-id>
      </extensionElements>
    </bpmn2:sequenceFlow>
    <bpmn2:endEvent id="sid-DA3D860B-73D9-47F3-A965-7A24B18F9766" activiti:async="true" activiti:exclusive="false">
      <extensionElements>
        <activiti:executionListener event="start" class="com.activiti.runtime.activiti.ContentProcessorExecutionListener">
          <activiti:field name="externalContentHandler">
            <activiti:expression><![CDATA[${externalContentHandler}]]></activiti:expression>
          </activiti:field>
        </activiti:executionListener>
        <modeler:editor-resource-id><![CDATA[sid-DA3D860B-73D9-47F3-A965-7A24B18F9766]]></modeler:editor-resource-id>
        <modeler:ignore-listener-on-import><![CDATA[com.activiti.runtime.activiti.ContentProcessorExecutionListener]]></modeler:ignore-listener-on-import>
      </extensionElements>
      <bpmn2:incoming>sid-B9BB3776-9CB1-46E1-B029-4C618EE05C7C</bpmn2:incoming>
    </bpmn2:endEvent>
    <bpmn2:sequenceFlow id="sid-B9BB3776-9CB1-46E1-B029-4C618EE05C7C" sourceRef="sid-C54BA370-5BC8-464C-AA27-C859F19100C8" targetRef="sid-DA3D860B-73D9-47F3-A965-7A24B18F9766">
      <extensionElements>
        <modeler:editor-resource-id><![CDATA[sid-B9BB3776-9CB1-46E1-B029-4C618EE05C7C]]></modeler:editor-resource-id>
      </extensionElements>
    </bpmn2:sequenceFlow>
  </bpmn2:process>
  <bpmndi:BPMNDiagram id="BPMNDiagram_e2e-candidate_users_no_permissions_with_form-process">
    <bpmndi:BPMNPlane bpmnElement="e2e-candidate_users_no_permissions_with_form-process" id="BPMNPlane_e2e-candidate_users_no_permissions_with_form-process">
      <bpmndi:BPMNShape bpmnElement="startEvent1" id="BPMNShape_startEvent1">
        <omgdc:Bounds height="30.0" width="30.0" x="100.0" y="163.0"/>
      </bpmndi:BPMNShape>
      <bpmndi:BPMNShape bpmnElement="sid-1C02FDB9-2728-4067-95F8-A03746FBD3AC" id="BPMNShape_sid-1C02FDB9-2728-4067-95F8-A03746FBD3AC">
        <omgdc:Bounds height="80.0" width="100.0" x="180.0" y="138.0"/>
      </bpmndi:BPMNShape>
      <bpmndi:BPMNShape bpmnElement="sid-C54BA370-5BC8-464C-AA27-C859F19100C8" id="BPMNShape_sid-C54BA370-5BC8-464C-AA27-C859F19100C8">
        <omgdc:Bounds height="80.0" width="100.0" x="325.0" y="138.0"/>
      </bpmndi:BPMNShape>
      <bpmndi:BPMNShape bpmnElement="sid-DA3D860B-73D9-47F3-A965-7A24B18F9766" id="BPMNShape_sid-DA3D860B-73D9-47F3-A965-7A24B18F9766">
        <omgdc:Bounds height="28.0" width="28.0" x="470.0" y="164.0"/>
      </bpmndi:BPMNShape>
      <bpmndi:BPMNEdge bpmnElement="sid-B9BB3776-9CB1-46E1-B029-4C618EE05C7C" id="BPMNEdge_sid-B9BB3776-9CB1-46E1-B029-4C618EE05C7C">
        <omgdi:waypoint x="425.0" y="178.0"/>
        <omgdi:waypoint x="470.0" y="178.0"/>
      </bpmndi:BPMNEdge>
      <bpmndi:BPMNEdge bpmnElement="sid-23DC8473-F4B3-4640-A39D-CC33B6102153" id="BPMNEdge_sid-23DC8473-F4B3-4640-A39D-CC33B6102153">
        <omgdi:waypoint x="280.0" y="178.0"/>
        <omgdi:waypoint x="325.0" y="178.0"/>
      </bpmndi:BPMNEdge>
      <bpmndi:BPMNEdge bpmnElement="sid-64938C67-0CBE-4A6E-B688-1EA2A4EBA878" id="BPMNEdge_sid-64938C67-0CBE-4A6E-B688-1EA2A4EBA878">
        <omgdi:waypoint x="130.0" y="178.0"/>
        <omgdi:waypoint x="180.0" y="178.0"/>
      </bpmndi:BPMNEdge>
    </bpmndi:BPMNPlane>
  </bpmndi:BPMNDiagram>
</bpmn2:definitions>