{"resourceId":30,"properties":{"process_id":"e2e-attach_multiple_file_on_start_event-process","name":"e2e-attach_multiple_file_on_start_event-process","documentation":"","process_author":"","process_version":"","process_namespace":"http://www.activiti.org/processdef","executionlisteners":"{\"executionListeners\":[]}","eventlisteners":"{\"eventListeners\":[]}","signaldefinitions":"[]","messagedefinitions":"[]","executionvariables":"","metadata":""},"stencil":{"id":"BPMNDiagram"},"childShapes":[{"resourceId":"startEvent1","properties":{"overrideid":"startEvent1","name":"","documentation":"","executionlisteners":{"executionListeners":[]},"initiator":"","formkeydefinition":"","formreference":{"id":13,"name":"attach-multiple-files"},"fieldstovariables":"","formproperties":"","asynchronousdefinition":false,"exclusivedefinition":false},"stencil":{"id":"StartNoneEvent"},"childShapes":[],"outgoing":[{"resourceId":"sid-A7F5CFDF-87E4-4FAE-BD4A-61204A5E1BFE"}],"bounds":{"lowerRight":{"x":130,"y":193},"upperLeft":{"x":100,"y":163}},"dockers":[]},{"resourceId":"sid-12B91158-54CB-4036-BCA2-EC0009D2F78C","properties":{"overrideid":"sid-12B91158-54CB-4036-BCA2-EC0009D2F78C","name":"User task of multiple attach file process","documentation":"","asynchronousdefinition":false,"exclusivedefinition":false,"executionlisteners":{"executionListeners":[]},"multiinstance_type":"None","multiinstance_cardinality":"","multiinstance_collection":"","multiinstance_variable":"","multiinstance_condition":"","isforcompensation":false,"usertasksendemail":true,"usertaskassignment":{"assignment":{"type":"idm","idm":{"type":"initiator"},"initiatorCanCompleteTask":false}},"formkeydefinition":"","formreference":{"id":13,"name":"attach-multiple-files","referenceId":30},"fieldstovariables":"","duedatedefinition":"","prioritydefinition":"","categorydefinition":"","formproperties":"","tasklisteners":{"taskListeners":[]},"emailtemplate":""},"stencil":{"id":"UserTask"},"childShapes":[],"outgoing":[{"resourceId":"sid-1FFA53C6-1BAB-4B5C-94EE-9FE728E4CDB3"}],"bounds":{"lowerRight":{"x":265,"y":215},"upperLeft":{"x":165,"y":135}},"dockers":[]},{"resourceId":"sid-A7F5CFDF-87E4-4FAE-BD4A-61204A5E1BFE","properties":{"overrideid":"sid-A7F5CFDF-87E4-4FAE-BD4A-61204A5E1BFE","name":"","documentation":"","conditionsequenceflow":"","executionlisteners":{"executionListeners":[]},"defaultflow":"false"},"stencil":{"id":"SequenceFlow"},"childShapes":[],"outgoing":[{"resourceId":"sid-12B91158-54CB-4036-BCA2-EC0009D2F78C"}],"bounds":{"lowerRight":{"x":164.78169969647763,"y":177.54813849089433},"upperLeft":{"x":130.06205030352237,"y":176.50654900910567}},"dockers":[{"x":15,"y":15},{"x":50,"y":40}],"target":{"resourceId":"sid-12B91158-54CB-4036-BCA2-EC0009D2F78C"}},{"resourceId":"sid-0A847A84-0A83-437B-B55C-80226B2F82AE","properties":{"overrideid":"sid-0A847A84-0A83-437B-B55C-80226B2F82AE","name":"","documentation":"","executionlisteners":{"executionListeners":[]},"asynchronousdefinition":false,"exclusivedefinition":false},"stencil":{"id":"EndNoneEvent"},"childShapes":[],"outgoing":[],"bounds":{"lowerRight":{"x":348,"y":192},"upperLeft":{"x":320,"y":164}},"dockers":[]},{"resourceId":"sid-1FFA53C6-1BAB-4B5C-94EE-9FE728E4CDB3","properties":{"overrideid":"sid-1FFA53C6-1BAB-4B5C-94EE-9FE728E4CDB3","name":"","documentation":"","conditionsequenceflow":"","executionlisteners":{"executionListeners":[]},"defaultflow":"false"},"stencil":{"id":"SequenceFlow"},"childShapes":[],"outgoing":[{"resourceId":"sid-0A847A84-0A83-437B-B55C-80226B2F82AE"}],"bounds":{"lowerRight":{"x":319.3828125,"y":178},"upperLeft":{"x":265.6484375,"y":175}},"dockers":[{"x":50,"y":40},{"x":292.5,"y":175},{"x":292.5,"y":178},{"x":14,"y":14}],"target":{"resourceId":"sid-0A847A84-0A83-437B-B55C-80226B2F82AE"}}],"bounds":{"lowerRight":{"x":1200,"y":1050},"upperLeft":{"x":0,"y":0}},"stencilset":{"url":"stencilsets/bpmn2.0/bpmn2.0.json","namespace":"http://b3mn.org/stencilset/bpmn2.0#"},"ssextensions":[]}