{"bounds":{"lowerRight":{"x":1485.0,"y":700.0},"upperLeft":{"x":0.0,"y":0.0}},"resourceId":"canvas","stencil":{"id":"BPMNDiagram"},"stencilset":{"namespace":"http://b3mn.org/stencilset/bpmn2.0#","url":"../editor/stencilsets/bpmn2.0/bpmn2.0.json"},"properties":{"process_id":"e2e-attach_file_single_all-process","name":"e2e-attach_file_single_all-process","executionlisteners":{"executionListeners":[]},"eventlisteners":{"eventListeners":[]},"signaldefinitions":[],"messagedefinitions":[],"process_namespace":"http://www.activiti.org/processdef"},"childShapes":[{"bounds":{"lowerRight":{"x":130.0,"y":193.0},"upperLeft":{"x":100.0,"y":163.0}},"resourceId":"startEvent1","childShapes":[],"stencil":{"id":"StartNoneEvent"},"properties":{"overrideid":"startEvent1","formreference":{"id":5,"name":"attach-file-single-all"},"executionlisteners":{"executionListeners":[]},"asynchronousdefinition":false,"exclusivedefinition":false},"outgoing":[{"resourceId":"sid-053FE0DB-0F1F-4D15-9A40-F58FADE21C0C"}]},{"bounds":{"lowerRight":{"x":275.0,"y":218.0},"upperLeft":{"x":175.0,"y":138.0}},"resourceId":"sid-DB80034D-6588-404F-AD0F-091C6D5D2D40","childShapes":[],"stencil":{"id":"UserTask"},"properties":{"overrideid":"sid-DB80034D-6588-404F-AD0F-091C6D5D2D40","name":"User task of single all attach file widget","usertasksendemail":true,"usertaskassignment":{"assignment":{"type":"idm","idm":{"type":"initiator"},"initiatorCanCompleteTask":false}},"formreference":{"id":5,"name":"attach-file-single-all"},"executionlisteners":{"executionListeners":[]},"isforcompensation":false,"asynchronousdefinition":false,"exclusivedefinition":false,"tasklisteners":{"taskListeners":[]}},"outgoing":[{"resourceId":"sid-ACE8931C-596A-49DD-B7F4-544BC67B062C"}]},{"bounds":{"lowerRight":{"x":172.0,"y":212.0},"upperLeft":{"x":128.0,"y":212.0}},"resourceId":"sid-053FE0DB-0F1F-4D15-9A40-F58FADE21C0C","childShapes":[],"stencil":{"id":"SequenceFlow"},"dockers":[{"x":15.0,"y":15.0},{"x":50.0,"y":40.0}],"outgoing":[{"resourceId":"sid-DB80034D-6588-404F-AD0F-091C6D5D2D40"}],"target":{"resourceId":"sid-DB80034D-6588-404F-AD0F-091C6D5D2D40"},"properties":{"overrideid":"sid-053FE0DB-0F1F-4D15-9A40-F58FADE21C0C","executionlisteners":{"executionListeners":[]}}},{"bounds":{"lowerRight":{"x":348.0,"y":192.0},"upperLeft":{"x":320.0,"y":164.0}},"resourceId":"sid-6FF36148-EA57-4BF1-B6B1-6036C795A2F1","childShapes":[],"stencil":{"id":"EndNoneEvent"},"properties":{"overrideid":"sid-6FF36148-EA57-4BF1-B6B1-6036C795A2F1","executionlisteners":{"executionListeners":[]},"asynchronousdefinition":false,"exclusivedefinition":false},"outgoing":[]},{"bounds":{"lowerRight":{"x":172.0,"y":212.0},"upperLeft":{"x":128.0,"y":212.0}},"resourceId":"sid-ACE8931C-596A-49DD-B7F4-544BC67B062C","childShapes":[],"stencil":{"id":"SequenceFlow"},"dockers":[{"x":50.0,"y":40.0},{"x":14.0,"y":14.0}],"outgoing":[{"resourceId":"sid-6FF36148-EA57-4BF1-B6B1-6036C795A2F1"}],"target":{"resourceId":"sid-6FF36148-EA57-4BF1-B6B1-6036C795A2F1"},"properties":{"overrideid":"sid-ACE8931C-596A-49DD-B7F4-544BC67B062C","executionlisteners":{"executionListeners":[]}}}]}