<?xml version='1.0' encoding='UTF-8'?>
<definitions xmlns="http://www.omg.org/spec/BPMN/20100524/MODEL" xmlns:xsi="http://www.w3.org/2001/XMLSchema-instance" xmlns:xsd="http://www.w3.org/2001/XMLSchema" xmlns:activiti="http://activiti.org/bpmn" xmlns:bpmndi="http://www.omg.org/spec/BPMN/20100524/DI" xmlns:omgdc="http://www.omg.org/spec/DD/20100524/DC" xmlns:omgdi="http://www.omg.org/spec/DD/20100524/DI" typeLanguage="http://www.w3.org/2001/XMLSchema" expressionLanguage="http://www.w3.org/1999/XPath" targetNamespace="http://www.activiti.org/processdef" xmlns:modeler="http://activiti.com/modeler" modeler:version="1.0en" modeler:exportDateTime="20210312165128388" modeler:modelId="22" modeler:modelVersion="3" modeler:modelLastUpdated="1615549518009">
  <process id="e2e-queued_noForm-process" name="e2e-queued_noForm-process" isExecutable="true">
    <startEvent id="startEvent1" name="Start process without form" activiti:formKey="13">
      <extensionElements>
        <modeler:form-reference-id><![CDATA[13]]></modeler:form-reference-id>
        <modeler:form-reference-name><![CDATA[setUserTaskName]]></modeler:form-reference-name>
        <modeler:variablesMapping>
          <modeler:mappedVariable><![CDATA[setusertaskname]]></modeler:mappedVariable>
          <modeler:outProcessVariable><![CDATA[setUserTaskName]]></modeler:outProcessVariable>
          <modeler:inVariableType><![CDATA[formField]]></modeler:inVariableType>
          <modeler:outVariableType><![CDATA[staticValue]]></modeler:outVariableType>
          <modeler:typeOfMapping><![CDATA[inputOutputMap]]></modeler:typeOfMapping>
        </modeler:variablesMapping>
        <modeler:editor-resource-id><![CDATA[startEvent1]]></modeler:editor-resource-id>
      </extensionElements>
    </startEvent>
    <userTask id="sid-A2B60D25-63A8-43B0-BE57-F634F2F21F12" name="${setUserTaskName}" activiti:candidateUsers="3,6">
      <extensionElements>
        <modeler:allow-send-email><![CDATA[true]]></modeler:allow-send-email>
        <modeler:user-info-email-3><![CDATA[hruser@example.com]]></modeler:user-info-email-3>
        <modeler:user-info-firstname-3><![CDATA[HR]]></modeler:user-info-firstname-3>
        <modeler:user-info-lastname-3><![CDATA[User]]></modeler:user-info-lastname-3>
        <modeler:user-info-email-6><![CDATA[salesuser@example.com]]></modeler:user-info-email-6>
        <modeler:user-info-firstname-6><![CDATA[Sales]]></modeler:user-info-firstname-6>
        <modeler:user-info-lastname-6><![CDATA[User]]></modeler:user-info-lastname-6>
        <modeler:activiti-idm-candidate-user><![CDATA[true]]></modeler:activiti-idm-candidate-user>
        <modeler:initiator-can-complete><![CDATA[false]]></modeler:initiator-can-complete>
        <modeler:editor-resource-id><![CDATA[sid-A2B60D25-63A8-43B0-BE57-F634F2F21F12]]></modeler:editor-resource-id>
      </extensionElements>
    </userTask>
    <sequenceFlow id="sid-97EA8793-8791-4365-B811-3E523A24763E" sourceRef="startEvent1" targetRef="sid-A2B60D25-63A8-43B0-BE57-F634F2F21F12">
      <extensionElements>
        <modeler:editor-resource-id><![CDATA[sid-97EA8793-8791-4365-B811-3E523A24763E]]></modeler:editor-resource-id>
      </extensionElements>
    </sequenceFlow>
    <endEvent id="sid-33F5A439-4AA1-449D-BA8B-E17A180E53AF" name="End process without form">
      <extensionElements>
        <modeler:editor-resource-id><![CDATA[sid-33F5A439-4AA1-449D-BA8B-E17A180E53AF]]></modeler:editor-resource-id>
      </extensionElements>
    </endEvent>
    <sequenceFlow id="sid-8888A6E7-D1FA-493D-B716-4429AB90A382" sourceRef="sid-A2B60D25-63A8-43B0-BE57-F634F2F21F12" targetRef="sid-33F5A439-4AA1-449D-BA8B-E17A180E53AF">
      <extensionElements>
        <modeler:editor-resource-id><![CDATA[sid-8888A6E7-D1FA-493D-B716-4429AB90A382]]></modeler:editor-resource-id>
      </extensionElements>
    </sequenceFlow>
  </process>
  <bpmndi:BPMNDiagram id="BPMNDiagram_e2e-queued_noForm-process">
    <bpmndi:BPMNPlane bpmnElement="e2e-queued_noForm-process" id="BPMNPlane_e2e-queued_noForm-process">
      <bpmndi:BPMNShape bpmnElement="startEvent1" id="BPMNShape_startEvent1">
        <omgdc:Bounds height="30.0" width="30.0" x="100.0" y="160.0"/>
      </bpmndi:BPMNShape>
      <bpmndi:BPMNShape bpmnElement="sid-A2B60D25-63A8-43B0-BE57-F634F2F21F12" id="BPMNShape_sid-A2B60D25-63A8-43B0-BE57-F634F2F21F12">
        <omgdc:Bounds height="80.0" width="100.0" x="255.0" y="135.0"/>
      </bpmndi:BPMNShape>
      <bpmndi:BPMNShape bpmnElement="sid-33F5A439-4AA1-449D-BA8B-E17A180E53AF" id="BPMNShape_sid-33F5A439-4AA1-449D-BA8B-E17A180E53AF">
        <omgdc:Bounds height="28.0" width="28.0" x="465.0" y="161.0"/>
      </bpmndi:BPMNShape>
      <bpmndi:BPMNEdge bpmnElement="sid-97EA8793-8791-4365-B811-3E523A24763E" id="BPMNEdge_sid-97EA8793-8791-4365-B811-3E523A24763E">
        <omgdi:waypoint x="130.0" y="175.0"/>
        <omgdi:waypoint x="255.0" y="175.0"/>
      </bpmndi:BPMNEdge>
      <bpmndi:BPMNEdge bpmnElement="sid-8888A6E7-D1FA-493D-B716-4429AB90A382" id="BPMNEdge_sid-8888A6E7-D1FA-493D-B716-4429AB90A382">
        <omgdi:waypoint x="355.0" y="175.0"/>
        <omgdi:waypoint x="465.0" y="175.0"/>
      </bpmndi:BPMNEdge>
    </bpmndi:BPMNPlane>
  </bpmndi:BPMNDiagram>
</definitions>