{"bounds":{"lowerRight":{"x":1485.0,"y":700.0},"upperLeft":{"x":0.0,"y":0.0}},"resourceId":"canvas","stencil":{"id":"BPMNDiagram"},"stencilset":{"namespace":"http://b3mn.org/stencilset/bpmn2.0#","url":"../editor/stencilsets/bpmn2.0/bpmn2.0.json"},"properties":{"process_id":"e2e-queued_noForm-process","name":"e2e-queued_noForm-process","executionlisteners":{"executionListeners":[]},"eventlisteners":{"eventListeners":[]},"signaldefinitions":[],"messagedefinitions":[],"process_namespace":"http://www.activiti.org/processdef"},"childShapes":[{"bounds":{"lowerRight":{"x":130.0,"y":190.0},"upperLeft":{"x":100.0,"y":160.0}},"resourceId":"startEvent1","childShapes":[],"stencil":{"id":"StartNoneEvent"},"properties":{"overrideid":"startEvent1","name":"Start process without form","formreference":{"id":45,"name":"setUserTaskName","variablesmapping":[{"mappedVariable":"setusertaskname","inProcessVariable":"","outProcessVariable":"setUserTaskName","inVariableType":"formField","typeOfMapping":"inputOutputMap","outVariableType":"staticValue"}]},"executionlisteners":{"executionListeners":[]},"asynchronousdefinition":false,"exclusivedefinition":false},"outgoing":[{"resourceId":"sid-97EA8793-8791-4365-B811-3E523A24763E"}]},{"bounds":{"lowerRight":{"x":355.0,"y":215.0},"upperLeft":{"x":255.0,"y":135.0}},"resourceId":"sid-A2B60D25-63A8-43B0-BE57-F634F2F21F12","childShapes":[],"stencil":{"id":"UserTask"},"properties":{"overrideid":"sid-A2B60D25-63A8-43B0-BE57-F634F2F21F12","name":"${setUserTaskName}","usertasksendemail":true,"usertaskassignment":{"assignment":{"type":"idm","idm":{"candidateUsers":[{"id":3,"email":"hruser@example.com","firstName":"HR","lastName":"User"},{"id":6,"email":"salesuser@example.com","firstName":"Sales","lastName":"User"}],"type":"users"},"initiatorCanCompleteTask":false}},"executionlisteners":{"executionListeners":[]},"isforcompensation":false,"asynchronousdefinition":false,"exclusivedefinition":false,"tasklisteners":{"taskListeners":[]}},"outgoing":[{"resourceId":"sid-8888A6E7-D1FA-493D-B716-4429AB90A382"}]},{"bounds":{"lowerRight":{"x":172.0,"y":212.0},"upperLeft":{"x":128.0,"y":212.0}},"resourceId":"sid-97EA8793-8791-4365-B811-3E523A24763E","childShapes":[],"stencil":{"id":"SequenceFlow"},"dockers":[{"x":15.0,"y":15.0},{"x":50.0,"y":40.0}],"outgoing":[{"resourceId":"sid-A2B60D25-63A8-43B0-BE57-F634F2F21F12"}],"target":{"resourceId":"sid-A2B60D25-63A8-43B0-BE57-F634F2F21F12"},"properties":{"overrideid":"sid-97EA8793-8791-4365-B811-3E523A24763E","executionlisteners":{"executionListeners":[]}}},{"bounds":{"lowerRight":{"x":493.0,"y":189.0},"upperLeft":{"x":465.0,"y":161.0}},"resourceId":"sid-33F5A439-4AA1-449D-BA8B-E17A180E53AF","childShapes":[],"stencil":{"id":"EndNoneEvent"},"properties":{"overrideid":"sid-33F5A439-4AA1-449D-BA8B-E17A180E53AF","name":"End process without form","executionlisteners":{"executionListeners":[]},"asynchronousdefinition":false,"exclusivedefinition":false},"outgoing":[]},{"bounds":{"lowerRight":{"x":172.0,"y":212.0},"upperLeft":{"x":128.0,"y":212.0}},"resourceId":"sid-8888A6E7-D1FA-493D-B716-4429AB90A382","childShapes":[],"stencil":{"id":"SequenceFlow"},"dockers":[{"x":50.0,"y":40.0},{"x":14.0,"y":14.0}],"outgoing":[{"resourceId":"sid-33F5A439-4AA1-449D-BA8B-E17A180E53AF"}],"target":{"resourceId":"sid-33F5A439-4AA1-449D-BA8B-E17A180E53AF"},"properties":{"overrideid":"sid-8888A6E7-D1FA-493D-B716-4429AB90A382","executionlisteners":{"executionListeners":[]}}}]}