<?xml version='1.0' encoding='UTF-8'?>
<definitions xmlns="http://www.omg.org/spec/BPMN/20100524/MODEL" xmlns:xsi="http://www.w3.org/2001/XMLSchema-instance" xmlns:xsd="http://www.w3.org/2001/XMLSchema" xmlns:activiti="http://activiti.org/bpmn" xmlns:bpmndi="http://www.omg.org/spec/BPMN/20100524/DI" xmlns:omgdc="http://www.omg.org/spec/DD/20100524/DC" xmlns:omgdi="http://www.omg.org/spec/DD/20100524/DI" typeLanguage="http://www.w3.org/2001/XMLSchema" expressionLanguage="http://www.w3.org/1999/XPath" targetNamespace="http://www.activiti.org/processdef" xmlns:modeler="http://activiti.com/modeler" modeler:version="1.0en" modeler:exportDateTime="20201203134312648" modeler:modelId="26" modeler:modelVersion="4" modeler:modelLastUpdated="1607002556984">
  <process id="e2e-Candidate_Users-process" name="e2e-Candidate_Users-process" isExecutable="true">
    <startEvent id="startEvent1">
      <extensionElements>
        <modeler:editor-resource-id><![CDATA[startEvent1]]></modeler:editor-resource-id>
      </extensionElements>
    </startEvent>
    <userTask id="sid-727D5644-CED8-4064-8304-A7171E6AA012" name="Candidate users tasks" activiti:candidateUsers="100101,100104">
      <extensionElements>
        <modeler:allow-send-email><![CDATA[true]]></modeler:allow-send-email>
        <modeler:user-info-email-100101><![CDATA[hruser@example.com]]></modeler:user-info-email-100101>
        <modeler:user-info-firstname-100101><![CDATA[HR]]></modeler:user-info-firstname-100101>
        <modeler:user-info-lastname-100101><![CDATA[User]]></modeler:user-info-lastname-100101>
        <modeler:user-info-email-100104><![CDATA[salesuser@example.com]]></modeler:user-info-email-100104>
        <modeler:user-info-firstname-100104><![CDATA[Sales]]></modeler:user-info-firstname-100104>
        <modeler:user-info-lastname-100104><![CDATA[User]]></modeler:user-info-lastname-100104>
        <modeler:activiti-idm-candidate-user><![CDATA[true]]></modeler:activiti-idm-candidate-user>
        <modeler:initiator-can-complete><![CDATA[false]]></modeler:initiator-can-complete>
        <modeler:editor-resource-id><![CDATA[sid-727D5644-CED8-4064-8304-A7171E6AA012]]></modeler:editor-resource-id>
      </extensionElements>
    </userTask>
    <sequenceFlow id="sid-A6BCE18A-2BD5-49B5-A2D3-0FB0BF48A7FF" sourceRef="startEvent1" targetRef="sid-727D5644-CED8-4064-8304-A7171E6AA012">
      <extensionElements>
        <modeler:editor-resource-id><![CDATA[sid-A6BCE18A-2BD5-49B5-A2D3-0FB0BF48A7FF]]></modeler:editor-resource-id>
      </extensionElements>
    </sequenceFlow>
    <endEvent id="sid-C05D017C-9301-4AFE-A861-42049E993E61">
      <extensionElements>
        <modeler:editor-resource-id><![CDATA[sid-C05D017C-9301-4AFE-A861-42049E993E61]]></modeler:editor-resource-id>
      </extensionElements>
    </endEvent>
    <sequenceFlow id="sid-057245F2-CE29-4FC4-A875-02B517405D3A" sourceRef="sid-727D5644-CED8-4064-8304-A7171E6AA012" targetRef="sid-C05D017C-9301-4AFE-A861-42049E993E61">
      <extensionElements>
        <modeler:editor-resource-id><![CDATA[sid-057245F2-CE29-4FC4-A875-02B517405D3A]]></modeler:editor-resource-id>
      </extensionElements>
    </sequenceFlow>
  </process>
  <bpmndi:BPMNDiagram id="BPMNDiagram_e2e-Candidate_Users-process">
    <bpmndi:BPMNPlane bpmnElement="e2e-Candidate_Users-process" id="BPMNPlane_e2e-Candidate_Users-process">
      <bpmndi:BPMNShape bpmnElement="startEvent1" id="BPMNShape_startEvent1">
        <omgdc:Bounds height="30.0" width="30.0" x="90.0" y="145.0"/>
      </bpmndi:BPMNShape>
      <bpmndi:BPMNShape bpmnElement="sid-727D5644-CED8-4064-8304-A7171E6AA012" id="BPMNShape_sid-727D5644-CED8-4064-8304-A7171E6AA012">
        <omgdc:Bounds height="80.0" width="100.0" x="165.0" y="120.0"/>
      </bpmndi:BPMNShape>
      <bpmndi:BPMNShape bpmnElement="sid-C05D017C-9301-4AFE-A861-42049E993E61" id="BPMNShape_sid-C05D017C-9301-4AFE-A861-42049E993E61">
        <omgdc:Bounds height="28.0" width="28.0" x="310.0" y="146.0"/>
      </bpmndi:BPMNShape>
      <bpmndi:BPMNEdge bpmnElement="sid-A6BCE18A-2BD5-49B5-A2D3-0FB0BF48A7FF" id="BPMNEdge_sid-A6BCE18A-2BD5-49B5-A2D3-0FB0BF48A7FF">
        <omgdi:waypoint x="120.0" y="160.0"/>
        <omgdi:waypoint x="165.0" y="160.0"/>
      </bpmndi:BPMNEdge>
      <bpmndi:BPMNEdge bpmnElement="sid-057245F2-CE29-4FC4-A875-02B517405D3A" id="BPMNEdge_sid-057245F2-CE29-4FC4-A875-02B517405D3A">
        <omgdi:waypoint x="265.0" y="160.0"/>
        <omgdi:waypoint x="310.0" y="160.0"/>
      </bpmndi:BPMNEdge>
    </bpmndi:BPMNPlane>
  </bpmndi:BPMNDiagram>
</definitions>