{"bounds":{"lowerRight":{"x":1485.0,"y":700.0},"upperLeft":{"x":0.0,"y":0.0}},"resourceId":"canvas","stencil":{"id":"BPMNDiagram"},"stencilset":{"namespace":"http://b3mn.org/stencilset/bpmn2.0#","url":"../editor/stencilsets/bpmn2.0/bpmn2.0.json"},"properties":{"process_id":"e2e-attach_file_local-process","name":"e2e-attach_file_local-process","executionlisteners":{"executionListeners":[]},"eventlisteners":{"eventListeners":[]},"signaldefinitions":[],"messagedefinitions":[],"process_namespace":"http://www.activiti.org/processdef"},"childShapes":[{"bounds":{"lowerRight":{"x":120.0,"y":175.0},"upperLeft":{"x":90.0,"y":145.0}},"resourceId":"startEvent1","childShapes":[],"stencil":{"id":"StartNoneEvent"},"properties":{"overrideid":"startEvent1","formreference":{"id":5,"name":"attach-local-file-widget"},"executionlisteners":{"executionListeners":[]},"asynchronousdefinition":false,"exclusivedefinition":false},"outgoing":[{"resourceId":"sid-3CAA348B-0602-4F1B-A2DD-5D1A0AA7CD49"}]},{"bounds":{"lowerRight":{"x":265.0,"y":200.0},"upperLeft":{"x":165.0,"y":120.0}},"resourceId":"sid-499E23B0-E0D7-4150-98E2-2D263866D6D8","childShapes":[],"stencil":{"id":"UserTask"},"properties":{"overrideid":"sid-499E23B0-E0D7-4150-98E2-2D263866D6D8","name":"User task of local attach file widgets","usertasksendemail":true,"usertaskassignment":{"assignment":{"type":"idm","idm":{"type":"initiator"},"initiatorCanCompleteTask":false}},"formreference":{"id":5,"name":"attach-local-file-widget"},"executionlisteners":{"executionListeners":[]},"isforcompensation":false,"asynchronousdefinition":false,"exclusivedefinition":false,"tasklisteners":{"taskListeners":[]}},"outgoing":[{"resourceId":"sid-FDD81549-0F6B-4A28-B98F-4862A2E5E93C"}]},{"bounds":{"lowerRight":{"x":172.0,"y":212.0},"upperLeft":{"x":128.0,"y":212.0}},"resourceId":"sid-3CAA348B-0602-4F1B-A2DD-5D1A0AA7CD49","childShapes":[],"stencil":{"id":"SequenceFlow"},"dockers":[{"x":15.0,"y":15.0},{"x":50.0,"y":40.0}],"outgoing":[{"resourceId":"sid-499E23B0-E0D7-4150-98E2-2D263866D6D8"}],"target":{"resourceId":"sid-499E23B0-E0D7-4150-98E2-2D263866D6D8"},"properties":{"overrideid":"sid-3CAA348B-0602-4F1B-A2DD-5D1A0AA7CD49","executionlisteners":{"executionListeners":[]}}},{"bounds":{"lowerRight":{"x":328.0,"y":174.0},"upperLeft":{"x":300.0,"y":146.0}},"resourceId":"sid-513A13C1-026C-45AA-8733-52420CFAFB0A","childShapes":[],"stencil":{"id":"EndNoneEvent"},"properties":{"overrideid":"sid-513A13C1-026C-45AA-8733-52420CFAFB0A","executionlisteners":{"executionListeners":[]},"asynchronousdefinition":false,"exclusivedefinition":false},"outgoing":[]},{"bounds":{"lowerRight":{"x":172.0,"y":212.0},"upperLeft":{"x":128.0,"y":212.0}},"resourceId":"sid-FDD81549-0F6B-4A28-B98F-4862A2E5E93C","childShapes":[],"stencil":{"id":"SequenceFlow"},"dockers":[{"x":50.0,"y":40.0},{"x":14.0,"y":14.0}],"outgoing":[{"resourceId":"sid-513A13C1-026C-45AA-8733-52420CFAFB0A"}],"target":{"resourceId":"sid-513A13C1-026C-45AA-8733-52420CFAFB0A"},"properties":{"overrideid":"sid-FDD81549-0F6B-4A28-B98F-4862A2E5E93C","executionlisteners":{"executionListeners":[]}}}]}