{"resourceId":21,"properties":{"process_id":"e2e-attach_file_visible-process","name":"e2e-attach_file_visible-process","documentation":"","process_author":"","process_version":"","process_namespace":"http://www.activiti.org/processdef","executionlisteners":"{\"executionListeners\":[]}","eventlisteners":"{\"eventListeners\":[]}","signaldefinitions":"[]","messagedefinitions":"[]","executionvariables":"","metadata":""},"stencil":{"id":"BPMNDiagram"},"childShapes":[{"resourceId":"startEvent1","properties":{"overrideid":"startEvent1","name":"","documentation":"","executionlisteners":{"executionListeners":[]},"initiator":"","formkeydefinition":"","formreference":{"id":4,"name":"visibility"},"fieldstovariables":"","formproperties":"","asynchronousdefinition":false,"exclusivedefinition":false},"stencil":{"id":"StartNoneEvent"},"childShapes":[],"outgoing":[{"resourceId":"sid-7881C31E-B357-4684-BA29-9B0E5F8094A8"}],"bounds":{"lowerRight":{"x":120,"y":190},"upperLeft":{"x":90,"y":160}},"dockers":[]},{"resourceId":"sid-23C36BAE-91BD-41B6-AF1D-87F1FEC14841","properties":{"overrideid":"sid-23C36BAE-91BD-41B6-AF1D-87F1FEC14841","name":"User task of attach file widget visible","documentation":"","asynchronousdefinition":false,"exclusivedefinition":false,"executionlisteners":{"executionListeners":[]},"multiinstance_type":"None","multiinstance_cardinality":"","multiinstance_collection":"","multiinstance_variable":"","multiinstance_condition":"","isforcompensation":false,"usertasksendemail":true,"usertaskassignment":{"assignment":{"type":"idm","idm":{"type":"initiator"},"initiatorCanCompleteTask":false}},"formkeydefinition":"","formreference":{"id":4,"name":"visibility","referenceId":21},"fieldstovariables":"","duedatedefinition":"","prioritydefinition":"","categorydefinition":"","formproperties":"","tasklisteners":{"taskListeners":[]},"emailtemplate":""},"stencil":{"id":"UserTask"},"childShapes":[],"outgoing":[{"resourceId":"sid-AD137225-4F7D-4C79-9421-2122215574EF"}],"bounds":{"lowerRight":{"x":250,"y":215},"upperLeft":{"x":150,"y":135}},"dockers":[]},{"resourceId":"sid-7881C31E-B357-4684-BA29-9B0E5F8094A8","properties":{"overrideid":"sid-7881C31E-B357-4684-BA29-9B0E5F8094A8","name":"","documentation":"","conditionsequenceflow":"","executionlisteners":{"executionListeners":[]},"defaultflow":"false"},"stencil":{"id":"SequenceFlow"},"childShapes":[],"outgoing":[{"resourceId":"sid-23C36BAE-91BD-41B6-AF1D-87F1FEC14841"}],"bounds":{"lowerRight":{"x":149.2734375,"y":175},"upperLeft":{"x":120.84375,"y":175}},"dockers":[{"x":15,"y":15},{"x":50,"y":40}],"target":{"resourceId":"sid-23C36BAE-91BD-41B6-AF1D-87F1FEC14841"}},{"resourceId":"sid-9D8FACE7-5E57-467E-A933-AFD3B60B0AE1","properties":{"overrideid":"sid-9D8FACE7-5E57-467E-A933-AFD3B60B0AE1","name":"","documentation":"","executionlisteners":{"executionListeners":[]},"asynchronousdefinition":false,"exclusivedefinition":false},"stencil":{"id":"EndNoneEvent"},"childShapes":[],"outgoing":[],"bounds":{"lowerRight":{"x":328,"y":189},"upperLeft":{"x":300,"y":161}},"dockers":[]},{"resourceId":"sid-AD137225-4F7D-4C79-9421-2122215574EF","properties":{"overrideid":"sid-AD137225-4F7D-4C79-9421-2122215574EF","name":"","documentation":"","conditionsequenceflow":"","executionlisteners":{"executionListeners":[]},"defaultflow":"false"},"stencil":{"id":"SequenceFlow"},"childShapes":[],"outgoing":[{"resourceId":"sid-9D8FACE7-5E57-467E-A933-AFD3B60B0AE1"}],"bounds":{"lowerRight":{"x":299.640625,"y":175},"upperLeft":{"x":250.875,"y":175}},"dockers":[{"x":50,"y":40},{"x":14,"y":14}],"target":{"resourceId":"sid-9D8FACE7-5E57-467E-A933-AFD3B60B0AE1"}}],"bounds":{"lowerRight":{"x":1200,"y":1050},"upperLeft":{"x":0,"y":0}},"stencilset":{"url":"stencilsets/bpmn2.0/bpmn2.0.json","namespace":"http://b3mn.org/stencilset/bpmn2.0#"},"ssextensions":[]}