{"resourceId":57,"properties":{"process_id":"e2e-candidate_users_no_permissions_with_form-process","name":"e2e-candidate_users_no_permissions_with_form-process","documentation":"","process_author":"","process_version":"","process_namespace":"http://www.activiti.org/processdef","executionlisteners":"{\"executionListeners\":[]}","eventlisteners":"{\"eventListeners\":[]}","signaldefinitions":"[]","messagedefinitions":"[]","executionvariables":"","metadata":""},"stencil":{"id":"BPMNDiagram"},"childShapes":[{"resourceId":"startEvent1","properties":{"overrideid":"startEvent1","name":"","documentation":"","executionlisteners":{"executionListeners":[]},"initiator":"","formkeydefinition":"","formreference":{"id":45,"name":"setUserTaskName","referenceId":null,"variablesmapping":[{"mappedVariable":"setusertaskname","inProcessVariable":"","outProcessVariable":"setUserTaskName","typeOfMapping":"inputOutputMap","inVariableType":"formField","outVariableType":"staticValue"},{"mappedVariable":"setsecondusertaskname","inProcessVariable":"","outProcessVariable":"setSecondUserTaskName","typeOfMapping":"inputOutputMap","inVariableType":"formField","outVariableType":"staticValue"}]},"fieldstovariables":"","formproperties":"","asynchronousdefinition":false,"exclusivedefinition":false},"stencil":{"id":"StartNoneEvent"},"childShapes":[],"outgoing":[{"resourceId":"sid-64938C67-0CBE-4A6E-B688-1EA2A4EBA878"}],"bounds":{"lowerRight":{"x":130,"y":193},"upperLeft":{"x":100,"y":163}},"dockers":[]},{"resourceId":"sid-1C02FDB9-2728-4067-95F8-A03746FBD3AC","properties":{"overrideid":"sid-1C02FDB9-2728-4067-95F8-A03746FBD3AC","name":"${setUserTaskName}","documentation":"","asynchronousdefinition":false,"exclusivedefinition":false,"executionlisteners":{"executionListeners":[]},"multiinstance_type":"None","multiinstance_cardinality":"","multiinstance_collection":"","multiinstance_variable":"","multiinstance_condition":"","isforcompensation":false,"usertasksendemail":true,"usertaskassignment":{"assignment":{"type":"idm","idm":{"candidateUsers":[{"id":6,"email":"salesuser@example.com","firstName":"Sales","lastName":"User"}],"type":"users"},"initiatorCanCompleteTask":false}},"formkeydefinition":"","formreference":{"id":47,"name":"e2e-userTask1-form"},"fieldstovariables":"","duedatedefinition":"","prioritydefinition":"","categorydefinition":"","formproperties":"","tasklisteners":{"taskListeners":[]},"emailtemplate":""},"stencil":{"id":"UserTask"},"childShapes":[],"outgoing":[{"resourceId":"sid-23DC8473-F4B3-4640-A39D-CC33B6102153"}],"bounds":{"lowerRight":{"x":280,"y":218},"upperLeft":{"x":180,"y":138}},"dockers":[]},{"resourceId":"sid-64938C67-0CBE-4A6E-B688-1EA2A4EBA878","properties":{"overrideid":"sid-64938C67-0CBE-4A6E-B688-1EA2A4EBA878","name":"","documentation":"","conditionsequenceflow":"","executionlisteners":{"executionListeners":[]},"defaultflow":"false"},"stencil":{"id":"SequenceFlow"},"childShapes":[],"outgoing":[{"resourceId":"sid-1C02FDB9-2728-4067-95F8-A03746FBD3AC"}],"bounds":{"lowerRight":{"x":179.5859375,"y":178},"upperLeft":{"x":130.375,"y":178}},"dockers":[{"x":15,"y":15},{"x":50,"y":40}],"target":{"resourceId":"sid-1C02FDB9-2728-4067-95F8-A03746FBD3AC"}},{"resourceId":"sid-C54BA370-5BC8-464C-AA27-C859F19100C8","properties":{"overrideid":"","name":"${secondUserTask}","documentation":"","asynchronousdefinition":"false","exclusivedefinition":"false","executionlisteners":"","multiinstance_type":"None","multiinstance_cardinality":"","multiinstance_collection":"","multiinstance_variable":"","multiinstance_condition":"","isforcompensation":"false","usertasksendemail":true,"usertaskassignment":{"assignment":{"type":"idm","idm":{"type":"users","candidateUsers":[{"id":3,"firstName":"HR","lastName":"User","email":"hruser@example.com","$$hashKey":"object:1754"}]}}},"formkeydefinition":"","formreference":{"id":43,"name":"e2e-userTask2-form","referenceId":null,"variablesmapping":[]},"fieldstovariables":"","duedatedefinition":"","prioritydefinition":"","categorydefinition":"","formproperties":"","tasklisteners":"","emailtemplate":""},"stencil":{"id":"UserTask"},"childShapes":[],"outgoing":[{"resourceId":"sid-B9BB3776-9CB1-46E1-B029-4C618EE05C7C"}],"bounds":{"lowerRight":{"x":425,"y":218},"upperLeft":{"x":325,"y":138}},"dockers":[]},{"resourceId":"sid-23DC8473-F4B3-4640-A39D-CC33B6102153","properties":{"overrideid":"","name":"","documentation":"","conditionsequenceflow":"","executionlisteners":"","defaultflow":"false"},"stencil":{"id":"SequenceFlow"},"childShapes":[],"outgoing":[{"resourceId":"sid-C54BA370-5BC8-464C-AA27-C859F19100C8"}],"bounds":{"lowerRight":{"x":324.15625,"y":178},"upperLeft":{"x":280.84375,"y":178}},"dockers":[{"x":50,"y":40},{"x":50,"y":40}],"target":{"resourceId":"sid-C54BA370-5BC8-464C-AA27-C859F19100C8"}},{"resourceId":"sid-DA3D860B-73D9-47F3-A965-7A24B18F9766","properties":{"overrideid":"","name":"","documentation":"","executionlisteners":""},"stencil":{"id":"EndNoneEvent"},"childShapes":[],"outgoing":[],"bounds":{"lowerRight":{"x":498,"y":192},"upperLeft":{"x":470,"y":164}},"dockers":[]},{"resourceId":"sid-B9BB3776-9CB1-46E1-B029-4C618EE05C7C","properties":{"overrideid":"","name":"","documentation":"","conditionsequenceflow":"","executionlisteners":"","defaultflow":"false"},"stencil":{"id":"SequenceFlow"},"childShapes":[],"outgoing":[{"resourceId":"sid-DA3D860B-73D9-47F3-A965-7A24B18F9766"}],"bounds":{"lowerRight":{"x":469.375,"y":178},"upperLeft":{"x":425.390625,"y":178}},"dockers":[{"x":50,"y":40},{"x":14,"y":14}],"target":{"resourceId":"sid-DA3D860B-73D9-47F3-A965-7A24B18F9766"}}],"bounds":{"lowerRight":{"x":1200,"y":1050},"upperLeft":{"x":0,"y":0}},"stencilset":{"url":"stencilsets/bpmn2.0/bpmn2.0.json","namespace":"http://b3mn.org/stencilset/bpmn2.0#"},"ssextensions":[]}