{"resourceId":33,"properties":{"process_id":"e2e-attach_file_invisible-process","name":"e2e-attach_file_invisible-process","documentation":"","process_author":"","process_version":"","process_namespace":"http://www.activiti.org/processdef","executionlisteners":"{\"executionListeners\":[]}","eventlisteners":"{\"eventListeners\":[]}","signaldefinitions":"[]","messagedefinitions":"[]","executionvariables":"","metadata":""},"stencil":{"id":"BPMNDiagram"},"childShapes":[{"resourceId":"startEvent1","properties":{"overrideid":"startEvent1","name":"","documentation":"","executionlisteners":{"executionListeners":[]},"initiator":"","formkeydefinition":"","formreference":{"id":9,"name":"attach-file-invisible","referenceId":33},"fieldstovariables":"","formproperties":"","asynchronousdefinition":false,"exclusivedefinition":false},"stencil":{"id":"StartNoneEvent"},"childShapes":[],"outgoing":[{"resourceId":"sid-B8FBA5C6-1118-4086-B3A4-A4B0B6F790AB"}],"bounds":{"lowerRight":{"x":120,"y":180},"upperLeft":{"x":90,"y":150}},"dockers":[]},{"resourceId":"sid-CED945DF-53C1-4C34-AACA-661F93079CCC","properties":{"overrideid":"sid-CED945DF-53C1-4C34-AACA-661F93079CCC","name":"User task of attach file widget invisible","documentation":"","asynchronousdefinition":false,"exclusivedefinition":false,"executionlisteners":{"executionListeners":[]},"multiinstance_type":"None","multiinstance_cardinality":"","multiinstance_collection":"","multiinstance_variable":"","multiinstance_condition":"","isforcompensation":false,"usertasksendemail":true,"usertaskassignment":{"assignment":{"type":"idm","idm":{"type":"initiator"},"initiatorCanCompleteTask":false}},"formkeydefinition":"","formreference":{"id":9,"name":"attach-file-invisible"},"fieldstovariables":"","duedatedefinition":"","prioritydefinition":"","categorydefinition":"","formproperties":"","tasklisteners":{"taskListeners":[]},"emailtemplate":""},"stencil":{"id":"UserTask"},"childShapes":[],"outgoing":[{"resourceId":"sid-A4C16FDC-5CEC-4E94-B923-F451CF124FF1"}],"bounds":{"lowerRight":{"x":265,"y":205},"upperLeft":{"x":165,"y":125}},"dockers":[]},{"resourceId":"sid-B8FBA5C6-1118-4086-B3A4-A4B0B6F790AB","properties":{"overrideid":"sid-B8FBA5C6-1118-4086-B3A4-A4B0B6F790AB","name":"","documentation":"","conditionsequenceflow":"","executionlisteners":{"executionListeners":[]},"defaultflow":"false"},"stencil":{"id":"SequenceFlow"},"childShapes":[],"outgoing":[{"resourceId":"sid-CED945DF-53C1-4C34-AACA-661F93079CCC"}],"bounds":{"lowerRight":{"x":164.15625,"y":165},"upperLeft":{"x":120.609375,"y":165}},"dockers":[{"x":15,"y":15},{"x":50,"y":40}],"target":{"resourceId":"sid-CED945DF-53C1-4C34-AACA-661F93079CCC"}},{"resourceId":"sid-0123DD1B-A378-4BCE-8A7F-190A2F706A6A","properties":{"overrideid":"sid-0123DD1B-A378-4BCE-8A7F-190A2F706A6A","name":"","documentation":"","executionlisteners":{"executionListeners":[]},"asynchronousdefinition":false,"exclusivedefinition":false},"stencil":{"id":"EndNoneEvent"},"childShapes":[],"outgoing":[],"bounds":{"lowerRight":{"x":325,"y":179},"upperLeft":{"x":297,"y":151}},"dockers":[]},{"resourceId":"sid-A4C16FDC-5CEC-4E94-B923-F451CF124FF1","properties":{"overrideid":"sid-A4C16FDC-5CEC-4E94-B923-F451CF124FF1","name":"","documentation":"","conditionsequenceflow":"","executionlisteners":{"executionListeners":[]},"defaultflow":"false"},"stencil":{"id":"SequenceFlow"},"childShapes":[],"outgoing":[{"resourceId":"sid-0123DD1B-A378-4BCE-8A7F-190A2F706A6A"}],"bounds":{"lowerRight":{"x":296.5,"y":165},"upperLeft":{"x":265.5,"y":165}},"dockers":[{"x":50,"y":40},{"x":14,"y":14}],"target":{"resourceId":"sid-0123DD1B-A378-4BCE-8A7F-190A2F706A6A"}}],"bounds":{"lowerRight":{"x":1200,"y":1050},"upperLeft":{"x":0,"y":0}},"stencilset":{"url":"stencilsets/bpmn2.0/bpmn2.0.json","namespace":"http://b3mn.org/stencilset/bpmn2.0#"},"ssextensions":[]}