<?xml version='1.0' encoding='UTF-8'?>
<bpmn2:definitions xmlns="http://www.omg.org/spec/BPMN/20100524/MODEL" xmlns:bpmn2="http://www.omg.org/spec/BPMN/20100524/MODEL" xmlns:xsi="http://www.w3.org/2001/XMLSchema-instance" xmlns:xsd="http://www.w3.org/2001/XMLSchema" xmlns:activiti="http://activiti.org/bpmn" xmlns:bpmndi="http://www.omg.org/spec/BPMN/20100524/DI" xmlns:omgdc="http://www.omg.org/spec/DD/20100524/DC" xmlns:omgdi="http://www.omg.org/spec/DD/20100524/DI" typeLanguage="http://www.w3.org/2001/XMLSchema" expressionLanguage="http://www.w3.org/1999/XPath" targetNamespace="http://www.activiti.org/processdef" xmlns:modeler="http://activiti.com/modeler" modeler:version="1.0en" modeler:exportDateTime="20250422113431891" modeler:modelId="18" modeler:modelVersion="3" modeler:modelLastUpdated="1745321667052">
  <bpmn2:process id="e2e-candidate_users_with_form-process" name="e2e-candidate_users_with_form-process" isExecutable="true">
    <extensionElements>
      <modeler:executionvariables xmlns:modeler="http://activiti.com/modeler" modeler:variableName="setUserTaskName" modeler:variableType="string" modeler:persist="null"/>
    </extensionElements>
    <bpmn2:startEvent id="startEvent1" activiti:formKey="11">
      <extensionElements>
        <modeler:form-reference-id><![CDATA[11]]></modeler:form-reference-id>
        <modeler:form-reference-name><![CDATA[setUserTaskName]]></modeler:form-reference-name>
        <modeler:variablesMapping>
          <modeler:mappedVariable><![CDATA[setusertaskname]]></modeler:mappedVariable>
          <modeler:outProcessVariable><![CDATA[setUserTaskName]]></modeler:outProcessVariable>
          <modeler:inVariableType><![CDATA[formField]]></modeler:inVariableType>
          <modeler:outVariableType><![CDATA[restResponse]]></modeler:outVariableType>
          <modeler:typeOfMapping><![CDATA[inputOutputMap]]></modeler:typeOfMapping>
        </modeler:variablesMapping>
        <modeler:editor-resource-id><![CDATA[startEvent1]]></modeler:editor-resource-id>
      </extensionElements>
      <bpmn2:outgoing>sid-A6BCE18A-2BD5-49B5-A2D3-0FB0BF48A7FF</bpmn2:outgoing>
    </bpmn2:startEvent>
    <bpmn2:userTask id="sid-727D5644-CED8-4064-8304-A7171E6AA012" name="${setUserTaskName}" activiti:candidateUsers="51,52" activiti:formKey="1">
      <extensionElements>
        <modeler:allow-send-email><![CDATA[true]]></modeler:allow-send-email>
        <modeler:form-reference-id><![CDATA[1]]></modeler:form-reference-id>
        <modeler:form-reference-name><![CDATA[e2e-candidate_users_with_form-form]]></modeler:form-reference-name>
        <modeler:user-info-email-51><![CDATA[hruser@example.com]]></modeler:user-info-email-51>
        <modeler:user-info-firstname-51><![CDATA[HR]]></modeler:user-info-firstname-51>
        <modeler:user-info-lastname-51><![CDATA[User]]></modeler:user-info-lastname-51>
        <modeler:user-info-email-52><![CDATA[salesuser@example.com]]></modeler:user-info-email-52>
        <modeler:user-info-firstname-52><![CDATA[Sales]]></modeler:user-info-firstname-52>
        <modeler:user-info-lastname-52><![CDATA[User]]></modeler:user-info-lastname-52>
        <modeler:activiti-idm-candidate-user><![CDATA[true]]></modeler:activiti-idm-candidate-user>
        <modeler:initiator-can-complete><![CDATA[false]]></modeler:initiator-can-complete>
        <modeler:deactivate-user-task-reassignment><![CDATA[false]]></modeler:deactivate-user-task-reassignment>
        <modeler:editor-resource-id><![CDATA[sid-727D5644-CED8-4064-8304-A7171E6AA012]]></modeler:editor-resource-id>
      </extensionElements>
      <bpmn2:incoming>sid-A6BCE18A-2BD5-49B5-A2D3-0FB0BF48A7FF</bpmn2:incoming>
      <bpmn2:outgoing>sid-057245F2-CE29-4FC4-A875-02B517405D3A</bpmn2:outgoing>
    </bpmn2:userTask>
    <bpmn2:sequenceFlow id="sid-A6BCE18A-2BD5-49B5-A2D3-0FB0BF48A7FF" sourceRef="startEvent1" targetRef="sid-727D5644-CED8-4064-8304-A7171E6AA012">
      <extensionElements>
        <modeler:editor-resource-id><![CDATA[sid-A6BCE18A-2BD5-49B5-A2D3-0FB0BF48A7FF]]></modeler:editor-resource-id>
      </extensionElements>
    </bpmn2:sequenceFlow>
    <bpmn2:endEvent id="sid-C05D017C-9301-4AFE-A861-42049E993E61" activiti:async="true" activiti:exclusive="false">
      <extensionElements>
        <activiti:executionListener event="start" class="com.activiti.runtime.activiti.ContentProcessorExecutionListener">
          <activiti:field name="externalContentHandler">
            <activiti:expression><![CDATA[${externalContentHandler}]]></activiti:expression>
          </activiti:field>
        </activiti:executionListener>
        <modeler:editor-resource-id><![CDATA[sid-C05D017C-9301-4AFE-A861-42049E993E61]]></modeler:editor-resource-id>
        <modeler:ignore-listener-on-import><![CDATA[com.activiti.runtime.activiti.ContentProcessorExecutionListener]]></modeler:ignore-listener-on-import>
      </extensionElements>
      <bpmn2:incoming>sid-057245F2-CE29-4FC4-A875-02B517405D3A</bpmn2:incoming>
    </bpmn2:endEvent>
    <bpmn2:sequenceFlow id="sid-057245F2-CE29-4FC4-A875-02B517405D3A" sourceRef="sid-727D5644-CED8-4064-8304-A7171E6AA012" targetRef="sid-C05D017C-9301-4AFE-A861-42049E993E61">
      <extensionElements>
        <modeler:editor-resource-id><![CDATA[sid-057245F2-CE29-4FC4-A875-02B517405D3A]]></modeler:editor-resource-id>
      </extensionElements>
    </bpmn2:sequenceFlow>
  </bpmn2:process>
  <bpmndi:BPMNDiagram id="BPMNDiagram_e2e-candidate_users_with_form-process">
    <bpmndi:BPMNPlane bpmnElement="e2e-candidate_users_with_form-process" id="BPMNPlane_e2e-candidate_users_with_form-process">
      <bpmndi:BPMNShape bpmnElement="startEvent1" id="BPMNShape_startEvent1">
        <omgdc:Bounds height="30.0" width="30.0" x="90.0" y="145.0"/>
      </bpmndi:BPMNShape>
      <bpmndi:BPMNShape bpmnElement="sid-727D5644-CED8-4064-8304-A7171E6AA012" id="BPMNShape_sid-727D5644-CED8-4064-8304-A7171E6AA012">
        <omgdc:Bounds height="80.0" width="100.0" x="165.0" y="120.0"/>
      </bpmndi:BPMNShape>
      <bpmndi:BPMNShape bpmnElement="sid-C05D017C-9301-4AFE-A861-42049E993E61" id="BPMNShape_sid-C05D017C-9301-4AFE-A861-42049E993E61">
        <omgdc:Bounds height="28.0" width="28.0" x="310.0" y="146.0"/>
      </bpmndi:BPMNShape>
      <bpmndi:BPMNEdge bpmnElement="sid-A6BCE18A-2BD5-49B5-A2D3-0FB0BF48A7FF" id="BPMNEdge_sid-A6BCE18A-2BD5-49B5-A2D3-0FB0BF48A7FF">
        <omgdi:waypoint x="120.0" y="160.0"/>
        <omgdi:waypoint x="165.0" y="160.0"/>
      </bpmndi:BPMNEdge>
      <bpmndi:BPMNEdge bpmnElement="sid-057245F2-CE29-4FC4-A875-02B517405D3A" id="BPMNEdge_sid-057245F2-CE29-4FC4-A875-02B517405D3A">
        <omgdi:waypoint x="265.0" y="160.0"/>
        <omgdi:waypoint x="310.0" y="160.0"/>
      </bpmndi:BPMNEdge>
    </bpmndi:BPMNPlane>
  </bpmndi:BPMNDiagram>
</bpmn2:definitions>