{"resourceId":24,"properties":{"process_id":"e2e-attach_file_single_multiple-process","name":"e2e-attach_file_single_multiple-process","documentation":"","process_author":"","process_version":"","process_namespace":"http://www.activiti.org/processdef","executionlisteners":"{\"executionListeners\":[]}","eventlisteners":"{\"eventListeners\":[]}","signaldefinitions":"[]","messagedefinitions":"[]","executionvariables":"","metadata":""},"stencil":{"id":"BPMNDiagram"},"childShapes":[{"resourceId":"startEvent1","properties":{"overrideid":"startEvent1","name":"","documentation":"","executionlisteners":{"executionListeners":[]},"initiator":"","formkeydefinition":"","formreference":{"id":14,"name":"attach-file-widget-single-multiple"},"fieldstovariables":"","formproperties":"","asynchronousdefinition":false,"exclusivedefinition":false},"stencil":{"id":"StartNoneEvent"},"childShapes":[],"outgoing":[{"resourceId":"sid-76953313-37F9-470D-8A79-F82856E9A0B7"}],"bounds":{"lowerRight":{"x":120,"y":180},"upperLeft":{"x":90,"y":150}},"dockers":[]},{"resourceId":"sid-11CEC11A-5460-495A-9ECC-5A6F787F56C9","properties":{"overrideid":"sid-11CEC11A-5460-495A-9ECC-5A6F787F56C9","name":"User task of attach file widget single and multiple","documentation":"","asynchronousdefinition":false,"exclusivedefinition":false,"executionlisteners":{"executionListeners":[]},"multiinstance_type":"None","multiinstance_cardinality":"","multiinstance_collection":"","multiinstance_variable":"","multiinstance_condition":"","isforcompensation":false,"usertasksendemail":true,"usertaskassignment":{"assignment":{"type":"idm","idm":{"type":"initiator"},"initiatorCanCompleteTask":false}},"formkeydefinition":"","formreference":{"id":14,"name":"attach-file-widget-single-multiple","referenceId":24},"fieldstovariables":"","duedatedefinition":"","prioritydefinition":"","categorydefinition":"","formproperties":"","tasklisteners":{"taskListeners":[]},"emailtemplate":""},"stencil":{"id":"UserTask"},"childShapes":[],"outgoing":[{"resourceId":"sid-0E1E17D6-D0D4-4B27-BBA2-CF10096EB880"}],"bounds":{"lowerRight":{"x":265,"y":200},"upperLeft":{"x":165,"y":120}},"dockers":[]},{"resourceId":"sid-76953313-37F9-470D-8A79-F82856E9A0B7","properties":{"overrideid":"sid-76953313-37F9-470D-8A79-F82856E9A0B7","name":"","documentation":"","conditionsequenceflow":"","executionlisteners":{"executionListeners":[]},"defaultflow":"false"},"stencil":{"id":"SequenceFlow"},"childShapes":[],"outgoing":[{"resourceId":"sid-11CEC11A-5460-495A-9ECC-5A6F787F56C9"}],"bounds":{"lowerRight":{"x":164.15625,"y":165},"upperLeft":{"x":120.0625,"y":160}},"dockers":[{"x":15,"y":15},{"x":142.5,"y":165},{"x":142.5,"y":160},{"x":50,"y":40}],"target":{"resourceId":"sid-11CEC11A-5460-495A-9ECC-5A6F787F56C9"}},{"resourceId":"sid-23897939-0424-4868-BC74-D7C1F6A31F09","properties":{"overrideid":"sid-23897939-0424-4868-BC74-D7C1F6A31F09","name":"","documentation":"","executionlisteners":{"executionListeners":[]},"asynchronousdefinition":false,"exclusivedefinition":false},"stencil":{"id":"EndNoneEvent"},"childShapes":[],"outgoing":[],"bounds":{"lowerRight":{"x":338,"y":179},"upperLeft":{"x":310,"y":151}},"dockers":[]},{"resourceId":"sid-0E1E17D6-D0D4-4B27-BBA2-CF10096EB880","properties":{"overrideid":"sid-0E1E17D6-D0D4-4B27-BBA2-CF10096EB880","name":"","documentation":"","conditionsequenceflow":"","executionlisteners":{"executionListeners":[]},"defaultflow":"false"},"stencil":{"id":"SequenceFlow"},"childShapes":[],"outgoing":[{"resourceId":"sid-23897939-0424-4868-BC74-D7C1F6A31F09"}],"bounds":{"lowerRight":{"x":309.3125,"y":165},"upperLeft":{"x":265.84375,"y":160}},"dockers":[{"x":50,"y":40},{"x":287.5,"y":160},{"x":287.5,"y":165},{"x":14,"y":14}],"target":{"resourceId":"sid-23897939-0424-4868-BC74-D7C1F6A31F09"}}],"bounds":{"lowerRight":{"x":1200,"y":1050},"upperLeft":{"x":0,"y":0}},"stencilset":{"url":"stencilsets/bpmn2.0/bpmn2.0.json","namespace":"http://b3mn.org/stencilset/bpmn2.0#"},"ssextensions":[]}