<?xml version='1.0' encoding='UTF-8'?>
<definitions xmlns="http://www.omg.org/spec/BPMN/20100524/MODEL" xmlns:xsi="http://www.w3.org/2001/XMLSchema-instance" xmlns:xsd="http://www.w3.org/2001/XMLSchema" xmlns:activiti="http://activiti.org/bpmn" xmlns:bpmndi="http://www.omg.org/spec/BPMN/20100524/DI" xmlns:omgdc="http://www.omg.org/spec/DD/20100524/DC" xmlns:omgdi="http://www.omg.org/spec/DD/20100524/DI" typeLanguage="http://www.w3.org/2001/XMLSchema" expressionLanguage="http://www.w3.org/1999/XPath" targetNamespace="http://www.activiti.org/processdef" xmlns:modeler="http://activiti.com/modeler" modeler:version="1.0en" modeler:exportDateTime="20210309072424206" modeler:modelId="33" modeler:modelVersion="3" modeler:modelLastUpdated="1615274571827">
  <process id="e2e-attach_file_invisible-process" name="e2e-attach_file_invisible-process" isExecutable="true">
    <startEvent id="startEvent1" activiti:formKey="9">
      <extensionElements>
        <modeler:form-reference-id><![CDATA[9]]></modeler:form-reference-id>
        <modeler:form-reference-name><![CDATA[attach-file-invisible]]></modeler:form-reference-name>
        <modeler:editor-resource-id><![CDATA[startEvent1]]></modeler:editor-resource-id>
      </extensionElements>
    </startEvent>
    <userTask id="sid-CED945DF-53C1-4C34-AACA-661F93079CCC" name="User task of attach file widget invisible" activiti:async="true" activiti:exclusive="false" activiti:assignee="$INITIATOR" activiti:formKey="9">
      <extensionElements>
        <activiti:executionListener event="start" class="com.activiti.runtime.activiti.ContentProcessorExecutionListener">
          <activiti:field name="externalContentHandler">
            <activiti:expression><![CDATA[${externalContentHandler}]]></activiti:expression>
          </activiti:field>
        </activiti:executionListener>
        <modeler:allow-send-email><![CDATA[true]]></modeler:allow-send-email>
        <modeler:form-reference-id><![CDATA[9]]></modeler:form-reference-id>
        <modeler:form-reference-name><![CDATA[attach-file-invisible]]></modeler:form-reference-name>
        <modeler:activiti-idm-initiator><![CDATA[true]]></modeler:activiti-idm-initiator>
        <modeler:initiator-can-complete><![CDATA[false]]></modeler:initiator-can-complete>
        <modeler:editor-resource-id><![CDATA[sid-CED945DF-53C1-4C34-AACA-661F93079CCC]]></modeler:editor-resource-id>
        <modeler:ignore-listener-on-import><![CDATA[com.activiti.runtime.activiti.ContentProcessorExecutionListener]]></modeler:ignore-listener-on-import>
      </extensionElements>
    </userTask>
    <sequenceFlow id="sid-B8FBA5C6-1118-4086-B3A4-A4B0B6F790AB" sourceRef="startEvent1" targetRef="sid-CED945DF-53C1-4C34-AACA-661F93079CCC">
      <extensionElements>
        <modeler:editor-resource-id><![CDATA[sid-B8FBA5C6-1118-4086-B3A4-A4B0B6F790AB]]></modeler:editor-resource-id>
      </extensionElements>
    </sequenceFlow>
    <endEvent id="sid-0123DD1B-A378-4BCE-8A7F-190A2F706A6A" activiti:async="true" activiti:exclusive="false">
      <extensionElements>
        <activiti:executionListener event="start" class="com.activiti.runtime.activiti.ContentProcessorExecutionListener">
          <activiti:field name="externalContentHandler">
            <activiti:expression><![CDATA[${externalContentHandler}]]></activiti:expression>
          </activiti:field>
        </activiti:executionListener>
        <modeler:editor-resource-id><![CDATA[sid-0123DD1B-A378-4BCE-8A7F-190A2F706A6A]]></modeler:editor-resource-id>
        <modeler:ignore-listener-on-import><![CDATA[com.activiti.runtime.activiti.ContentProcessorExecutionListener]]></modeler:ignore-listener-on-import>
      </extensionElements>
    </endEvent>
    <sequenceFlow id="sid-A4C16FDC-5CEC-4E94-B923-F451CF124FF1" sourceRef="sid-CED945DF-53C1-4C34-AACA-661F93079CCC" targetRef="sid-0123DD1B-A378-4BCE-8A7F-190A2F706A6A">
      <extensionElements>
        <modeler:editor-resource-id><![CDATA[sid-A4C16FDC-5CEC-4E94-B923-F451CF124FF1]]></modeler:editor-resource-id>
      </extensionElements>
    </sequenceFlow>
  </process>
  <bpmndi:BPMNDiagram id="BPMNDiagram_e2e-attach_file_invisible-process">
    <bpmndi:BPMNPlane bpmnElement="e2e-attach_file_invisible-process" id="BPMNPlane_e2e-attach_file_invisible-process">
      <bpmndi:BPMNShape bpmnElement="startEvent1" id="BPMNShape_startEvent1">
        <omgdc:Bounds height="30.0" width="30.0" x="90.0" y="150.0"/>
      </bpmndi:BPMNShape>
      <bpmndi:BPMNShape bpmnElement="sid-CED945DF-53C1-4C34-AACA-661F93079CCC" id="BPMNShape_sid-CED945DF-53C1-4C34-AACA-661F93079CCC">
        <omgdc:Bounds height="80.0" width="100.0" x="165.0" y="125.0"/>
      </bpmndi:BPMNShape>
      <bpmndi:BPMNShape bpmnElement="sid-0123DD1B-A378-4BCE-8A7F-190A2F706A6A" id="BPMNShape_sid-0123DD1B-A378-4BCE-8A7F-190A2F706A6A">
        <omgdc:Bounds height="28.0" width="28.0" x="297.0" y="151.0"/>
      </bpmndi:BPMNShape>
      <bpmndi:BPMNEdge bpmnElement="sid-A4C16FDC-5CEC-4E94-B923-F451CF124FF1" id="BPMNEdge_sid-A4C16FDC-5CEC-4E94-B923-F451CF124FF1">
        <omgdi:waypoint x="265.0" y="165.0"/>
        <omgdi:waypoint x="297.0" y="165.0"/>
      </bpmndi:BPMNEdge>
      <bpmndi:BPMNEdge bpmnElement="sid-B8FBA5C6-1118-4086-B3A4-A4B0B6F790AB" id="BPMNEdge_sid-B8FBA5C6-1118-4086-B3A4-A4B0B6F790AB">
        <omgdi:waypoint x="120.0" y="165.0"/>
        <omgdi:waypoint x="165.0" y="165.0"/>
      </bpmndi:BPMNEdge>
    </bpmndi:BPMNPlane>
  </bpmndi:BPMNDiagram>
</definitions>