{"resourceId":25,"properties":{"process_id":"e2e-attach_file_all-process","name":"e2e-attach_file_all-process","documentation":"","process_author":"","process_version":"","process_namespace":"http://www.activiti.org/processdef","executionlisteners":"{\"executionListeners\":[]}","eventlisteners":"{\"eventListeners\":[]}","signaldefinitions":"[]","messagedefinitions":"[]","executionvariables":"","metadata":""},"stencil":{"id":"BPMNDiagram"},"childShapes":[{"resourceId":"startEvent1","properties":{"overrideid":"startEvent1","name":"","documentation":"","executionlisteners":{"executionListeners":[]},"initiator":"","formkeydefinition":"","formreference":{"id":1,"name":"attach-file-all"},"fieldstovariables":"","formproperties":"","asynchronousdefinition":false,"exclusivedefinition":false},"stencil":{"id":"StartNoneEvent"},"childShapes":[],"outgoing":[{"resourceId":"sid-FBF8EF86-4407-4990-9DBD-BF2977EEACC2"}],"bounds":{"lowerRight":{"x":130,"y":190},"upperLeft":{"x":100,"y":160}},"dockers":[]},{"resourceId":"sid-D0618C4E-C327-41D1-BB37-F326851C39FA","properties":{"overrideid":"sid-D0618C4E-C327-41D1-BB37-F326851C39FA","name":"User task of all attach file widgets","documentation":"","asynchronousdefinition":false,"exclusivedefinition":false,"executionlisteners":{"executionListeners":[]},"multiinstance_type":"None","multiinstance_cardinality":"","multiinstance_collection":"","multiinstance_variable":"","multiinstance_condition":"","isforcompensation":false,"usertasksendemail":true,"usertaskassignment":{"assignment":{"type":"idm","idm":{"type":"initiator"},"initiatorCanCompleteTask":false}},"formkeydefinition":"","formreference":{"id":1,"name":"attach-file-all","referenceId":25},"fieldstovariables":"","duedatedefinition":"","prioritydefinition":"","categorydefinition":"","formproperties":"","tasklisteners":{"taskListeners":[]},"emailtemplate":""},"stencil":{"id":"UserTask"},"childShapes":[],"outgoing":[{"resourceId":"sid-0B42FEF7-8053-4B51-8F43-EA81AEF9035F"}],"bounds":{"lowerRight":{"x":280,"y":215},"upperLeft":{"x":180,"y":135}},"dockers":[]},{"resourceId":"sid-FBF8EF86-4407-4990-9DBD-BF2977EEACC2","properties":{"overrideid":"sid-FBF8EF86-4407-4990-9DBD-BF2977EEACC2","name":"","documentation":"","conditionsequenceflow":"","executionlisteners":{"executionListeners":[]},"defaultflow":"false"},"stencil":{"id":"SequenceFlow"},"childShapes":[],"outgoing":[{"resourceId":"sid-D0618C4E-C327-41D1-BB37-F326851C39FA"}],"bounds":{"lowerRight":{"x":179.5859375,"y":175},"upperLeft":{"x":130.375,"y":175}},"dockers":[{"x":15,"y":15},{"x":50,"y":40}],"target":{"resourceId":"sid-D0618C4E-C327-41D1-BB37-F326851C39FA"}},{"resourceId":"sid-92430708-0AD9-43FC-A87A-C0E116873F6D","properties":{"overrideid":"sid-92430708-0AD9-43FC-A87A-C0E116873F6D","name":"","documentation":"","executionlisteners":{"executionListeners":[]},"asynchronousdefinition":false,"exclusivedefinition":false},"stencil":{"id":"EndNoneEvent"},"childShapes":[],"outgoing":[],"bounds":{"lowerRight":{"x":348,"y":189},"upperLeft":{"x":320,"y":161}},"dockers":[]},{"resourceId":"sid-0B42FEF7-8053-4B51-8F43-EA81AEF9035F","properties":{"overrideid":"sid-0B42FEF7-8053-4B51-8F43-EA81AEF9035F","name":"","documentation":"","conditionsequenceflow":"","executionlisteners":{"executionListeners":[]},"defaultflow":"false"},"stencil":{"id":"SequenceFlow"},"childShapes":[],"outgoing":[{"resourceId":"sid-92430708-0AD9-43FC-A87A-C0E116873F6D"}],"bounds":{"lowerRight":{"x":320,"y":175},"upperLeft":{"x":280.5625,"y":175}},"dockers":[{"x":50,"y":40},{"x":14,"y":14}],"target":{"resourceId":"sid-92430708-0AD9-43FC-A87A-C0E116873F6D"}}],"bounds":{"lowerRight":{"x":1200,"y":1050},"upperLeft":{"x":0,"y":0}},"stencilset":{"url":"stencilsets/bpmn2.0/bpmn2.0.json","namespace":"http://b3mn.org/stencilset/bpmn2.0#"},"ssextensions":[]}