<?xml version='1.0' encoding='UTF-8'?>
<bpmn2:definitions xmlns="http://www.omg.org/spec/BPMN/20100524/MODEL" xmlns:bpmn2="http://www.omg.org/spec/BPMN/20100524/MODEL" xmlns:xsi="http://www.w3.org/2001/XMLSchema-instance" xmlns:xsd="http://www.w3.org/2001/XMLSchema" xmlns:activiti="http://activiti.org/bpmn" xmlns:bpmndi="http://www.omg.org/spec/BPMN/20100524/DI" xmlns:omgdc="http://www.omg.org/spec/DD/20100524/DC" xmlns:omgdi="http://www.omg.org/spec/DD/20100524/DI" typeLanguage="http://www.w3.org/2001/XMLSchema" expressionLanguage="http://www.w3.org/1999/XPath" targetNamespace="http://www.activiti.org/processdef" xmlns:modeler="http://activiti.com/modeler" modeler:version="1.0en" modeler:exportDateTime="20250423083024253" modeler:modelId="112" modeler:modelVersion="1" modeler:modelLastUpdated="1745396910414">
  <bpmn2:process id="e2e-attach_file_all-process" name="e2e-attach_file_all-process" isExecutable="true">
    <bpmn2:startEvent id="startEvent1" activiti:formKey="101">
      <extensionElements>
        <modeler:form-reference-id><![CDATA[101]]></modeler:form-reference-id>
        <modeler:form-reference-name><![CDATA[attach-file-all]]></modeler:form-reference-name>
        <modeler:editor-resource-id><![CDATA[startEvent1]]></modeler:editor-resource-id>
      </extensionElements>
      <bpmn2:outgoing>sid-FBF8EF86-4407-4990-9DBD-BF2977EEACC2</bpmn2:outgoing>
    </bpmn2:startEvent>
    <bpmn2:userTask id="sid-D0618C4E-C327-41D1-BB37-F326851C39FA" name="User task of all attach file widgets" activiti:async="true" activiti:exclusive="false" activiti:assignee="$INITIATOR" activiti:formKey="101">
      <extensionElements>
        <activiti:executionListener event="start" class="com.activiti.runtime.activiti.ContentProcessorExecutionListener">
          <activiti:field name="externalContentHandler">
            <activiti:expression><![CDATA[${externalContentHandler}]]></activiti:expression>
          </activiti:field>
        </activiti:executionListener>
        <modeler:allow-send-email><![CDATA[true]]></modeler:allow-send-email>
        <modeler:form-reference-id><![CDATA[101]]></modeler:form-reference-id>
        <modeler:form-reference-name><![CDATA[attach-file-all]]></modeler:form-reference-name>
        <modeler:activiti-idm-initiator><![CDATA[true]]></modeler:activiti-idm-initiator>
        <modeler:initiator-can-complete><![CDATA[false]]></modeler:initiator-can-complete>
        <modeler:deactivate-user-task-reassignment><![CDATA[false]]></modeler:deactivate-user-task-reassignment>
        <modeler:editor-resource-id><![CDATA[sid-D0618C4E-C327-41D1-BB37-F326851C39FA]]></modeler:editor-resource-id>
        <modeler:ignore-listener-on-import><![CDATA[com.activiti.runtime.activiti.ContentProcessorExecutionListener]]></modeler:ignore-listener-on-import>
      </extensionElements>
      <bpmn2:incoming>sid-FBF8EF86-4407-4990-9DBD-BF2977EEACC2</bpmn2:incoming>
      <bpmn2:outgoing>sid-0B42FEF7-8053-4B51-8F43-EA81AEF9035F</bpmn2:outgoing>
    </bpmn2:userTask>
    <bpmn2:sequenceFlow id="sid-FBF8EF86-4407-4990-9DBD-BF2977EEACC2" sourceRef="startEvent1" targetRef="sid-D0618C4E-C327-41D1-BB37-F326851C39FA">
      <extensionElements>
        <modeler:editor-resource-id><![CDATA[sid-FBF8EF86-4407-4990-9DBD-BF2977EEACC2]]></modeler:editor-resource-id>
      </extensionElements>
    </bpmn2:sequenceFlow>
    <bpmn2:endEvent id="sid-92430708-0AD9-43FC-A87A-C0E116873F6D" activiti:async="true" activiti:exclusive="false">
      <extensionElements>
        <activiti:executionListener event="start" class="com.activiti.runtime.activiti.ContentProcessorExecutionListener">
          <activiti:field name="externalContentHandler">
            <activiti:expression><![CDATA[${externalContentHandler}]]></activiti:expression>
          </activiti:field>
        </activiti:executionListener>
        <modeler:editor-resource-id><![CDATA[sid-92430708-0AD9-43FC-A87A-C0E116873F6D]]></modeler:editor-resource-id>
        <modeler:ignore-listener-on-import><![CDATA[com.activiti.runtime.activiti.ContentProcessorExecutionListener]]></modeler:ignore-listener-on-import>
      </extensionElements>
      <bpmn2:incoming>sid-0B42FEF7-8053-4B51-8F43-EA81AEF9035F</bpmn2:incoming>
    </bpmn2:endEvent>
    <bpmn2:sequenceFlow id="sid-0B42FEF7-8053-4B51-8F43-EA81AEF9035F" sourceRef="sid-D0618C4E-C327-41D1-BB37-F326851C39FA" targetRef="sid-92430708-0AD9-43FC-A87A-C0E116873F6D">
      <extensionElements>
        <modeler:editor-resource-id><![CDATA[sid-0B42FEF7-8053-4B51-8F43-EA81AEF9035F]]></modeler:editor-resource-id>
      </extensionElements>
    </bpmn2:sequenceFlow>
  </bpmn2:process>
  <bpmndi:BPMNDiagram id="BPMNDiagram_e2e-attach_file_all-process">
    <bpmndi:BPMNPlane bpmnElement="e2e-attach_file_all-process" id="BPMNPlane_e2e-attach_file_all-process">
      <bpmndi:BPMNShape bpmnElement="startEvent1" id="BPMNShape_startEvent1">
        <omgdc:Bounds height="30.0" width="30.0" x="100.0" y="160.0"/>
      </bpmndi:BPMNShape>
      <bpmndi:BPMNShape bpmnElement="sid-D0618C4E-C327-41D1-BB37-F326851C39FA" id="BPMNShape_sid-D0618C4E-C327-41D1-BB37-F326851C39FA">
        <omgdc:Bounds height="80.0" width="100.0" x="180.0" y="135.0"/>
      </bpmndi:BPMNShape>
      <bpmndi:BPMNShape bpmnElement="sid-92430708-0AD9-43FC-A87A-C0E116873F6D" id="BPMNShape_sid-92430708-0AD9-43FC-A87A-C0E116873F6D">
        <omgdc:Bounds height="28.0" width="28.0" x="320.0" y="161.0"/>
      </bpmndi:BPMNShape>
      <bpmndi:BPMNEdge bpmnElement="sid-0B42FEF7-8053-4B51-8F43-EA81AEF9035F" id="BPMNEdge_sid-0B42FEF7-8053-4B51-8F43-EA81AEF9035F">
        <omgdi:waypoint x="280.0" y="175.0"/>
        <omgdi:waypoint x="320.0" y="175.0"/>
      </bpmndi:BPMNEdge>
      <bpmndi:BPMNEdge bpmnElement="sid-FBF8EF86-4407-4990-9DBD-BF2977EEACC2" id="BPMNEdge_sid-FBF8EF86-4407-4990-9DBD-BF2977EEACC2">
        <omgdi:waypoint x="130.0" y="175.0"/>
        <omgdi:waypoint x="180.0" y="175.0"/>
      </bpmndi:BPMNEdge>
    </bpmndi:BPMNPlane>
  </bpmndi:BPMNDiagram>
</bpmn2:definitions>