{"bounds":{"lowerRight":{"x":1485.0,"y":700.0},"upperLeft":{"x":0.0,"y":0.0}},"resourceId":"canvas","stencil":{"id":"BPMNDiagram"},"stencilset":{"namespace":"http://b3mn.org/stencilset/bpmn2.0#","url":"../editor/stencilsets/bpmn2.0/bpmn2.0.json"},"properties":{"process_id":"e2e-attach_file_visible-process","name":"e2e-attach_file_visible-process","executionlisteners":{"executionListeners":[]},"eventlisteners":{"eventListeners":[]},"signaldefinitions":[],"messagedefinitions":[],"process_namespace":"http://www.activiti.org/processdef"},"childShapes":[{"bounds":{"lowerRight":{"x":120.0,"y":190.0},"upperLeft":{"x":90.0,"y":160.0}},"resourceId":"startEvent1","childShapes":[],"stencil":{"id":"StartNoneEvent"},"properties":{"overrideid":"startEvent1","formreference":{"id":11,"name":"visibility"},"executionlisteners":{"executionListeners":[]},"asynchronousdefinition":false,"exclusivedefinition":false},"outgoing":[{"resourceId":"sid-7881C31E-B357-4684-BA29-9B0E5F8094A8"}]},{"bounds":{"lowerRight":{"x":250.0,"y":215.0},"upperLeft":{"x":150.0,"y":135.0}},"resourceId":"sid-23C36BAE-91BD-41B6-AF1D-87F1FEC14841","childShapes":[],"stencil":{"id":"UserTask"},"properties":{"overrideid":"sid-23C36BAE-91BD-41B6-AF1D-87F1FEC14841","name":"User task of attach file widget visible","usertasksendemail":true,"usertaskassignment":{"assignment":{"type":"idm","idm":{"type":"initiator"},"initiatorCanCompleteTask":false}},"formreference":{"id":11,"name":"visibility"},"executionlisteners":{"executionListeners":[]},"isforcompensation":false,"asynchronousdefinition":false,"exclusivedefinition":false,"tasklisteners":{"taskListeners":[]}},"outgoing":[{"resourceId":"sid-AD137225-4F7D-4C79-9421-2122215574EF"}]},{"bounds":{"lowerRight":{"x":172.0,"y":212.0},"upperLeft":{"x":128.0,"y":212.0}},"resourceId":"sid-7881C31E-B357-4684-BA29-9B0E5F8094A8","childShapes":[],"stencil":{"id":"SequenceFlow"},"dockers":[{"x":15.0,"y":15.0},{"x":50.0,"y":40.0}],"outgoing":[{"resourceId":"sid-23C36BAE-91BD-41B6-AF1D-87F1FEC14841"}],"target":{"resourceId":"sid-23C36BAE-91BD-41B6-AF1D-87F1FEC14841"},"properties":{"overrideid":"sid-7881C31E-B357-4684-BA29-9B0E5F8094A8","executionlisteners":{"executionListeners":[]}}},{"bounds":{"lowerRight":{"x":328.0,"y":189.0},"upperLeft":{"x":300.0,"y":161.0}},"resourceId":"sid-9D8FACE7-5E57-467E-A933-AFD3B60B0AE1","childShapes":[],"stencil":{"id":"EndNoneEvent"},"properties":{"overrideid":"sid-9D8FACE7-5E57-467E-A933-AFD3B60B0AE1","executionlisteners":{"executionListeners":[]},"asynchronousdefinition":false,"exclusivedefinition":false},"outgoing":[]},{"bounds":{"lowerRight":{"x":172.0,"y":212.0},"upperLeft":{"x":128.0,"y":212.0}},"resourceId":"sid-AD137225-4F7D-4C79-9421-2122215574EF","childShapes":[],"stencil":{"id":"SequenceFlow"},"dockers":[{"x":50.0,"y":40.0},{"x":14.0,"y":14.0}],"outgoing":[{"resourceId":"sid-9D8FACE7-5E57-467E-A933-AFD3B60B0AE1"}],"target":{"resourceId":"sid-9D8FACE7-5E57-467E-A933-AFD3B60B0AE1"},"properties":{"overrideid":"sid-AD137225-4F7D-4C79-9421-2122215574EF","executionlisteners":{"executionListeners":[]}}}]}