{"bounds":{"lowerRight":{"x":1485.0,"y":700.0},"upperLeft":{"x":0.0,"y":0.0}},"resourceId":"canvas","stencil":{"id":"BPMNDiagram"},"stencilset":{"namespace":"http://b3mn.org/stencilset/bpmn2.0#","url":"../editor/stencilsets/bpmn2.0/bpmn2.0.json"},"properties":{"process_id":"e2e-twoUserTasks-process","name":"e2e-twoUserTasks-process","executionlisteners":{"executionListeners":[]},"eventlisteners":{"eventListeners":[]},"signaldefinitions":[],"messagedefinitions":[],"executionvariables":[{"variableName":"setUserTaskName","variableType":"string"},{"variableName":"setSecondUserTaskName","variableType":"string"}],"process_namespace":"http://www.activiti.org/processdef"},"childShapes":[{"bounds":{"lowerRight":{"x":130.0,"y":193.0},"upperLeft":{"x":100.0,"y":163.0}},"resourceId":"startEvent1","childShapes":[],"stencil":{"id":"StartNoneEvent"},"properties":{"overrideid":"startEvent1","formreference":{"id":13,"name":"setUserTaskName","variablesmapping":[{"mappedVariable":"setusertaskname","inProcessVariable":"","outProcessVariable":"setUserTaskName","inVariableType":"formField","typeOfMapping":"inputOutputMap","outVariableType":"restResponse"},{"mappedVariable":"setsecondusertaskname","inProcessVariable":"","outProcessVariable":"setSecondUserTaskName","inVariableType":"formField","typeOfMapping":"inputOutputMap","outVariableType":"restResponse"}]},"executionlisteners":{"executionListeners":[]},"asynchronousdefinition":false,"exclusivedefinition":false},"outgoing":[{"resourceId":"sid-0DF1159A-0E5C-4A36-8445-E449F6EF9E73"}]},{"bounds":{"lowerRight":{"x":265.0,"y":215.0},"upperLeft":{"x":165.0,"y":135.0}},"resourceId":"sid-1C94794D-F72F-4D48-BA81-CE00BAFF5739","childShapes":[],"stencil":{"id":"UserTask"},"properties":{"overrideid":"sid-1C94794D-F72F-4D48-BA81-CE00BAFF5739","name":"${setUserTaskName}","usertasksendemail":true,"usertaskassignment":{"assignment":{"type":"idm","idm":{"type":"initiator"},"initiatorCanCompleteTask":false}},"formreference":{"id":16,"name":"e2e-userTask1-form"},"executionlisteners":{"executionListeners":[]},"isforcompensation":false,"asynchronousdefinition":false,"exclusivedefinition":false,"tasklisteners":{"taskListeners":[]}},"outgoing":[{"resourceId":"sid-DE0CF7B7-D6D6-4F94-8567-C35071337862"}]},{"bounds":{"lowerRight":{"x":172.0,"y":212.0},"upperLeft":{"x":128.0,"y":212.0}},"resourceId":"sid-0DF1159A-0E5C-4A36-8445-E449F6EF9E73","childShapes":[],"stencil":{"id":"SequenceFlow"},"dockers":[{"x":15.0,"y":15.0},{"x":50.0,"y":40.0}],"outgoing":[{"resourceId":"sid-1C94794D-F72F-4D48-BA81-CE00BAFF5739"}],"target":{"resourceId":"sid-1C94794D-F72F-4D48-BA81-CE00BAFF5739"},"properties":{"overrideid":"sid-0DF1159A-0E5C-4A36-8445-E449F6EF9E73","executionlisteners":{"executionListeners":[]}}},{"bounds":{"lowerRight":{"x":415.0,"y":215.0},"upperLeft":{"x":315.0,"y":135.0}},"resourceId":"sid-E596F500-7F4F-4825-A6E8-C9DE82BC3D09","childShapes":[],"stencil":{"id":"UserTask"},"properties":{"overrideid":"sid-E596F500-7F4F-4825-A6E8-C9DE82BC3D09","name":"${setSecondUserTaskName}","usertasksendemail":true,"usertaskassignment":{"assignment":{"type":"idm","idm":{"type":"initiator"},"initiatorCanCompleteTask":false}},"formreference":{"id":11,"name":"e2e-userTask2-form"},"executionlisteners":{"executionListeners":[]},"isforcompensation":false,"asynchronousdefinition":false,"exclusivedefinition":false,"tasklisteners":{"taskListeners":[]}},"outgoing":[{"resourceId":"sid-5E7A35C6-E7DC-4613-82EE-2050311A05DB"}]},{"bounds":{"lowerRight":{"x":172.0,"y":212.0},"upperLeft":{"x":128.0,"y":212.0}},"resourceId":"sid-DE0CF7B7-D6D6-4F94-8567-C35071337862","childShapes":[],"stencil":{"id":"SequenceFlow"},"dockers":[{"x":50.0,"y":40.0},{"x":50.0,"y":40.0}],"outgoing":[{"resourceId":"sid-E596F500-7F4F-4825-A6E8-C9DE82BC3D09"}],"target":{"resourceId":"sid-E596F500-7F4F-4825-A6E8-C9DE82BC3D09"},"properties":{"overrideid":"sid-DE0CF7B7-D6D6-4F94-8567-C35071337862","executionlisteners":{"executionListeners":[]}}},{"bounds":{"lowerRight":{"x":493.0,"y":192.0},"upperLeft":{"x":465.0,"y":164.0}},"resourceId":"sid-712E1830-FE57-4911-8D63-71307B9FB9A5","childShapes":[],"stencil":{"id":"EndNoneEvent"},"properties":{"overrideid":"sid-712E1830-FE57-4911-8D63-71307B9FB9A5","executionlisteners":{"executionListeners":[]},"asynchronousdefinition":false,"exclusivedefinition":false},"outgoing":[]},{"bounds":{"lowerRight":{"x":172.0,"y":212.0},"upperLeft":{"x":128.0,"y":212.0}},"resourceId":"sid-5E7A35C6-E7DC-4613-82EE-2050311A05DB","childShapes":[],"stencil":{"id":"SequenceFlow"},"dockers":[{"x":50.0,"y":40.0},{"x":440.0,"y":175.0},{"x":440.0,"y":178.0},{"x":14.0,"y":14.0}],"outgoing":[{"resourceId":"sid-712E1830-FE57-4911-8D63-71307B9FB9A5"}],"target":{"resourceId":"sid-712E1830-FE57-4911-8D63-71307B9FB9A5"},"properties":{"overrideid":"sid-5E7A35C6-E7DC-4613-82EE-2050311A05DB","executionlisteners":{"executionListeners":[]}}}]}