<?xml version='1.0' encoding='UTF-8'?>
<definitions xmlns="http://www.omg.org/spec/BPMN/20100524/MODEL" xmlns:xsi="http://www.w3.org/2001/XMLSchema-instance" xmlns:xsd="http://www.w3.org/2001/XMLSchema" xmlns:activiti="http://activiti.org/bpmn" xmlns:bpmndi="http://www.omg.org/spec/BPMN/20100524/DI" xmlns:omgdc="http://www.omg.org/spec/DD/20100524/DC" xmlns:omgdi="http://www.omg.org/spec/DD/20100524/DI" typeLanguage="http://www.w3.org/2001/XMLSchema" expressionLanguage="http://www.w3.org/1999/XPath" targetNamespace="http://www.activiti.org/processdef" xmlns:modeler="http://activiti.com/modeler" modeler:version="1.0en" modeler:exportDateTime="20210122083938792" modeler:modelId="52" modeler:modelVersion="3" modeler:modelLastUpdated="1611304776610">
  <process id="e2e-attach_file_single_all-process" name="e2e-attach_file_single_all-process" isExecutable="true">
    <startEvent id="startEvent1" activiti:formKey="38">
      <extensionElements>
        <modeler:form-reference-id><![CDATA[38]]></modeler:form-reference-id>
        <modeler:form-reference-name><![CDATA[attach-file-single-all]]></modeler:form-reference-name>
        <modeler:editor-resource-id><![CDATA[startEvent1]]></modeler:editor-resource-id>
      </extensionElements>
    </startEvent>
    <userTask id="sid-DB80034D-6588-404F-AD0F-091C6D5D2D40" name="User task of single all attach file widget" activiti:async="true" activiti:exclusive="false" activiti:assignee="$INITIATOR" activiti:formKey="38">
      <extensionElements>
        <activiti:executionListener event="start" class="com.activiti.runtime.activiti.ContentProcessorExecutionListener">
          <activiti:field name="externalContentHandler">
            <activiti:expression><![CDATA[${externalContentHandler}]]></activiti:expression>
          </activiti:field>
        </activiti:executionListener>
        <modeler:allow-send-email><![CDATA[true]]></modeler:allow-send-email>
        <modeler:form-reference-id><![CDATA[38]]></modeler:form-reference-id>
        <modeler:form-reference-name><![CDATA[attach-file-single-all]]></modeler:form-reference-name>
        <modeler:activiti-idm-initiator><![CDATA[true]]></modeler:activiti-idm-initiator>
        <modeler:initiator-can-complete><![CDATA[false]]></modeler:initiator-can-complete>
        <modeler:editor-resource-id><![CDATA[sid-DB80034D-6588-404F-AD0F-091C6D5D2D40]]></modeler:editor-resource-id>
        <modeler:ignore-listener-on-import><![CDATA[com.activiti.runtime.activiti.ContentProcessorExecutionListener]]></modeler:ignore-listener-on-import>
      </extensionElements>
    </userTask>
    <sequenceFlow id="sid-053FE0DB-0F1F-4D15-9A40-F58FADE21C0C" sourceRef="startEvent1" targetRef="sid-DB80034D-6588-404F-AD0F-091C6D5D2D40">
      <extensionElements>
        <modeler:editor-resource-id><![CDATA[sid-053FE0DB-0F1F-4D15-9A40-F58FADE21C0C]]></modeler:editor-resource-id>
      </extensionElements>
    </sequenceFlow>
    <endEvent id="sid-6FF36148-EA57-4BF1-B6B1-6036C795A2F1" activiti:async="true" activiti:exclusive="false">
      <extensionElements>
        <activiti:executionListener event="start" class="com.activiti.runtime.activiti.ContentProcessorExecutionListener">
          <activiti:field name="externalContentHandler">
            <activiti:expression><![CDATA[${externalContentHandler}]]></activiti:expression>
          </activiti:field>
        </activiti:executionListener>
        <modeler:editor-resource-id><![CDATA[sid-6FF36148-EA57-4BF1-B6B1-6036C795A2F1]]></modeler:editor-resource-id>
        <modeler:ignore-listener-on-import><![CDATA[com.activiti.runtime.activiti.ContentProcessorExecutionListener]]></modeler:ignore-listener-on-import>
      </extensionElements>
    </endEvent>
    <sequenceFlow id="sid-ACE8931C-596A-49DD-B7F4-544BC67B062C" sourceRef="sid-DB80034D-6588-404F-AD0F-091C6D5D2D40" targetRef="sid-6FF36148-EA57-4BF1-B6B1-6036C795A2F1">
      <extensionElements>
        <modeler:editor-resource-id><![CDATA[sid-ACE8931C-596A-49DD-B7F4-544BC67B062C]]></modeler:editor-resource-id>
      </extensionElements>
    </sequenceFlow>
  </process>
  <bpmndi:BPMNDiagram id="BPMNDiagram_e2e-attach_file_single_all-process">
    <bpmndi:BPMNPlane bpmnElement="e2e-attach_file_single_all-process" id="BPMNPlane_e2e-attach_file_single_all-process">
      <bpmndi:BPMNShape bpmnElement="startEvent1" id="BPMNShape_startEvent1">
        <omgdc:Bounds height="30.0" width="30.0" x="100.0" y="163.0"/>
      </bpmndi:BPMNShape>
      <bpmndi:BPMNShape bpmnElement="sid-DB80034D-6588-404F-AD0F-091C6D5D2D40" id="BPMNShape_sid-DB80034D-6588-404F-AD0F-091C6D5D2D40">
        <omgdc:Bounds height="80.0" width="100.0" x="175.0" y="138.0"/>
      </bpmndi:BPMNShape>
      <bpmndi:BPMNShape bpmnElement="sid-6FF36148-EA57-4BF1-B6B1-6036C795A2F1" id="BPMNShape_sid-6FF36148-EA57-4BF1-B6B1-6036C795A2F1">
        <omgdc:Bounds height="28.0" width="28.0" x="320.0" y="164.0"/>
      </bpmndi:BPMNShape>
      <bpmndi:BPMNEdge bpmnElement="sid-ACE8931C-596A-49DD-B7F4-544BC67B062C" id="BPMNEdge_sid-ACE8931C-596A-49DD-B7F4-544BC67B062C">
        <omgdi:waypoint x="275.0" y="178.0"/>
        <omgdi:waypoint x="320.0" y="178.0"/>
      </bpmndi:BPMNEdge>
      <bpmndi:BPMNEdge bpmnElement="sid-053FE0DB-0F1F-4D15-9A40-F58FADE21C0C" id="BPMNEdge_sid-053FE0DB-0F1F-4D15-9A40-F58FADE21C0C">
        <omgdi:waypoint x="130.0" y="178.0"/>
        <omgdi:waypoint x="175.0" y="178.0"/>
      </bpmndi:BPMNEdge>
    </bpmndi:BPMNPlane>
  </bpmndi:BPMNDiagram>
</definitions>