{"bounds":{"lowerRight":{"x":1485.0,"y":700.0},"upperLeft":{"x":0.0,"y":0.0}},"resourceId":"canvas","stencil":{"id":"BPMNDiagram"},"stencilset":{"namespace":"http://b3mn.org/stencilset/bpmn2.0#","url":"../editor/stencilsets/bpmn2.0/bpmn2.0.json"},"properties":{"process_id":"e2e-attach_file_invisible-process","name":"e2e-attach_file_invisible-process","executionlisteners":{"executionListeners":[]},"eventlisteners":{"eventListeners":[]},"signaldefinitions":[],"messagedefinitions":[],"process_namespace":"http://www.activiti.org/processdef"},"childShapes":[{"bounds":{"lowerRight":{"x":120.0,"y":180.0},"upperLeft":{"x":90.0,"y":150.0}},"resourceId":"startEvent1","childShapes":[],"stencil":{"id":"StartNoneEvent"},"properties":{"overrideid":"startEvent1","formreference":{"id":96,"name":"attach-file-invisible"},"executionlisteners":{"executionListeners":[]},"asynchronousdefinition":false,"exclusivedefinition":false},"outgoing":[{"resourceId":"sid-B8FBA5C6-1118-4086-B3A4-A4B0B6F790AB"}]},{"bounds":{"lowerRight":{"x":265.0,"y":205.0},"upperLeft":{"x":165.0,"y":125.0}},"resourceId":"sid-CED945DF-53C1-4C34-AACA-661F93079CCC","childShapes":[],"stencil":{"id":"UserTask"},"properties":{"overrideid":"sid-CED945DF-53C1-4C34-AACA-661F93079CCC","name":"User task of attach file widget invisible","usertasksendemail":true,"usertaskassignment":{"assignment":{"type":"idm","idm":{"type":"initiator"},"initiatorCanCompleteTask":false,"deactivateUserTaskReassignment":false}},"formreference":{"id":96,"name":"attach-file-invisible"},"executionlisteners":{"executionListeners":[]},"isforcompensation":false,"asynchronousdefinition":false,"exclusivedefinition":false,"tasklisteners":{"taskListeners":[]}},"outgoing":[{"resourceId":"sid-A4C16FDC-5CEC-4E94-B923-F451CF124FF1"}]},{"bounds":{"lowerRight":{"x":172.0,"y":212.0},"upperLeft":{"x":128.0,"y":212.0}},"resourceId":"sid-B8FBA5C6-1118-4086-B3A4-A4B0B6F790AB","childShapes":[],"stencil":{"id":"SequenceFlow"},"dockers":[{"x":15.0,"y":15.0},{"x":50.0,"y":40.0}],"outgoing":[{"resourceId":"sid-CED945DF-53C1-4C34-AACA-661F93079CCC"}],"target":{"resourceId":"sid-CED945DF-53C1-4C34-AACA-661F93079CCC"},"properties":{"overrideid":"sid-B8FBA5C6-1118-4086-B3A4-A4B0B6F790AB","executionlisteners":{"executionListeners":[]}}},{"bounds":{"lowerRight":{"x":325.0,"y":179.0},"upperLeft":{"x":297.0,"y":151.0}},"resourceId":"sid-0123DD1B-A378-4BCE-8A7F-190A2F706A6A","childShapes":[],"stencil":{"id":"EndNoneEvent"},"properties":{"overrideid":"sid-0123DD1B-A378-4BCE-8A7F-190A2F706A6A","executionlisteners":{"executionListeners":[]},"asynchronousdefinition":false,"exclusivedefinition":false},"outgoing":[]},{"bounds":{"lowerRight":{"x":172.0,"y":212.0},"upperLeft":{"x":128.0,"y":212.0}},"resourceId":"sid-A4C16FDC-5CEC-4E94-B923-F451CF124FF1","childShapes":[],"stencil":{"id":"SequenceFlow"},"dockers":[{"x":50.0,"y":40.0},{"x":14.0,"y":14.0}],"outgoing":[{"resourceId":"sid-0123DD1B-A378-4BCE-8A7F-190A2F706A6A"}],"target":{"resourceId":"sid-0123DD1B-A378-4BCE-8A7F-190A2F706A6A"},"properties":{"overrideid":"sid-A4C16FDC-5CEC-4E94-B923-F451CF124FF1","executionlisteners":{"executionListeners":[]}}}]}