{"bounds":{"lowerRight":{"x":1485.0,"y":700.0},"upperLeft":{"x":0.0,"y":0.0}},"resourceId":"canvas","stencil":{"id":"BPMNDiagram"},"stencilset":{"namespace":"http://b3mn.org/stencilset/bpmn2.0#","url":"../editor/stencilsets/bpmn2.0/bpmn2.0.json"},"properties":{"process_id":"e2e-attach_file_single_multiple-process","name":"e2e-attach_file_single_multiple-process","executionlisteners":{"executionListeners":[]},"eventlisteners":{"eventListeners":[]},"signaldefinitions":[],"messagedefinitions":[],"process_namespace":"http://www.activiti.org/processdef"},"childShapes":[{"bounds":{"lowerRight":{"x":120.0,"y":180.0},"upperLeft":{"x":90.0,"y":150.0}},"resourceId":"startEvent1","childShapes":[],"stencil":{"id":"StartNoneEvent"},"properties":{"overrideid":"startEvent1","formreference":{"id":100,"name":"attach-file-widget-single-multiple"},"executionlisteners":{"executionListeners":[]},"asynchronousdefinition":false,"exclusivedefinition":false},"outgoing":[{"resourceId":"sid-76953313-37F9-470D-8A79-F82856E9A0B7"}]},{"bounds":{"lowerRight":{"x":265.0,"y":200.0},"upperLeft":{"x":165.0,"y":120.0}},"resourceId":"sid-11CEC11A-5460-495A-9ECC-5A6F787F56C9","childShapes":[],"stencil":{"id":"UserTask"},"properties":{"overrideid":"sid-11CEC11A-5460-495A-9ECC-5A6F787F56C9","name":"User task of attach file widget single and multiple","usertasksendemail":true,"usertaskassignment":{"assignment":{"type":"idm","idm":{"type":"initiator"},"initiatorCanCompleteTask":false,"deactivateUserTaskReassignment":false}},"formreference":{"id":100,"name":"attach-file-widget-single-multiple"},"executionlisteners":{"executionListeners":[]},"isforcompensation":false,"asynchronousdefinition":false,"exclusivedefinition":false,"tasklisteners":{"taskListeners":[]}},"outgoing":[{"resourceId":"sid-0E1E17D6-D0D4-4B27-BBA2-CF10096EB880"}]},{"bounds":{"lowerRight":{"x":172.0,"y":212.0},"upperLeft":{"x":128.0,"y":212.0}},"resourceId":"sid-76953313-37F9-470D-8A79-F82856E9A0B7","childShapes":[],"stencil":{"id":"SequenceFlow"},"dockers":[{"x":15.0,"y":15.0},{"x":142.5,"y":165.0},{"x":142.5,"y":160.0},{"x":50.0,"y":40.0}],"outgoing":[{"resourceId":"sid-11CEC11A-5460-495A-9ECC-5A6F787F56C9"}],"target":{"resourceId":"sid-11CEC11A-5460-495A-9ECC-5A6F787F56C9"},"properties":{"overrideid":"sid-76953313-37F9-470D-8A79-F82856E9A0B7","executionlisteners":{"executionListeners":[]}}},{"bounds":{"lowerRight":{"x":338.0,"y":179.0},"upperLeft":{"x":310.0,"y":151.0}},"resourceId":"sid-23897939-0424-4868-BC74-D7C1F6A31F09","childShapes":[],"stencil":{"id":"EndNoneEvent"},"properties":{"overrideid":"sid-23897939-0424-4868-BC74-D7C1F6A31F09","executionlisteners":{"executionListeners":[]},"asynchronousdefinition":false,"exclusivedefinition":false},"outgoing":[]},{"bounds":{"lowerRight":{"x":172.0,"y":212.0},"upperLeft":{"x":128.0,"y":212.0}},"resourceId":"sid-0E1E17D6-D0D4-4B27-BBA2-CF10096EB880","childShapes":[],"stencil":{"id":"SequenceFlow"},"dockers":[{"x":50.0,"y":40.0},{"x":287.5,"y":160.0},{"x":287.5,"y":165.0},{"x":14.0,"y":14.0}],"outgoing":[{"resourceId":"sid-23897939-0424-4868-BC74-D7C1F6A31F09"}],"target":{"resourceId":"sid-23897939-0424-4868-BC74-D7C1F6A31F09"},"properties":{"overrideid":"sid-0E1E17D6-D0D4-4B27-BBA2-CF10096EB880","executionlisteners":{"executionListeners":[]}}}]}