{"bounds":{"lowerRight":{"x":1485.0,"y":700.0},"upperLeft":{"x":0.0,"y":0.0}},"resourceId":"canvas","stencil":{"id":"BPMNDiagram"},"stencilset":{"namespace":"http://b3mn.org/stencilset/bpmn2.0#","url":"../editor/stencilsets/bpmn2.0/bpmn2.0.json"},"properties":{"process_id":"e2e-attach_file_all-process","name":"e2e-attach_file_all-process","executionlisteners":{"executionListeners":[]},"eventlisteners":{"eventListeners":[]},"signaldefinitions":[],"messagedefinitions":[],"process_namespace":"http://www.activiti.org/processdef"},"childShapes":[{"bounds":{"lowerRight":{"x":130.0,"y":190.0},"upperLeft":{"x":100.0,"y":160.0}},"resourceId":"startEvent1","childShapes":[],"stencil":{"id":"StartNoneEvent"},"properties":{"overrideid":"startEvent1","formreference":{"id":101,"name":"attach-file-all"},"executionlisteners":{"executionListeners":[]},"asynchronousdefinition":false,"exclusivedefinition":false},"outgoing":[{"resourceId":"sid-FBF8EF86-4407-4990-9DBD-BF2977EEACC2"}]},{"bounds":{"lowerRight":{"x":280.0,"y":215.0},"upperLeft":{"x":180.0,"y":135.0}},"resourceId":"sid-D0618C4E-C327-41D1-BB37-F326851C39FA","childShapes":[],"stencil":{"id":"UserTask"},"properties":{"overrideid":"sid-D0618C4E-C327-41D1-BB37-F326851C39FA","name":"User task of all attach file widgets","usertasksendemail":true,"usertaskassignment":{"assignment":{"type":"idm","idm":{"type":"initiator"},"initiatorCanCompleteTask":false,"deactivateUserTaskReassignment":false}},"formreference":{"id":101,"name":"attach-file-all"},"executionlisteners":{"executionListeners":[]},"isforcompensation":false,"asynchronousdefinition":false,"exclusivedefinition":false,"tasklisteners":{"taskListeners":[]}},"outgoing":[{"resourceId":"sid-0B42FEF7-8053-4B51-8F43-EA81AEF9035F"}]},{"bounds":{"lowerRight":{"x":172.0,"y":212.0},"upperLeft":{"x":128.0,"y":212.0}},"resourceId":"sid-FBF8EF86-4407-4990-9DBD-BF2977EEACC2","childShapes":[],"stencil":{"id":"SequenceFlow"},"dockers":[{"x":15.0,"y":15.0},{"x":50.0,"y":40.0}],"outgoing":[{"resourceId":"sid-D0618C4E-C327-41D1-BB37-F326851C39FA"}],"target":{"resourceId":"sid-D0618C4E-C327-41D1-BB37-F326851C39FA"},"properties":{"overrideid":"sid-FBF8EF86-4407-4990-9DBD-BF2977EEACC2","executionlisteners":{"executionListeners":[]}}},{"bounds":{"lowerRight":{"x":348.0,"y":189.0},"upperLeft":{"x":320.0,"y":161.0}},"resourceId":"sid-92430708-0AD9-43FC-A87A-C0E116873F6D","childShapes":[],"stencil":{"id":"EndNoneEvent"},"properties":{"overrideid":"sid-92430708-0AD9-43FC-A87A-C0E116873F6D","executionlisteners":{"executionListeners":[]},"asynchronousdefinition":false,"exclusivedefinition":false},"outgoing":[]},{"bounds":{"lowerRight":{"x":172.0,"y":212.0},"upperLeft":{"x":128.0,"y":212.0}},"resourceId":"sid-0B42FEF7-8053-4B51-8F43-EA81AEF9035F","childShapes":[],"stencil":{"id":"SequenceFlow"},"dockers":[{"x":50.0,"y":40.0},{"x":14.0,"y":14.0}],"outgoing":[{"resourceId":"sid-92430708-0AD9-43FC-A87A-C0E116873F6D"}],"target":{"resourceId":"sid-92430708-0AD9-43FC-A87A-C0E116873F6D"},"properties":{"overrideid":"sid-0B42FEF7-8053-4B51-8F43-EA81AEF9035F","executionlisteners":{"executionListeners":[]}}}]}