<?xml version='1.0' encoding='UTF-8'?>
<bpmn2:definitions xmlns="http://www.omg.org/spec/BPMN/20100524/MODEL" xmlns:bpmn2="http://www.omg.org/spec/BPMN/20100524/MODEL" xmlns:xsi="http://www.w3.org/2001/XMLSchema-instance" xmlns:xsd="http://www.w3.org/2001/XMLSchema" xmlns:activiti="http://activiti.org/bpmn" xmlns:bpmndi="http://www.omg.org/spec/BPMN/20100524/DI" xmlns:omgdc="http://www.omg.org/spec/DD/20100524/DC" xmlns:omgdi="http://www.omg.org/spec/DD/20100524/DI" typeLanguage="http://www.w3.org/2001/XMLSchema" expressionLanguage="http://www.w3.org/1999/XPath" targetNamespace="http://www.activiti.org/processdef" xmlns:modeler="http://activiti.com/modeler" modeler:version="1.0en" modeler:exportDateTime="20250423083024269" modeler:modelId="111" modeler:modelVersion="1" modeler:modelLastUpdated="1745396910381">
  <bpmn2:process id="e2e-attach_file_local-process" name="e2e-attach_file_local-process" isExecutable="true">
    <bpmn2:startEvent id="startEvent1" activiti:formKey="95">
      <extensionElements>
        <modeler:form-reference-id><![CDATA[95]]></modeler:form-reference-id>
        <modeler:form-reference-name><![CDATA[attach-local-file-widget]]></modeler:form-reference-name>
        <modeler:editor-resource-id><![CDATA[startEvent1]]></modeler:editor-resource-id>
      </extensionElements>
      <bpmn2:outgoing>sid-3CAA348B-0602-4F1B-A2DD-5D1A0AA7CD49</bpmn2:outgoing>
    </bpmn2:startEvent>
    <bpmn2:userTask id="sid-499E23B0-E0D7-4150-98E2-2D263866D6D8" name="User task of local attach file widgets" activiti:assignee="$INITIATOR" activiti:formKey="95">
      <extensionElements>
        <modeler:allow-send-email><![CDATA[true]]></modeler:allow-send-email>
        <modeler:form-reference-id><![CDATA[95]]></modeler:form-reference-id>
        <modeler:form-reference-name><![CDATA[attach-local-file-widget]]></modeler:form-reference-name>
        <modeler:activiti-idm-initiator><![CDATA[true]]></modeler:activiti-idm-initiator>
        <modeler:initiator-can-complete><![CDATA[false]]></modeler:initiator-can-complete>
        <modeler:deactivate-user-task-reassignment><![CDATA[false]]></modeler:deactivate-user-task-reassignment>
        <modeler:editor-resource-id><![CDATA[sid-499E23B0-E0D7-4150-98E2-2D263866D6D8]]></modeler:editor-resource-id>
      </extensionElements>
      <bpmn2:incoming>sid-3CAA348B-0602-4F1B-A2DD-5D1A0AA7CD49</bpmn2:incoming>
      <bpmn2:outgoing>sid-FDD81549-0F6B-4A28-B98F-4862A2E5E93C</bpmn2:outgoing>
    </bpmn2:userTask>
    <bpmn2:sequenceFlow id="sid-3CAA348B-0602-4F1B-A2DD-5D1A0AA7CD49" sourceRef="startEvent1" targetRef="sid-499E23B0-E0D7-4150-98E2-2D263866D6D8">
      <extensionElements>
        <modeler:editor-resource-id><![CDATA[sid-3CAA348B-0602-4F1B-A2DD-5D1A0AA7CD49]]></modeler:editor-resource-id>
      </extensionElements>
    </bpmn2:sequenceFlow>
    <bpmn2:endEvent id="sid-513A13C1-026C-45AA-8733-52420CFAFB0A">
      <extensionElements>
        <modeler:editor-resource-id><![CDATA[sid-513A13C1-026C-45AA-8733-52420CFAFB0A]]></modeler:editor-resource-id>
      </extensionElements>
      <bpmn2:incoming>sid-FDD81549-0F6B-4A28-B98F-4862A2E5E93C</bpmn2:incoming>
    </bpmn2:endEvent>
    <bpmn2:sequenceFlow id="sid-FDD81549-0F6B-4A28-B98F-4862A2E5E93C" sourceRef="sid-499E23B0-E0D7-4150-98E2-2D263866D6D8" targetRef="sid-513A13C1-026C-45AA-8733-52420CFAFB0A">
      <extensionElements>
        <modeler:editor-resource-id><![CDATA[sid-FDD81549-0F6B-4A28-B98F-4862A2E5E93C]]></modeler:editor-resource-id>
      </extensionElements>
    </bpmn2:sequenceFlow>
  </bpmn2:process>
  <bpmndi:BPMNDiagram id="BPMNDiagram_e2e-attach_file_local-process">
    <bpmndi:BPMNPlane bpmnElement="e2e-attach_file_local-process" id="BPMNPlane_e2e-attach_file_local-process">
      <bpmndi:BPMNShape bpmnElement="startEvent1" id="BPMNShape_startEvent1">
        <omgdc:Bounds height="30.0" width="30.0" x="90.0" y="145.0"/>
      </bpmndi:BPMNShape>
      <bpmndi:BPMNShape bpmnElement="sid-499E23B0-E0D7-4150-98E2-2D263866D6D8" id="BPMNShape_sid-499E23B0-E0D7-4150-98E2-2D263866D6D8">
        <omgdc:Bounds height="80.0" width="100.0" x="165.0" y="120.0"/>
      </bpmndi:BPMNShape>
      <bpmndi:BPMNShape bpmnElement="sid-513A13C1-026C-45AA-8733-52420CFAFB0A" id="BPMNShape_sid-513A13C1-026C-45AA-8733-52420CFAFB0A">
        <omgdc:Bounds height="28.0" width="28.0" x="300.0" y="146.0"/>
      </bpmndi:BPMNShape>
      <bpmndi:BPMNEdge bpmnElement="sid-FDD81549-0F6B-4A28-B98F-4862A2E5E93C" id="BPMNEdge_sid-FDD81549-0F6B-4A28-B98F-4862A2E5E93C">
        <omgdi:waypoint x="265.0" y="160.0"/>
        <omgdi:waypoint x="300.0" y="160.0"/>
      </bpmndi:BPMNEdge>
      <bpmndi:BPMNEdge bpmnElement="sid-3CAA348B-0602-4F1B-A2DD-5D1A0AA7CD49" id="BPMNEdge_sid-3CAA348B-0602-4F1B-A2DD-5D1A0AA7CD49">
        <omgdi:waypoint x="120.0" y="160.0"/>
        <omgdi:waypoint x="165.0" y="160.0"/>
      </bpmndi:BPMNEdge>
    </bpmndi:BPMNPlane>
  </bpmndi:BPMNDiagram>
</bpmn2:definitions>