{"bounds":{"lowerRight":{"x":1485.0,"y":700.0},"upperLeft":{"x":0.0,"y":0.0}},"resourceId":"canvas","stencil":{"id":"BPMNDiagram"},"stencilset":{"namespace":"http://b3mn.org/stencilset/bpmn2.0#","url":"../editor/stencilsets/bpmn2.0/bpmn2.0.json"},"properties":{"process_id":"e2e-Candidate_Users-process","name":"e2e-Candidate_Users-process","executionlisteners":{"executionListeners":[]},"eventlisteners":{"eventListeners":[]},"signaldefinitions":[],"messagedefinitions":[],"process_namespace":"http://www.activiti.org/processdef"},"childShapes":[{"bounds":{"lowerRight":{"x":120.0,"y":175.0},"upperLeft":{"x":90.0,"y":145.0}},"resourceId":"startEvent1","childShapes":[],"stencil":{"id":"StartNoneEvent"},"properties":{"overrideid":"startEvent1","executionlisteners":{"executionListeners":[]},"asynchronousdefinition":false,"exclusivedefinition":false},"outgoing":[{"resourceId":"sid-A6BCE18A-2BD5-49B5-A2D3-0FB0BF48A7FF"}]},{"bounds":{"lowerRight":{"x":265.0,"y":200.0},"upperLeft":{"x":165.0,"y":120.0}},"resourceId":"sid-727D5644-CED8-4064-8304-A7171E6AA012","childShapes":[],"stencil":{"id":"UserTask"},"properties":{"overrideid":"sid-727D5644-CED8-4064-8304-A7171E6AA012","name":"Candidate users tasks","usertasksendemail":true,"usertaskassignment":{"assignment":{"type":"idm","idm":{"candidateUsers":[{"id":100101,"email":"hruser@example.com","firstName":"HR","lastName":"User"},{"id":100104,"email":"salesuser@example.com","firstName":"Sales","lastName":"User"}],"type":"users"},"initiatorCanCompleteTask":false}},"executionlisteners":{"executionListeners":[]},"isforcompensation":false,"asynchronousdefinition":false,"exclusivedefinition":false,"tasklisteners":{"taskListeners":[]}},"outgoing":[{"resourceId":"sid-057245F2-CE29-4FC4-A875-02B517405D3A"}]},{"bounds":{"lowerRight":{"x":172.0,"y":212.0},"upperLeft":{"x":128.0,"y":212.0}},"resourceId":"sid-A6BCE18A-2BD5-49B5-A2D3-0FB0BF48A7FF","childShapes":[],"stencil":{"id":"SequenceFlow"},"dockers":[{"x":15.0,"y":15.0},{"x":50.0,"y":40.0}],"outgoing":[{"resourceId":"sid-727D5644-CED8-4064-8304-A7171E6AA012"}],"target":{"resourceId":"sid-727D5644-CED8-4064-8304-A7171E6AA012"},"properties":{"overrideid":"sid-A6BCE18A-2BD5-49B5-A2D3-0FB0BF48A7FF","executionlisteners":{"executionListeners":[]}}},{"bounds":{"lowerRight":{"x":338.0,"y":174.0},"upperLeft":{"x":310.0,"y":146.0}},"resourceId":"sid-C05D017C-9301-4AFE-A861-42049E993E61","childShapes":[],"stencil":{"id":"EndNoneEvent"},"properties":{"overrideid":"sid-C05D017C-9301-4AFE-A861-42049E993E61","executionlisteners":{"executionListeners":[]},"asynchronousdefinition":false,"exclusivedefinition":false},"outgoing":[]},{"bounds":{"lowerRight":{"x":172.0,"y":212.0},"upperLeft":{"x":128.0,"y":212.0}},"resourceId":"sid-057245F2-CE29-4FC4-A875-02B517405D3A","childShapes":[],"stencil":{"id":"SequenceFlow"},"dockers":[{"x":50.0,"y":40.0},{"x":14.0,"y":14.0}],"outgoing":[{"resourceId":"sid-C05D017C-9301-4AFE-A861-42049E993E61"}],"target":{"resourceId":"sid-C05D017C-9301-4AFE-A861-42049E993E61"},"properties":{"overrideid":"sid-057245F2-CE29-4FC4-A875-02B517405D3A","executionlisteners":{"executionListeners":[]}}}]}