<?xml version='1.0' encoding='UTF-8'?>
<definitions xmlns="http://www.omg.org/spec/BPMN/20100524/MODEL" xmlns:xsi="http://www.w3.org/2001/XMLSchema-instance" xmlns:xsd="http://www.w3.org/2001/XMLSchema" xmlns:activiti="http://activiti.org/bpmn" xmlns:bpmndi="http://www.omg.org/spec/BPMN/20100524/DI" xmlns:omgdc="http://www.omg.org/spec/DD/20100524/DC" xmlns:omgdi="http://www.omg.org/spec/DD/20100524/DI" typeLanguage="http://www.w3.org/2001/XMLSchema" expressionLanguage="http://www.w3.org/1999/XPath" targetNamespace="http://www.activiti.org/processdef" xmlns:modeler="http://activiti.com/modeler" modeler:version="1.0en" modeler:exportDateTime="20210122083938798" modeler:modelId="62" modeler:modelVersion="3" modeler:modelLastUpdated="1611304776627">
  <process id="e2e-attach_multiple_file_on_start_event-process" name="e2e-attach_multiple_file_on_start_event-process" isExecutable="true">
    <startEvent id="startEvent1" activiti:formKey="42">
      <extensionElements>
        <modeler:form-reference-id><![CDATA[42]]></modeler:form-reference-id>
        <modeler:form-reference-name><![CDATA[attach-multiple-files]]></modeler:form-reference-name>
        <modeler:editor-resource-id><![CDATA[startEvent1]]></modeler:editor-resource-id>
      </extensionElements>
    </startEvent>
    <userTask id="sid-12B91158-54CB-4036-BCA2-EC0009D2F78C" name="User task of multiple attach file process" activiti:async="true" activiti:exclusive="false" activiti:assignee="$INITIATOR" activiti:formKey="42">
      <extensionElements>
        <activiti:executionListener event="start" class="com.activiti.runtime.activiti.ContentProcessorExecutionListener">
          <activiti:field name="externalContentHandler">
            <activiti:expression><![CDATA[${externalContentHandler}]]></activiti:expression>
          </activiti:field>
        </activiti:executionListener>
        <modeler:allow-send-email><![CDATA[true]]></modeler:allow-send-email>
        <modeler:form-reference-id><![CDATA[42]]></modeler:form-reference-id>
        <modeler:form-reference-name><![CDATA[attach-multiple-files]]></modeler:form-reference-name>
        <modeler:activiti-idm-initiator><![CDATA[true]]></modeler:activiti-idm-initiator>
        <modeler:initiator-can-complete><![CDATA[false]]></modeler:initiator-can-complete>
        <modeler:editor-resource-id><![CDATA[sid-12B91158-54CB-4036-BCA2-EC0009D2F78C]]></modeler:editor-resource-id>
        <modeler:ignore-listener-on-import><![CDATA[com.activiti.runtime.activiti.ContentProcessorExecutionListener]]></modeler:ignore-listener-on-import>
      </extensionElements>
    </userTask>
    <sequenceFlow id="sid-A7F5CFDF-87E4-4FAE-BD4A-61204A5E1BFE" sourceRef="startEvent1" targetRef="sid-12B91158-54CB-4036-BCA2-EC0009D2F78C">
      <extensionElements>
        <modeler:editor-resource-id><![CDATA[sid-A7F5CFDF-87E4-4FAE-BD4A-61204A5E1BFE]]></modeler:editor-resource-id>
      </extensionElements>
    </sequenceFlow>
    <endEvent id="sid-0A847A84-0A83-437B-B55C-80226B2F82AE" activiti:async="true" activiti:exclusive="false">
      <extensionElements>
        <activiti:executionListener event="start" class="com.activiti.runtime.activiti.ContentProcessorExecutionListener">
          <activiti:field name="externalContentHandler">
            <activiti:expression><![CDATA[${externalContentHandler}]]></activiti:expression>
          </activiti:field>
        </activiti:executionListener>
        <modeler:editor-resource-id><![CDATA[sid-0A847A84-0A83-437B-B55C-80226B2F82AE]]></modeler:editor-resource-id>
        <modeler:ignore-listener-on-import><![CDATA[com.activiti.runtime.activiti.ContentProcessorExecutionListener]]></modeler:ignore-listener-on-import>
      </extensionElements>
    </endEvent>
    <sequenceFlow id="sid-1FFA53C6-1BAB-4B5C-94EE-9FE728E4CDB3" sourceRef="sid-12B91158-54CB-4036-BCA2-EC0009D2F78C" targetRef="sid-0A847A84-0A83-437B-B55C-80226B2F82AE">
      <extensionElements>
        <modeler:editor-resource-id><![CDATA[sid-1FFA53C6-1BAB-4B5C-94EE-9FE728E4CDB3]]></modeler:editor-resource-id>
      </extensionElements>
    </sequenceFlow>
  </process>
  <bpmndi:BPMNDiagram id="BPMNDiagram_e2e-attach_multiple_file_on_start_event-process">
    <bpmndi:BPMNPlane bpmnElement="e2e-attach_multiple_file_on_start_event-process" id="BPMNPlane_e2e-attach_multiple_file_on_start_event-process">
      <bpmndi:BPMNShape bpmnElement="startEvent1" id="BPMNShape_startEvent1">
        <omgdc:Bounds height="30.0" width="30.0" x="100.0" y="163.0"/>
      </bpmndi:BPMNShape>
      <bpmndi:BPMNShape bpmnElement="sid-12B91158-54CB-4036-BCA2-EC0009D2F78C" id="BPMNShape_sid-12B91158-54CB-4036-BCA2-EC0009D2F78C">
        <omgdc:Bounds height="80.0" width="100.0" x="165.0" y="135.0"/>
      </bpmndi:BPMNShape>
      <bpmndi:BPMNShape bpmnElement="sid-0A847A84-0A83-437B-B55C-80226B2F82AE" id="BPMNShape_sid-0A847A84-0A83-437B-B55C-80226B2F82AE">
        <omgdc:Bounds height="28.0" width="28.0" x="320.0" y="164.0"/>
      </bpmndi:BPMNShape>
      <bpmndi:BPMNEdge bpmnElement="sid-A7F5CFDF-87E4-4FAE-BD4A-61204A5E1BFE" id="BPMNEdge_sid-A7F5CFDF-87E4-4FAE-BD4A-61204A5E1BFE">
        <omgdi:waypoint x="129.9932545528355" y="177.5502023634149"/>
        <omgdi:waypoint x="165.0" y="176.5"/>
      </bpmndi:BPMNEdge>
      <bpmndi:BPMNEdge bpmnElement="sid-1FFA53C6-1BAB-4B5C-94EE-9FE728E4CDB3" id="BPMNEdge_sid-1FFA53C6-1BAB-4B5C-94EE-9FE728E4CDB3">
        <omgdi:waypoint x="265.0" y="175.0"/>
        <omgdi:waypoint x="292.5" y="175.0"/>
        <omgdi:waypoint x="292.5" y="178.0"/>
        <omgdi:waypoint x="320.0" y="178.0"/>
      </bpmndi:BPMNEdge>
    </bpmndi:BPMNPlane>
  </bpmndi:BPMNDiagram>
</definitions>