<?xml version='1.0' encoding='UTF-8'?>
<definitions xmlns="http://www.omg.org/spec/BPMN/20100524/MODEL" xmlns:xsi="http://www.w3.org/2001/XMLSchema-instance" xmlns:xsd="http://www.w3.org/2001/XMLSchema" xmlns:activiti="http://activiti.org/bpmn" xmlns:bpmndi="http://www.omg.org/spec/BPMN/20100524/DI" xmlns:omgdc="http://www.omg.org/spec/DD/20100524/DC" xmlns:omgdi="http://www.omg.org/spec/DD/20100524/DI" typeLanguage="http://www.w3.org/2001/XMLSchema" expressionLanguage="http://www.w3.org/1999/XPath" targetNamespace="http://www.activiti.org/processdef" xmlns:modeler="http://activiti.com/modeler" modeler:version="1.0en" modeler:exportDateTime="20210312165128333" modeler:modelId="33" modeler:modelVersion="3" modeler:modelLastUpdated="1615549517936">
  <process id="e2e-attach_file_single_multiple-process" name="e2e-attach_file_single_multiple-process" isExecutable="true">
    <startEvent id="startEvent1" activiti:formKey="8">
      <extensionElements>
        <modeler:form-reference-id><![CDATA[8]]></modeler:form-reference-id>
        <modeler:form-reference-name><![CDATA[attach-file-widget-single-multiple]]></modeler:form-reference-name>
        <modeler:editor-resource-id><![CDATA[startEvent1]]></modeler:editor-resource-id>
      </extensionElements>
    </startEvent>
    <userTask id="sid-11CEC11A-5460-495A-9ECC-5A6F787F56C9" name="User task of attach file widget single and multiple" activiti:async="true" activiti:exclusive="false" activiti:assignee="$INITIATOR" activiti:formKey="8">
      <extensionElements>
        <activiti:executionListener event="start" class="com.activiti.runtime.activiti.ContentProcessorExecutionListener">
          <activiti:field name="externalContentHandler">
            <activiti:expression><![CDATA[${externalContentHandler}]]></activiti:expression>
          </activiti:field>
        </activiti:executionListener>
        <modeler:allow-send-email><![CDATA[true]]></modeler:allow-send-email>
        <modeler:form-reference-id><![CDATA[8]]></modeler:form-reference-id>
        <modeler:form-reference-name><![CDATA[attach-file-widget-single-multiple]]></modeler:form-reference-name>
        <modeler:activiti-idm-initiator><![CDATA[true]]></modeler:activiti-idm-initiator>
        <modeler:initiator-can-complete><![CDATA[false]]></modeler:initiator-can-complete>
        <modeler:editor-resource-id><![CDATA[sid-11CEC11A-5460-495A-9ECC-5A6F787F56C9]]></modeler:editor-resource-id>
        <modeler:ignore-listener-on-import><![CDATA[com.activiti.runtime.activiti.ContentProcessorExecutionListener]]></modeler:ignore-listener-on-import>
      </extensionElements>
    </userTask>
    <sequenceFlow id="sid-76953313-37F9-470D-8A79-F82856E9A0B7" sourceRef="startEvent1" targetRef="sid-11CEC11A-5460-495A-9ECC-5A6F787F56C9">
      <extensionElements>
        <modeler:editor-resource-id><![CDATA[sid-76953313-37F9-470D-8A79-F82856E9A0B7]]></modeler:editor-resource-id>
      </extensionElements>
    </sequenceFlow>
    <endEvent id="sid-23897939-0424-4868-BC74-D7C1F6A31F09" activiti:async="true" activiti:exclusive="false">
      <extensionElements>
        <activiti:executionListener event="start" class="com.activiti.runtime.activiti.ContentProcessorExecutionListener">
          <activiti:field name="externalContentHandler">
            <activiti:expression><![CDATA[${externalContentHandler}]]></activiti:expression>
          </activiti:field>
        </activiti:executionListener>
        <modeler:editor-resource-id><![CDATA[sid-23897939-0424-4868-BC74-D7C1F6A31F09]]></modeler:editor-resource-id>
        <modeler:ignore-listener-on-import><![CDATA[com.activiti.runtime.activiti.ContentProcessorExecutionListener]]></modeler:ignore-listener-on-import>
      </extensionElements>
    </endEvent>
    <sequenceFlow id="sid-0E1E17D6-D0D4-4B27-BBA2-CF10096EB880" sourceRef="sid-11CEC11A-5460-495A-9ECC-5A6F787F56C9" targetRef="sid-23897939-0424-4868-BC74-D7C1F6A31F09">
      <extensionElements>
        <modeler:editor-resource-id><![CDATA[sid-0E1E17D6-D0D4-4B27-BBA2-CF10096EB880]]></modeler:editor-resource-id>
      </extensionElements>
    </sequenceFlow>
  </process>
  <bpmndi:BPMNDiagram id="BPMNDiagram_e2e-attach_file_single_multiple-process">
    <bpmndi:BPMNPlane bpmnElement="e2e-attach_file_single_multiple-process" id="BPMNPlane_e2e-attach_file_single_multiple-process">
      <bpmndi:BPMNShape bpmnElement="startEvent1" id="BPMNShape_startEvent1">
        <omgdc:Bounds height="30.0" width="30.0" x="90.0" y="150.0"/>
      </bpmndi:BPMNShape>
      <bpmndi:BPMNShape bpmnElement="sid-11CEC11A-5460-495A-9ECC-5A6F787F56C9" id="BPMNShape_sid-11CEC11A-5460-495A-9ECC-5A6F787F56C9">
        <omgdc:Bounds height="80.0" width="100.0" x="165.0" y="120.0"/>
      </bpmndi:BPMNShape>
      <bpmndi:BPMNShape bpmnElement="sid-23897939-0424-4868-BC74-D7C1F6A31F09" id="BPMNShape_sid-23897939-0424-4868-BC74-D7C1F6A31F09">
        <omgdc:Bounds height="28.0" width="28.0" x="310.0" y="151.0"/>
      </bpmndi:BPMNShape>
      <bpmndi:BPMNEdge bpmnElement="sid-76953313-37F9-470D-8A79-F82856E9A0B7" id="BPMNEdge_sid-76953313-37F9-470D-8A79-F82856E9A0B7">
        <omgdi:waypoint x="120.0" y="165.0"/>
        <omgdi:waypoint x="142.5" y="165.0"/>
        <omgdi:waypoint x="142.5" y="160.0"/>
        <omgdi:waypoint x="165.0" y="160.0"/>
      </bpmndi:BPMNEdge>
      <bpmndi:BPMNEdge bpmnElement="sid-0E1E17D6-D0D4-4B27-BBA2-CF10096EB880" id="BPMNEdge_sid-0E1E17D6-D0D4-4B27-BBA2-CF10096EB880">
        <omgdi:waypoint x="265.0" y="160.0"/>
        <omgdi:waypoint x="287.5" y="160.0"/>
        <omgdi:waypoint x="287.5" y="165.0"/>
        <omgdi:waypoint x="310.0" y="165.0"/>
      </bpmndi:BPMNEdge>
    </bpmndi:BPMNPlane>
  </bpmndi:BPMNDiagram>
</definitions>