{"bounds":{"lowerRight":{"x":1485.0,"y":700.0},"upperLeft":{"x":0.0,"y":0.0}},"resourceId":"canvas","stencil":{"id":"BPMNDiagram"},"stencilset":{"namespace":"http://b3mn.org/stencilset/bpmn2.0#","url":"../editor/stencilsets/bpmn2.0/bpmn2.0.json"},"properties":{"process_id":"e2e-attach_file_acs-process","name":"e2e-attach_file_acs-process","executionlisteners":{"executionListeners":[]},"eventlisteners":{"eventListeners":[]},"signaldefinitions":[],"messagedefinitions":[],"process_namespace":"http://www.activiti.org/processdef"},"childShapes":[{"bounds":{"lowerRight":{"x":120.0,"y":180.0},"upperLeft":{"x":90.0,"y":150.0}},"resourceId":"startEvent1","childShapes":[],"stencil":{"id":"StartNoneEvent"},"properties":{"overrideid":"startEvent1","formreference":{"id":16,"name":"attach-acs-file-widget"},"executionlisteners":{"executionListeners":[]},"asynchronousdefinition":false,"exclusivedefinition":false},"outgoing":[{"resourceId":"sid-BCCF09E7-2FE2-4B20-B916-F5A510BB8674"}]},{"bounds":{"lowerRight":{"x":265.0,"y":205.0},"upperLeft":{"x":165.0,"y":125.0}},"resourceId":"sid-39FBE4E1-CD2D-4147-A48C-849B9D636126","childShapes":[],"stencil":{"id":"UserTask"},"properties":{"overrideid":"sid-39FBE4E1-CD2D-4147-A48C-849B9D636126","name":"User task of acs attach file widgets","usertasksendemail":true,"usertaskassignment":{"assignment":{"type":"idm","idm":{"type":"initiator"},"initiatorCanCompleteTask":false,"deactivateUserTaskReassignment":false}},"formreference":{"id":16,"name":"attach-acs-file-widget"},"executionlisteners":{"executionListeners":[]},"isforcompensation":false,"asynchronousdefinition":false,"exclusivedefinition":false,"tasklisteners":{"taskListeners":[]}},"outgoing":[{"resourceId":"sid-871DFC5E-1B3A-436A-92AF-D28263F7E6CD"}]},{"bounds":{"lowerRight":{"x":172.0,"y":212.0},"upperLeft":{"x":128.0,"y":212.0}},"resourceId":"sid-BCCF09E7-2FE2-4B20-B916-F5A510BB8674","childShapes":[],"stencil":{"id":"SequenceFlow"},"dockers":[{"x":15.0,"y":15.0},{"x":50.0,"y":40.0}],"outgoing":[{"resourceId":"sid-39FBE4E1-CD2D-4147-A48C-849B9D636126"}],"target":{"resourceId":"sid-39FBE4E1-CD2D-4147-A48C-849B9D636126"},"properties":{"overrideid":"sid-BCCF09E7-2FE2-4B20-B916-F5A510BB8674","executionlisteners":{"executionListeners":[]}}},{"bounds":{"lowerRight":{"x":317.0,"y":179.0},"upperLeft":{"x":289.0,"y":151.0}},"resourceId":"sid-AEB1F293-9372-4312-82BD-1B3EEF526E07","childShapes":[],"stencil":{"id":"EndNoneEvent"},"properties":{"overrideid":"sid-AEB1F293-9372-4312-82BD-1B3EEF526E07","executionlisteners":{"executionListeners":[]},"asynchronousdefinition":false,"exclusivedefinition":false},"outgoing":[]},{"bounds":{"lowerRight":{"x":172.0,"y":212.0},"upperLeft":{"x":128.0,"y":212.0}},"resourceId":"sid-871DFC5E-1B3A-436A-92AF-D28263F7E6CD","childShapes":[],"stencil":{"id":"SequenceFlow"},"dockers":[{"x":50.0,"y":40.0},{"x":14.0,"y":14.0}],"outgoing":[{"resourceId":"sid-AEB1F293-9372-4312-82BD-1B3EEF526E07"}],"target":{"resourceId":"sid-AEB1F293-9372-4312-82BD-1B3EEF526E07"},"properties":{"overrideid":"sid-871DFC5E-1B3A-436A-92AF-D28263F7E6CD","executionlisteners":{"executionListeners":[]}}}]}