<?xml version='1.0' encoding='UTF-8'?>
<bpmn2:definitions xmlns="http://www.omg.org/spec/BPMN/20100524/MODEL" xmlns:bpmn2="http://www.omg.org/spec/BPMN/20100524/MODEL" xmlns:xsi="http://www.w3.org/2001/XMLSchema-instance" xmlns:xsd="http://www.w3.org/2001/XMLSchema" xmlns:activiti="http://activiti.org/bpmn" xmlns:bpmndi="http://www.omg.org/spec/BPMN/20100524/DI" xmlns:omgdc="http://www.omg.org/spec/DD/20100524/DC" xmlns:omgdi="http://www.omg.org/spec/DD/20100524/DI" typeLanguage="http://www.w3.org/2001/XMLSchema" expressionLanguage="http://www.w3.org/1999/XPath" targetNamespace="http://www.activiti.org/processdef" xmlns:modeler="http://activiti.com/modeler" modeler:version="1.0en" modeler:exportDateTime="20250422113431935" modeler:modelId="20" modeler:modelVersion="3" modeler:modelLastUpdated="1745321667141">
  <bpmn2:process id="e2e-attach_file_acs-process" name="e2e-attach_file_acs-process" isExecutable="true">
    <bpmn2:startEvent id="startEvent1" activiti:formKey="16">
      <extensionElements>
        <modeler:form-reference-id><![CDATA[16]]></modeler:form-reference-id>
        <modeler:form-reference-name><![CDATA[attach-acs-file-widget]]></modeler:form-reference-name>
        <modeler:editor-resource-id><![CDATA[startEvent1]]></modeler:editor-resource-id>
      </extensionElements>
      <bpmn2:outgoing>sid-BCCF09E7-2FE2-4B20-B916-F5A510BB8674</bpmn2:outgoing>
    </bpmn2:startEvent>
    <bpmn2:userTask id="sid-39FBE4E1-CD2D-4147-A48C-849B9D636126" name="User task of acs attach file widgets" activiti:async="true" activiti:exclusive="false" activiti:assignee="$INITIATOR" activiti:formKey="16">
      <extensionElements>
        <activiti:executionListener event="start" class="com.activiti.runtime.activiti.ContentProcessorExecutionListener">
          <activiti:field name="externalContentHandler">
            <activiti:expression><![CDATA[${externalContentHandler}]]></activiti:expression>
          </activiti:field>
        </activiti:executionListener>
        <modeler:allow-send-email><![CDATA[true]]></modeler:allow-send-email>
        <modeler:form-reference-id><![CDATA[16]]></modeler:form-reference-id>
        <modeler:form-reference-name><![CDATA[attach-acs-file-widget]]></modeler:form-reference-name>
        <modeler:activiti-idm-initiator><![CDATA[true]]></modeler:activiti-idm-initiator>
        <modeler:initiator-can-complete><![CDATA[false]]></modeler:initiator-can-complete>
        <modeler:deactivate-user-task-reassignment><![CDATA[false]]></modeler:deactivate-user-task-reassignment>
        <modeler:editor-resource-id><![CDATA[sid-39FBE4E1-CD2D-4147-A48C-849B9D636126]]></modeler:editor-resource-id>
        <modeler:ignore-listener-on-import><![CDATA[com.activiti.runtime.activiti.ContentProcessorExecutionListener]]></modeler:ignore-listener-on-import>
      </extensionElements>
      <bpmn2:incoming>sid-BCCF09E7-2FE2-4B20-B916-F5A510BB8674</bpmn2:incoming>
      <bpmn2:outgoing>sid-871DFC5E-1B3A-436A-92AF-D28263F7E6CD</bpmn2:outgoing>
    </bpmn2:userTask>
    <bpmn2:sequenceFlow id="sid-BCCF09E7-2FE2-4B20-B916-F5A510BB8674" sourceRef="startEvent1" targetRef="sid-39FBE4E1-CD2D-4147-A48C-849B9D636126">
      <extensionElements>
        <modeler:editor-resource-id><![CDATA[sid-BCCF09E7-2FE2-4B20-B916-F5A510BB8674]]></modeler:editor-resource-id>
      </extensionElements>
    </bpmn2:sequenceFlow>
    <bpmn2:endEvent id="sid-AEB1F293-9372-4312-82BD-1B3EEF526E07" activiti:async="true" activiti:exclusive="false">
      <extensionElements>
        <activiti:executionListener event="start" class="com.activiti.runtime.activiti.ContentProcessorExecutionListener">
          <activiti:field name="externalContentHandler">
            <activiti:expression><![CDATA[${externalContentHandler}]]></activiti:expression>
          </activiti:field>
        </activiti:executionListener>
        <modeler:editor-resource-id><![CDATA[sid-AEB1F293-9372-4312-82BD-1B3EEF526E07]]></modeler:editor-resource-id>
        <modeler:ignore-listener-on-import><![CDATA[com.activiti.runtime.activiti.ContentProcessorExecutionListener]]></modeler:ignore-listener-on-import>
      </extensionElements>
      <bpmn2:incoming>sid-871DFC5E-1B3A-436A-92AF-D28263F7E6CD</bpmn2:incoming>
    </bpmn2:endEvent>
    <bpmn2:sequenceFlow id="sid-871DFC5E-1B3A-436A-92AF-D28263F7E6CD" sourceRef="sid-39FBE4E1-CD2D-4147-A48C-849B9D636126" targetRef="sid-AEB1F293-9372-4312-82BD-1B3EEF526E07">
      <extensionElements>
        <modeler:editor-resource-id><![CDATA[sid-871DFC5E-1B3A-436A-92AF-D28263F7E6CD]]></modeler:editor-resource-id>
      </extensionElements>
    </bpmn2:sequenceFlow>
  </bpmn2:process>
  <bpmndi:BPMNDiagram id="BPMNDiagram_e2e-attach_file_acs-process">
    <bpmndi:BPMNPlane bpmnElement="e2e-attach_file_acs-process" id="BPMNPlane_e2e-attach_file_acs-process">
      <bpmndi:BPMNShape bpmnElement="startEvent1" id="BPMNShape_startEvent1">
        <omgdc:Bounds height="30.0" width="30.0" x="90.0" y="150.0"/>
      </bpmndi:BPMNShape>
      <bpmndi:BPMNShape bpmnElement="sid-39FBE4E1-CD2D-4147-A48C-849B9D636126" id="BPMNShape_sid-39FBE4E1-CD2D-4147-A48C-849B9D636126">
        <omgdc:Bounds height="80.0" width="100.0" x="165.0" y="125.0"/>
      </bpmndi:BPMNShape>
      <bpmndi:BPMNShape bpmnElement="sid-AEB1F293-9372-4312-82BD-1B3EEF526E07" id="BPMNShape_sid-AEB1F293-9372-4312-82BD-1B3EEF526E07">
        <omgdc:Bounds height="28.0" width="28.0" x="289.0" y="151.0"/>
      </bpmndi:BPMNShape>
      <bpmndi:BPMNEdge bpmnElement="sid-871DFC5E-1B3A-436A-92AF-D28263F7E6CD" id="BPMNEdge_sid-871DFC5E-1B3A-436A-92AF-D28263F7E6CD">
        <omgdi:waypoint x="265.0" y="165.0"/>
        <omgdi:waypoint x="289.0" y="165.0"/>
      </bpmndi:BPMNEdge>
      <bpmndi:BPMNEdge bpmnElement="sid-BCCF09E7-2FE2-4B20-B916-F5A510BB8674" id="BPMNEdge_sid-BCCF09E7-2FE2-4B20-B916-F5A510BB8674">
        <omgdi:waypoint x="120.0" y="165.0"/>
        <omgdi:waypoint x="165.0" y="165.0"/>
      </bpmndi:BPMNEdge>
    </bpmndi:BPMNPlane>
  </bpmndi:BPMNDiagram>
</bpmn2:definitions>