<?xml version='1.0' encoding='UTF-8'?>
<bpmn2:definitions xmlns="http://www.omg.org/spec/BPMN/20100524/MODEL" xmlns:bpmn2="http://www.omg.org/spec/BPMN/20100524/MODEL" xmlns:xsi="http://www.w3.org/2001/XMLSchema-instance" xmlns:xsd="http://www.w3.org/2001/XMLSchema" xmlns:activiti="http://activiti.org/bpmn" xmlns:bpmndi="http://www.omg.org/spec/BPMN/20100524/DI" xmlns:omgdc="http://www.omg.org/spec/DD/20100524/DC" xmlns:omgdi="http://www.omg.org/spec/DD/20100524/DI" typeLanguage="http://www.w3.org/2001/XMLSchema" expressionLanguage="http://www.w3.org/1999/XPath" targetNamespace="http://www.activiti.org/processdef" xmlns:modeler="http://activiti.com/modeler" modeler:version="1.0en" modeler:exportDateTime="20250422113431942" modeler:modelId="29" modeler:modelVersion="3" modeler:modelLastUpdated="1745321667175">
  <bpmn2:process id="e2e-attach_file_on_start_event-process" name="e2e-attach_file_on_start_event-process" isExecutable="true">
    <extensionElements>
      <modeler:executionvariables xmlns:modeler="http://activiti.com/modeler" modeler:variableName="setUserTaskName" modeler:variableType="string" modeler:persist="null"/>
    </extensionElements>
    <bpmn2:startEvent id="startEvent1" activiti:formKey="2">
      <extensionElements>
        <modeler:form-reference-id><![CDATA[2]]></modeler:form-reference-id>
        <modeler:form-reference-name><![CDATA[e2e-attach-file-single-form]]></modeler:form-reference-name>
        <modeler:variablesMapping>
          <modeler:mappedVariable><![CDATA[setusertaskname]]></modeler:mappedVariable>
          <modeler:outProcessVariable><![CDATA[setUserTaskName]]></modeler:outProcessVariable>
          <modeler:inVariableType><![CDATA[formField]]></modeler:inVariableType>
          <modeler:outVariableType><![CDATA[restResponse]]></modeler:outVariableType>
          <modeler:typeOfMapping><![CDATA[inputOutputMap]]></modeler:typeOfMapping>
        </modeler:variablesMapping>
        <modeler:editor-resource-id><![CDATA[startEvent1]]></modeler:editor-resource-id>
      </extensionElements>
      <bpmn2:outgoing>sid-6768A854-FD41-468A-AA10-04F329BE3690</bpmn2:outgoing>
    </bpmn2:startEvent>
    <bpmn2:userTask id="sid-F553A683-A421-49BD-A5E9-51661236146D" name="${setUserTaskName}" activiti:async="true" activiti:exclusive="false" activiti:assignee="$INITIATOR" activiti:formKey="9">
      <extensionElements>
        <activiti:executionListener event="start" class="com.activiti.runtime.activiti.ContentProcessorExecutionListener">
          <activiti:field name="externalContentHandler">
            <activiti:expression><![CDATA[${externalContentHandler}]]></activiti:expression>
          </activiti:field>
        </activiti:executionListener>
        <modeler:allow-send-email><![CDATA[true]]></modeler:allow-send-email>
        <modeler:form-reference-id><![CDATA[9]]></modeler:form-reference-id>
        <modeler:form-reference-name><![CDATA[displayValue]]></modeler:form-reference-name>
        <modeler:activiti-idm-initiator><![CDATA[true]]></modeler:activiti-idm-initiator>
        <modeler:initiator-can-complete><![CDATA[false]]></modeler:initiator-can-complete>
        <modeler:deactivate-user-task-reassignment><![CDATA[false]]></modeler:deactivate-user-task-reassignment>
        <modeler:editor-resource-id><![CDATA[sid-F553A683-A421-49BD-A5E9-51661236146D]]></modeler:editor-resource-id>
        <modeler:ignore-listener-on-import><![CDATA[com.activiti.runtime.activiti.ContentProcessorExecutionListener]]></modeler:ignore-listener-on-import>
      </extensionElements>
      <bpmn2:incoming>sid-6768A854-FD41-468A-AA10-04F329BE3690</bpmn2:incoming>
      <bpmn2:outgoing>sid-07E53045-F135-43D3-9C4B-D87BFC15355E</bpmn2:outgoing>
    </bpmn2:userTask>
    <bpmn2:sequenceFlow id="sid-6768A854-FD41-468A-AA10-04F329BE3690" sourceRef="startEvent1" targetRef="sid-F553A683-A421-49BD-A5E9-51661236146D">
      <extensionElements>
        <modeler:editor-resource-id><![CDATA[sid-6768A854-FD41-468A-AA10-04F329BE3690]]></modeler:editor-resource-id>
      </extensionElements>
    </bpmn2:sequenceFlow>
    <bpmn2:endEvent id="sid-17A8B087-F9EC-4178-BE54-AC1F6E297EDA">
      <extensionElements>
        <modeler:editor-resource-id><![CDATA[sid-17A8B087-F9EC-4178-BE54-AC1F6E297EDA]]></modeler:editor-resource-id>
      </extensionElements>
      <bpmn2:incoming>sid-07E53045-F135-43D3-9C4B-D87BFC15355E</bpmn2:incoming>
    </bpmn2:endEvent>
    <bpmn2:sequenceFlow id="sid-07E53045-F135-43D3-9C4B-D87BFC15355E" sourceRef="sid-F553A683-A421-49BD-A5E9-51661236146D" targetRef="sid-17A8B087-F9EC-4178-BE54-AC1F6E297EDA">
      <extensionElements>
        <modeler:editor-resource-id><![CDATA[sid-07E53045-F135-43D3-9C4B-D87BFC15355E]]></modeler:editor-resource-id>
      </extensionElements>
    </bpmn2:sequenceFlow>
  </bpmn2:process>
  <bpmndi:BPMNDiagram id="BPMNDiagram_e2e-attach_file_on_start_event-process">
    <bpmndi:BPMNPlane bpmnElement="e2e-attach_file_on_start_event-process" id="BPMNPlane_e2e-attach_file_on_start_event-process">
      <bpmndi:BPMNShape bpmnElement="startEvent1" id="BPMNShape_startEvent1">
        <omgdc:Bounds height="30.0" width="30.0" x="90.0" y="150.0"/>
      </bpmndi:BPMNShape>
      <bpmndi:BPMNShape bpmnElement="sid-F553A683-A421-49BD-A5E9-51661236146D" id="BPMNShape_sid-F553A683-A421-49BD-A5E9-51661236146D">
        <omgdc:Bounds height="80.0" width="100.0" x="150.0" y="125.0"/>
      </bpmndi:BPMNShape>
      <bpmndi:BPMNShape bpmnElement="sid-17A8B087-F9EC-4178-BE54-AC1F6E297EDA" id="BPMNShape_sid-17A8B087-F9EC-4178-BE54-AC1F6E297EDA">
        <omgdc:Bounds height="28.0" width="28.0" x="310.0" y="151.0"/>
      </bpmndi:BPMNShape>
      <bpmndi:BPMNEdge bpmnElement="sid-6768A854-FD41-468A-AA10-04F329BE3690" id="BPMNEdge_sid-6768A854-FD41-468A-AA10-04F329BE3690">
        <omgdi:waypoint x="120.0" y="165.0"/>
        <omgdi:waypoint x="150.0" y="165.0"/>
      </bpmndi:BPMNEdge>
      <bpmndi:BPMNEdge bpmnElement="sid-07E53045-F135-43D3-9C4B-D87BFC15355E" id="BPMNEdge_sid-07E53045-F135-43D3-9C4B-D87BFC15355E">
        <omgdi:waypoint x="250.0" y="165.0"/>
        <omgdi:waypoint x="310.0" y="165.0"/>
      </bpmndi:BPMNEdge>
    </bpmndi:BPMNPlane>
  </bpmndi:BPMNDiagram>
</bpmn2:definitions>