{"resourceId":105,"properties":{"process_id":"e2e-overdue","name":"e2e-overdue","documentation":"","process_author":"","process_version":"","process_namespace":"http://www.activiti.org/processdef","executionlisteners":"{\"executionListeners\":[]}","eventlisteners":"{\"eventListeners\":[]}","signaldefinitions":"[]","messagedefinitions":"[]","executionvariables":"","metadata":"","nonpersistenceformfields":"","deleteallvariables":"{\"deleteallvariables\":\"false\"}"},"stencil":{"id":"BPMNDiagram"},"childShapes":[{"resourceId":"startEvent1","properties":{"overrideid":"startEvent1","name":"","documentation":"","executionlisteners":{"executionListeners":[]},"initiator":"","formkeydefinition":"","formreference":"","fieldstovariables":"","formproperties":"","asynchronousdefinition":false,"exclusivedefinition":false},"stencil":{"id":"StartNoneEvent"},"childShapes":[],"outgoing":[{"resourceId":"sid-E10D00FB-CE80-4835-8BCF-4028D5ADEC87"}],"bounds":{"lowerRight":{"x":130,"y":193},"upperLeft":{"x":100,"y":163}},"dockers":[]},{"resourceId":"sid-A01D1257-0863-4463-A024-D6D34B2E908B","properties":{"overrideid":"sid-A01D1257-0863-4463-A024-D6D34B2E908B","name":"overdueTask","documentation":"","asynchronousdefinition":false,"exclusivedefinition":false,"executionlisteners":{"executionListeners":[]},"multiinstance_type":"None","multiinstance_cardinality":"","multiinstance_collection":"","multiinstance_variable":"","multiinstance_condition":"","isforcompensation":false,"usertasksendemail":true,"usertaskassignment":{"assignment":{"type":"idm","idm":{"type":"initiator"}}},"formkeydefinition":"","formreference":"","fieldstovariables":"","duedatedefinition":{"duedate":{"fixed":{"years":0,"months":0,"days":0,"hours":0,"minutes":0,"seconds":1}}},"prioritydefinition":"","categorydefinition":"","formproperties":"","tasklisteners":{"taskListeners":[]},"emailtemplate":""},"stencil":{"id":"UserTask"},"childShapes":[],"outgoing":[{"resourceId":"sid-6B168D53-8BE8-4ADC-B0BA-4D578D739AC6"}],"bounds":{"lowerRight":{"x":275,"y":218},"upperLeft":{"x":175,"y":138}},"dockers":[]},{"resourceId":"sid-E10D00FB-CE80-4835-8BCF-4028D5ADEC87","properties":{"overrideid":"sid-E10D00FB-CE80-4835-8BCF-4028D5ADEC87","name":"","documentation":"","conditionsequenceflow":"","executionlisteners":{"executionListeners":[]},"defaultflow":"false"},"stencil":{"id":"SequenceFlow"},"childShapes":[],"outgoing":[{"resourceId":"sid-A01D1257-0863-4463-A024-D6D34B2E908B"}],"bounds":{"lowerRight":{"x":174.15625,"y":178},"upperLeft":{"x":130.609375,"y":178}},"dockers":[{"x":15,"y":15},{"x":50,"y":40}],"target":{"resourceId":"sid-A01D1257-0863-4463-A024-D6D34B2E908B"}},{"resourceId":"sid-6EBB54CC-464C-4954-8ABA-DB4F4EA1D913","properties":{"overrideid":"sid-6EBB54CC-464C-4954-8ABA-DB4F4EA1D913","name":"","documentation":"","executionlisteners":{"executionListeners":[]},"asynchronousdefinition":false,"exclusivedefinition":false},"stencil":{"id":"EndNoneEvent"},"childShapes":[],"outgoing":[],"bounds":{"lowerRight":{"x":348,"y":192},"upperLeft":{"x":320,"y":164}},"dockers":[]},{"resourceId":"sid-6B168D53-8BE8-4ADC-B0BA-4D578D739AC6","properties":{"overrideid":"sid-6B168D53-8BE8-4ADC-B0BA-4D578D739AC6","name":"","documentation":"","conditionsequenceflow":"","executionlisteners":{"executionListeners":[]},"defaultflow":"false"},"stencil":{"id":"SequenceFlow"},"childShapes":[],"outgoing":[{"resourceId":"sid-6EBB54CC-464C-4954-8ABA-DB4F4EA1D913"}],"bounds":{"lowerRight":{"x":319.375,"y":178},"upperLeft":{"x":275.390625,"y":178}},"dockers":[{"x":50,"y":40},{"x":14,"y":14}],"target":{"resourceId":"sid-6EBB54CC-464C-4954-8ABA-DB4F4EA1D913"}}],"bounds":{"lowerRight":{"x":5000,"y":2050},"upperLeft":{"x":0,"y":0}},"stencilset":{"url":"stencilsets/bpmn2.0/bpmn2.0.json","namespace":"http://b3mn.org/stencilset/bpmn2.0#"},"ssextensions":[]}