<?xml version='1.0' encoding='UTF-8'?>
<definitions xmlns="http://www.omg.org/spec/BPMN/20100524/MODEL" xmlns:xsi="http://www.w3.org/2001/XMLSchema-instance" xmlns:xsd="http://www.w3.org/2001/XMLSchema" xmlns:activiti="http://activiti.org/bpmn" xmlns:bpmndi="http://www.omg.org/spec/BPMN/20100524/DI" xmlns:omgdc="http://www.omg.org/spec/DD/20100524/DC" xmlns:omgdi="http://www.omg.org/spec/DD/20100524/DI" typeLanguage="http://www.w3.org/2001/XMLSchema" expressionLanguage="http://www.w3.org/1999/XPath" targetNamespace="http://www.activiti.org/processdef" xmlns:modeler="http://activiti.com/modeler" modeler:version="1.0en" modeler:exportDateTime="20210122083938802" modeler:modelId="65" modeler:modelVersion="3" modeler:modelLastUpdated="1611304776636">
  <process id="e2e-twoUserTasks-process" name="e2e-twoUserTasks-process" isExecutable="true">
    <extensionElements>
      <modeler:executionvariables xmlns:modeler="http://activiti.com/modeler" modeler:variableName="setUserTaskName" modeler:variableType="string"/>
      <modeler:executionvariables xmlns:modeler="http://activiti.com/modeler" modeler:variableName="setSecondUserTaskName" modeler:variableType="string"/>
    </extensionElements>
    <startEvent id="startEvent1" activiti:formKey="45">
      <extensionElements>
        <modeler:form-reference-id><![CDATA[45]]></modeler:form-reference-id>
        <modeler:form-reference-name><![CDATA[setUserTaskName]]></modeler:form-reference-name>
        <modeler:variablesMapping>
          <modeler:mappedVariable><![CDATA[setusertaskname]]></modeler:mappedVariable>
          <modeler:outProcessVariable><![CDATA[setUserTaskName]]></modeler:outProcessVariable>
          <modeler:inVariableType><![CDATA[formField]]></modeler:inVariableType>
          <modeler:outVariableType><![CDATA[restResponse]]></modeler:outVariableType>
          <modeler:typeOfMapping><![CDATA[inputOutputMap]]></modeler:typeOfMapping>
        </modeler:variablesMapping>
        <modeler:variablesMapping>
          <modeler:mappedVariable><![CDATA[setsecondusertaskname]]></modeler:mappedVariable>
          <modeler:outProcessVariable><![CDATA[setSecondUserTaskName]]></modeler:outProcessVariable>
          <modeler:inVariableType><![CDATA[formField]]></modeler:inVariableType>
          <modeler:outVariableType><![CDATA[restResponse]]></modeler:outVariableType>
          <modeler:typeOfMapping><![CDATA[inputOutputMap]]></modeler:typeOfMapping>
        </modeler:variablesMapping>
        <modeler:editor-resource-id><![CDATA[startEvent1]]></modeler:editor-resource-id>
      </extensionElements>
    </startEvent>
    <userTask id="sid-1C94794D-F72F-4D48-BA81-CE00BAFF5739" name="${setUserTaskName}" activiti:assignee="$INITIATOR" activiti:formKey="47">
      <extensionElements>
        <modeler:allow-send-email><![CDATA[true]]></modeler:allow-send-email>
        <modeler:form-reference-id><![CDATA[47]]></modeler:form-reference-id>
        <modeler:form-reference-name><![CDATA[e2e-userTask1-form]]></modeler:form-reference-name>
        <modeler:activiti-idm-initiator><![CDATA[true]]></modeler:activiti-idm-initiator>
        <modeler:initiator-can-complete><![CDATA[false]]></modeler:initiator-can-complete>
        <modeler:editor-resource-id><![CDATA[sid-1C94794D-F72F-4D48-BA81-CE00BAFF5739]]></modeler:editor-resource-id>
      </extensionElements>
    </userTask>
    <sequenceFlow id="sid-0DF1159A-0E5C-4A36-8445-E449F6EF9E73" sourceRef="startEvent1" targetRef="sid-1C94794D-F72F-4D48-BA81-CE00BAFF5739">
      <extensionElements>
        <modeler:editor-resource-id><![CDATA[sid-0DF1159A-0E5C-4A36-8445-E449F6EF9E73]]></modeler:editor-resource-id>
      </extensionElements>
    </sequenceFlow>
    <userTask id="sid-E596F500-7F4F-4825-A6E8-C9DE82BC3D09" name="${setSecondUserTaskName}" activiti:async="true" activiti:exclusive="false" activiti:assignee="$INITIATOR" activiti:formKey="43">
      <extensionElements>
        <activiti:executionListener event="start" class="com.activiti.runtime.activiti.ContentProcessorExecutionListener">
          <activiti:field name="externalContentHandler">
            <activiti:expression><![CDATA[${externalContentHandler}]]></activiti:expression>
          </activiti:field>
        </activiti:executionListener>
        <modeler:allow-send-email><![CDATA[true]]></modeler:allow-send-email>
        <modeler:form-reference-id><![CDATA[43]]></modeler:form-reference-id>
        <modeler:form-reference-name><![CDATA[e2e-userTask2-form]]></modeler:form-reference-name>
        <modeler:activiti-idm-initiator><![CDATA[true]]></modeler:activiti-idm-initiator>
        <modeler:initiator-can-complete><![CDATA[false]]></modeler:initiator-can-complete>
        <modeler:editor-resource-id><![CDATA[sid-E596F500-7F4F-4825-A6E8-C9DE82BC3D09]]></modeler:editor-resource-id>
        <modeler:ignore-listener-on-import><![CDATA[com.activiti.runtime.activiti.ContentProcessorExecutionListener]]></modeler:ignore-listener-on-import>
      </extensionElements>
    </userTask>
    <sequenceFlow id="sid-DE0CF7B7-D6D6-4F94-8567-C35071337862" sourceRef="sid-1C94794D-F72F-4D48-BA81-CE00BAFF5739" targetRef="sid-E596F500-7F4F-4825-A6E8-C9DE82BC3D09">
      <extensionElements>
        <modeler:editor-resource-id><![CDATA[sid-DE0CF7B7-D6D6-4F94-8567-C35071337862]]></modeler:editor-resource-id>
      </extensionElements>
    </sequenceFlow>
    <endEvent id="sid-712E1830-FE57-4911-8D63-71307B9FB9A5" activiti:async="true" activiti:exclusive="false">
      <extensionElements>
        <activiti:executionListener event="start" class="com.activiti.runtime.activiti.ContentProcessorExecutionListener">
          <activiti:field name="externalContentHandler">
            <activiti:expression><![CDATA[${externalContentHandler}]]></activiti:expression>
          </activiti:field>
        </activiti:executionListener>
        <modeler:editor-resource-id><![CDATA[sid-712E1830-FE57-4911-8D63-71307B9FB9A5]]></modeler:editor-resource-id>
        <modeler:ignore-listener-on-import><![CDATA[com.activiti.runtime.activiti.ContentProcessorExecutionListener]]></modeler:ignore-listener-on-import>
      </extensionElements>
    </endEvent>
    <sequenceFlow id="sid-5E7A35C6-E7DC-4613-82EE-2050311A05DB" sourceRef="sid-E596F500-7F4F-4825-A6E8-C9DE82BC3D09" targetRef="sid-712E1830-FE57-4911-8D63-71307B9FB9A5">
      <extensionElements>
        <modeler:editor-resource-id><![CDATA[sid-5E7A35C6-E7DC-4613-82EE-2050311A05DB]]></modeler:editor-resource-id>
      </extensionElements>
    </sequenceFlow>
  </process>
  <bpmndi:BPMNDiagram id="BPMNDiagram_e2e-twoUserTasks-process">
    <bpmndi:BPMNPlane bpmnElement="e2e-twoUserTasks-process" id="BPMNPlane_e2e-twoUserTasks-process">
      <bpmndi:BPMNShape bpmnElement="startEvent1" id="BPMNShape_startEvent1">
        <omgdc:Bounds height="30.0" width="30.0" x="100.0" y="163.0"/>
      </bpmndi:BPMNShape>
      <bpmndi:BPMNShape bpmnElement="sid-1C94794D-F72F-4D48-BA81-CE00BAFF5739" id="BPMNShape_sid-1C94794D-F72F-4D48-BA81-CE00BAFF5739">
        <omgdc:Bounds height="80.0" width="100.0" x="165.0" y="135.0"/>
      </bpmndi:BPMNShape>
      <bpmndi:BPMNShape bpmnElement="sid-E596F500-7F4F-4825-A6E8-C9DE82BC3D09" id="BPMNShape_sid-E596F500-7F4F-4825-A6E8-C9DE82BC3D09">
        <omgdc:Bounds height="80.0" width="100.0" x="315.0" y="135.0"/>
      </bpmndi:BPMNShape>
      <bpmndi:BPMNShape bpmnElement="sid-712E1830-FE57-4911-8D63-71307B9FB9A5" id="BPMNShape_sid-712E1830-FE57-4911-8D63-71307B9FB9A5">
        <omgdc:Bounds height="28.0" width="28.0" x="465.0" y="164.0"/>
      </bpmndi:BPMNShape>
      <bpmndi:BPMNEdge bpmnElement="sid-DE0CF7B7-D6D6-4F94-8567-C35071337862" id="BPMNEdge_sid-DE0CF7B7-D6D6-4F94-8567-C35071337862">
        <omgdi:waypoint x="265.0" y="175.0"/>
        <omgdi:waypoint x="315.0" y="175.0"/>
      </bpmndi:BPMNEdge>
      <bpmndi:BPMNEdge bpmnElement="sid-5E7A35C6-E7DC-4613-82EE-2050311A05DB" id="BPMNEdge_sid-5E7A35C6-E7DC-4613-82EE-2050311A05DB">
        <omgdi:waypoint x="415.0" y="175.0"/>
        <omgdi:waypoint x="440.0" y="175.0"/>
        <omgdi:waypoint x="440.0" y="178.0"/>
        <omgdi:waypoint x="465.0" y="178.0"/>
      </bpmndi:BPMNEdge>
      <bpmndi:BPMNEdge bpmnElement="sid-0DF1159A-0E5C-4A36-8445-E449F6EF9E73" id="BPMNEdge_sid-0DF1159A-0E5C-4A36-8445-E449F6EF9E73">
        <omgdi:waypoint x="129.9932545528355" y="177.5502023634149"/>
        <omgdi:waypoint x="165.0" y="176.5"/>
      </bpmndi:BPMNEdge>
    </bpmndi:BPMNPlane>
  </bpmndi:BPMNDiagram>
</definitions>