{"bounds":{"lowerRight":{"x":1485.0,"y":700.0},"upperLeft":{"x":0.0,"y":0.0}},"resourceId":"canvas","stencil":{"id":"BPMNDiagram"},"stencilset":{"namespace":"http://b3mn.org/stencilset/bpmn2.0#","url":"../editor/stencilsets/bpmn2.0/bpmn2.0.json"},"properties":{"process_id":"e2e-attach_multiple_file_on_start_event-process","name":"e2e-attach_multiple_file_on_start_event-process","executionlisteners":{"executionListeners":[]},"eventlisteners":{"eventListeners":[]},"signaldefinitions":[],"messagedefinitions":[],"process_namespace":"http://www.activiti.org/processdef"},"childShapes":[{"bounds":{"lowerRight":{"x":130.0,"y":193.0},"upperLeft":{"x":100.0,"y":163.0}},"resourceId":"startEvent1","childShapes":[],"stencil":{"id":"StartNoneEvent"},"properties":{"overrideid":"startEvent1","formreference":{"id":10,"name":"attach-multiple-files"},"executionlisteners":{"executionListeners":[]},"asynchronousdefinition":false,"exclusivedefinition":false},"outgoing":[{"resourceId":"sid-A7F5CFDF-87E4-4FAE-BD4A-61204A5E1BFE"}]},{"bounds":{"lowerRight":{"x":265.0,"y":215.0},"upperLeft":{"x":165.0,"y":135.0}},"resourceId":"sid-12B91158-54CB-4036-BCA2-EC0009D2F78C","childShapes":[],"stencil":{"id":"UserTask"},"properties":{"overrideid":"sid-12B91158-54CB-4036-BCA2-EC0009D2F78C","name":"User task of multiple attach file process","usertasksendemail":true,"usertaskassignment":{"assignment":{"type":"idm","idm":{"type":"initiator"},"initiatorCanCompleteTask":false,"deactivateUserTaskReassignment":false}},"formreference":{"id":10,"name":"attach-multiple-files"},"executionlisteners":{"executionListeners":[]},"isforcompensation":false,"asynchronousdefinition":false,"exclusivedefinition":false,"tasklisteners":{"taskListeners":[]}},"outgoing":[{"resourceId":"sid-1FFA53C6-1BAB-4B5C-94EE-9FE728E4CDB3"}]},{"bounds":{"lowerRight":{"x":172.0,"y":212.0},"upperLeft":{"x":128.0,"y":212.0}},"resourceId":"sid-A7F5CFDF-87E4-4FAE-BD4A-61204A5E1BFE","childShapes":[],"stencil":{"id":"SequenceFlow"},"dockers":[{"x":15.0,"y":15.0},{"x":50.0,"y":40.0}],"outgoing":[{"resourceId":"sid-12B91158-54CB-4036-BCA2-EC0009D2F78C"}],"target":{"resourceId":"sid-12B91158-54CB-4036-BCA2-EC0009D2F78C"},"properties":{"overrideid":"sid-A7F5CFDF-87E4-4FAE-BD4A-61204A5E1BFE","executionlisteners":{"executionListeners":[]}}},{"bounds":{"lowerRight":{"x":348.0,"y":192.0},"upperLeft":{"x":320.0,"y":164.0}},"resourceId":"sid-0A847A84-0A83-437B-B55C-80226B2F82AE","childShapes":[],"stencil":{"id":"EndNoneEvent"},"properties":{"overrideid":"sid-0A847A84-0A83-437B-B55C-80226B2F82AE","executionlisteners":{"executionListeners":[]},"asynchronousdefinition":false,"exclusivedefinition":false},"outgoing":[]},{"bounds":{"lowerRight":{"x":172.0,"y":212.0},"upperLeft":{"x":128.0,"y":212.0}},"resourceId":"sid-1FFA53C6-1BAB-4B5C-94EE-9FE728E4CDB3","childShapes":[],"stencil":{"id":"SequenceFlow"},"dockers":[{"x":50.0,"y":40.0},{"x":292.5,"y":175.0},{"x":292.5,"y":178.0},{"x":14.0,"y":14.0}],"outgoing":[{"resourceId":"sid-0A847A84-0A83-437B-B55C-80226B2F82AE"}],"target":{"resourceId":"sid-0A847A84-0A83-437B-B55C-80226B2F82AE"},"properties":{"overrideid":"sid-1FFA53C6-1BAB-4B5C-94EE-9FE728E4CDB3","executionlisteners":{"executionListeners":[]}}}]}