<?xml version='1.0' encoding='UTF-8'?>
<bpmn2:definitions xmlns="http://www.omg.org/spec/BPMN/20100524/MODEL" xmlns:bpmn2="http://www.omg.org/spec/BPMN/20100524/MODEL" xmlns:xsi="http://www.w3.org/2001/XMLSchema-instance" xmlns:xsd="http://www.w3.org/2001/XMLSchema" xmlns:activiti="http://activiti.org/bpmn" xmlns:bpmndi="http://www.omg.org/spec/BPMN/20100524/DI" xmlns:omgdc="http://www.omg.org/spec/DD/20100524/DC" xmlns:omgdi="http://www.omg.org/spec/DD/20100524/DI" typeLanguage="http://www.w3.org/2001/XMLSchema" expressionLanguage="http://www.w3.org/1999/XPath" targetNamespace="http://www.activiti.org/processdef" xmlns:modeler="http://activiti.com/modeler" modeler:version="1.0en" modeler:exportDateTime="20250423083024276" modeler:modelId="102" modeler:modelVersion="1" modeler:modelLastUpdated="1745396910092">
  <bpmn2:process id="e2e-noForm-process" name="e2e-noForm-process" isExecutable="true">
    <bpmn2:startEvent id="startEvent1" name="Start Event without form">
      <extensionElements>
        <modeler:editor-resource-id><![CDATA[startEvent1]]></modeler:editor-resource-id>
      </extensionElements>
      <bpmn2:outgoing>sid-2E9DD5F4-F4BA-4354-90E3-EB5300BC4491</bpmn2:outgoing>
    </bpmn2:startEvent>
    <bpmn2:userTask id="sid-D8B7EE41-523C-4185-98BB-6674F16825AB" name="User task without form" activiti:assignee="$INITIATOR">
      <extensionElements>
        <modeler:allow-send-email><![CDATA[true]]></modeler:allow-send-email>
        <modeler:activiti-idm-initiator><![CDATA[true]]></modeler:activiti-idm-initiator>
        <modeler:initiator-can-complete><![CDATA[false]]></modeler:initiator-can-complete>
        <modeler:deactivate-user-task-reassignment><![CDATA[false]]></modeler:deactivate-user-task-reassignment>
        <modeler:editor-resource-id><![CDATA[sid-D8B7EE41-523C-4185-98BB-6674F16825AB]]></modeler:editor-resource-id>
      </extensionElements>
      <bpmn2:incoming>sid-2E9DD5F4-F4BA-4354-90E3-EB5300BC4491</bpmn2:incoming>
      <bpmn2:outgoing>sid-816206E7-75C2-4165-ADAF-5538FBC3E3D8</bpmn2:outgoing>
    </bpmn2:userTask>
    <bpmn2:sequenceFlow id="sid-2E9DD5F4-F4BA-4354-90E3-EB5300BC4491" sourceRef="startEvent1" targetRef="sid-D8B7EE41-523C-4185-98BB-6674F16825AB">
      <extensionElements>
        <modeler:editor-resource-id><![CDATA[sid-2E9DD5F4-F4BA-4354-90E3-EB5300BC4491]]></modeler:editor-resource-id>
      </extensionElements>
    </bpmn2:sequenceFlow>
    <bpmn2:endEvent id="sid-ECF09107-C9E7-47C9-9D87-AC716A97AC13" name="End Event without form">
      <extensionElements>
        <modeler:editor-resource-id><![CDATA[sid-ECF09107-C9E7-47C9-9D87-AC716A97AC13]]></modeler:editor-resource-id>
      </extensionElements>
      <bpmn2:incoming>sid-816206E7-75C2-4165-ADAF-5538FBC3E3D8</bpmn2:incoming>
    </bpmn2:endEvent>
    <bpmn2:sequenceFlow id="sid-816206E7-75C2-4165-ADAF-5538FBC3E3D8" sourceRef="sid-D8B7EE41-523C-4185-98BB-6674F16825AB" targetRef="sid-ECF09107-C9E7-47C9-9D87-AC716A97AC13">
      <extensionElements>
        <modeler:editor-resource-id><![CDATA[sid-816206E7-75C2-4165-ADAF-5538FBC3E3D8]]></modeler:editor-resource-id>
      </extensionElements>
    </bpmn2:sequenceFlow>
  </bpmn2:process>
  <bpmndi:BPMNDiagram id="BPMNDiagram_e2e-noForm-process">
    <bpmndi:BPMNPlane bpmnElement="e2e-noForm-process" id="BPMNPlane_e2e-noForm-process">
      <bpmndi:BPMNShape bpmnElement="startEvent1" id="BPMNShape_startEvent1">
        <omgdc:Bounds height="30.0" width="30.0" x="100.0" y="163.0"/>
      </bpmndi:BPMNShape>
      <bpmndi:BPMNShape bpmnElement="sid-D8B7EE41-523C-4185-98BB-6674F16825AB" id="BPMNShape_sid-D8B7EE41-523C-4185-98BB-6674F16825AB">
        <omgdc:Bounds height="80.0" width="100.0" x="210.0" y="138.0"/>
      </bpmndi:BPMNShape>
      <bpmndi:BPMNShape bpmnElement="sid-ECF09107-C9E7-47C9-9D87-AC716A97AC13" id="BPMNShape_sid-ECF09107-C9E7-47C9-9D87-AC716A97AC13">
        <omgdc:Bounds height="28.0" width="28.0" x="390.0" y="164.0"/>
      </bpmndi:BPMNShape>
      <bpmndi:BPMNEdge bpmnElement="sid-2E9DD5F4-F4BA-4354-90E3-EB5300BC4491" id="BPMNEdge_sid-2E9DD5F4-F4BA-4354-90E3-EB5300BC4491">
        <omgdi:waypoint x="130.0" y="178.0"/>
        <omgdi:waypoint x="210.0" y="178.0"/>
      </bpmndi:BPMNEdge>
      <bpmndi:BPMNEdge bpmnElement="sid-816206E7-75C2-4165-ADAF-5538FBC3E3D8" id="BPMNEdge_sid-816206E7-75C2-4165-ADAF-5538FBC3E3D8">
        <omgdi:waypoint x="310.0" y="178.0"/>
        <omgdi:waypoint x="390.0" y="178.0"/>
      </bpmndi:BPMNEdge>
    </bpmndi:BPMNPlane>
  </bpmndi:BPMNDiagram>
</bpmn2:definitions>