<?xml version='1.0' encoding='UTF-8'?>
<bpmn2:definitions xmlns="http://www.omg.org/spec/BPMN/20100524/MODEL" xmlns:bpmn2="http://www.omg.org/spec/BPMN/20100524/MODEL" xmlns:xsi="http://www.w3.org/2001/XMLSchema-instance" xmlns:xsd="http://www.w3.org/2001/XMLSchema" xmlns:activiti="http://activiti.org/bpmn" xmlns:bpmndi="http://www.omg.org/spec/BPMN/20100524/DI" xmlns:omgdc="http://www.omg.org/spec/DD/20100524/DC" xmlns:omgdi="http://www.omg.org/spec/DD/20100524/DI" typeLanguage="http://www.w3.org/2001/XMLSchema" expressionLanguage="http://www.w3.org/1999/XPath" targetNamespace="http://www.activiti.org/processdef" xmlns:modeler="http://activiti.com/modeler" modeler:version="1.0en" modeler:exportDateTime="20250423083024286" modeler:modelId="103" modeler:modelVersion="1" modeler:modelLastUpdated="1745396910118">
  <bpmn2:process id="e2e-attach_file_visible-process" name="e2e-attach_file_visible-process" isExecutable="true">
    <bpmn2:startEvent id="startEvent1" activiti:formKey="98">
      <extensionElements>
        <modeler:form-reference-id><![CDATA[98]]></modeler:form-reference-id>
        <modeler:form-reference-name><![CDATA[visibility]]></modeler:form-reference-name>
        <modeler:editor-resource-id><![CDATA[startEvent1]]></modeler:editor-resource-id>
      </extensionElements>
      <bpmn2:outgoing>sid-7881C31E-B357-4684-BA29-9B0E5F8094A8</bpmn2:outgoing>
    </bpmn2:startEvent>
    <bpmn2:userTask id="sid-23C36BAE-91BD-41B6-AF1D-87F1FEC14841" name="User task of attach file widget visible" activiti:async="true" activiti:exclusive="false" activiti:assignee="$INITIATOR" activiti:formKey="98">
      <extensionElements>
        <activiti:executionListener event="start" class="com.activiti.runtime.activiti.ContentProcessorExecutionListener">
          <activiti:field name="externalContentHandler">
            <activiti:expression><![CDATA[${externalContentHandler}]]></activiti:expression>
          </activiti:field>
        </activiti:executionListener>
        <modeler:allow-send-email><![CDATA[true]]></modeler:allow-send-email>
        <modeler:form-reference-id><![CDATA[98]]></modeler:form-reference-id>
        <modeler:form-reference-name><![CDATA[visibility]]></modeler:form-reference-name>
        <modeler:activiti-idm-initiator><![CDATA[true]]></modeler:activiti-idm-initiator>
        <modeler:initiator-can-complete><![CDATA[false]]></modeler:initiator-can-complete>
        <modeler:deactivate-user-task-reassignment><![CDATA[false]]></modeler:deactivate-user-task-reassignment>
        <modeler:editor-resource-id><![CDATA[sid-23C36BAE-91BD-41B6-AF1D-87F1FEC14841]]></modeler:editor-resource-id>
        <modeler:ignore-listener-on-import><![CDATA[com.activiti.runtime.activiti.ContentProcessorExecutionListener]]></modeler:ignore-listener-on-import>
      </extensionElements>
      <bpmn2:incoming>sid-7881C31E-B357-4684-BA29-9B0E5F8094A8</bpmn2:incoming>
      <bpmn2:outgoing>sid-AD137225-4F7D-4C79-9421-2122215574EF</bpmn2:outgoing>
    </bpmn2:userTask>
    <bpmn2:sequenceFlow id="sid-7881C31E-B357-4684-BA29-9B0E5F8094A8" sourceRef="startEvent1" targetRef="sid-23C36BAE-91BD-41B6-AF1D-87F1FEC14841">
      <extensionElements>
        <modeler:editor-resource-id><![CDATA[sid-7881C31E-B357-4684-BA29-9B0E5F8094A8]]></modeler:editor-resource-id>
      </extensionElements>
    </bpmn2:sequenceFlow>
    <bpmn2:endEvent id="sid-9D8FACE7-5E57-467E-A933-AFD3B60B0AE1" activiti:async="true" activiti:exclusive="false">
      <extensionElements>
        <activiti:executionListener event="start" class="com.activiti.runtime.activiti.ContentProcessorExecutionListener">
          <activiti:field name="externalContentHandler">
            <activiti:expression><![CDATA[${externalContentHandler}]]></activiti:expression>
          </activiti:field>
        </activiti:executionListener>
        <modeler:editor-resource-id><![CDATA[sid-9D8FACE7-5E57-467E-A933-AFD3B60B0AE1]]></modeler:editor-resource-id>
        <modeler:ignore-listener-on-import><![CDATA[com.activiti.runtime.activiti.ContentProcessorExecutionListener]]></modeler:ignore-listener-on-import>
      </extensionElements>
      <bpmn2:incoming>sid-AD137225-4F7D-4C79-9421-2122215574EF</bpmn2:incoming>
    </bpmn2:endEvent>
    <bpmn2:sequenceFlow id="sid-AD137225-4F7D-4C79-9421-2122215574EF" sourceRef="sid-23C36BAE-91BD-41B6-AF1D-87F1FEC14841" targetRef="sid-9D8FACE7-5E57-467E-A933-AFD3B60B0AE1">
      <extensionElements>
        <modeler:editor-resource-id><![CDATA[sid-AD137225-4F7D-4C79-9421-2122215574EF]]></modeler:editor-resource-id>
      </extensionElements>
    </bpmn2:sequenceFlow>
  </bpmn2:process>
  <bpmndi:BPMNDiagram id="BPMNDiagram_e2e-attach_file_visible-process">
    <bpmndi:BPMNPlane bpmnElement="e2e-attach_file_visible-process" id="BPMNPlane_e2e-attach_file_visible-process">
      <bpmndi:BPMNShape bpmnElement="startEvent1" id="BPMNShape_startEvent1">
        <omgdc:Bounds height="30.0" width="30.0" x="90.0" y="160.0"/>
      </bpmndi:BPMNShape>
      <bpmndi:BPMNShape bpmnElement="sid-23C36BAE-91BD-41B6-AF1D-87F1FEC14841" id="BPMNShape_sid-23C36BAE-91BD-41B6-AF1D-87F1FEC14841">
        <omgdc:Bounds height="80.0" width="100.0" x="150.0" y="135.0"/>
      </bpmndi:BPMNShape>
      <bpmndi:BPMNShape bpmnElement="sid-9D8FACE7-5E57-467E-A933-AFD3B60B0AE1" id="BPMNShape_sid-9D8FACE7-5E57-467E-A933-AFD3B60B0AE1">
        <omgdc:Bounds height="28.0" width="28.0" x="300.0" y="161.0"/>
      </bpmndi:BPMNShape>
      <bpmndi:BPMNEdge bpmnElement="sid-7881C31E-B357-4684-BA29-9B0E5F8094A8" id="BPMNEdge_sid-7881C31E-B357-4684-BA29-9B0E5F8094A8">
        <omgdi:waypoint x="120.0" y="175.0"/>
        <omgdi:waypoint x="150.0" y="175.0"/>
      </bpmndi:BPMNEdge>
      <bpmndi:BPMNEdge bpmnElement="sid-AD137225-4F7D-4C79-9421-2122215574EF" id="BPMNEdge_sid-AD137225-4F7D-4C79-9421-2122215574EF">
        <omgdi:waypoint x="250.0" y="175.0"/>
        <omgdi:waypoint x="300.0" y="175.0"/>
      </bpmndi:BPMNEdge>
    </bpmndi:BPMNPlane>
  </bpmndi:BPMNDiagram>
</bpmn2:definitions>