{"bounds":{"lowerRight":{"x":1485.0,"y":700.0},"upperLeft":{"x":0.0,"y":0.0}},"resourceId":"canvas","stencil":{"id":"BPMNDiagram"},"stencilset":{"namespace":"http://b3mn.org/stencilset/bpmn2.0#","url":"../editor/stencilsets/bpmn2.0/bpmn2.0.json"},"properties":{"process_id":"e2e-noForm-process","name":"e2e-noForm-process","executionlisteners":{"executionListeners":[]},"eventlisteners":{"eventListeners":[]},"signaldefinitions":[],"messagedefinitions":[],"process_namespace":"http://www.activiti.org/processdef"},"childShapes":[{"bounds":{"lowerRight":{"x":130.0,"y":193.0},"upperLeft":{"x":100.0,"y":163.0}},"resourceId":"startEvent1","childShapes":[],"stencil":{"id":"StartNoneEvent"},"properties":{"overrideid":"startEvent1","name":"Start Event without form","executionlisteners":{"executionListeners":[]},"asynchronousdefinition":false,"exclusivedefinition":false},"outgoing":[{"resourceId":"sid-2E9DD5F4-F4BA-4354-90E3-EB5300BC4491"}]},{"bounds":{"lowerRight":{"x":310.0,"y":218.0},"upperLeft":{"x":210.0,"y":138.0}},"resourceId":"sid-D8B7EE41-523C-4185-98BB-6674F16825AB","childShapes":[],"stencil":{"id":"UserTask"},"properties":{"overrideid":"sid-D8B7EE41-523C-4185-98BB-6674F16825AB","name":"User task without form","usertasksendemail":true,"usertaskassignment":{"assignment":{"type":"idm","idm":{"type":"initiator"},"initiatorCanCompleteTask":false}},"executionlisteners":{"executionListeners":[]},"isforcompensation":false,"asynchronousdefinition":false,"exclusivedefinition":false,"tasklisteners":{"taskListeners":[]}},"outgoing":[{"resourceId":"sid-816206E7-75C2-4165-ADAF-5538FBC3E3D8"}]},{"bounds":{"lowerRight":{"x":172.0,"y":212.0},"upperLeft":{"x":128.0,"y":212.0}},"resourceId":"sid-2E9DD5F4-F4BA-4354-90E3-EB5300BC4491","childShapes":[],"stencil":{"id":"SequenceFlow"},"dockers":[{"x":15.0,"y":15.0},{"x":50.0,"y":40.0}],"outgoing":[{"resourceId":"sid-D8B7EE41-523C-4185-98BB-6674F16825AB"}],"target":{"resourceId":"sid-D8B7EE41-523C-4185-98BB-6674F16825AB"},"properties":{"overrideid":"sid-2E9DD5F4-F4BA-4354-90E3-EB5300BC4491","executionlisteners":{"executionListeners":[]}}},{"bounds":{"lowerRight":{"x":418.0,"y":192.0},"upperLeft":{"x":390.0,"y":164.0}},"resourceId":"sid-ECF09107-C9E7-47C9-9D87-AC716A97AC13","childShapes":[],"stencil":{"id":"EndNoneEvent"},"properties":{"overrideid":"sid-ECF09107-C9E7-47C9-9D87-AC716A97AC13","name":"End Event without form","executionlisteners":{"executionListeners":[]},"asynchronousdefinition":false,"exclusivedefinition":false},"outgoing":[]},{"bounds":{"lowerRight":{"x":172.0,"y":212.0},"upperLeft":{"x":128.0,"y":212.0}},"resourceId":"sid-816206E7-75C2-4165-ADAF-5538FBC3E3D8","childShapes":[],"stencil":{"id":"SequenceFlow"},"dockers":[{"x":50.0,"y":40.0},{"x":14.0,"y":14.0}],"outgoing":[{"resourceId":"sid-ECF09107-C9E7-47C9-9D87-AC716A97AC13"}],"target":{"resourceId":"sid-ECF09107-C9E7-47C9-9D87-AC716A97AC13"},"properties":{"overrideid":"sid-816206E7-75C2-4165-ADAF-5538FBC3E3D8","executionlisteners":{"executionListeners":[]}}}]}