{"bounds":{"lowerRight":{"x":1485.0,"y":700.0},"upperLeft":{"x":0.0,"y":0.0}},"resourceId":"canvas","stencil":{"id":"BPMNDiagram"},"stencilset":{"namespace":"http://b3mn.org/stencilset/bpmn2.0#","url":"../editor/stencilsets/bpmn2.0/bpmn2.0.json"},"properties":{"process_id":"e2e-attach_file_on_start_event-process","name":"e2e-attach_file_on_start_event-process","executionlisteners":{"executionListeners":[]},"eventlisteners":{"eventListeners":[]},"signaldefinitions":[],"messagedefinitions":[],"executionvariables":[{"variableName":"setUserTaskName","variableType":"string","persist":"null"}],"process_namespace":"http://www.activiti.org/processdef"},"childShapes":[{"bounds":{"lowerRight":{"x":120.0,"y":180.0},"upperLeft":{"x":90.0,"y":150.0}},"resourceId":"startEvent1","childShapes":[],"stencil":{"id":"StartNoneEvent"},"properties":{"overrideid":"startEvent1","formreference":{"id":2,"name":"e2e-attach-file-single-form","variablesmapping":[{"mappedVariable":"setusertaskname","inProcessVariable":"","outProcessVariable":"setUserTaskName","inVariableType":"formField","typeOfMapping":"inputOutputMap","outVariableType":"restResponse"}]},"executionlisteners":{"executionListeners":[]},"asynchronousdefinition":false,"exclusivedefinition":false},"outgoing":[{"resourceId":"sid-6768A854-FD41-468A-AA10-04F329BE3690"}]},{"bounds":{"lowerRight":{"x":250.0,"y":205.0},"upperLeft":{"x":150.0,"y":125.0}},"resourceId":"sid-F553A683-A421-49BD-A5E9-51661236146D","childShapes":[],"stencil":{"id":"UserTask"},"properties":{"overrideid":"sid-F553A683-A421-49BD-A5E9-51661236146D","name":"${setUserTaskName}","usertasksendemail":true,"usertaskassignment":{"assignment":{"type":"idm","idm":{"type":"initiator"},"initiatorCanCompleteTask":false,"deactivateUserTaskReassignment":false}},"formreference":{"id":94,"name":"displayValue"},"executionlisteners":{"executionListeners":[]},"isforcompensation":false,"asynchronousdefinition":false,"exclusivedefinition":false,"tasklisteners":{"taskListeners":[]}},"outgoing":[{"resourceId":"sid-07E53045-F135-43D3-9C4B-D87BFC15355E"}]},{"bounds":{"lowerRight":{"x":172.0,"y":212.0},"upperLeft":{"x":128.0,"y":212.0}},"resourceId":"sid-6768A854-FD41-468A-AA10-04F329BE3690","childShapes":[],"stencil":{"id":"SequenceFlow"},"dockers":[{"x":15.0,"y":15.0},{"x":50.0,"y":40.0}],"outgoing":[{"resourceId":"sid-F553A683-A421-49BD-A5E9-51661236146D"}],"target":{"resourceId":"sid-F553A683-A421-49BD-A5E9-51661236146D"},"properties":{"overrideid":"sid-6768A854-FD41-468A-AA10-04F329BE3690","executionlisteners":{"executionListeners":[]}}},{"bounds":{"lowerRight":{"x":338.0,"y":179.0},"upperLeft":{"x":310.0,"y":151.0}},"resourceId":"sid-17A8B087-F9EC-4178-BE54-AC1F6E297EDA","childShapes":[],"stencil":{"id":"EndNoneEvent"},"properties":{"overrideid":"sid-17A8B087-F9EC-4178-BE54-AC1F6E297EDA","executionlisteners":{"executionListeners":[]},"asynchronousdefinition":false,"exclusivedefinition":false},"outgoing":[]},{"bounds":{"lowerRight":{"x":172.0,"y":212.0},"upperLeft":{"x":128.0,"y":212.0}},"resourceId":"sid-07E53045-F135-43D3-9C4B-D87BFC15355E","childShapes":[],"stencil":{"id":"SequenceFlow"},"dockers":[{"x":50.0,"y":40.0},{"x":14.0,"y":14.0}],"outgoing":[{"resourceId":"sid-17A8B087-F9EC-4178-BE54-AC1F6E297EDA"}],"target":{"resourceId":"sid-17A8B087-F9EC-4178-BE54-AC1F6E297EDA"},"properties":{"overrideid":"sid-07E53045-F135-43D3-9C4B-D87BFC15355E","executionlisteners":{"executionListeners":[]}}}]}