{"bounds":{"lowerRight":{"x":1485.0,"y":700.0},"upperLeft":{"x":0.0,"y":0.0}},"resourceId":"canvas","stencil":{"id":"BPMNDiagram"},"stencilset":{"namespace":"http://b3mn.org/stencilset/bpmn2.0#","url":"../editor/stencilsets/bpmn2.0/bpmn2.0.json"},"properties":{"process_id":"e2e-displayValue-process","name":"e2e-displayValue-process","executionlisteners":{"executionListeners":[]},"eventlisteners":{"eventListeners":[]},"signaldefinitions":[],"messagedefinitions":[],"process_namespace":"http://www.activiti.org/processdef"},"childShapes":[{"bounds":{"lowerRight":{"x":130.0,"y":193.0},"upperLeft":{"x":100.0,"y":163.0}},"resourceId":"startEvent1","childShapes":[],"stencil":{"id":"StartNoneEvent"},"properties":{"overrideid":"startEvent1","name":"displayValue_startForm","formreference":{"id":12,"name":"e2e-displayValue_on_startForm-form"},"executionlisteners":{"executionListeners":[]},"asynchronousdefinition":false,"exclusivedefinition":false},"outgoing":[{"resourceId":"sid-53808233-9EA1-4E6A-A2D5-438997A475EE"}]},{"bounds":{"lowerRight":{"x":275.0,"y":218.0},"upperLeft":{"x":175.0,"y":138.0}},"resourceId":"sid-3B278490-0EF0-4B11-8395-602D24AC3412","childShapes":[],"stencil":{"id":"UserTask"},"properties":{"overrideid":"sid-3B278490-0EF0-4B11-8395-602D24AC3412","name":"displayValue_userTask","usertasksendemail":true,"usertaskassignment":{"assignment":{"type":"idm","idm":{"type":"initiator"},"initiatorCanCompleteTask":false}},"formreference":{"id":6,"name":"e2e-displayValueForm_on_userTask-form"},"executionlisteners":{"executionListeners":[]},"isforcompensation":false,"asynchronousdefinition":false,"exclusivedefinition":false,"tasklisteners":{"taskListeners":[]}},"outgoing":[{"resourceId":"sid-E1AA037F-2742-4DFD-8E99-43FAAB8E2EDF"}]},{"bounds":{"lowerRight":{"x":172.0,"y":212.0},"upperLeft":{"x":128.0,"y":212.0}},"resourceId":"sid-53808233-9EA1-4E6A-A2D5-438997A475EE","childShapes":[],"stencil":{"id":"SequenceFlow"},"dockers":[{"x":15.0,"y":15.0},{"x":50.0,"y":40.0}],"outgoing":[{"resourceId":"sid-3B278490-0EF0-4B11-8395-602D24AC3412"}],"target":{"resourceId":"sid-3B278490-0EF0-4B11-8395-602D24AC3412"},"properties":{"overrideid":"sid-53808233-9EA1-4E6A-A2D5-438997A475EE","executionlisteners":{"executionListeners":[]}}},{"bounds":{"lowerRight":{"x":348.0,"y":192.0},"upperLeft":{"x":320.0,"y":164.0}},"resourceId":"sid-B27CFE77-5896-4FC5-9458-4749A87AC133","childShapes":[],"stencil":{"id":"EndNoneEvent"},"properties":{"overrideid":"sid-B27CFE77-5896-4FC5-9458-4749A87AC133","executionlisteners":{"executionListeners":[]},"asynchronousdefinition":false,"exclusivedefinition":false},"outgoing":[]},{"bounds":{"lowerRight":{"x":172.0,"y":212.0},"upperLeft":{"x":128.0,"y":212.0}},"resourceId":"sid-E1AA037F-2742-4DFD-8E99-43FAAB8E2EDF","childShapes":[],"stencil":{"id":"SequenceFlow"},"dockers":[{"x":50.0,"y":40.0},{"x":14.0,"y":14.0}],"outgoing":[{"resourceId":"sid-B27CFE77-5896-4FC5-9458-4749A87AC133"}],"target":{"resourceId":"sid-B27CFE77-5896-4FC5-9458-4749A87AC133"},"properties":{"overrideid":"sid-E1AA037F-2742-4DFD-8E99-43FAAB8E2EDF","executionlisteners":{"executionListeners":[]}}}]}