{"resourceId":19,"properties":{"process_id":"e2e-attach_file_acs-process","name":"e2e-attach_file_acs-process","documentation":"","process_author":"","process_version":"","process_namespace":"http://www.activiti.org/processdef","executionlisteners":"{\"executionListeners\":[]}","eventlisteners":"{\"eventListeners\":[]}","signaldefinitions":"[]","messagedefinitions":"[]","executionvariables":"","metadata":""},"stencil":{"id":"BPMNDiagram"},"childShapes":[{"resourceId":"startEvent1","properties":{"overrideid":"startEvent1","name":"","documentation":"","executionlisteners":{"executionListeners":[]},"initiator":"","formkeydefinition":"","formreference":{"id":10,"name":"attach-acs-file-widget"},"fieldstovariables":"","formproperties":"","asynchronousdefinition":false,"exclusivedefinition":false},"stencil":{"id":"StartNoneEvent"},"childShapes":[],"outgoing":[{"resourceId":"sid-BCCF09E7-2FE2-4B20-B916-F5A510BB8674"}],"bounds":{"lowerRight":{"x":120,"y":180},"upperLeft":{"x":90,"y":150}},"dockers":[]},{"resourceId":"sid-39FBE4E1-CD2D-4147-A48C-849B9D636126","properties":{"overrideid":"sid-39FBE4E1-CD2D-4147-A48C-849B9D636126","name":"User task of acs attach file widgets","documentation":"","asynchronousdefinition":false,"exclusivedefinition":false,"executionlisteners":{"executionListeners":[]},"multiinstance_type":"None","multiinstance_cardinality":"","multiinstance_collection":"","multiinstance_variable":"","multiinstance_condition":"","isforcompensation":false,"usertasksendemail":true,"usertaskassignment":{"assignment":{"type":"idm","idm":{"type":"initiator"},"initiatorCanCompleteTask":false}},"formkeydefinition":"","formreference":{"id":10,"name":"attach-acs-file-widget","referenceId":null},"fieldstovariables":"","duedatedefinition":"","prioritydefinition":"","categorydefinition":"","formproperties":"","tasklisteners":{"taskListeners":[]},"emailtemplate":""},"stencil":{"id":"UserTask"},"childShapes":[],"outgoing":[{"resourceId":"sid-871DFC5E-1B3A-436A-92AF-D28263F7E6CD"}],"bounds":{"lowerRight":{"x":265,"y":205},"upperLeft":{"x":165,"y":125}},"dockers":[]},{"resourceId":"sid-BCCF09E7-2FE2-4B20-B916-F5A510BB8674","properties":{"overrideid":"sid-BCCF09E7-2FE2-4B20-B916-F5A510BB8674","name":"","documentation":"","conditionsequenceflow":"","executionlisteners":{"executionListeners":[]},"defaultflow":"false"},"stencil":{"id":"SequenceFlow"},"childShapes":[],"outgoing":[{"resourceId":"sid-39FBE4E1-CD2D-4147-A48C-849B9D636126"}],"bounds":{"lowerRight":{"x":164.15625,"y":165},"upperLeft":{"x":120.609375,"y":165}},"dockers":[{"x":15,"y":15},{"x":50,"y":40}],"target":{"resourceId":"sid-39FBE4E1-CD2D-4147-A48C-849B9D636126"}},{"resourceId":"sid-AEB1F293-9372-4312-82BD-1B3EEF526E07","properties":{"overrideid":"sid-AEB1F293-9372-4312-82BD-1B3EEF526E07","name":"","documentation":"","executionlisteners":{"executionListeners":[]},"asynchronousdefinition":false,"exclusivedefinition":false},"stencil":{"id":"EndNoneEvent"},"childShapes":[],"outgoing":[],"bounds":{"lowerRight":{"x":317,"y":179},"upperLeft":{"x":289,"y":151}},"dockers":[]},{"resourceId":"sid-871DFC5E-1B3A-436A-92AF-D28263F7E6CD","properties":{"overrideid":"sid-871DFC5E-1B3A-436A-92AF-D28263F7E6CD","name":"","documentation":"","conditionsequenceflow":"","executionlisteners":{"executionListeners":[]},"defaultflow":"false"},"stencil":{"id":"SequenceFlow"},"childShapes":[],"outgoing":[{"resourceId":"sid-AEB1F293-9372-4312-82BD-1B3EEF526E07"}],"bounds":{"lowerRight":{"x":288.25,"y":165},"upperLeft":{"x":265.5,"y":165}},"dockers":[{"x":50,"y":40},{"x":14,"y":14}],"target":{"resourceId":"sid-AEB1F293-9372-4312-82BD-1B3EEF526E07"}}],"bounds":{"lowerRight":{"x":1200,"y":1050},"upperLeft":{"x":0,"y":0}},"stencilset":{"url":"stencilsets/bpmn2.0/bpmn2.0.json","namespace":"http://b3mn.org/stencilset/bpmn2.0#"},"ssextensions":[]}