<?xml version='1.0' encoding='UTF-8'?>
<definitions xmlns="http://www.omg.org/spec/BPMN/20100524/MODEL" xmlns:xsi="http://www.w3.org/2001/XMLSchema-instance" xmlns:xsd="http://www.w3.org/2001/XMLSchema" xmlns:activiti="http://activiti.org/bpmn" xmlns:bpmndi="http://www.omg.org/spec/BPMN/20100524/DI" xmlns:omgdc="http://www.omg.org/spec/DD/20100524/DC" xmlns:omgdi="http://www.omg.org/spec/DD/20100524/DI" typeLanguage="http://www.w3.org/2001/XMLSchema" expressionLanguage="http://www.w3.org/1999/XPath" targetNamespace="http://www.activiti.org/processdef" xmlns:modeler="http://activiti.com/modeler" modeler:version="1.0en" modeler:exportDateTime="20210122083938789" modeler:modelId="63" modeler:modelVersion="3" modeler:modelLastUpdated="1611304776601">
  <process id="e2e-displayValue-process" name="e2e-displayValue-process" isExecutable="true">
    <startEvent id="startEvent1" name="displayValue_startForm" activiti:formKey="36">
      <extensionElements>
        <modeler:form-reference-id><![CDATA[36]]></modeler:form-reference-id>
        <modeler:form-reference-name><![CDATA[e2e-displayValue_on_startForm-form]]></modeler:form-reference-name>
        <modeler:editor-resource-id><![CDATA[startEvent1]]></modeler:editor-resource-id>
      </extensionElements>
    </startEvent>
    <userTask id="sid-3B278490-0EF0-4B11-8395-602D24AC3412" name="displayValue_userTask" activiti:async="true" activiti:exclusive="false" activiti:assignee="$INITIATOR" activiti:formKey="40">
      <extensionElements>
        <activiti:executionListener event="start" class="com.activiti.runtime.activiti.ContentProcessorExecutionListener">
          <activiti:field name="externalContentHandler">
            <activiti:expression><![CDATA[${externalContentHandler}]]></activiti:expression>
          </activiti:field>
        </activiti:executionListener>
        <modeler:allow-send-email><![CDATA[true]]></modeler:allow-send-email>
        <modeler:form-reference-id><![CDATA[40]]></modeler:form-reference-id>
        <modeler:form-reference-name><![CDATA[e2e-displayValueForm_on_userTask-form]]></modeler:form-reference-name>
        <modeler:activiti-idm-initiator><![CDATA[true]]></modeler:activiti-idm-initiator>
        <modeler:initiator-can-complete><![CDATA[false]]></modeler:initiator-can-complete>
        <modeler:editor-resource-id><![CDATA[sid-3B278490-0EF0-4B11-8395-602D24AC3412]]></modeler:editor-resource-id>
        <modeler:ignore-listener-on-import><![CDATA[com.activiti.runtime.activiti.ContentProcessorExecutionListener]]></modeler:ignore-listener-on-import>
      </extensionElements>
    </userTask>
    <sequenceFlow id="sid-53808233-9EA1-4E6A-A2D5-438997A475EE" sourceRef="startEvent1" targetRef="sid-3B278490-0EF0-4B11-8395-602D24AC3412">
      <extensionElements>
        <modeler:editor-resource-id><![CDATA[sid-53808233-9EA1-4E6A-A2D5-438997A475EE]]></modeler:editor-resource-id>
      </extensionElements>
    </sequenceFlow>
    <endEvent id="sid-B27CFE77-5896-4FC5-9458-4749A87AC133">
      <extensionElements>
        <modeler:editor-resource-id><![CDATA[sid-B27CFE77-5896-4FC5-9458-4749A87AC133]]></modeler:editor-resource-id>
      </extensionElements>
    </endEvent>
    <sequenceFlow id="sid-E1AA037F-2742-4DFD-8E99-43FAAB8E2EDF" sourceRef="sid-3B278490-0EF0-4B11-8395-602D24AC3412" targetRef="sid-B27CFE77-5896-4FC5-9458-4749A87AC133">
      <extensionElements>
        <modeler:editor-resource-id><![CDATA[sid-E1AA037F-2742-4DFD-8E99-43FAAB8E2EDF]]></modeler:editor-resource-id>
      </extensionElements>
    </sequenceFlow>
  </process>
  <bpmndi:BPMNDiagram id="BPMNDiagram_e2e-displayValue-process">
    <bpmndi:BPMNPlane bpmnElement="e2e-displayValue-process" id="BPMNPlane_e2e-displayValue-process">
      <bpmndi:BPMNShape bpmnElement="startEvent1" id="BPMNShape_startEvent1">
        <omgdc:Bounds height="30.0" width="30.0" x="100.0" y="163.0"/>
      </bpmndi:BPMNShape>
      <bpmndi:BPMNShape bpmnElement="sid-3B278490-0EF0-4B11-8395-602D24AC3412" id="BPMNShape_sid-3B278490-0EF0-4B11-8395-602D24AC3412">
        <omgdc:Bounds height="80.0" width="100.0" x="175.0" y="138.0"/>
      </bpmndi:BPMNShape>
      <bpmndi:BPMNShape bpmnElement="sid-B27CFE77-5896-4FC5-9458-4749A87AC133" id="BPMNShape_sid-B27CFE77-5896-4FC5-9458-4749A87AC133">
        <omgdc:Bounds height="28.0" width="28.0" x="320.0" y="164.0"/>
      </bpmndi:BPMNShape>
      <bpmndi:BPMNEdge bpmnElement="sid-E1AA037F-2742-4DFD-8E99-43FAAB8E2EDF" id="BPMNEdge_sid-E1AA037F-2742-4DFD-8E99-43FAAB8E2EDF">
        <omgdi:waypoint x="275.0" y="178.0"/>
        <omgdi:waypoint x="320.0" y="178.0"/>
      </bpmndi:BPMNEdge>
      <bpmndi:BPMNEdge bpmnElement="sid-53808233-9EA1-4E6A-A2D5-438997A475EE" id="BPMNEdge_sid-53808233-9EA1-4E6A-A2D5-438997A475EE">
        <omgdi:waypoint x="130.0" y="178.0"/>
        <omgdi:waypoint x="175.0" y="178.0"/>
      </bpmndi:BPMNEdge>
    </bpmndi:BPMNPlane>
  </bpmndi:BPMNDiagram>
</definitions>