{"resourceId":29,"properties":{"process_id":"e2e-attach_file_local-process","name":"e2e-attach_file_local-process","documentation":"","process_author":"","process_version":"","process_namespace":"http://www.activiti.org/processdef","executionlisteners":"{\"executionListeners\":[]}","eventlisteners":"{\"eventListeners\":[]}","signaldefinitions":"[]","messagedefinitions":"[]","executionvariables":"","metadata":""},"stencil":{"id":"BPMNDiagram"},"childShapes":[{"resourceId":"startEvent1","properties":{"overrideid":"startEvent1","name":"","documentation":"","executionlisteners":{"executionListeners":[]},"initiator":"","formkeydefinition":"","formreference":{"id":5,"name":"attach-local-file-widget"},"fieldstovariables":"","formproperties":"","asynchronousdefinition":false,"exclusivedefinition":false},"stencil":{"id":"StartNoneEvent"},"childShapes":[],"outgoing":[{"resourceId":"sid-3CAA348B-0602-4F1B-A2DD-5D1A0AA7CD49"}],"bounds":{"lowerRight":{"x":120,"y":175},"upperLeft":{"x":90,"y":145}},"dockers":[]},{"resourceId":"sid-499E23B0-E0D7-4150-98E2-2D263866D6D8","properties":{"overrideid":"sid-499E23B0-E0D7-4150-98E2-2D263866D6D8","name":"User task of local attach file widgets","documentation":"","asynchronousdefinition":false,"exclusivedefinition":false,"executionlisteners":{"executionListeners":[]},"multiinstance_type":"None","multiinstance_cardinality":"","multiinstance_collection":"","multiinstance_variable":"","multiinstance_condition":"","isforcompensation":false,"usertasksendemail":true,"usertaskassignment":{"assignment":{"type":"idm","idm":{"type":"initiator"},"initiatorCanCompleteTask":false}},"formkeydefinition":"","formreference":{"id":5,"name":"attach-local-file-widget","referenceId":29},"fieldstovariables":"","duedatedefinition":"","prioritydefinition":"","categorydefinition":"","formproperties":"","tasklisteners":{"taskListeners":[]},"emailtemplate":""},"stencil":{"id":"UserTask"},"childShapes":[],"outgoing":[{"resourceId":"sid-FDD81549-0F6B-4A28-B98F-4862A2E5E93C"}],"bounds":{"lowerRight":{"x":265,"y":200},"upperLeft":{"x":165,"y":120}},"dockers":[]},{"resourceId":"sid-3CAA348B-0602-4F1B-A2DD-5D1A0AA7CD49","properties":{"overrideid":"sid-3CAA348B-0602-4F1B-A2DD-5D1A0AA7CD49","name":"","documentation":"","conditionsequenceflow":"","executionlisteners":{"executionListeners":[]},"defaultflow":"false"},"stencil":{"id":"SequenceFlow"},"childShapes":[],"outgoing":[{"resourceId":"sid-499E23B0-E0D7-4150-98E2-2D263866D6D8"}],"bounds":{"lowerRight":{"x":164.15625,"y":160},"upperLeft":{"x":120.609375,"y":160}},"dockers":[{"x":15,"y":15},{"x":50,"y":40}],"target":{"resourceId":"sid-499E23B0-E0D7-4150-98E2-2D263866D6D8"}},{"resourceId":"sid-513A13C1-026C-45AA-8733-52420CFAFB0A","properties":{"overrideid":"sid-513A13C1-026C-45AA-8733-52420CFAFB0A","name":"","documentation":"","executionlisteners":{"executionListeners":[]},"asynchronousdefinition":false,"exclusivedefinition":false},"stencil":{"id":"EndNoneEvent"},"childShapes":[],"outgoing":[],"bounds":{"lowerRight":{"x":328,"y":174},"upperLeft":{"x":300,"y":146}},"dockers":[]},{"resourceId":"sid-FDD81549-0F6B-4A28-B98F-4862A2E5E93C","properties":{"overrideid":"sid-FDD81549-0F6B-4A28-B98F-4862A2E5E93C","name":"","documentation":"","conditionsequenceflow":"","executionlisteners":{"executionListeners":[]},"defaultflow":"false"},"stencil":{"id":"SequenceFlow"},"childShapes":[],"outgoing":[{"resourceId":"sid-513A13C1-026C-45AA-8733-52420CFAFB0A"}],"bounds":{"lowerRight":{"x":299.078125,"y":160},"upperLeft":{"x":265.5,"y":160}},"dockers":[{"x":50,"y":40},{"x":14,"y":14}],"target":{"resourceId":"sid-513A13C1-026C-45AA-8733-52420CFAFB0A"}}],"bounds":{"lowerRight":{"x":1200,"y":1050},"upperLeft":{"x":0,"y":0}},"stencilset":{"url":"stencilsets/bpmn2.0/bpmn2.0.json","namespace":"http://b3mn.org/stencilset/bpmn2.0#"},"ssextensions":[]}