{"bounds":{"lowerRight":{"x":1485.0,"y":700.0},"upperLeft":{"x":0.0,"y":0.0}},"resourceId":"canvas","stencil":{"id":"BPMNDiagram"},"stencilset":{"namespace":"http://b3mn.org/stencilset/bpmn2.0#","url":"../editor/stencilsets/bpmn2.0/bpmn2.0.json"},"properties":{"process_id":"e2e-candidate_users_no_permissions_with_form-process","name":"e2e-candidate_users_no_permissions_with_form-process","executionlisteners":{"executionListeners":[]},"eventlisteners":{"eventListeners":[]},"signaldefinitions":[],"messagedefinitions":[],"process_namespace":"http://www.activiti.org/processdef"},"childShapes":[{"bounds":{"lowerRight":{"x":130.0,"y":193.0},"upperLeft":{"x":100.0,"y":163.0}},"resourceId":"startEvent1","childShapes":[],"stencil":{"id":"StartNoneEvent"},"properties":{"overrideid":"startEvent1","formreference":{"id":13,"name":"setUserTaskName","variablesmapping":[{"mappedVariable":"setusertaskname","inProcessVariable":"","outProcessVariable":"setUserTaskName","inVariableType":"formField","typeOfMapping":"inputOutputMap","outVariableType":"staticValue"},{"mappedVariable":"setsecondusertaskname","inProcessVariable":"","outProcessVariable":"setSecondUserTaskName","inVariableType":"formField","typeOfMapping":"inputOutputMap","outVariableType":"staticValue"}]},"executionlisteners":{"executionListeners":[]},"asynchronousdefinition":false,"exclusivedefinition":false},"outgoing":[{"resourceId":"sid-64938C67-0CBE-4A6E-B688-1EA2A4EBA878"}]},{"bounds":{"lowerRight":{"x":280.0,"y":218.0},"upperLeft":{"x":180.0,"y":138.0}},"resourceId":"sid-1C02FDB9-2728-4067-95F8-A03746FBD3AC","childShapes":[],"stencil":{"id":"UserTask"},"properties":{"overrideid":"sid-1C02FDB9-2728-4067-95F8-A03746FBD3AC","name":"${setUserTaskName}","usertasksendemail":true,"usertaskassignment":{"assignment":{"type":"idm","idm":{"candidateUsers":[{"id":6,"email":"salesuser@example.com","firstName":"Sales","lastName":"User"}],"type":"users"},"initiatorCanCompleteTask":false}},"formreference":{"id":14,"name":"e2e-userTask1-form"},"executionlisteners":{"executionListeners":[]},"isforcompensation":false,"asynchronousdefinition":false,"exclusivedefinition":false,"tasklisteners":{"taskListeners":[]}},"outgoing":[{"resourceId":"sid-23DC8473-F4B3-4640-A39D-CC33B6102153"}]},{"bounds":{"lowerRight":{"x":172.0,"y":212.0},"upperLeft":{"x":128.0,"y":212.0}},"resourceId":"sid-64938C67-0CBE-4A6E-B688-1EA2A4EBA878","childShapes":[],"stencil":{"id":"SequenceFlow"},"dockers":[{"x":15.0,"y":15.0},{"x":50.0,"y":40.0}],"outgoing":[{"resourceId":"sid-1C02FDB9-2728-4067-95F8-A03746FBD3AC"}],"target":{"resourceId":"sid-1C02FDB9-2728-4067-95F8-A03746FBD3AC"},"properties":{"overrideid":"sid-64938C67-0CBE-4A6E-B688-1EA2A4EBA878","executionlisteners":{"executionListeners":[]}}},{"bounds":{"lowerRight":{"x":425.0,"y":218.0},"upperLeft":{"x":325.0,"y":138.0}},"resourceId":"sid-C54BA370-5BC8-464C-AA27-C859F19100C8","childShapes":[],"stencil":{"id":"UserTask"},"properties":{"overrideid":"sid-C54BA370-5BC8-464C-AA27-C859F19100C8","name":"${secondUserTask}","usertasksendemail":true,"usertaskassignment":{"assignment":{"type":"idm","idm":{"candidateUsers":[{"id":3,"email":"hruser@example.com","firstName":"HR","lastName":"User"}],"type":"users"},"initiatorCanCompleteTask":false}},"formreference":{"id":15,"name":"e2e-userTask2-form"},"executionlisteners":{"executionListeners":[]},"isforcompensation":false,"asynchronousdefinition":false,"exclusivedefinition":false,"tasklisteners":{"taskListeners":[]}},"outgoing":[{"resourceId":"sid-B9BB3776-9CB1-46E1-B029-4C618EE05C7C"}]},{"bounds":{"lowerRight":{"x":172.0,"y":212.0},"upperLeft":{"x":128.0,"y":212.0}},"resourceId":"sid-23DC8473-F4B3-4640-A39D-CC33B6102153","childShapes":[],"stencil":{"id":"SequenceFlow"},"dockers":[{"x":50.0,"y":40.0},{"x":50.0,"y":40.0}],"outgoing":[{"resourceId":"sid-C54BA370-5BC8-464C-AA27-C859F19100C8"}],"target":{"resourceId":"sid-C54BA370-5BC8-464C-AA27-C859F19100C8"},"properties":{"overrideid":"sid-23DC8473-F4B3-4640-A39D-CC33B6102153","executionlisteners":{"executionListeners":[]}}},{"bounds":{"lowerRight":{"x":498.0,"y":192.0},"upperLeft":{"x":470.0,"y":164.0}},"resourceId":"sid-DA3D860B-73D9-47F3-A965-7A24B18F9766","childShapes":[],"stencil":{"id":"EndNoneEvent"},"properties":{"overrideid":"sid-DA3D860B-73D9-47F3-A965-7A24B18F9766","executionlisteners":{"executionListeners":[]},"asynchronousdefinition":false,"exclusivedefinition":false},"outgoing":[]},{"bounds":{"lowerRight":{"x":172.0,"y":212.0},"upperLeft":{"x":128.0,"y":212.0}},"resourceId":"sid-B9BB3776-9CB1-46E1-B029-4C618EE05C7C","childShapes":[],"stencil":{"id":"SequenceFlow"},"dockers":[{"x":50.0,"y":40.0},{"x":14.0,"y":14.0}],"outgoing":[{"resourceId":"sid-DA3D860B-73D9-47F3-A965-7A24B18F9766"}],"target":{"resourceId":"sid-DA3D860B-73D9-47F3-A965-7A24B18F9766"},"properties":{"overrideid":"sid-B9BB3776-9CB1-46E1-B029-4C618EE05C7C","executionlisteners":{"executionListeners":[]}}}]}