{"name":"e2e-Application","description":"","definition":{"models":[{"id":30,"name":"e2e-attach_multiple_file_on_start_event-process","version":4,"modelType":0,"description":null,"stencilSetId":null,"createdByFullName":"HR User","createdBy":100101,"lastUpdatedByFullName":"HR User","lastUpdatedBy":100101,"lastUpdated":"2020-12-03T13:35:56.920+0000"},{"id":24,"name":"e2e-attach_file_single_multiple-process","version":4,"modelType":0,"description":null,"stencilSetId":null,"createdByFullName":"HR User","createdBy":100101,"lastUpdatedByFullName":"HR User","lastUpdatedBy":100101,"lastUpdated":"2020-12-03T13:35:56.931+0000"},{"id":17,"name":"e2e-attach_file_on_start_event-process","version":4,"modelType":0,"description":"","stencilSetId":null,"createdByFullName":"HR User","createdBy":100101,"lastUpdatedByFullName":"HR User","lastUpdatedBy":100101,"lastUpdated":"2020-12-03T13:35:56.954+0000"},{"id":20,"name":"e2e-attach_file_invisible-process","version":4,"modelType":0,"description":"","stencilSetId":null,"createdByFullName":"HR User","createdBy":100101,"lastUpdatedByFullName":"HR User","lastUpdatedBy":100101,"lastUpdated":"2020-12-03T13:35:56.964+0000"},{"id":31,"name":"e2e-attach_file_single_all-process","version":4,"modelType":0,"description":null,"stencilSetId":null,"createdByFullName":"HR User","createdBy":100101,"lastUpdatedByFullName":"HR User","lastUpdatedBy":100101,"lastUpdated":"2020-12-03T13:35:56.974+0000"},{"id":26,"name":"e2e-Candidate_Users-process","version":4,"modelType":0,"description":"","stencilSetId":null,"createdByFullName":"HR User","createdBy":100101,"lastUpdatedByFullName":"HR User","lastUpdatedBy":100101,"lastUpdated":"2020-12-03T13:35:56.984+0000"},{"id":28,"name":"e2e-generate_document-process","version":4,"modelType":0,"description":"","stencilSetId":null,"createdByFullName":"HR User","createdBy":100101,"lastUpdatedByFullName":"HR User","lastUpdatedBy":100101,"lastUpdated":"2020-12-03T13:35:56.994+0000"},{"id":19,"name":"e2e-attach_file_acs-process","version":4,"modelType":0,"description":null,"stencilSetId":null,"createdByFullName":"HR User","createdBy":100101,"lastUpdatedByFullName":"HR User","lastUpdatedBy":100101,"lastUpdated":"2020-12-03T13:35:57.004+0000"},{"id":25,"name":"e2e-attach_file_all-process","version":4,"modelType":0,"description":null,"stencilSetId":null,"createdByFullName":"HR User","createdBy":100101,"lastUpdatedByFullName":"HR User","lastUpdatedBy":100101,"lastUpdated":"2020-12-03T13:35:57.014+0000"},{"id":21,"name":"e2e-attach_file_visible-process","version":4,"modelType":0,"description":null,"stencilSetId":null,"createdByFullName":"HR User","createdBy":100101,"lastUpdatedByFullName":"HR User","lastUpdatedBy":100101,"lastUpdated":"2020-12-03T13:35:57.024+0000"},{"id":22,"name":"e2e-noForm-process","version":4,"modelType":0,"description":"","stencilSetId":null,"createdByFullName":"HR User","createdBy":100101,"lastUpdatedByFullName":"HR User","lastUpdatedBy":100101,"lastUpdated":"2020-12-03T13:35:57.033+0000"},{"id":27,"name":"e2e-displayValue-process","version":4,"modelType":0,"description":"","stencilSetId":null,"createdByFullName":"HR User","createdBy":100101,"lastUpdatedByFullName":"HR User","lastUpdatedBy":100101,"lastUpdated":"2020-12-03T13:35:57.043+0000"},{"id":29,"name":"e2e-attach_file_local-process","version":4,"modelType":0,"description":null,"stencilSetId":null,"createdByFullName":"HR User","createdBy":100101,"lastUpdatedByFullName":"HR User","lastUpdatedBy":100101,"lastUpdated":"2020-12-03T13:35:57.053+0000"},{"id":23,"name":"e2e-queued_noForm-process","version":4,"modelType":0,"description":"","stencilSetId":null,"createdByFullName":"HR User","createdBy":100101,"lastUpdatedByFullName":"HR User","lastUpdatedBy":100101,"lastUpdated":"2020-12-03T13:35:57.063+0000"},{"id":18,"name":"e2e-twoUserTasks-process","version":4,"modelType":0,"description":"","stencilSetId":null,"createdByFullName":"HR User","createdBy":100101,"lastUpdatedByFullName":"HR User","lastUpdatedBy":100101,"lastUpdated":"2020-12-03T13:35:57.072+0000"}],"theme":"theme-3","icon":"glyphicon-exclamation-sign","publishIdentityInfo":[]}}