{"name":"e2e-Application","description":"","definition":{"models":[{"id":57,"name":"e2e-candidate_users_no_permissions_with_form-process","version":3,"modelType":0,"description":"","stencilSetId":null,"createdByFullName":"HR User","createdBy":3,"lastUpdatedByFullName":"HR User","lastUpdatedBy":3,"lastUpdated":"2021-01-22T08:39:36.525+0000"},{"id":64,"name":"e2e-attach_file_on_start_event-process","version":3,"modelType":0,"description":null,"stencilSetId":null,"createdByFullName":"HR User","createdBy":3,"lastUpdatedByFullName":"HR User","lastUpdatedBy":3,"lastUpdated":"2021-01-22T08:39:36.535+0000"},{"id":50,"name":"e2e-attach_file_visible-process","version":3,"modelType":0,"description":null,"stencilSetId":null,"createdByFullName":"HR User","createdBy":3,"lastUpdatedByFullName":"HR User","lastUpdatedBy":3,"lastUpdated":"2021-01-22T08:39:36.545+0000"},{"id":59,"name":"e2e-noForm-process","version":3,"modelType":0,"description":"","stencilSetId":null,"createdByFullName":"HR User","createdBy":3,"lastUpdatedByFullName":"HR User","lastUpdatedBy":3,"lastUpdated":"2021-01-22T08:39:36.554+0000"},{"id":55,"name":"e2e-attach_file_acs-process","version":3,"modelType":0,"description":null,"stencilSetId":null,"createdByFullName":"HR User","createdBy":3,"lastUpdatedByFullName":"HR User","lastUpdatedBy":3,"lastUpdated":"2021-01-22T08:39:36.562+0000"},{"id":61,"name":"e2e-attach_file_local-process","version":3,"modelType":0,"description":null,"stencilSetId":null,"createdByFullName":"HR User","createdBy":3,"lastUpdatedByFullName":"HR User","lastUpdatedBy":3,"lastUpdated":"2021-01-22T08:39:36.571+0000"},{"id":54,"name":"e2e-attach_file_single_multiple-process","version":3,"modelType":0,"description":null,"stencilSetId":null,"createdByFullName":"HR User","createdBy":3,"lastUpdatedByFullName":"HR User","lastUpdatedBy":3,"lastUpdated":"2021-01-22T08:39:36.580+0000"},{"id":58,"name":"e2e-generate_document-process","version":3,"modelType":0,"description":"","stencilSetId":null,"createdByFullName":"HR User","createdBy":3,"lastUpdatedByFullName":"HR User","lastUpdatedBy":3,"lastUpdated":"2021-01-22T08:39:36.591+0000"},{"id":63,"name":"e2e-displayValue-process","version":3,"modelType":0,"description":"","stencilSetId":null,"createdByFullName":"HR User","createdBy":3,"lastUpdatedByFullName":"HR User","lastUpdatedBy":3,"lastUpdated":"2021-01-22T08:39:36.601+0000"},{"id":52,"name":"e2e-attach_file_single_all-process","version":3,"modelType":0,"description":null,"stencilSetId":null,"createdByFullName":"HR User","createdBy":3,"lastUpdatedByFullName":"HR User","lastUpdatedBy":3,"lastUpdated":"2021-01-22T08:39:36.610+0000"},{"id":60,"name":"e2e-attach_file_all-process","version":3,"modelType":0,"description":null,"stencilSetId":null,"createdByFullName":"HR User","createdBy":3,"lastUpdatedByFullName":"HR User","lastUpdatedBy":3,"lastUpdated":"2021-01-22T08:39:36.619+0000"},{"id":62,"name":"e2e-attach_multiple_file_on_start_event-process","version":3,"modelType":0,"description":null,"stencilSetId":null,"createdByFullName":"HR User","createdBy":3,"lastUpdatedByFullName":"HR User","lastUpdatedBy":3,"lastUpdated":"2021-01-22T08:39:36.627+0000"},{"id":65,"name":"e2e-twoUserTasks-process","version":3,"modelType":0,"description":"","stencilSetId":null,"createdByFullName":"HR User","createdBy":3,"lastUpdatedByFullName":"HR User","lastUpdatedBy":3,"lastUpdated":"2021-01-22T08:39:36.636+0000"},{"id":51,"name":"e2e-attach_file_invisible-process","version":3,"modelType":0,"description":"","stencilSetId":null,"createdByFullName":"HR User","createdBy":3,"lastUpdatedByFullName":"HR User","lastUpdatedBy":3,"lastUpdated":"2021-01-22T08:39:36.645+0000"},{"id":53,"name":"e2e-queued_noForm-process","version":3,"modelType":0,"description":"","stencilSetId":null,"createdByFullName":"HR User","createdBy":3,"lastUpdatedByFullName":"HR User","lastUpdatedBy":3,"lastUpdated":"2021-01-22T08:39:36.654+0000"},{"id":56,"name":"e2e-candidate_users_with_form-process","version":3,"modelType":0,"description":null,"stencilSetId":null,"createdByFullName":"HR User","createdBy":3,"lastUpdatedByFullName":"HR User","lastUpdatedBy":3,"lastUpdated":"2021-01-22T08:39:36.662+0000"}],"theme":"theme-3","icon":"glyphicon-exclamation-sign","publishIdentityInfo":[]}}