{"name":"e2e-Application","description":"","definition":{"models":[{"id":105,"name":"e2e-overdue","version":1,"modelType":0,"description":"","stencilSetId":0,"createdByFullName":"HR User","createdBy":51,"lastUpdatedByFullName":"HR User","lastUpdatedBy":51,"lastUpdated":"2025-04-23T08:30:02.182+0000"},{"id":104,"name":"e2e-attach_file_invisible-process","version":1,"modelType":0,"description":"","stencilSetId":null,"createdByFullName":"HR User","createdBy":51,"lastUpdatedByFullName":"HR User","lastUpdatedBy":51,"lastUpdated":"2025-04-23T08:28:30.156+0000"},{"id":107,"name":"e2e-candidate_users_with_form-process","version":1,"modelType":0,"description":null,"stencilSetId":null,"createdByFullName":"HR User","createdBy":51,"lastUpdatedByFullName":"HR User","lastUpdatedBy":51,"lastUpdated":"2025-04-23T08:28:30.237+0000"},{"id":108,"name":"e2e-queued_noForm-process","version":1,"modelType":0,"description":"","stencilSetId":null,"createdByFullName":"HR User","createdBy":51,"lastUpdatedByFullName":"HR User","lastUpdatedBy":51,"lastUpdated":"2025-04-23T08:28:30.265+0000"},{"id":115,"name":"e2e-twoUserTasks-process","version":1,"modelType":0,"description":"","stencilSetId":null,"createdByFullName":"HR User","createdBy":51,"lastUpdatedByFullName":"HR User","lastUpdatedBy":51,"lastUpdated":"2025-04-23T08:28:30.496+0000"},{"id":117,"name":"e2e-attach_multiple_file_on_start_event-process","version":1,"modelType":0,"description":null,"stencilSetId":null,"createdByFullName":"HR User","createdBy":51,"lastUpdatedByFullName":"HR User","lastUpdatedBy":51,"lastUpdated":"2025-04-23T08:28:30.542+0000"},{"id":112,"name":"e2e-attach_file_all-process","version":1,"modelType":0,"description":null,"stencilSetId":null,"createdByFullName":"HR User","createdBy":51,"lastUpdatedByFullName":"HR User","lastUpdatedBy":51,"lastUpdated":"2025-04-23T08:28:30.414+0000"},{"id":114,"name":"e2e-attach_file_single_all-process","version":1,"modelType":0,"description":null,"stencilSetId":null,"createdByFullName":"HR User","createdBy":51,"lastUpdatedByFullName":"HR User","lastUpdatedBy":51,"lastUpdated":"2025-04-23T08:28:30.477+0000"},{"id":110,"name":"e2e-generate_document-process","version":1,"modelType":0,"description":"","stencilSetId":null,"createdByFullName":"HR User","createdBy":51,"lastUpdatedByFullName":"HR User","lastUpdatedBy":51,"lastUpdated":"2025-04-23T08:28:30.321+0000"},{"id":109,"name":"e2e-attach_file_single_multiple-process","version":1,"modelType":0,"description":null,"stencilSetId":null,"createdByFullName":"HR User","createdBy":51,"lastUpdatedByFullName":"HR User","lastUpdatedBy":51,"lastUpdated":"2025-04-23T08:28:30.284+0000"},{"id":111,"name":"e2e-attach_file_local-process","version":1,"modelType":0,"description":null,"stencilSetId":null,"createdByFullName":"HR User","createdBy":51,"lastUpdatedByFullName":"HR User","lastUpdatedBy":51,"lastUpdated":"2025-04-23T08:28:30.381+0000"},{"id":106,"name":"e2e-attach_file_acs-process","version":1,"modelType":0,"description":null,"stencilSetId":null,"createdByFullName":"HR User","createdBy":51,"lastUpdatedByFullName":"HR User","lastUpdatedBy":51,"lastUpdated":"2025-04-23T08:28:30.212+0000"},{"id":102,"name":"e2e-noForm-process","version":1,"modelType":0,"description":"","stencilSetId":null,"createdByFullName":"HR User","createdBy":51,"lastUpdatedByFullName":"HR User","lastUpdatedBy":51,"lastUpdated":"2025-04-23T08:28:30.092+0000"},{"id":113,"name":"e2e-attach_file_on_start_event-process","version":1,"modelType":0,"description":null,"stencilSetId":null,"createdByFullName":"HR User","createdBy":51,"lastUpdatedByFullName":"HR User","lastUpdatedBy":51,"lastUpdated":"2025-04-23T08:28:30.446+0000"},{"id":118,"name":"e2e-candidate_users_no_permissions_with_form-process","version":1,"modelType":0,"description":"","stencilSetId":null,"createdByFullName":"HR User","createdBy":51,"lastUpdatedByFullName":"HR User","lastUpdatedBy":51,"lastUpdated":"2025-04-23T08:28:30.570+0000"},{"id":103,"name":"e2e-attach_file_visible-process","version":1,"modelType":0,"description":null,"stencilSetId":null,"createdByFullName":"HR User","createdBy":51,"lastUpdatedByFullName":"HR User","lastUpdatedBy":51,"lastUpdated":"2025-04-23T08:28:30.118+0000"},{"id":116,"name":"e2e-displayValue-process","version":1,"modelType":0,"description":null,"stencilSetId":null,"createdByFullName":"HR User","createdBy":51,"lastUpdatedByFullName":"HR User","lastUpdatedBy":51,"lastUpdated":"2025-04-23T08:28:30.516+0000"}],"theme":"theme-3","icon":"fa-exclamation-circle","publishIdentityInfo":[]}}