{"name":"e2e-Application","description":"","definition":{"models":[{"id":33,"name":"e2e-attach_file_invisible-process","version":3,"modelType":0,"description":"","stencilSetId":null,"createdByFullName":"HR User","createdBy":3,"lastUpdatedByFullName":"HR User","lastUpdatedBy":3,"lastUpdated":"2021-03-09T07:22:51.827+0000"},{"id":19,"name":"e2e-candidate_users_with_form-process","version":3,"modelType":0,"description":null,"stencilSetId":null,"createdByFullName":"HR User","createdBy":3,"lastUpdatedByFullName":"HR User","lastUpdatedBy":3,"lastUpdated":"2021-03-09T07:22:51.840+0000"},{"id":28,"name":"e2e-queued_noForm-process","version":3,"modelType":0,"description":"","stencilSetId":null,"createdByFullName":"HR User","createdBy":3,"lastUpdatedByFullName":"HR User","lastUpdatedBy":3,"lastUpdated":"2021-03-09T07:22:51.857+0000"},{"id":31,"name":"e2e-twoUserTasks-process","version":3,"modelType":0,"description":"","stencilSetId":null,"createdByFullName":"HR User","createdBy":3,"lastUpdatedByFullName":"HR User","lastUpdatedBy":3,"lastUpdated":"2021-03-09T07:22:51.872+0000"},{"id":30,"name":"e2e-attach_multiple_file_on_start_event-process","version":3,"modelType":0,"description":null,"stencilSetId":null,"createdByFullName":"HR User","createdBy":3,"lastUpdatedByFullName":"HR User","lastUpdatedBy":3,"lastUpdated":"2021-03-09T07:22:51.885+0000"},{"id":26,"name":"e2e-attach_file_all-process","version":3,"modelType":0,"description":null,"stencilSetId":null,"createdByFullName":"HR User","createdBy":3,"lastUpdatedByFullName":"HR User","lastUpdatedBy":3,"lastUpdated":"2021-03-09T07:22:51.896+0000"},{"id":25,"name":"e2e-attach_file_single_all-process","version":3,"modelType":0,"description":null,"stencilSetId":null,"createdByFullName":"HR User","createdBy":3,"lastUpdatedByFullName":"HR User","lastUpdatedBy":3,"lastUpdated":"2021-03-09T07:22:51.907+0000"},{"id":32,"name":"e2e-displayValue-process","version":3,"modelType":0,"description":"","stencilSetId":null,"createdByFullName":"HR User","createdBy":3,"lastUpdatedByFullName":"HR User","lastUpdatedBy":3,"lastUpdated":"2021-03-09T07:22:51.919+0000"},{"id":27,"name":"e2e-generate_document-process","version":3,"modelType":0,"description":"","stencilSetId":null,"createdByFullName":"HR User","createdBy":3,"lastUpdatedByFullName":"HR User","lastUpdatedBy":3,"lastUpdated":"2021-03-09T07:22:51.930+0000"},{"id":29,"name":"e2e-attach_file_single_multiple-process","version":3,"modelType":0,"description":null,"stencilSetId":null,"createdByFullName":"HR User","createdBy":3,"lastUpdatedByFullName":"HR User","lastUpdatedBy":3,"lastUpdated":"2021-03-09T07:22:51.942+0000"},{"id":24,"name":"e2e-attach_file_local-process","version":3,"modelType":0,"description":null,"stencilSetId":null,"createdByFullName":"HR User","createdBy":3,"lastUpdatedByFullName":"HR User","lastUpdatedBy":3,"lastUpdated":"2021-03-09T07:22:51.954+0000"},{"id":23,"name":"e2e-attach_file_acs-process","version":3,"modelType":0,"description":null,"stencilSetId":null,"createdByFullName":"HR User","createdBy":3,"lastUpdatedByFullName":"HR User","lastUpdatedBy":3,"lastUpdated":"2021-03-09T07:22:51.967+0000"},{"id":21,"name":"e2e-noForm-process","version":3,"modelType":0,"description":"","stencilSetId":null,"createdByFullName":"HR User","createdBy":3,"lastUpdatedByFullName":"HR User","lastUpdatedBy":3,"lastUpdated":"2021-03-09T07:22:51.982+0000"},{"id":22,"name":"e2e-attach_file_visible-process","version":3,"modelType":0,"description":null,"stencilSetId":null,"createdByFullName":"HR User","createdBy":3,"lastUpdatedByFullName":"HR User","lastUpdatedBy":3,"lastUpdated":"2021-03-09T07:22:51.993+0000"},{"id":18,"name":"e2e-attach_file_on_start_event-process","version":3,"modelType":0,"description":null,"stencilSetId":null,"createdByFullName":"HR User","createdBy":3,"lastUpdatedByFullName":"HR User","lastUpdatedBy":3,"lastUpdated":"2021-03-09T07:22:52.004+0000"},{"id":20,"name":"e2e-candidate_users_no_permissions_with_form-process","version":3,"modelType":0,"description":"","stencilSetId":null,"createdByFullName":"HR User","createdBy":3,"lastUpdatedByFullName":"HR User","lastUpdatedBy":3,"lastUpdated":"2021-03-09T07:22:52.021+0000"}],"theme":"theme-3","icon":"glyphicon-exclamation-sign","publishIdentityInfo":[]}}