{"name":"e2e-Application","description":"","definition":{"models":[{"id":42,"name":"e2e-overdue","version":3,"modelType":0,"description":"","stencilSetId":0,"createdByFullName":"HR User","createdBy":51,"lastUpdatedByFullName":"HR User","lastUpdatedBy":51,"lastUpdated":"2025-04-22T11:34:27.032+0000"},{"id":19,"name":"e2e-attach_file_invisible-process","version":3,"modelType":0,"description":"","stencilSetId":null,"createdByFullName":"HR User","createdBy":51,"lastUpdatedByFullName":"HR User","lastUpdatedBy":51,"lastUpdated":"2025-04-22T11:34:27.042+0000"},{"id":18,"name":"e2e-candidate_users_with_form-process","version":3,"modelType":0,"description":null,"stencilSetId":null,"createdByFullName":"HR User","createdBy":51,"lastUpdatedByFullName":"HR User","lastUpdatedBy":51,"lastUpdated":"2025-04-22T11:34:27.052+0000"},{"id":28,"name":"e2e-queued_noForm-process","version":3,"modelType":0,"description":"","stencilSetId":null,"createdByFullName":"HR User","createdBy":51,"lastUpdatedByFullName":"HR User","lastUpdatedBy":51,"lastUpdated":"2025-04-22T11:34:27.062+0000"},{"id":30,"name":"e2e-twoUserTasks-process","version":3,"modelType":0,"description":"","stencilSetId":null,"createdByFullName":"HR User","createdBy":51,"lastUpdatedByFullName":"HR User","lastUpdatedBy":51,"lastUpdated":"2025-04-22T11:34:27.070+0000"},{"id":24,"name":"e2e-attach_multiple_file_on_start_event-process","version":3,"modelType":0,"description":null,"stencilSetId":null,"createdByFullName":"HR User","createdBy":51,"lastUpdatedByFullName":"HR User","lastUpdatedBy":51,"lastUpdated":"2025-04-22T11:34:27.082+0000"},{"id":33,"name":"e2e-attach_file_all-process","version":3,"modelType":0,"description":null,"stencilSetId":null,"createdByFullName":"HR User","createdBy":51,"lastUpdatedByFullName":"HR User","lastUpdatedBy":51,"lastUpdated":"2025-04-22T11:34:27.094+0000"},{"id":27,"name":"e2e-attach_file_single_all-process","version":3,"modelType":0,"description":null,"stencilSetId":null,"createdByFullName":"HR User","createdBy":51,"lastUpdatedByFullName":"HR User","lastUpdatedBy":51,"lastUpdated":"2025-04-22T11:34:27.104+0000"},{"id":23,"name":"e2e-generate_document-process","version":3,"modelType":0,"description":"","stencilSetId":null,"createdByFullName":"HR User","createdBy":51,"lastUpdatedByFullName":"HR User","lastUpdatedBy":51,"lastUpdated":"2025-04-22T11:34:27.113+0000"},{"id":26,"name":"e2e-attach_file_single_multiple-process","version":3,"modelType":0,"description":null,"stencilSetId":null,"createdByFullName":"HR User","createdBy":51,"lastUpdatedByFullName":"HR User","lastUpdatedBy":51,"lastUpdated":"2025-04-22T11:34:27.123+0000"},{"id":25,"name":"e2e-attach_file_local-process","version":3,"modelType":0,"description":null,"stencilSetId":null,"createdByFullName":"HR User","createdBy":51,"lastUpdatedByFullName":"HR User","lastUpdatedBy":51,"lastUpdated":"2025-04-22T11:34:27.131+0000"},{"id":20,"name":"e2e-attach_file_acs-process","version":3,"modelType":0,"description":null,"stencilSetId":null,"createdByFullName":"HR User","createdBy":51,"lastUpdatedByFullName":"HR User","lastUpdatedBy":51,"lastUpdated":"2025-04-22T11:34:27.141+0000"},{"id":21,"name":"e2e-noForm-process","version":3,"modelType":0,"description":"","stencilSetId":null,"createdByFullName":"HR User","createdBy":51,"lastUpdatedByFullName":"HR User","lastUpdatedBy":51,"lastUpdated":"2025-04-22T11:34:27.150+0000"},{"id":29,"name":"e2e-attach_file_on_start_event-process","version":3,"modelType":0,"description":null,"stencilSetId":null,"createdByFullName":"HR User","createdBy":51,"lastUpdatedByFullName":"HR User","lastUpdatedBy":51,"lastUpdated":"2025-04-22T11:34:27.175+0000"},{"id":31,"name":"e2e-candidate_users_no_permissions_with_form-process","version":3,"modelType":0,"description":"","stencilSetId":null,"createdByFullName":"HR User","createdBy":51,"lastUpdatedByFullName":"HR User","lastUpdatedBy":51,"lastUpdated":"2025-04-22T11:34:27.184+0000"},{"id":22,"name":"e2e-attach_file_visible-process","version":3,"modelType":0,"description":null,"stencilSetId":null,"createdByFullName":"HR User","createdBy":51,"lastUpdatedByFullName":"HR User","lastUpdatedBy":51,"lastUpdated":"2025-04-22T11:34:27.193+0000"},{"id":32,"name":"e2e-displayValue-process","version":3,"modelType":0,"description":null,"stencilSetId":null,"createdByFullName":"HR User","createdBy":51,"lastUpdatedByFullName":"HR User","lastUpdatedBy":51,"lastUpdated":"2025-04-22T11:34:27.203+0000"}],"theme":"theme-3","icon":"fa-exclamation-circle","publishIdentityInfo":[]}}