<?xml version="1.0" encoding="UTF-8"?>
<bpmn2:definitions xmlns:activiti="http://activiti.org/bpmn" xmlns:xsi="http://www.w3.org/2001/XMLSchema-instance" xmlns:bpmn2="http://www.omg.org/spec/BPMN/20100524/MODEL" xmlns:bpmndi="http://www.omg.org/spec/BPMN/20100524/DI" xmlns:dc="http://www.omg.org/spec/DD/20100524/DC" xmlns:di="http://www.omg.org/spec/DD/20100524/DI" id="model-2d012f50-9bee-4a9e-98cb-84d097b16850" name="errorstartevent" targetNamespace="http://bpmn.io/schema/bpmn" xsi:schemaLocation="http://www.omg.org/spec/BPMN/20100524/MODEL BPMN20.xsd">
  <bpmn2:process id="Process_5Hw-93Ly" name="errorstartevent" isExecutable="true">
    <bpmn2:documentation />
    <bpmn2:startEvent id="Event_1">
      <bpmn2:outgoing>SequenceFlow_1ch26v5</bpmn2:outgoing>
    </bpmn2:startEvent>
    <bpmn2:subProcess id="SubProcess_193j9rl" name="parentSubProcess">
      <bpmn2:incoming>SequenceFlow_1ch26v5</bpmn2:incoming>
      <bpmn2:outgoing>SequenceFlow_1drh4f4</bpmn2:outgoing>
      <bpmn2:startEvent id="StartEvent_07u4kfj">
        <bpmn2:outgoing>SequenceFlow_0lj9m8d</bpmn2:outgoing>
      </bpmn2:startEvent>
      <bpmn2:sequenceFlow id="SequenceFlow_0lj9m8d" sourceRef="StartEvent_07u4kfj" targetRef="EndEvent_1q54293" />
      <bpmn2:subProcess id="SubProcess_0ap0x45" triggeredByEvent="true">
        <bpmn2:sequenceFlow id="SequenceFlow_1qelmmc" sourceRef="StartEvent_0qehdin" targetRef="Task_0prlhl5" />
        <bpmn2:userTask id="Task_0prlhl5" name="User Task" activiti:assignee="hruser">
          <bpmn2:incoming>SequenceFlow_1qelmmc</bpmn2:incoming>
          <bpmn2:outgoing>SequenceFlow_1n9x4c2</bpmn2:outgoing>
        </bpmn2:userTask>
        <bpmn2:endEvent id="EndEvent_1r7pik4">
          <bpmn2:incoming>SequenceFlow_1n9x4c2</bpmn2:incoming>
        </bpmn2:endEvent>
        <bpmn2:sequenceFlow id="SequenceFlow_1n9x4c2" sourceRef="Task_0prlhl5" targetRef="EndEvent_1r7pik4" />
        <bpmn2:startEvent id="StartEvent_0qehdin">
          <bpmn2:outgoing>SequenceFlow_1qelmmc</bpmn2:outgoing>
          <bpmn2:errorEventDefinition id="ErrorEventDefinition_1rwco22" errorRef="Error_END_EVENT" />
        </bpmn2:startEvent>
      </bpmn2:subProcess>
      <bpmn2:endEvent id="EndEvent_1q54293">
        <bpmn2:incoming>SequenceFlow_0lj9m8d</bpmn2:incoming>
        <bpmn2:errorEventDefinition id="ErrorEventDefinition_09pw7h1" errorRef="Error_END_EVENT" />
      </bpmn2:endEvent>
    </bpmn2:subProcess>
    <bpmn2:endEvent id="EndEvent_0usyu2x">
      <bpmn2:incoming>SequenceFlow_1drh4f4</bpmn2:incoming>
    </bpmn2:endEvent>
    <bpmn2:sequenceFlow id="SequenceFlow_1drh4f4" sourceRef="SubProcess_193j9rl" targetRef="EndEvent_0usyu2x" />
    <bpmn2:sequenceFlow id="SequenceFlow_1ch26v5" sourceRef="Event_1" targetRef="SubProcess_193j9rl" />
  </bpmn2:process>
  <bpmn2:error id="Error_END_EVENT" name="Error End Event" errorCode="123" />
  <bpmndi:BPMNDiagram id="BPMNDiagram_1">
    <bpmndi:BPMNPlane id="BPMNPlane_1" bpmnElement="Process_5Hw-93Ly">
      <bpmndi:BPMNShape id="_BPMNShape_Event_2" bpmnElement="Event_1">
        <dc:Bounds x="112" y="262" width="36" height="36" />
      </bpmndi:BPMNShape>
      <bpmndi:BPMNShape id="SubProcess_193j9rl_di" bpmnElement="SubProcess_193j9rl" isExpanded="true">
        <dc:Bounds x="340" y="120" width="550" height="320" />
      </bpmndi:BPMNShape>
      <bpmndi:BPMNShape id="EndEvent_0usyu2x_di" bpmnElement="EndEvent_0usyu2x">
        <dc:Bounds x="1042" y="262" width="36" height="36" />
      </bpmndi:BPMNShape>
      <bpmndi:BPMNEdge id="SequenceFlow_1drh4f4_di" bpmnElement="SequenceFlow_1drh4f4">
        <di:waypoint x="890" y="280" />
        <di:waypoint x="1042" y="280" />
      </bpmndi:BPMNEdge>
      <bpmndi:BPMNEdge id="SequenceFlow_1ch26v5_di" bpmnElement="SequenceFlow_1ch26v5">
        <di:waypoint x="148" y="280" />
        <di:waypoint x="340" y="280" />
      </bpmndi:BPMNEdge>
      <bpmndi:BPMNShape id="StartEvent_07u4kfj_di" bpmnElement="StartEvent_07u4kfj">
        <dc:Bounds x="372" y="262" width="36" height="36" />
      </bpmndi:BPMNShape>
      <bpmndi:BPMNEdge id="SequenceFlow_0lj9m8d_di" bpmnElement="SequenceFlow_0lj9m8d">
        <di:waypoint x="408" y="280" />
        <di:waypoint x="822" y="280" />
      </bpmndi:BPMNEdge>
      <bpmndi:BPMNShape id="SubProcess_0hlimky_di" bpmnElement="SubProcess_0ap0x45" isExpanded="true">
        <dc:Bounds x="440" y="180" width="350" height="200" />
      </bpmndi:BPMNShape>
      <bpmndi:BPMNEdge id="SequenceFlow_1qelmmc_di" bpmnElement="SequenceFlow_1qelmmc">
        <di:waypoint x="498" y="280" />
        <di:waypoint x="550" y="280" />
      </bpmndi:BPMNEdge>
      <bpmndi:BPMNShape id="UserTask_0cg5nqx_di" bpmnElement="Task_0prlhl5">
        <dc:Bounds x="550" y="240" width="100" height="80" />
      </bpmndi:BPMNShape>
      <bpmndi:BPMNShape id="EndEvent_1r7pik4_di" bpmnElement="EndEvent_1r7pik4">
        <dc:Bounds x="702" y="262" width="36" height="36" />
      </bpmndi:BPMNShape>
      <bpmndi:BPMNEdge id="SequenceFlow_1n9x4c2_di" bpmnElement="SequenceFlow_1n9x4c2">
        <di:waypoint x="650" y="280" />
        <di:waypoint x="702" y="280" />
      </bpmndi:BPMNEdge>
      <bpmndi:BPMNShape id="EndEvent_17si44x_di" bpmnElement="EndEvent_1q54293">
        <dc:Bounds x="822" y="262" width="36" height="36" />
      </bpmndi:BPMNShape>
      <bpmndi:BPMNShape id="StartEvent_08h9da3_di" bpmnElement="StartEvent_0qehdin">
        <dc:Bounds x="462" y="262" width="36" height="36" />
      </bpmndi:BPMNShape>
    </bpmndi:BPMNPlane>
  </bpmndi:BPMNDiagram>
</bpmn2:definitions>
