<?xml version="1.0" encoding="UTF-8"?>
<bpmn2:definitions xmlns:xsi="http://www.w3.org/2001/XMLSchema-instance" xmlns:bpmn2="http://www.omg.org/spec/BPMN/20100524/MODEL" xmlns:bpmndi="http://www.omg.org/spec/BPMN/20100524/DI" xmlns:dc="http://www.omg.org/spec/DD/20100524/DC" xmlns:di="http://www.omg.org/spec/DD/20100524/DI" xmlns:activiti="http://activiti.org/bpmn" id="model-a53bf7c2-0e05-47fe-a9e7-f14e93671e1d" name="errorexclusivegate" targetNamespace="http://bpmn.io/schema/bpmn" xsi:schemaLocation="http://www.omg.org/spec/BPMN/20100524/MODEL BPMN20.xsd">
  <bpmn2:process id="Process_iicVGb7f" name="errorexclusivegate" isExecutable="true">
    <bpmn2:documentation />
    <bpmn2:startEvent id="Event_1">
      <bpmn2:outgoing>SequenceFlow_1jvktq2</bpmn2:outgoing>
    </bpmn2:startEvent>
    <bpmn2:subProcess id="SubProcess_1csdqaw" name="SubProcess">
      <bpmn2:incoming>SequenceFlow_1jvktq2</bpmn2:incoming>
      <bpmn2:outgoing>SequenceFlow_1xqr8ei</bpmn2:outgoing>
      <bpmn2:startEvent id="StartEvent_0bdwi5p">
        <bpmn2:outgoing>SequenceFlow_0jd90f7</bpmn2:outgoing>
      </bpmn2:startEvent>
      <bpmn2:sequenceFlow id="SequenceFlow_106dp2t" sourceRef="Gateway_0a5adfc" targetRef="EndEvent_0zj8hvt">
        <bpmn2:conditionExpression xsi:type="bpmn2:tFormalExpression">${1==1}</bpmn2:conditionExpression>
      </bpmn2:sequenceFlow>
      <bpmn2:exclusiveGateway id="Gateway_0a5adfc">
        <bpmn2:incoming>SequenceFlow_0jd90f7</bpmn2:incoming>
        <bpmn2:outgoing>SequenceFlow_106dp2t</bpmn2:outgoing>
        <bpmn2:outgoing>SequenceFlow_04p2bim</bpmn2:outgoing>
      </bpmn2:exclusiveGateway>
      <bpmn2:sequenceFlow id="SequenceFlow_04p2bim" sourceRef="Gateway_0a5adfc" targetRef="EndEvent_0034fzn">
        <bpmn2:conditionExpression xsi:type="bpmn2:tFormalExpression">${2==1}</bpmn2:conditionExpression>
      </bpmn2:sequenceFlow>
      <bpmn2:sequenceFlow id="SequenceFlow_0jd90f7" sourceRef="StartEvent_0bdwi5p" targetRef="Gateway_0a5adfc" />
      <bpmn2:endEvent id="EndEvent_0zj8hvt">
        <bpmn2:incoming>SequenceFlow_106dp2t</bpmn2:incoming>
        <bpmn2:errorEventDefinition id="ErrorEventDefinition_1rq9yhr" errorRef="Error_OK" />
      </bpmn2:endEvent>
      <bpmn2:endEvent id="EndEvent_0034fzn">
        <bpmn2:incoming>SequenceFlow_04p2bim</bpmn2:incoming>
        <bpmn2:errorEventDefinition id="ErrorEventDefinition_1c34826" errorRef="Error_NOT_OK" />
      </bpmn2:endEvent>
    </bpmn2:subProcess>
    <bpmn2:endEvent id="EndEvent_15idq6x">
      <bpmn2:incoming>SequenceFlow_1xqr8ei</bpmn2:incoming>
    </bpmn2:endEvent>
    <bpmn2:sequenceFlow id="SequenceFlow_1jvktq2" sourceRef="Event_1" targetRef="SubProcess_1csdqaw" />
    <bpmn2:sequenceFlow id="SequenceFlow_1xqr8ei" sourceRef="SubProcess_1csdqaw" targetRef="EndEvent_15idq6x" />
    <bpmn2:boundaryEvent id="IntermediateThrowEvent_17zzfiq" attachedToRef="SubProcess_1csdqaw">
      <bpmn2:outgoing>SequenceFlow_19xmznj</bpmn2:outgoing>
      <bpmn2:errorEventDefinition id="ErrorEventDefinition_1p433i9" errorRef="Error_OK" />
    </bpmn2:boundaryEvent>
    <bpmn2:userTask id="UserTask_1vel0w4" name="User Task 1" activiti:assignee="hruser">
      <bpmn2:incoming>SequenceFlow_19xmznj</bpmn2:incoming>
      <bpmn2:outgoing>SequenceFlow_05cd6sp</bpmn2:outgoing>
    </bpmn2:userTask>
    <bpmn2:endEvent id="EndEvent_0r1xx6v">
      <bpmn2:incoming>SequenceFlow_05cd6sp</bpmn2:incoming>
    </bpmn2:endEvent>
    <bpmn2:sequenceFlow id="SequenceFlow_19xmznj" sourceRef="IntermediateThrowEvent_17zzfiq" targetRef="UserTask_1vel0w4" />
    <bpmn2:sequenceFlow id="SequenceFlow_05cd6sp" sourceRef="UserTask_1vel0w4" targetRef="EndEvent_0r1xx6v" />
    <bpmn2:boundaryEvent id="IntermediateThrowEvent_0jqr42f" attachedToRef="SubProcess_1csdqaw">
      <bpmn2:outgoing>SequenceFlow_0rcur8y</bpmn2:outgoing>
      <bpmn2:errorEventDefinition id="ErrorEventDefinition_0zs5e9c" errorRef="Error_NOT_OK" />
    </bpmn2:boundaryEvent>
    <bpmn2:userTask id="UserTask_1n6savx" name="User Task 2" activiti:assignee="hruser">
      <bpmn2:incoming>SequenceFlow_0rcur8y</bpmn2:incoming>
      <bpmn2:outgoing>SequenceFlow_1lkhkch</bpmn2:outgoing>
    </bpmn2:userTask>
    <bpmn2:sequenceFlow id="SequenceFlow_0rcur8y" sourceRef="IntermediateThrowEvent_0jqr42f" targetRef="UserTask_1n6savx" />
    <bpmn2:endEvent id="EndEvent_0o3klv8">
      <bpmn2:incoming>SequenceFlow_1lkhkch</bpmn2:incoming>
    </bpmn2:endEvent>
    <bpmn2:sequenceFlow id="SequenceFlow_1lkhkch" sourceRef="UserTask_1n6savx" targetRef="EndEvent_0o3klv8" />
  </bpmn2:process>
  <bpmn2:error id="Error_OK" name="Error OK" errorCode="200" />
  <bpmn2:error id="Error_NOT_OK" name="Error NOT OK" errorCode="500" />
  <bpmndi:BPMNDiagram id="BPMNDiagram_1">
    <bpmndi:BPMNPlane id="BPMNPlane_1" bpmnElement="Process_iicVGb7f">
      <bpmndi:BPMNShape id="_BPMNShape_Event_2" bpmnElement="Event_1">
        <dc:Bounds x="182" y="252" width="36" height="36" />
      </bpmndi:BPMNShape>
      <bpmndi:BPMNShape id="SubProcess_1csdqaw_di" bpmnElement="SubProcess_1csdqaw" isExpanded="true">
        <dc:Bounds x="470" y="170" width="350" height="290" />
      </bpmndi:BPMNShape>
      <bpmndi:BPMNEdge id="SequenceFlow_1jvktq2_di" bpmnElement="SequenceFlow_1jvktq2">
        <di:waypoint x="218" y="270" />
        <di:waypoint x="344" y="270" />
        <di:waypoint x="344" y="315" />
        <di:waypoint x="470" y="315" />
      </bpmndi:BPMNEdge>
      <bpmndi:BPMNShape id="EndEvent_15idq6x_di" bpmnElement="EndEvent_15idq6x">
        <dc:Bounds x="872" y="252" width="36" height="36" />
      </bpmndi:BPMNShape>
      <bpmndi:BPMNEdge id="SequenceFlow_1xqr8ei_di" bpmnElement="SequenceFlow_1xqr8ei">
        <di:waypoint x="820" y="315" />
        <di:waypoint x="846" y="315" />
        <di:waypoint x="846" y="270" />
        <di:waypoint x="872" y="270" />
      </bpmndi:BPMNEdge>
      <bpmndi:BPMNShape id="StartEvent_0bdwi5p_di" bpmnElement="StartEvent_0bdwi5p">
        <dc:Bounds x="492" y="252" width="36" height="36" />
      </bpmndi:BPMNShape>
      <bpmndi:BPMNShape id="ExclusiveGateway_11dmhy1_di" bpmnElement="Gateway_0a5adfc" isMarkerVisible="true">
        <dc:Bounds x="595" y="245" width="50" height="50" />
      </bpmndi:BPMNShape>
      <bpmndi:BPMNEdge id="SequenceFlow_106dp2t_di" bpmnElement="SequenceFlow_106dp2t">
        <di:waypoint x="645" y="270" />
        <di:waypoint x="702" y="270" />
      </bpmndi:BPMNEdge>
      <bpmndi:BPMNEdge id="SequenceFlow_0jd90f7_di" bpmnElement="SequenceFlow_0jd90f7">
        <di:waypoint x="528" y="270" />
        <di:waypoint x="595" y="270" />
      </bpmndi:BPMNEdge>
      <bpmndi:BPMNEdge id="SequenceFlow_04p2bim_di" bpmnElement="SequenceFlow_04p2bim">
        <di:waypoint x="620" y="295" />
        <di:waypoint x="620" y="380" />
        <di:waypoint x="702" y="380" />
      </bpmndi:BPMNEdge>
      <bpmndi:BPMNShape id="EndEvent_15jb8s3_di" bpmnElement="EndEvent_0zj8hvt">
        <dc:Bounds x="702" y="252" width="36" height="36" />
      </bpmndi:BPMNShape>
      <bpmndi:BPMNShape id="EndEvent_163cqtn_di" bpmnElement="EndEvent_0034fzn">
        <dc:Bounds x="702" y="362" width="36" height="36" />
      </bpmndi:BPMNShape>
      <bpmndi:BPMNShape id="BoundaryEvent_195f9v3_di" bpmnElement="IntermediateThrowEvent_17zzfiq">
        <dc:Bounds x="602" y="442" width="36" height="36" />
      </bpmndi:BPMNShape>
      <bpmndi:BPMNShape id="UserTask_1vel0w4_di" bpmnElement="UserTask_1vel0w4">
        <dc:Bounds x="610" y="520" width="100" height="80" />
      </bpmndi:BPMNShape>
      <bpmndi:BPMNEdge id="SequenceFlow_19xmznj_di" bpmnElement="SequenceFlow_19xmznj">
        <di:waypoint x="620" y="478" />
        <di:waypoint x="620" y="499" />
        <di:waypoint x="660" y="499" />
        <di:waypoint x="660" y="520" />
      </bpmndi:BPMNEdge>
      <bpmndi:BPMNShape id="EndEvent_0r1xx6v_di" bpmnElement="EndEvent_0r1xx6v">
        <dc:Bounds x="762" y="542" width="36" height="36" />
      </bpmndi:BPMNShape>
      <bpmndi:BPMNEdge id="SequenceFlow_05cd6sp_di" bpmnElement="SequenceFlow_05cd6sp">
        <di:waypoint x="710" y="560" />
        <di:waypoint x="762" y="560" />
      </bpmndi:BPMNEdge>
      <bpmndi:BPMNShape id="BoundaryEvent_1hctoy8_di" bpmnElement="IntermediateThrowEvent_0jqr42f">
        <dc:Bounds x="472" y="442" width="36" height="36" />
      </bpmndi:BPMNShape>
      <bpmndi:BPMNShape id="UserTask_1n6savx_di" bpmnElement="UserTask_1n6savx">
        <dc:Bounds x="400" y="520" width="100" height="80" />
      </bpmndi:BPMNShape>
      <bpmndi:BPMNEdge id="SequenceFlow_0rcur8y_di" bpmnElement="SequenceFlow_0rcur8y">
        <di:waypoint x="490" y="478" />
        <di:waypoint x="490" y="499" />
        <di:waypoint x="450" y="499" />
        <di:waypoint x="450" y="520" />
      </bpmndi:BPMNEdge>
      <bpmndi:BPMNShape id="EndEvent_0o3klv8_di" bpmnElement="EndEvent_0o3klv8">
        <dc:Bounds x="552" y="542" width="36" height="36" />
      </bpmndi:BPMNShape>
      <bpmndi:BPMNEdge id="SequenceFlow_1lkhkch_di" bpmnElement="SequenceFlow_1lkhkch">
        <di:waypoint x="500" y="560" />
        <di:waypoint x="552" y="560" />
      </bpmndi:BPMNEdge>
    </bpmndi:BPMNPlane>
  </bpmndi:BPMNDiagram>
</bpmn2:definitions>
