<?xml version="1.0" encoding="UTF-8"?>
<bpmn2:definitions xmlns:xsi="http://www.w3.org/2001/XMLSchema-instance" xmlns:bpmn2="http://www.omg.org/spec/BPMN/20100524/MODEL" xmlns:bpmndi="http://www.omg.org/spec/BPMN/20100524/DI" xmlns:dc="http://www.omg.org/spec/DD/20100524/DC" xmlns:di="http://www.omg.org/spec/DD/20100524/DI" xmlns:activiti="http://activiti.org/bpmn" id="model-fe3716c1-4cda-4ab7-8f21-96595773b435" name="errorboundaryevent" targetNamespace="http://bpmn.io/schema/bpmn" xsi:schemaLocation="http://www.omg.org/spec/BPMN/20100524/MODEL BPMN20.xsd">
  <bpmn2:process id="Process_U79QpUq3" name="errorboundaryevent" isExecutable="true">
    <bpmn2:documentation />
    <bpmn2:startEvent id="Event_1">
      <bpmn2:outgoing>SequenceFlow_1yfxtvb</bpmn2:outgoing>
    </bpmn2:startEvent>
    <bpmn2:subProcess id="SubProcess_1ixe0kf" name="subProcess">
      <bpmn2:incoming>SequenceFlow_1yfxtvb</bpmn2:incoming>
      <bpmn2:outgoing>SequenceFlow_15y47or</bpmn2:outgoing>
      <bpmn2:startEvent id="StartEvent_0f1h1zt">
        <bpmn2:outgoing>SequenceFlow_0e4qy1w</bpmn2:outgoing>
      </bpmn2:startEvent>
      <bpmn2:sequenceFlow id="SequenceFlow_0e4qy1w" sourceRef="StartEvent_0f1h1zt" targetRef="EndEvent_1eor0ur" />
      <bpmn2:endEvent id="EndEvent_1eor0ur">
        <bpmn2:incoming>SequenceFlow_0e4qy1w</bpmn2:incoming>
        <bpmn2:errorEventDefinition id="ErrorEventDefinition_112ew4z" errorRef="Error_END_EVENT" />
      </bpmn2:endEvent>
    </bpmn2:subProcess>
    <bpmn2:boundaryEvent id="IntermediateThrowEvent_13j6ie8" attachedToRef="SubProcess_1ixe0kf">
      <bpmn2:outgoing>SequenceFlow_066qozr</bpmn2:outgoing>
      <bpmn2:errorEventDefinition id="ErrorEventDefinition_0ye72bk" errorRef="Error_END_EVENT" />
    </bpmn2:boundaryEvent>
    <bpmn2:userTask id="UserTask_08oeylq" name="User Task" activiti:assignee="hruser">
      <bpmn2:incoming>SequenceFlow_066qozr</bpmn2:incoming>
      <bpmn2:outgoing>SequenceFlow_0jeaji5</bpmn2:outgoing>
    </bpmn2:userTask>
    <bpmn2:endEvent id="EndEvent_1toptn3">
      <bpmn2:incoming>SequenceFlow_0jeaji5</bpmn2:incoming>
    </bpmn2:endEvent>
    <bpmn2:sequenceFlow id="SequenceFlow_0jeaji5" sourceRef="UserTask_08oeylq" targetRef="EndEvent_1toptn3" />
    <bpmn2:sequenceFlow id="SequenceFlow_066qozr" sourceRef="IntermediateThrowEvent_13j6ie8" targetRef="UserTask_08oeylq" />
    <bpmn2:endEvent id="EndEvent_0k4t1jc">
      <bpmn2:incoming>SequenceFlow_15y47or</bpmn2:incoming>
    </bpmn2:endEvent>
    <bpmn2:sequenceFlow id="SequenceFlow_1yfxtvb" sourceRef="Event_1" targetRef="SubProcess_1ixe0kf" />
    <bpmn2:sequenceFlow id="SequenceFlow_15y47or" sourceRef="SubProcess_1ixe0kf" targetRef="EndEvent_0k4t1jc" />
  </bpmn2:process>
  <bpmn2:error id="Error_END_EVENT" name="Error Boundary" errorCode="567" />
  <bpmndi:BPMNDiagram id="BPMNDiagram_1">
    <bpmndi:BPMNPlane id="BPMNPlane_1" bpmnElement="Process_U79QpUq3">
      <bpmndi:BPMNShape id="_BPMNShape_Event_2" bpmnElement="Event_1">
        <dc:Bounds x="12" y="332" width="36" height="36" />
      </bpmndi:BPMNShape>
      <bpmndi:BPMNShape id="SubProcess_1ixe0kf_di" bpmnElement="SubProcess_1ixe0kf" isExpanded="true">
        <dc:Bounds x="120" y="215" width="640" height="270" />
      </bpmndi:BPMNShape>
      <bpmndi:BPMNEdge id="SequenceFlow_1yfxtvb_di" bpmnElement="SequenceFlow_1yfxtvb">
        <di:waypoint x="48" y="350" />
        <di:waypoint x="120" y="350" />
      </bpmndi:BPMNEdge>
      <bpmndi:BPMNShape id="StartEvent_0f1h1zt_di" bpmnElement="StartEvent_0f1h1zt">
        <dc:Bounds x="222" y="332" width="36" height="36" />
      </bpmndi:BPMNShape>
      <bpmndi:BPMNEdge id="SequenceFlow_0e4qy1w_di" bpmnElement="SequenceFlow_0e4qy1w">
        <di:waypoint x="258" y="350" />
        <di:waypoint x="672" y="350" />
      </bpmndi:BPMNEdge>
      <bpmndi:BPMNShape id="EndEvent_1a1rwjq_di" bpmnElement="EndEvent_1eor0ur">
        <dc:Bounds x="672" y="332" width="36" height="36" />
      </bpmndi:BPMNShape>
      <bpmndi:BPMNShape id="BoundaryEvent_1k0nwmq_di" bpmnElement="IntermediateThrowEvent_13j6ie8">
        <dc:Bounds x="372" y="467" width="36" height="36" />
      </bpmndi:BPMNShape>
      <bpmndi:BPMNEdge id="SequenceFlow_15y47or_di" bpmnElement="SequenceFlow_15y47or">
        <di:waypoint x="760" y="350" />
        <di:waypoint x="1022" y="350" />
      </bpmndi:BPMNEdge>
      <bpmndi:BPMNShape id="EndEvent_0k4t1jc_di" bpmnElement="EndEvent_0k4t1jc">
        <dc:Bounds x="1022" y="332" width="36" height="36" />
      </bpmndi:BPMNShape>
      <bpmndi:BPMNShape id="UserTask_0l2tnze_di" bpmnElement="UserTask_08oeylq">
        <dc:Bounds x="440" y="560" width="100" height="80" />
      </bpmndi:BPMNShape>
      <bpmndi:BPMNEdge id="SequenceFlow_066qozr_di" bpmnElement="SequenceFlow_066qozr">
        <di:waypoint x="390" y="503" />
        <di:waypoint x="390" y="600" />
        <di:waypoint x="440" y="600" />
      </bpmndi:BPMNEdge>
      <bpmndi:BPMNShape id="EndEvent_1toptn3_di" bpmnElement="EndEvent_1toptn3">
        <dc:Bounds x="572" y="582" width="36" height="36" />
      </bpmndi:BPMNShape>
      <bpmndi:BPMNEdge id="SequenceFlow_0jeaji5_di" bpmnElement="SequenceFlow_0jeaji5">
        <di:waypoint x="540" y="600" />
        <di:waypoint x="572" y="600" />
      </bpmndi:BPMNEdge>
    </bpmndi:BPMNPlane>
  </bpmndi:BPMNDiagram>
</bpmn2:definitions>
