<?xml version="1.0" encoding="UTF-8"?>
<model
  xmlns="http://www.alfresco.org/model/dictionary/1.0" name="audittrigger:audit-trigger">
  <description>
    <![CDATA[]]>
  </description>
  <author>superadminuser</author>
  <version>1.0</version>
  <imports>
    <import uri="http://www.alfresco.org/model/dictionary/1.0" prefix="d"/>
    <import uri="http://www.alfresco.org/model/content/1.0" prefix="cm"/></imports>
  <namespaces>
    <namespace uri="http://www.alfresco.org/model/audit-trigger" prefix="audittrigger"/></namespaces>
  <aspects>
    <aspect name="audittrigger:audit">
      <title/>
      <description/>
      <parent/>
      <properties>
        <property name="audittrigger:flag">
          <title>Flag to be updated by tests</title>
          <description>Flag to be updated by tests</description>
          <type>d:boolean</type>
        </property>
        <property name="audittrigger:comment">
          <title>Comment tag</title>
          <description>Comment tag</description>
          <type>d:text</type>
        </property>
      </properties>
    </aspect>
  </aspects>
</model>
