<?xml version='1.0' encoding='UTF-8'?>
<definitions xmlns="http://www.omg.org/spec/BPMN/20100524/MODEL" xmlns:xsi="http://www.w3.org/2001/XMLSchema-instance" xmlns:xsd="http://www.w3.org/2001/XMLSchema" xmlns:activiti="http://activiti.org/bpmn" xmlns:bpmndi="http://www.omg.org/spec/BPMN/20100524/DI" xmlns:omgdc="http://www.omg.org/spec/DD/20100524/DC" xmlns:omgdi="http://www.omg.org/spec/DD/20100524/DI" typeLanguage="http://www.w3.org/2001/XMLSchema" expressionLanguage="http://www.w3.org/1999/XPath" targetNamespace="http://www.activiti.org/processdef" xmlns:modeler="http://activiti.com/modeler" modeler:version="1.0en" modeler:exportDateTime="20180926095401194" modeler:modelId="641" modeler:modelVersion="2" modeler:modelLastUpdated="1537955316024">
  <process id="Process3576" name="Process3576" isExecutable="true">
    <startEvent id="startEvent1" activiti:formKey="619">
      <extensionElements>
        <modeler:form-reference-id><![CDATA[619]]></modeler:form-reference-id>
        <modeler:form-reference-name><![CDATA[Form3576]]></modeler:form-reference-name>
        <modeler:editor-resource-id><![CDATA[startEvent1]]></modeler:editor-resource-id>
      </extensionElements>
    </startEvent>
    <endEvent id="sid-8F5639A9-9776-4B40-B5A3-1F53A4C38B68">
      <extensionElements>
        <modeler:editor-resource-id><![CDATA[sid-8F5639A9-9776-4B40-B5A3-1F53A4C38B68]]></modeler:editor-resource-id>
      </extensionElements>
    </endEvent>
    <sequenceFlow id="sid-A70EC0B5-5F43-418F-B5E2-59C2B9FAD3B3" sourceRef="startEvent1" targetRef="sid-8F5639A9-9776-4B40-B5A3-1F53A4C38B68">
      <extensionElements>
        <modeler:editor-resource-id><![CDATA[sid-A70EC0B5-5F43-418F-B5E2-59C2B9FAD3B3]]></modeler:editor-resource-id>
      </extensionElements>
    </sequenceFlow>
  </process>
  <bpmndi:BPMNDiagram id="BPMNDiagram_Process3576">
    <bpmndi:BPMNPlane bpmnElement="Process3576" id="BPMNPlane_Process3576">
      <bpmndi:BPMNShape bpmnElement="startEvent1" id="BPMNShape_startEvent1">
        <omgdc:Bounds height="30.0" width="30.0" x="100.0" y="163.0"/>
      </bpmndi:BPMNShape>
      <bpmndi:BPMNShape bpmnElement="sid-8F5639A9-9776-4B40-B5A3-1F53A4C38B68" id="BPMNShape_sid-8F5639A9-9776-4B40-B5A3-1F53A4C38B68">
        <omgdc:Bounds height="28.0" width="28.0" x="175.0" y="164.0"/>
      </bpmndi:BPMNShape>
      <bpmndi:BPMNEdge bpmnElement="sid-A70EC0B5-5F43-418F-B5E2-59C2B9FAD3B3" id="BPMNEdge_sid-A70EC0B5-5F43-418F-B5E2-59C2B9FAD3B3">
        <omgdi:waypoint x="130.0" y="178.0"/>
        <omgdi:waypoint x="175.0" y="178.0"/>
      </bpmndi:BPMNEdge>
    </bpmndi:BPMNPlane>
  </bpmndi:BPMNDiagram>
</definitions>