{"resourceId":641,"properties":{"process_id":"Process3576","name":"Process3576","documentation":"","process_author":"","process_version":"","process_namespace":"http://www.activiti.org/processdef","executionlisteners":"","eventlisteners":"","signaldefinitions":"","messagedefinitions":"","executionvariables":"","metadata":""},"stencil":{"id":"BPMNDiagram"},"childShapes":[{"resourceId":"startEvent1","properties":{"overrideid":"","name":"","documentation":"","executionlisteners":"","initiator":"","formkeydefinition":"","formreference":{"id":619,"name":"Form3576","referenceId":null,"variablesmapping":[]},"fieldstovariables":"","formproperties":""},"stencil":{"id":"StartNoneEvent"},"childShapes":[],"outgoing":[{"resourceId":"sid-A70EC0B5-5F43-418F-B5E2-59C2B9FAD3B3"}],"bounds":{"lowerRight":{"x":130,"y":193},"upperLeft":{"x":100,"y":163}},"dockers":[]},{"resourceId":"sid-8F5639A9-9776-4B40-B5A3-1F53A4C38B68","properties":{"overrideid":"","name":"","documentation":"","executionlisteners":""},"stencil":{"id":"EndNoneEvent"},"childShapes":[],"outgoing":[],"bounds":{"lowerRight":{"x":203,"y":192},"upperLeft":{"x":175,"y":164}},"dockers":[]},{"resourceId":"sid-A70EC0B5-5F43-418F-B5E2-59C2B9FAD3B3","properties":{"overrideid":"","name":"","documentation":"","conditionsequenceflow":"","executionlisteners":"","defaultflow":"false"},"stencil":{"id":"SequenceFlow"},"childShapes":[],"outgoing":[{"resourceId":"sid-8F5639A9-9776-4B40-B5A3-1F53A4C38B68"}],"bounds":{"lowerRight":{"x":174.125,"y":178},"upperLeft":{"x":130.453125,"y":178}},"dockers":[{"x":15,"y":15},{"x":14,"y":14}],"target":{"resourceId":"sid-8F5639A9-9776-4B40-B5A3-1F53A4C38B68"}}],"bounds":{"lowerRight":{"x":1200,"y":1050},"upperLeft":{"x":0,"y":0}},"stencilset":{"url":"stencilsets/bpmn2.0/bpmn2.0.json","namespace":"http://b3mn.org/stencilset/bpmn2.0#"},"ssextensions":[]}