<?xml version='1.0' encoding='UTF-8'?>
<definitions xmlns="http://www.omg.org/spec/BPMN/20100524/MODEL" xmlns:xsi="http://www.w3.org/2001/XMLSchema-instance" xmlns:xsd="http://www.w3.org/2001/XMLSchema" xmlns:activiti="http://activiti.org/bpmn" xmlns:bpmndi="http://www.omg.org/spec/BPMN/20100524/DI" xmlns:omgdc="http://www.omg.org/spec/DD/20100524/DC" xmlns:omgdi="http://www.omg.org/spec/DD/20100524/DI" typeLanguage="http://www.w3.org/2001/XMLSchema" expressionLanguage="http://www.w3.org/1999/XPath" targetNamespace="http://www.activiti.org/processdef" xmlns:modeler="http://activiti.com/modeler" modeler:version="1.0en" modeler:exportDateTime="20170405183906092" modeler:modelId="12012" modeler:modelVersion="2" modeler:modelLastUpdated="1491417145693">
  <process id="TestDateField" name="TestDateField" isExecutable="true">
    <startEvent id="startEvent1" activiti:formKey="12013">
      <extensionElements>
        <modeler:form-reference-id><![CDATA[12013]]></modeler:form-reference-id>
        <modeler:form-reference-name><![CDATA[TestDate1]]></modeler:form-reference-name>
        <modeler:editor-resource-id><![CDATA[startEvent1]]></modeler:editor-resource-id>
      </extensionElements>
    </startEvent>
    <userTask id="sid-F3E0FE45-44C3-4267-9A58-4FCD94C12F2E" activiti:assignee="$INITIATOR" activiti:formKey="12014">
      <extensionElements>
        <modeler:allow-send-email><![CDATA[true]]></modeler:allow-send-email>
        <modeler:form-reference-id><![CDATA[12014]]></modeler:form-reference-id>
        <modeler:form-reference-name><![CDATA[TestDate2]]></modeler:form-reference-name>
        <modeler:activiti-idm-initiator><![CDATA[true]]></modeler:activiti-idm-initiator>
        <modeler:editor-resource-id><![CDATA[sid-F3E0FE45-44C3-4267-9A58-4FCD94C12F2E]]></modeler:editor-resource-id>
      </extensionElements>
    </userTask>
    <sequenceFlow id="sid-4B557791-FE6D-49A1-9E08-9FD925AFE440" sourceRef="startEvent1" targetRef="sid-F3E0FE45-44C3-4267-9A58-4FCD94C12F2E">
      <extensionElements>
        <modeler:editor-resource-id><![CDATA[sid-4B557791-FE6D-49A1-9E08-9FD925AFE440]]></modeler:editor-resource-id>
      </extensionElements>
    </sequenceFlow>
    <endEvent id="sid-2E990372-5A77-4270-BF64-8840A8CFA695">
      <extensionElements>
        <modeler:editor-resource-id><![CDATA[sid-2E990372-5A77-4270-BF64-8840A8CFA695]]></modeler:editor-resource-id>
      </extensionElements>
    </endEvent>
    <sequenceFlow id="sid-A2EA39EC-84BE-4054-A946-F4809EA20196" sourceRef="sid-F3E0FE45-44C3-4267-9A58-4FCD94C12F2E" targetRef="sid-2E990372-5A77-4270-BF64-8840A8CFA695">
      <extensionElements>
        <modeler:editor-resource-id><![CDATA[sid-A2EA39EC-84BE-4054-A946-F4809EA20196]]></modeler:editor-resource-id>
      </extensionElements>
    </sequenceFlow>
  </process>
  <bpmndi:BPMNDiagram id="BPMNDiagram_TestDateField">
    <bpmndi:BPMNPlane bpmnElement="TestDateField" id="BPMNPlane_TestDateField">
      <bpmndi:BPMNShape bpmnElement="startEvent1" id="BPMNShape_startEvent1">
        <omgdc:Bounds height="30.0" width="30.0" x="100.0" y="163.0"/>
      </bpmndi:BPMNShape>
      <bpmndi:BPMNShape bpmnElement="sid-F3E0FE45-44C3-4267-9A58-4FCD94C12F2E" id="BPMNShape_sid-F3E0FE45-44C3-4267-9A58-4FCD94C12F2E">
        <omgdc:Bounds height="80.0" width="100.0" x="175.0" y="138.0"/>
      </bpmndi:BPMNShape>
      <bpmndi:BPMNShape bpmnElement="sid-2E990372-5A77-4270-BF64-8840A8CFA695" id="BPMNShape_sid-2E990372-5A77-4270-BF64-8840A8CFA695">
        <omgdc:Bounds height="28.0" width="28.0" x="320.0" y="164.0"/>
      </bpmndi:BPMNShape>
      <bpmndi:BPMNEdge bpmnElement="sid-A2EA39EC-84BE-4054-A946-F4809EA20196" id="BPMNEdge_sid-A2EA39EC-84BE-4054-A946-F4809EA20196">
        <omgdi:waypoint x="275.0" y="178.0"/>
        <omgdi:waypoint x="320.0" y="178.0"/>
      </bpmndi:BPMNEdge>
      <bpmndi:BPMNEdge bpmnElement="sid-4B557791-FE6D-49A1-9E08-9FD925AFE440" id="BPMNEdge_sid-4B557791-FE6D-49A1-9E08-9FD925AFE440">
        <omgdi:waypoint x="130.0" y="178.0"/>
        <omgdi:waypoint x="175.0" y="178.0"/>
      </bpmndi:BPMNEdge>
    </bpmndi:BPMNPlane>
  </bpmndi:BPMNDiagram>
</definitions>