{"name":"More Widgets","description":"","definition":{"models":[{"id":78885,"name":"people widget - group restriction","version":4,"modelType":0,"description":"","stencilSetId":0,"createdByFullName":"Dharan g","createdBy":344,"lastUpdatedByFullName":"Dharan g","lastUpdatedBy":344,"lastUpdated":"2020-03-10T12:10:50.388+0000"},{"id":78884,"name":"group widget - subgroup restriction","version":4,"modelType":0,"description":"","stencilSetId":0,"createdByFullName":"Dharan g","createdBy":344,"lastUpdatedByFullName":"Dharan g","lastUpdatedBy":344,"lastUpdated":"2020-03-10T12:10:50.419+0000"},{"id":78883,"name":"group widget visibility","version":4,"modelType":0,"description":"","stencilSetId":0,"createdByFullName":"Dharan g","createdBy":344,"lastUpdatedByFullName":"Dharan g","lastUpdatedBy":344,"lastUpdated":"2020-03-10T12:10:50.448+0000"}],"theme":"theme-1","icon":"glyphicon-asterisk","publishIdentityInfo":[]}}