{"bounds":{"lowerRight":{"x":1485.0,"y":700.0},"upperLeft":{"x":0.0,"y":0.0}},"resourceId":"canvas","stencil":{"id":"BPMNDiagram"},"stencilset":{"namespace":"http://b3mn.org/stencilset/bpmn2.0#","url":"../editor/stencilsets/bpmn2.0/bpmn2.0.json"},"properties":{"process_id":"process_without_se","name":"process_without_se","executionlisteners":{"executionListeners":[]},"eventlisteners":{"eventListeners":[]},"signaldefinitions":[],"messagedefinitions":[],"process_namespace":"http://www.activiti.org/processdef"},"childShapes":[{"bounds":{"lowerRight":{"x":130.0,"y":193.0},"upperLeft":{"x":100.0,"y":163.0}},"resourceId":"startEvent1","childShapes":[],"stencil":{"id":"StartNoneEvent"},"properties":{"overrideid":"startEvent1","executionlisteners":{"executionListeners":[]},"asynchronousdefinition":false,"exclusivedefinition":false},"outgoing":[{"resourceId":"sid-4E332BF7-D079-47DB-8AAA-6DACAB68E76A"}]},{"bounds":{"lowerRight":{"x":275.0,"y":218.0},"upperLeft":{"x":175.0,"y":138.0}},"resourceId":"sid-2D74193E-3840-4EB5-9F89-8A48652EF4BD","childShapes":[],"stencil":{"id":"UserTask"},"properties":{"overrideid":"sid-2D74193E-3840-4EB5-9F89-8A48652EF4BD","name":"Test Task 2","usertasksendemail":true,"usertaskassignment":{"assignment":{"type":"idm","idm":{"type":"initiator"},"initiatorCanCompleteTask":false}},"executionlisteners":{"executionListeners":[]},"isforcompensation":false,"asynchronousdefinition":false,"exclusivedefinition":false,"tasklisteners":{"taskListeners":[]}},"outgoing":[{"resourceId":"sid-1395E98B-2FD8-4C94-AC8F-08673B1692C9"}]},{"bounds":{"lowerRight":{"x":172.0,"y":212.0},"upperLeft":{"x":128.0,"y":212.0}},"resourceId":"sid-4E332BF7-D079-47DB-8AAA-6DACAB68E76A","childShapes":[],"stencil":{"id":"SequenceFlow"},"dockers":[{"x":15.0,"y":15.0},{"x":50.0,"y":40.0}],"outgoing":[{"resourceId":"sid-2D74193E-3840-4EB5-9F89-8A48652EF4BD"}],"target":{"resourceId":"sid-2D74193E-3840-4EB5-9F89-8A48652EF4BD"},"properties":{"overrideid":"sid-4E332BF7-D079-47DB-8AAA-6DACAB68E76A","executionlisteners":{"executionListeners":[]}}},{"bounds":{"lowerRight":{"x":348.0,"y":192.0},"upperLeft":{"x":320.0,"y":164.0}},"resourceId":"sid-D74FF57B-F56E-4883-AB10-5B3EF7A6D012","childShapes":[],"stencil":{"id":"EndNoneEvent"},"properties":{"overrideid":"sid-D74FF57B-F56E-4883-AB10-5B3EF7A6D012","executionlisteners":{"executionListeners":[]},"asynchronousdefinition":false,"exclusivedefinition":false},"outgoing":[]},{"bounds":{"lowerRight":{"x":172.0,"y":212.0},"upperLeft":{"x":128.0,"y":212.0}},"resourceId":"sid-1395E98B-2FD8-4C94-AC8F-08673B1692C9","childShapes":[],"stencil":{"id":"SequenceFlow"},"dockers":[{"x":50.0,"y":40.0},{"x":14.0,"y":14.0}],"outgoing":[{"resourceId":"sid-D74FF57B-F56E-4883-AB10-5B3EF7A6D012"}],"target":{"resourceId":"sid-D74FF57B-F56E-4883-AB10-5B3EF7A6D012"},"properties":{"overrideid":"sid-1395E98B-2FD8-4C94-AC8F-08673B1692C9","executionlisteners":{"executionListeners":[]}}}]}