{"bounds":{"lowerRight":{"x":1485.0,"y":700.0},"upperLeft":{"x":0.0,"y":0.0}},"resourceId":"canvas","stencil":{"id":"BPMNDiagram"},"stencilset":{"namespace":"http://b3mn.org/stencilset/bpmn2.0#","url":"../editor/stencilsets/bpmn2.0/bpmn2.0.json"},"properties":{"process_id":"process_with_se","name":"process_with_se","executionlisteners":{"executionListeners":[]},"eventlisteners":{"eventListeners":[]},"signaldefinitions":[],"messagedefinitions":[],"process_namespace":"http://www.activiti.org/processdef"},"childShapes":[{"bounds":{"lowerRight":{"x":130.0,"y":193.0},"upperLeft":{"x":100.0,"y":163.0}},"resourceId":"startEvent1","childShapes":[],"stencil":{"id":"StartNoneEvent"},"properties":{"overrideid":"startEvent1","formreference":{"id":178,"name":"se_form"},"executionlisteners":{"executionListeners":[]},"asynchronousdefinition":false,"exclusivedefinition":false},"outgoing":[{"resourceId":"sid-DCD3A6D5-8201-4A4E-949A-E245B0C95239"}]},{"bounds":{"lowerRight":{"x":275.0,"y":218.0},"upperLeft":{"x":175.0,"y":138.0}},"resourceId":"sid-FDB33E7C-7E17-4F54-8B2D-C049D9110388","childShapes":[],"stencil":{"id":"UserTask"},"properties":{"overrideid":"sid-FDB33E7C-7E17-4F54-8B2D-C049D9110388","name":"Task Test 2","usertasksendemail":true,"usertaskassignment":{"assignment":{"type":"idm","idm":{"type":"initiator"},"initiatorCanCompleteTask":false}},"executionlisteners":{"executionListeners":[]},"isforcompensation":false,"asynchronousdefinition":false,"exclusivedefinition":false,"tasklisteners":{"taskListeners":[]}},"outgoing":[{"resourceId":"sid-07AAEFA5-B08C-44A4-8323-706DA0B6D2B8"}]},{"bounds":{"lowerRight":{"x":172.0,"y":212.0},"upperLeft":{"x":128.0,"y":212.0}},"resourceId":"sid-DCD3A6D5-8201-4A4E-949A-E245B0C95239","childShapes":[],"stencil":{"id":"SequenceFlow"},"dockers":[{"x":15.0,"y":15.0},{"x":50.0,"y":40.0}],"outgoing":[{"resourceId":"sid-FDB33E7C-7E17-4F54-8B2D-C049D9110388"}],"target":{"resourceId":"sid-FDB33E7C-7E17-4F54-8B2D-C049D9110388"},"properties":{"overrideid":"sid-DCD3A6D5-8201-4A4E-949A-E245B0C95239","executionlisteners":{"executionListeners":[]}}},{"bounds":{"lowerRight":{"x":348.0,"y":192.0},"upperLeft":{"x":320.0,"y":164.0}},"resourceId":"sid-040E35C7-335E-43B6-A71B-1BD1868BBFB8","childShapes":[],"stencil":{"id":"EndNoneEvent"},"properties":{"overrideid":"sid-040E35C7-335E-43B6-A71B-1BD1868BBFB8","executionlisteners":{"executionListeners":[]},"asynchronousdefinition":false,"exclusivedefinition":false},"outgoing":[]},{"bounds":{"lowerRight":{"x":172.0,"y":212.0},"upperLeft":{"x":128.0,"y":212.0}},"resourceId":"sid-07AAEFA5-B08C-44A4-8323-706DA0B6D2B8","childShapes":[],"stencil":{"id":"SequenceFlow"},"dockers":[{"x":50.0,"y":40.0},{"x":14.0,"y":14.0}],"outgoing":[{"resourceId":"sid-040E35C7-335E-43B6-A71B-1BD1868BBFB8"}],"target":{"resourceId":"sid-040E35C7-335E-43B6-A71B-1BD1868BBFB8"},"properties":{"overrideid":"sid-07AAEFA5-B08C-44A4-8323-706DA0B6D2B8","executionlisteners":{"executionListeners":[]}}}]}