<?xml version='1.0' encoding='UTF-8'?>
<definitions xmlns="http://www.omg.org/spec/BPMN/20100524/MODEL" xmlns:xsi="http://www.w3.org/2001/XMLSchema-instance" xmlns:xsd="http://www.w3.org/2001/XMLSchema" xmlns:activiti="http://activiti.org/bpmn" xmlns:bpmndi="http://www.omg.org/spec/BPMN/20100524/DI" xmlns:omgdc="http://www.omg.org/spec/DD/20100524/DC" xmlns:omgdi="http://www.omg.org/spec/DD/20100524/DI" typeLanguage="http://www.w3.org/2001/XMLSchema" expressionLanguage="http://www.w3.org/1999/XPath" targetNamespace="http://www.activiti.org/processdef" xmlns:modeler="http://activiti.com/modeler" modeler:version="1.0en" modeler:exportDateTime="20180606202355597" modeler:modelId="180" modeler:modelVersion="2" modeler:modelLastUpdated="1528315987908">
  <process id="process_without_se" name="process_without_se" isExecutable="true">
    <startEvent id="startEvent1">
      <extensionElements>
        <modeler:editor-resource-id><![CDATA[startEvent1]]></modeler:editor-resource-id>
      </extensionElements>
    </startEvent>
    <userTask id="sid-2D74193E-3840-4EB5-9F89-8A48652EF4BD" name="Test Task 2" activiti:assignee="$INITIATOR">
      <extensionElements>
        <modeler:allow-send-email><![CDATA[true]]></modeler:allow-send-email>
        <modeler:activiti-idm-initiator><![CDATA[true]]></modeler:activiti-idm-initiator>
        <modeler:initiator-can-complete><![CDATA[false]]></modeler:initiator-can-complete>
        <modeler:editor-resource-id><![CDATA[sid-2D74193E-3840-4EB5-9F89-8A48652EF4BD]]></modeler:editor-resource-id>
      </extensionElements>
    </userTask>
    <sequenceFlow id="sid-4E332BF7-D079-47DB-8AAA-6DACAB68E76A" sourceRef="startEvent1" targetRef="sid-2D74193E-3840-4EB5-9F89-8A48652EF4BD">
      <extensionElements>
        <modeler:editor-resource-id><![CDATA[sid-4E332BF7-D079-47DB-8AAA-6DACAB68E76A]]></modeler:editor-resource-id>
      </extensionElements>
    </sequenceFlow>
    <endEvent id="sid-D74FF57B-F56E-4883-AB10-5B3EF7A6D012">
      <extensionElements>
        <modeler:editor-resource-id><![CDATA[sid-D74FF57B-F56E-4883-AB10-5B3EF7A6D012]]></modeler:editor-resource-id>
      </extensionElements>
    </endEvent>
    <sequenceFlow id="sid-1395E98B-2FD8-4C94-AC8F-08673B1692C9" sourceRef="sid-2D74193E-3840-4EB5-9F89-8A48652EF4BD" targetRef="sid-D74FF57B-F56E-4883-AB10-5B3EF7A6D012">
      <extensionElements>
        <modeler:editor-resource-id><![CDATA[sid-1395E98B-2FD8-4C94-AC8F-08673B1692C9]]></modeler:editor-resource-id>
      </extensionElements>
    </sequenceFlow>
  </process>
  <bpmndi:BPMNDiagram id="BPMNDiagram_process_without_se">
    <bpmndi:BPMNPlane bpmnElement="process_without_se" id="BPMNPlane_process_without_se">
      <bpmndi:BPMNShape bpmnElement="startEvent1" id="BPMNShape_startEvent1">
        <omgdc:Bounds height="30.0" width="30.0" x="100.0" y="163.0"/>
      </bpmndi:BPMNShape>
      <bpmndi:BPMNShape bpmnElement="sid-2D74193E-3840-4EB5-9F89-8A48652EF4BD" id="BPMNShape_sid-2D74193E-3840-4EB5-9F89-8A48652EF4BD">
        <omgdc:Bounds height="80.0" width="100.0" x="175.0" y="138.0"/>
      </bpmndi:BPMNShape>
      <bpmndi:BPMNShape bpmnElement="sid-D74FF57B-F56E-4883-AB10-5B3EF7A6D012" id="BPMNShape_sid-D74FF57B-F56E-4883-AB10-5B3EF7A6D012">
        <omgdc:Bounds height="28.0" width="28.0" x="320.0" y="164.0"/>
      </bpmndi:BPMNShape>
      <bpmndi:BPMNEdge bpmnElement="sid-1395E98B-2FD8-4C94-AC8F-08673B1692C9" id="BPMNEdge_sid-1395E98B-2FD8-4C94-AC8F-08673B1692C9">
        <omgdi:waypoint x="275.0" y="178.0"/>
        <omgdi:waypoint x="320.0" y="178.0"/>
      </bpmndi:BPMNEdge>
      <bpmndi:BPMNEdge bpmnElement="sid-4E332BF7-D079-47DB-8AAA-6DACAB68E76A" id="BPMNEdge_sid-4E332BF7-D079-47DB-8AAA-6DACAB68E76A">
        <omgdi:waypoint x="130.0" y="178.0"/>
        <omgdi:waypoint x="175.0" y="178.0"/>
      </bpmndi:BPMNEdge>
    </bpmndi:BPMNPlane>
  </bpmndi:BPMNDiagram>
</definitions>