<?xml version='1.0' encoding='UTF-8'?>
<definitions xmlns="http://www.omg.org/spec/BPMN/20100524/MODEL" xmlns:xsi="http://www.w3.org/2001/XMLSchema-instance" xmlns:xsd="http://www.w3.org/2001/XMLSchema" xmlns:activiti="http://activiti.org/bpmn" xmlns:bpmndi="http://www.omg.org/spec/BPMN/20100524/DI" xmlns:omgdc="http://www.omg.org/spec/DD/20100524/DC" xmlns:omgdi="http://www.omg.org/spec/DD/20100524/DI" typeLanguage="http://www.w3.org/2001/XMLSchema" expressionLanguage="http://www.w3.org/1999/XPath" targetNamespace="http://www.activiti.org/processdef" xmlns:modeler="http://activiti.com/modeler" modeler:version="1.0en" modeler:exportDateTime="20180606202355626" modeler:modelId="179" modeler:modelVersion="2" modeler:modelLastUpdated="1528315987921">
  <process id="process_with_se" name="process_with_se" isExecutable="true">
    <startEvent id="startEvent1" activiti:formKey="178">
      <extensionElements>
        <modeler:form-reference-id><![CDATA[178]]></modeler:form-reference-id>
        <modeler:form-reference-name><![CDATA[se_form]]></modeler:form-reference-name>
        <modeler:editor-resource-id><![CDATA[startEvent1]]></modeler:editor-resource-id>
      </extensionElements>
    </startEvent>
    <userTask id="sid-FDB33E7C-7E17-4F54-8B2D-C049D9110388" name="Task Test 2" activiti:assignee="$INITIATOR">
      <extensionElements>
        <modeler:allow-send-email><![CDATA[true]]></modeler:allow-send-email>
        <modeler:activiti-idm-initiator><![CDATA[true]]></modeler:activiti-idm-initiator>
        <modeler:initiator-can-complete><![CDATA[false]]></modeler:initiator-can-complete>
        <modeler:editor-resource-id><![CDATA[sid-FDB33E7C-7E17-4F54-8B2D-C049D9110388]]></modeler:editor-resource-id>
      </extensionElements>
    </userTask>
    <sequenceFlow id="sid-DCD3A6D5-8201-4A4E-949A-E245B0C95239" sourceRef="startEvent1" targetRef="sid-FDB33E7C-7E17-4F54-8B2D-C049D9110388">
      <extensionElements>
        <modeler:editor-resource-id><![CDATA[sid-DCD3A6D5-8201-4A4E-949A-E245B0C95239]]></modeler:editor-resource-id>
      </extensionElements>
    </sequenceFlow>
    <endEvent id="sid-040E35C7-335E-43B6-A71B-1BD1868BBFB8">
      <extensionElements>
        <modeler:editor-resource-id><![CDATA[sid-040E35C7-335E-43B6-A71B-1BD1868BBFB8]]></modeler:editor-resource-id>
      </extensionElements>
    </endEvent>
    <sequenceFlow id="sid-07AAEFA5-B08C-44A4-8323-706DA0B6D2B8" sourceRef="sid-FDB33E7C-7E17-4F54-8B2D-C049D9110388" targetRef="sid-040E35C7-335E-43B6-A71B-1BD1868BBFB8">
      <extensionElements>
        <modeler:editor-resource-id><![CDATA[sid-07AAEFA5-B08C-44A4-8323-706DA0B6D2B8]]></modeler:editor-resource-id>
      </extensionElements>
    </sequenceFlow>
  </process>
  <bpmndi:BPMNDiagram id="BPMNDiagram_process_with_se">
    <bpmndi:BPMNPlane bpmnElement="process_with_se" id="BPMNPlane_process_with_se">
      <bpmndi:BPMNShape bpmnElement="startEvent1" id="BPMNShape_startEvent1">
        <omgdc:Bounds height="30.0" width="30.0" x="100.0" y="163.0"/>
      </bpmndi:BPMNShape>
      <bpmndi:BPMNShape bpmnElement="sid-FDB33E7C-7E17-4F54-8B2D-C049D9110388" id="BPMNShape_sid-FDB33E7C-7E17-4F54-8B2D-C049D9110388">
        <omgdc:Bounds height="80.0" width="100.0" x="175.0" y="138.0"/>
      </bpmndi:BPMNShape>
      <bpmndi:BPMNShape bpmnElement="sid-040E35C7-335E-43B6-A71B-1BD1868BBFB8" id="BPMNShape_sid-040E35C7-335E-43B6-A71B-1BD1868BBFB8">
        <omgdc:Bounds height="28.0" width="28.0" x="320.0" y="164.0"/>
      </bpmndi:BPMNShape>
      <bpmndi:BPMNEdge bpmnElement="sid-07AAEFA5-B08C-44A4-8323-706DA0B6D2B8" id="BPMNEdge_sid-07AAEFA5-B08C-44A4-8323-706DA0B6D2B8">
        <omgdi:waypoint x="275.0" y="178.0"/>
        <omgdi:waypoint x="320.0" y="178.0"/>
      </bpmndi:BPMNEdge>
      <bpmndi:BPMNEdge bpmnElement="sid-DCD3A6D5-8201-4A4E-949A-E245B0C95239" id="BPMNEdge_sid-DCD3A6D5-8201-4A4E-949A-E245B0C95239">
        <omgdi:waypoint x="130.0" y="178.0"/>
        <omgdi:waypoint x="175.0" y="178.0"/>
      </bpmndi:BPMNEdge>
    </bpmndi:BPMNPlane>
  </bpmndi:BPMNDiagram>
</definitions>