<?xml version="1.0" encoding="UTF-8"?>
<bpmn2:definitions xmlns="http://www.omg.org/spec/BPMN/20100524/MODEL" xmlns:bpmn2="http://www.omg.org/spec/BPMN/20100524/MODEL" xmlns:xsi="http://www.w3.org/2001/XMLSchema-instance" xmlns:xsd="http://www.w3.org/2001/XMLSchema" xmlns:activiti="http://activiti.org/bpmn" xmlns:bpmndi="http://www.omg.org/spec/BPMN/20100524/DI" xmlns:omgdc="http://www.omg.org/spec/DD/20100524/DC" xmlns:omgdi="http://www.omg.org/spec/DD/20100524/DI" typeLanguage="http://www.w3.org/2001/XMLSchema" expressionLanguage="http://www.w3.org/1999/XPath" targetNamespace="http://www.activiti.org/test" id="model-24cb9d74-b639-4219-83ed-db660b60d0bc" name="attach-file-process" xsi:schemaLocation="http://www.omg.org/spec/BPMN/20100524/MODEL BPMN20.xsd">
  <bpmn2:process id="Process_KQdiPmlbc" name="attach-file-process" isExecutable="true">
    <bpmn2:startEvent id="Event_1">
      <bpmn2:outgoing>SequenceFlow_0qm5jv4</bpmn2:outgoing>
    </bpmn2:startEvent>
    <bpmn2:sequenceFlow id="SequenceFlow_0qm5jv4" sourceRef="Event_1" targetRef="Task_0zqomor"></bpmn2:sequenceFlow>
    <bpmn2:endEvent id="EndEvent_09hsdj6">
      <bpmn2:incoming>SequenceFlow_1g3uygz</bpmn2:incoming>
    </bpmn2:endEvent>
    <bpmn2:sequenceFlow id="SequenceFlow_1g3uygz" sourceRef="Task_0zqomor" targetRef="EndEvent_09hsdj6"></bpmn2:sequenceFlow>
    <bpmn2:userTask id="Task_0zqomor" name="Task" activiti:assignee="hruser" activiti:formKey="form-9087eb59-3bc4-4ec5-bb5b-167cc9ede60e">
      <bpmn2:incoming>SequenceFlow_0qm5jv4</bpmn2:incoming>
      <bpmn2:outgoing>SequenceFlow_1g3uygz</bpmn2:outgoing>
    </bpmn2:userTask>
  </bpmn2:process>
  <bpmndi:BPMNDiagram id="BPMNDiagram_Process_KQdiPmlbc">
    <bpmndi:BPMNPlane bpmnElement="Process_KQdiPmlbc" id="BPMNPlane_Process_KQdiPmlbc">
      <bpmndi:BPMNShape bpmnElement="Event_1" id="BPMNShape_Event_1">
        <omgdc:Bounds height="36.0" width="36.0" x="412.0" y="240.0"></omgdc:Bounds>
      </bpmndi:BPMNShape>
      <bpmndi:BPMNShape bpmnElement="EndEvent_09hsdj6" id="BPMNShape_EndEvent_09hsdj6">
        <omgdc:Bounds height="36.0" width="36.0" x="652.0" y="240.0"></omgdc:Bounds>
      </bpmndi:BPMNShape>
      <bpmndi:BPMNShape bpmnElement="Task_0zqomor" id="BPMNShape_Task_0zqomor">
        <omgdc:Bounds height="80.0" width="100.0" x="500.0" y="218.0"></omgdc:Bounds>
      </bpmndi:BPMNShape>
      <bpmndi:BPMNEdge bpmnElement="SequenceFlow_0qm5jv4" id="BPMNEdge_SequenceFlow_0qm5jv4">
        <omgdi:waypoint x="448.0" y="258.0"></omgdi:waypoint>
        <omgdi:waypoint x="500.0" y="258.0"></omgdi:waypoint>
      </bpmndi:BPMNEdge>
      <bpmndi:BPMNEdge bpmnElement="SequenceFlow_1g3uygz" id="BPMNEdge_SequenceFlow_1g3uygz">
        <omgdi:waypoint x="600.0" y="258.0"></omgdi:waypoint>
        <omgdi:waypoint x="652.0" y="258.0"></omgdi:waypoint>
      </bpmndi:BPMNEdge>
    </bpmndi:BPMNPlane>
  </bpmndi:BPMNDiagram>
</bpmn2:definitions>