<?xml version="1.0" encoding="UTF-8"?>
<bpmn2:definitions xmlns="http://www.omg.org/spec/BPMN/20100524/MODEL" xmlns:bpmn2="http://www.omg.org/spec/BPMN/20100524/MODEL" xmlns:xsi="http://www.w3.org/2001/XMLSchema-instance" xmlns:xsd="http://www.w3.org/2001/XMLSchema" xmlns:activiti="http://activiti.org/bpmn" xmlns:bpmndi="http://www.omg.org/spec/BPMN/20100524/DI" xmlns:omgdc="http://www.omg.org/spec/DD/20100524/DC" xmlns:omgdi="http://www.omg.org/spec/DD/20100524/DI" xmlns:dc="http://www.omg.org/spec/DD/20100524/DC" xmlns:di="http://www.omg.org/spec/DD/20100524/DI" typeLanguage="http://www.w3.org/2001/XMLSchema" expressionLanguage="http://www.w3.org/1999/XPath" targetNamespace="Multi instance Tests" id="model-583d7c13-8077-48bf-9998-7413e8c9630d" name="Called Process" xsi:schemaLocation="http://www.omg.org/spec/BPMN/20100524/MODEL BPMN20.xsd">
  <bpmn2:process id="Process_zEPHbtMU" name="Called Process" isExecutable="true">
    <bpmn2:startEvent id="Event_1">
      <bpmn2:outgoing>Flow_1gqirjr</bpmn2:outgoing>
    </bpmn2:startEvent>
    <bpmn2:sequenceFlow id="Flow_1gqirjr" sourceRef="Event_1" targetRef="Activity_1plq7zb"></bpmn2:sequenceFlow>
    <bpmn2:endEvent id="Event_1yn2h90">
      <bpmn2:incoming>Flow_1eqe801</bpmn2:incoming>
    </bpmn2:endEvent>
    <bpmn2:sequenceFlow id="Flow_1eqe801" sourceRef="Activity_1plq7zb" targetRef="Event_1yn2h90"></bpmn2:sequenceFlow>
    <bpmn2:userTask id="Activity_1plq7zb" name="Called task" activiti:assignee="hruser" activiti:priority="0">
      <bpmn2:incoming>Flow_1gqirjr</bpmn2:incoming>
      <bpmn2:outgoing>Flow_1eqe801</bpmn2:outgoing>
    </bpmn2:userTask>
  </bpmn2:process>
  <bpmndi:BPMNDiagram id="BPMNDiagram_Process_zEPHbtMU">
    <bpmndi:BPMNPlane bpmnElement="Process_zEPHbtMU" id="BPMNPlane_Process_zEPHbtMU">
      <bpmndi:BPMNShape bpmnElement="Event_1" id="BPMNShape_Event_1">
        <omgdc:Bounds height="36.0" width="36.0" x="412.0" y="240.0"></omgdc:Bounds>
      </bpmndi:BPMNShape>
      <bpmndi:BPMNShape bpmnElement="Event_1yn2h90" id="BPMNShape_Event_1yn2h90">
        <omgdc:Bounds height="36.0" width="36.0" x="652.0" y="240.0"></omgdc:Bounds>
      </bpmndi:BPMNShape>
      <bpmndi:BPMNShape bpmnElement="Activity_1plq7zb" id="BPMNShape_Activity_1plq7zb">
        <omgdc:Bounds height="80.0" width="100.0" x="500.0" y="218.0"></omgdc:Bounds>
      </bpmndi:BPMNShape>
      <bpmndi:BPMNEdge bpmnElement="Flow_1gqirjr" id="BPMNEdge_Flow_1gqirjr">
        <omgdi:waypoint x="448.0" y="258.0"></omgdi:waypoint>
        <omgdi:waypoint x="500.0" y="258.0"></omgdi:waypoint>
      </bpmndi:BPMNEdge>
      <bpmndi:BPMNEdge bpmnElement="Flow_1eqe801" id="BPMNEdge_Flow_1eqe801">
        <omgdi:waypoint x="600.0" y="258.0"></omgdi:waypoint>
        <omgdi:waypoint x="652.0" y="258.0"></omgdi:waypoint>
      </bpmndi:BPMNEdge>
    </bpmndi:BPMNPlane>
  </bpmndi:BPMNDiagram>
</bpmn2:definitions>