{"id":"process-5c453e50-1e46-4d91-947a-7cf0a3747165","type":"PROCESS","name":"child-all","key":"child-all","extensions":{"Process_cSY0lG2eM":{"constants":{},"mappings":{},"properties":{"00e10609-12b9-4b52-9692-22a50a629d75":{"id":"00e10609-12b9-4b52-9692-22a50a629d75","name":"childVarOne","type":"string","analytics":false,"required":false,"model":{"$ref":"#/$defs/primitive/string"},"value":"outputOne"},"1ba60e91-65b9-4fe7-a2a0-ef310d1bf254":{"id":"1ba60e91-65b9-4fe7-a2a0-ef310d1bf254","name":"childVarTwo","type":"string","analytics":false,"required":false,"model":{"$ref":"#/$defs/primitive/string"},"value":"outputTwo"}},"assignments":{"UserTask_03t8lwg":{"type":"identity","assignment":"assignee","id":"UserTask_03t8lwg"}},"templates":{"tasks":{},"default":{}}}}}