<?xml version="1.0" encoding="UTF-8"?>
<bpmn2:definitions xmlns="http://www.omg.org/spec/BPMN/20100524/MODEL" xmlns:bpmn2="http://www.omg.org/spec/BPMN/20100524/MODEL" xmlns:xsi="http://www.w3.org/2001/XMLSchema-instance" xmlns:xsd="http://www.w3.org/2001/XMLSchema" xmlns:activiti="http://activiti.org/bpmn" xmlns:bpmndi="http://www.omg.org/spec/BPMN/20100524/DI" xmlns:omgdc="http://www.omg.org/spec/DD/20100524/DC" xmlns:omgdi="http://www.omg.org/spec/DD/20100524/DI" xmlns:dc="http://www.omg.org/spec/DD/20100524/DC" xmlns:di="http://www.omg.org/spec/DD/20100524/DI" typeLanguage="http://www.w3.org/2001/XMLSchema" expressionLanguage="http://www.w3.org/1999/XPath" targetNamespace="DMN Call Activities" id="model-16d17aa5-ef4c-457d-9c3f-d4e4f40fcba4" name="child-pool" xsi:schemaLocation="http://www.omg.org/spec/BPMN/20100524/MODEL BPMN20.xsd">
  <bpmn2:collaboration id="Collaboration">
    <bpmn2:participant id="Participant_16y8jkd" name="child-pool" processRef="Process_uuTJCOFV"></bpmn2:participant>
    <bpmn2:participant id="Participant_1pm7z0p" name="child-pool-2" processRef="Process_1by3vi7"></bpmn2:participant>
  </bpmn2:collaboration>
  <bpmn2:process id="Process_uuTJCOFV" name="child-pool" isExecutable="true">
    <bpmn2:startEvent id="Event_1">
      <bpmn2:outgoing>Flow_1jdkez6</bpmn2:outgoing>
    </bpmn2:startEvent>
    <bpmn2:sequenceFlow id="Flow_1jdkez6" sourceRef="Event_1" targetRef="Activity_00clfex"></bpmn2:sequenceFlow>
    <bpmn2:userTask id="Activity_00clfex" name="empty child pool1 user task" activiti:assignee="hruser" activiti:priority="0">
      <bpmn2:incoming>Flow_1jdkez6</bpmn2:incoming>
      <bpmn2:outgoing>Flow_07c90w9</bpmn2:outgoing>
    </bpmn2:userTask>
    <bpmn2:endEvent id="Event_0cslp70">
      <bpmn2:incoming>Flow_07c90w9</bpmn2:incoming>
    </bpmn2:endEvent>
    <bpmn2:sequenceFlow id="Flow_07c90w9" sourceRef="Activity_00clfex" targetRef="Event_0cslp70"></bpmn2:sequenceFlow>
  </bpmn2:process>
  <bpmn2:process id="Process_1by3vi7" name="child-pool-2" isExecutable="true">
    <bpmn2:startEvent id="Event_0kxrcq7">
      <bpmn2:outgoing>Flow_1hseff7</bpmn2:outgoing>
    </bpmn2:startEvent>
    <bpmn2:sequenceFlow id="Flow_1hseff7" sourceRef="Event_0kxrcq7" targetRef="Activity_1f5yqa7"></bpmn2:sequenceFlow>
    <bpmn2:userTask id="Activity_1f5yqa7" name="empty child pool2 user task" activiti:assignee="hruser" activiti:priority="0">
      <bpmn2:incoming>Flow_1hseff7</bpmn2:incoming>
      <bpmn2:outgoing>Flow_00pilfb</bpmn2:outgoing>
    </bpmn2:userTask>
    <bpmn2:endEvent id="Event_18d22mj">
      <bpmn2:incoming>Flow_00pilfb</bpmn2:incoming>
    </bpmn2:endEvent>
    <bpmn2:sequenceFlow id="Flow_00pilfb" sourceRef="Activity_1f5yqa7" targetRef="Event_18d22mj"></bpmn2:sequenceFlow>
  </bpmn2:process>
  <bpmndi:BPMNDiagram id="BPMNDiagram_Collaboration">
    <bpmndi:BPMNPlane bpmnElement="Collaboration" id="BPMNPlane_Collaboration">
      <bpmndi:BPMNShape bpmnElement="Participant_16y8jkd" id="BPMNShape_Participant_16y8jkd">
        <omgdc:Bounds height="200.0" width="400.0" x="350.0" y="158.0"></omgdc:Bounds>
      </bpmndi:BPMNShape>
      <bpmndi:BPMNShape bpmnElement="Event_1" id="BPMNShape_Event_1">
        <omgdc:Bounds height="36.0" width="36.0" x="412.0" y="240.0"></omgdc:Bounds>
      </bpmndi:BPMNShape>
      <bpmndi:BPMNShape bpmnElement="Activity_00clfex" id="BPMNShape_Activity_00clfex">
        <omgdc:Bounds height="80.0" width="100.0" x="500.0" y="218.0"></omgdc:Bounds>
      </bpmndi:BPMNShape>
      <bpmndi:BPMNShape bpmnElement="Event_0cslp70" id="BPMNShape_Event_0cslp70">
        <omgdc:Bounds height="36.0" width="36.0" x="652.0" y="240.0"></omgdc:Bounds>
      </bpmndi:BPMNShape>
      <bpmndi:BPMNShape bpmnElement="Participant_1pm7z0p" id="BPMNShape_Participant_1pm7z0p">
        <omgdc:Bounds height="250.0" width="400.0" x="350.0" y="490.0"></omgdc:Bounds>
      </bpmndi:BPMNShape>
      <bpmndi:BPMNShape bpmnElement="Event_0kxrcq7" id="BPMNShape_Event_0kxrcq7">
        <omgdc:Bounds height="36.0" width="36.0" x="432.0" y="602.0"></omgdc:Bounds>
      </bpmndi:BPMNShape>
      <bpmndi:BPMNShape bpmnElement="Activity_1f5yqa7" id="BPMNShape_Activity_1f5yqa7">
        <omgdc:Bounds height="80.0" width="100.0" x="520.0" y="580.0"></omgdc:Bounds>
      </bpmndi:BPMNShape>
      <bpmndi:BPMNShape bpmnElement="Event_18d22mj" id="BPMNShape_Event_18d22mj">
        <omgdc:Bounds height="36.0" width="36.0" x="672.0" y="602.0"></omgdc:Bounds>
      </bpmndi:BPMNShape>
      <bpmndi:BPMNEdge bpmnElement="Flow_1jdkez6" id="BPMNEdge_Flow_1jdkez6">
        <omgdi:waypoint x="448.0" y="258.0"></omgdi:waypoint>
        <omgdi:waypoint x="500.0" y="258.0"></omgdi:waypoint>
      </bpmndi:BPMNEdge>
      <bpmndi:BPMNEdge bpmnElement="Flow_07c90w9" id="BPMNEdge_Flow_07c90w9">
        <omgdi:waypoint x="600.0" y="258.0"></omgdi:waypoint>
        <omgdi:waypoint x="652.0" y="258.0"></omgdi:waypoint>
      </bpmndi:BPMNEdge>
      <bpmndi:BPMNEdge bpmnElement="Flow_1hseff7" id="BPMNEdge_Flow_1hseff7">
        <omgdi:waypoint x="468.0" y="620.0"></omgdi:waypoint>
        <omgdi:waypoint x="520.0" y="620.0"></omgdi:waypoint>
      </bpmndi:BPMNEdge>
      <bpmndi:BPMNEdge bpmnElement="Flow_00pilfb" id="BPMNEdge_Flow_00pilfb">
        <omgdi:waypoint x="620.0" y="620.0"></omgdi:waypoint>
        <omgdi:waypoint x="672.0" y="620.0"></omgdi:waypoint>
      </bpmndi:BPMNEdge>
    </bpmndi:BPMNPlane>
  </bpmndi:BPMNDiagram>
</bpmn2:definitions>