<?xml version="1.0" encoding="UTF-8"?>
<bpmn2:definitions xmlns:bpmn2="http://www.omg.org/spec/BPMN/20100524/MODEL" xmlns:xsi="http://www.w3.org/2001/XMLSchema-instance" xmlns:activiti="http://activiti.org/bpmn" xmlns:bpmndi="http://www.omg.org/spec/BPMN/20100524/DI" xmlns:dc="http://www.omg.org/spec/DD/20100524/DC" xmlns:di="http://www.omg.org/spec/DD/20100524/DI" xmlns:xsd="http://www.w3.org/2001/XMLSchema" id="model-16d17aa5-ef4c-457d-9c3f-d4e4f40fcba4" name="child-pool" targetNamespace="DMN Call Activities" xsi:schemaLocation="http://www.omg.org/spec/BPMN/20100524/MODEL BPMN20.xsd">
  <bpmn2:collaboration id="Collaboration">
    <bpmn2:participant id="Participant_16y8jkd" name="child-pool" processRef="Process_uuTJCOFV" />
    <bpmn2:participant id="Participant_1pm7z0p" name="child-pool-2" processRef="Process_1by3vi7" />
  </bpmn2:collaboration>
  <bpmn2:process id="Process_uuTJCOFV" name="child-pool" isExecutable="true">
    <bpmn2:startEvent id="Event_1">
      <bpmn2:outgoing>Flow_1jdkez6</bpmn2:outgoing>
    </bpmn2:startEvent>
    <bpmn2:sequenceFlow id="Flow_1jdkez6" sourceRef="Event_1" targetRef="Activity_00clfex" />
    <bpmn2:userTask id="Activity_00clfex" name="empty child pool1 user task" activiti:assignee="hruser" activiti:priority="0">
      <bpmn2:incoming>Flow_1jdkez6</bpmn2:incoming>
      <bpmn2:outgoing>Flow_07c90w9</bpmn2:outgoing>
    </bpmn2:userTask>
    <bpmn2:endEvent id="Event_0cslp70">
      <bpmn2:incoming>Flow_07c90w9</bpmn2:incoming>
    </bpmn2:endEvent>
    <bpmn2:sequenceFlow id="Flow_07c90w9" sourceRef="Activity_00clfex" targetRef="Event_0cslp70" />
  </bpmn2:process>
  <bpmn2:process id="Process_1by3vi7" name="child-pool-2" isExecutable="true">
    <bpmn2:startEvent id="Event_0kxrcq7">
      <bpmn2:outgoing>Flow_1hseff7</bpmn2:outgoing>
    </bpmn2:startEvent>
    <bpmn2:sequenceFlow id="Flow_1hseff7" sourceRef="Event_0kxrcq7" targetRef="Activity_1f5yqa7" />
    <bpmn2:userTask id="Activity_1f5yqa7" name="empty child pool2 user task" activiti:assignee="hruser" activiti:priority="0">
      <bpmn2:incoming>Flow_1hseff7</bpmn2:incoming>
      <bpmn2:outgoing>Flow_00pilfb</bpmn2:outgoing>
    </bpmn2:userTask>
    <bpmn2:endEvent id="Event_18d22mj">
      <bpmn2:incoming>Flow_00pilfb</bpmn2:incoming>
    </bpmn2:endEvent>
    <bpmn2:sequenceFlow id="Flow_00pilfb" sourceRef="Activity_1f5yqa7" targetRef="Event_18d22mj" />
  </bpmn2:process>
  <bpmndi:BPMNDiagram id="BPMNDiagram_Collaboration">
    <bpmndi:BPMNPlane id="BPMNPlane_Collaboration" bpmnElement="Collaboration">
      <bpmndi:BPMNShape id="BPMNShape_Participant_16y8jkd" bpmnElement="Participant_16y8jkd">
        <dc:Bounds x="350" y="158" width="400" height="200" />
      </bpmndi:BPMNShape>
      <bpmndi:BPMNShape id="BPMNShape_Event_1" bpmnElement="Event_1">
        <dc:Bounds x="412" y="240" width="36" height="36" />
      </bpmndi:BPMNShape>
      <bpmndi:BPMNShape id="BPMNShape_Activity_00clfex" bpmnElement="Activity_00clfex">
        <dc:Bounds x="500" y="218" width="100" height="80" />
        <bpmndi:BPMNLabel />
      </bpmndi:BPMNShape>
      <bpmndi:BPMNShape id="BPMNShape_Event_0cslp70" bpmnElement="Event_0cslp70">
        <dc:Bounds x="652" y="240" width="36" height="36" />
      </bpmndi:BPMNShape>
      <bpmndi:BPMNEdge id="BPMNEdge_Flow_1jdkez6" bpmnElement="Flow_1jdkez6">
        <di:waypoint x="448" y="258" />
        <di:waypoint x="500" y="258" />
      </bpmndi:BPMNEdge>
      <bpmndi:BPMNEdge id="BPMNEdge_Flow_07c90w9" bpmnElement="Flow_07c90w9">
        <di:waypoint x="600" y="258" />
        <di:waypoint x="652" y="258" />
      </bpmndi:BPMNEdge>
      <bpmndi:BPMNShape id="BPMNShape_Participant_1pm7z0p" bpmnElement="Participant_1pm7z0p">
        <dc:Bounds x="350" y="490" width="400" height="250" />
      </bpmndi:BPMNShape>
      <bpmndi:BPMNShape id="BPMNShape_Event_0kxrcq7" bpmnElement="Event_0kxrcq7">
        <dc:Bounds x="432" y="602" width="36" height="36" />
      </bpmndi:BPMNShape>
      <bpmndi:BPMNShape id="BPMNShape_Activity_1f5yqa7" bpmnElement="Activity_1f5yqa7">
        <dc:Bounds x="520" y="580" width="100" height="80" />
        <bpmndi:BPMNLabel />
      </bpmndi:BPMNShape>
      <bpmndi:BPMNShape id="BPMNShape_Event_18d22mj" bpmnElement="Event_18d22mj">
        <dc:Bounds x="672" y="602" width="36" height="36" />
      </bpmndi:BPMNShape>
      <bpmndi:BPMNEdge id="BPMNEdge_Flow_1hseff7" bpmnElement="Flow_1hseff7">
        <di:waypoint x="468" y="620" />
        <di:waypoint x="520" y="620" />
      </bpmndi:BPMNEdge>
      <bpmndi:BPMNEdge id="BPMNEdge_Flow_00pilfb" bpmnElement="Flow_00pilfb">
        <di:waypoint x="620" y="620" />
        <di:waypoint x="672" y="620" />
      </bpmndi:BPMNEdge>
    </bpmndi:BPMNPlane>
  </bpmndi:BPMNDiagram>
</bpmn2:definitions>
