{"id":"process-231ccb9f-d6f5-4777-abf1-a8d1db1dc7b0","type":"PROCESS","name":"child","key":"child","extensions":{"Process_B6amlaORP":{"constants":{},"mappings":{},"properties":{"5d3eb571-886f-4a77-a1a3-b038ccf820f4":{"id":"5d3eb571-886f-4a77-a1a3-b038ccf820f4","name":"variableOne","type":"string","analytics":false,"required":false,"model":{"$ref":"#/$defs/primitive/string"},"value":"OutputOne"},"21cf842a-465b-4491-9cdf-312b2b33ad2f":{"id":"21cf842a-465b-4491-9cdf-312b2b33ad2f","name":"variableTwo","type":"string","analytics":false,"required":false,"model":{"$ref":"#/$defs/primitive/string"},"value":"OutputTwo"},"82147b8c-8fe2-454a-9887-b1240b2dcc2f":{"id":"82147b8c-8fe2-454a-9887-b1240b2dcc2f","name":"childVariableThree","type":"string","analytics":false,"required":false,"model":{"$ref":"#/$defs/primitive/string"},"value":"OutputThree"}},"assignments":{"UserTask_1pg7hmv":{"type":"identity","assignment":"assignee","id":"UserTask_1pg7hmv"}},"templates":{"tasks":{},"default":{}}}}}