{"id":"process-7d91b9c9-7136-4163-a57b-3021db890648","type":"PROCESS","name":"child-pool","key":"child-pool-tyhkq","extensions":{"Process_uuTJCOFV":{"constants":{},"mappings":{},"properties":{"7b2089e7-95f5-4e38-9999-dd2c5a49e9a7":{"id":"7b2089e7-95f5-4e38-9999-dd2c5a49e9a7","name":"var1","type":"string","model":{"$ref":"#/$defs/primitive/string"},"required":false,"value":"initialValue1"}},"assignments":{"Activity_00clfex":{"type":"identity","assignment":"assignee","id":"Activity_00clfex"}}},"Process_1by3vi7":{"constants":{},"mappings":{},"properties":{"aa8d791e-d0b8-4e48-a51c-c594c46ca6bd":{"id":"aa8d791e-d0b8-4e48-a51c-c594c46ca6bd","name":"var2","type":"string","model":{"$ref":"#/$defs/primitive/string"},"required":false,"value":"initialValue2"}},"assignments":{"Activity_1f5yqa7":{"type":"identity","assignment":"assignee","id":"Activity_1f5yqa7"}},"templates":{"tasks":{},"default":{}}}}}