<?xml version="1.0" encoding="UTF-8"?>
<bpmn2:definitions xmlns="http://www.omg.org/spec/BPMN/20100524/MODEL" xmlns:bpmn2="http://www.omg.org/spec/BPMN/20100524/MODEL" xmlns:xsi="http://www.w3.org/2001/XMLSchema-instance" xmlns:xsd="http://www.w3.org/2001/XMLSchema" xmlns:activiti="http://activiti.org/bpmn" xmlns:bpmndi="http://www.omg.org/spec/BPMN/20100524/DI" xmlns:omgdc="http://www.omg.org/spec/DD/20100524/DC" xmlns:omgdi="http://www.omg.org/spec/DD/20100524/DI" typeLanguage="http://www.w3.org/2001/XMLSchema" expressionLanguage="http://www.w3.org/1999/XPath" targetNamespace="DMN Call Activities" id="model-e8c9a5f4-babd-4e7b-9bc7-acd991a3aff2" name="child" xsi:schemaLocation="http://www.omg.org/spec/BPMN/20100524/MODEL BPMN20.xsd">
  <bpmn2:process id="Process_B6amlaORP" name="child" isExecutable="true">
    <bpmn2:startEvent id="Event_1">
      <bpmn2:outgoing>SequenceFlow_1lf0jm8</bpmn2:outgoing>
    </bpmn2:startEvent>
    <bpmn2:userTask id="UserTask_1pg7hmv" name="child-user-task" activiti:assignee="hruser">
      <bpmn2:incoming>SequenceFlow_1lf0jm8</bpmn2:incoming>
      <bpmn2:outgoing>SequenceFlow_0rrp2y2</bpmn2:outgoing>
    </bpmn2:userTask>
    <bpmn2:sequenceFlow id="SequenceFlow_1lf0jm8" sourceRef="Event_1" targetRef="UserTask_1pg7hmv"></bpmn2:sequenceFlow>
    <bpmn2:sequenceFlow id="SequenceFlow_0rrp2y2" sourceRef="UserTask_1pg7hmv" targetRef="EndEvent_1"></bpmn2:sequenceFlow>
    <bpmn2:endEvent id="EndEvent_1">
      <bpmn2:incoming>SequenceFlow_0rrp2y2</bpmn2:incoming>
    </bpmn2:endEvent>
  </bpmn2:process>
  <bpmndi:BPMNDiagram id="BPMNDiagram_Process_B6amlaORP">
    <bpmndi:BPMNPlane bpmnElement="Process_B6amlaORP" id="BPMNPlane_Process_B6amlaORP">
      <bpmndi:BPMNShape bpmnElement="Event_1" id="BPMNShape_Event_1">
        <omgdc:Bounds height="36.0" width="36.0" x="412.0" y="240.0"></omgdc:Bounds>
      </bpmndi:BPMNShape>
      <bpmndi:BPMNShape bpmnElement="UserTask_1pg7hmv" id="BPMNShape_UserTask_1pg7hmv">
        <omgdc:Bounds height="80.0" width="100.0" x="500.0" y="218.0"></omgdc:Bounds>
      </bpmndi:BPMNShape>
      <bpmndi:BPMNEdge bpmnElement="SequenceFlow_1lf0jm8" id="BPMNEdge_SequenceFlow_1lf0jm8">
        <omgdi:waypoint x="448.0" y="258.0"></omgdi:waypoint>
        <omgdi:waypoint x="474.0" y="258.0"></omgdi:waypoint>
        <omgdi:waypoint x="474.0" y="280.0"></omgdi:waypoint>
        <omgdi:waypoint x="500.0" y="280.0"></omgdi:waypoint>
      </bpmndi:BPMNEdge>
    </bpmndi:BPMNPlane>
  </bpmndi:BPMNDiagram>
</bpmn2:definitions>