<?xml version="1.0" encoding="UTF-8"?>
<bpmn2:definitions xmlns="http://www.omg.org/spec/BPMN/20100524/MODEL" xmlns:bpmn2="http://www.omg.org/spec/BPMN/20100524/MODEL" xmlns:xsi="http://www.w3.org/2001/XMLSchema-instance" xmlns:xsd="http://www.w3.org/2001/XMLSchema" xmlns:activiti="http://activiti.org/bpmn" xmlns:bpmndi="http://www.omg.org/spec/BPMN/20100524/DI" xmlns:omgdc="http://www.omg.org/spec/DD/20100524/DC" xmlns:omgdi="http://www.omg.org/spec/DD/20100524/DI" xmlns:modeler="http://activiti.com/modeler" typeLanguage="http://www.w3.org/2001/XMLSchema" expressionLanguage="http://www.w3.org/1999/XPath" targetNamespace="DMN Forms" name="form-on-start-event" modeler:version="1.0en" modeler:exportDateTime="20190104135644777" modeler:modelId="1" modeler:modelVersion="2" modeler:modelLastUpdated="1546603000847">
  <bpmn2:process id="Process_formOnStartEvent" name="form-on-start-event" isExecutable="true">
    <bpmn2:startEvent id="startEvent" activiti:formKey="form-ed08ab55-3b46-444b-9ba9-8897af984f46">
      <extensionElements>
        <modeler:editor-resource-id><![CDATA[startEvent1]]></modeler:editor-resource-id>
      </extensionElements>
      <bpmn2:outgoing>flowOne</bpmn2:outgoing>
    </bpmn2:startEvent>
    <bpmn2:userTask id="taskWithForm" name="Task with form" activiti:assignee="hruser" activiti:formKey="form-bd526044-d948-4c1d-8313-9f0b6f652c69">
      <extensionElements>
        <modeler:allow-send-email><![CDATA[true]]></modeler:allow-send-email>
        <modeler:form-reference-id><![CDATA[1002]]></modeler:form-reference-id>
        <modeler:form-reference-name><![CDATA[amount-form]]></modeler:form-reference-name>
        <modeler:activiti-idm-initiator><![CDATA[true]]></modeler:activiti-idm-initiator>
        <modeler:editor-resource-id><![CDATA[taskWithForm]]></modeler:editor-resource-id>
      </extensionElements>
      <bpmn2:incoming>flowOne</bpmn2:incoming>
      <bpmn2:outgoing>flowTwo</bpmn2:outgoing>
    </bpmn2:userTask>
    <bpmn2:endEvent id="endEvent">
      <extensionElements>
        <modeler:editor-resource-id><![CDATA[endEvent]]></modeler:editor-resource-id>
      </extensionElements>
      <bpmn2:incoming>flowTwo</bpmn2:incoming>
    </bpmn2:endEvent>
    <bpmn2:sequenceFlow id="flowOne" sourceRef="startEvent" targetRef="taskWithForm">
      <extensionElements>
        <modeler:editor-resource-id><![CDATA[fromStartEventToTaskWithForm]]></modeler:editor-resource-id>
      </extensionElements>
    </bpmn2:sequenceFlow>
    <bpmn2:sequenceFlow id="flowTwo" sourceRef="taskWithForm" targetRef="endEvent">
      <extensionElements>
        <modeler:editor-resource-id><![CDATA[fromTaskWithFormToTaskWithNoForm]]></modeler:editor-resource-id>
      </extensionElements>
    </bpmn2:sequenceFlow>
  </bpmn2:process>
  <bpmndi:BPMNDiagram id="BPMNDiagram_Process_formOnStartEvent">
    <bpmndi:BPMNPlane bpmnElement="Process_formOnStartEvent" id="BPMNPlane_Process_formOnStartEvent">
      <bpmndi:BPMNShape bpmnElement="startEvent" id="BPMNShape_startEvent">
        <omgdc:Bounds height="30.0" width="30.0" x="105.0" y="160.0"></omgdc:Bounds>
      </bpmndi:BPMNShape>
      <bpmndi:BPMNShape bpmnElement="taskWithForm" id="BPMNShape_taskWithForm">
        <omgdc:Bounds height="80.0" width="100.0" x="195.0" y="135.0"></omgdc:Bounds>
      </bpmndi:BPMNShape>
      <bpmndi:BPMNShape bpmnElement="endEvent" id="BPMNShape_endEvent">
        <omgdc:Bounds height="28.0" width="28.0" x="386.0" y="161.0"></omgdc:Bounds>
      </bpmndi:BPMNShape>
      <bpmndi:BPMNEdge bpmnElement="flowOne" id="BPMNEdge_flowOne">
        <omgdi:waypoint x="135.0" y="175.0"></omgdi:waypoint>
        <omgdi:waypoint x="195.0" y="175.0"></omgdi:waypoint>
      </bpmndi:BPMNEdge>
      <bpmndi:BPMNEdge bpmnElement="flowTwo" id="BPMNEdge_flowTwo">
        <omgdi:waypoint x="295.0" y="175.0"></omgdi:waypoint>
        <omgdi:waypoint x="386.0" y="175.0"></omgdi:waypoint>
      </bpmndi:BPMNEdge>
    </bpmndi:BPMNPlane>
  </bpmndi:BPMNDiagram>
</bpmn2:definitions>