<?xml version="1.0" encoding="UTF-8"?>
<bpmn2:definitions xmlns="http://www.omg.org/spec/BPMN/20100524/MODEL" xmlns:bpmn2="http://www.omg.org/spec/BPMN/20100524/MODEL" xmlns:xsi="http://www.w3.org/2001/XMLSchema-instance" xmlns:xsd="http://www.w3.org/2001/XMLSchema" xmlns:activiti="http://activiti.org/bpmn" xmlns:bpmndi="http://www.omg.org/spec/BPMN/20100524/DI" xmlns:omgdc="http://www.omg.org/spec/DD/20100524/DC" xmlns:omgdi="http://www.omg.org/spec/DD/20100524/DI" typeLanguage="http://www.w3.org/2001/XMLSchema" expressionLanguage="http://www.w3.org/1999/XPath" targetNamespace="DMN Forms" id="model-6c905969-f317-4718-9928-545912618ec8" name="form-number-save" xsi:schemaLocation="http://www.omg.org/spec/BPMN/20100524/MODEL BPMN20.xsd">
  <bpmn2:process id="Process_FormNumberSave" name="form-number-save" isExecutable="true">
    <bpmn2:startEvent id="Event_1">
      <bpmn2:outgoing>SequenceFlow_0pjqnz4</bpmn2:outgoing>
    </bpmn2:startEvent>
    <bpmn2:userTask id="UserTask_049c4nj" name="number-form-task" activiti:assignee="hruser" activiti:formKey="form-12e18c92-bf08-4803-aade-e91e48f7f8cc" activiti:priority="0">
      <bpmn2:incoming>SequenceFlow_0pjqnz4</bpmn2:incoming>
      <bpmn2:outgoing>SequenceFlow_19p5yuu</bpmn2:outgoing>
    </bpmn2:userTask>
    <bpmn2:sequenceFlow id="SequenceFlow_0pjqnz4" sourceRef="Event_1" targetRef="UserTask_049c4nj"></bpmn2:sequenceFlow>
    <bpmn2:endEvent id="EndEvent_0vb278w">
      <bpmn2:incoming>SequenceFlow_19p5yuu</bpmn2:incoming>
    </bpmn2:endEvent>
    <bpmn2:sequenceFlow id="SequenceFlow_19p5yuu" sourceRef="UserTask_049c4nj" targetRef="EndEvent_0vb278w"></bpmn2:sequenceFlow>
  </bpmn2:process>
  <bpmndi:BPMNDiagram id="BPMNDiagram_Process_FormNumberSave">
    <bpmndi:BPMNPlane bpmnElement="Process_FormNumberSave" id="BPMNPlane_Process_FormNumberSave">
      <bpmndi:BPMNShape bpmnElement="Event_1" id="BPMNShape_Event_1">
        <omgdc:Bounds height="36.0" width="36.0" x="412.0" y="240.0"></omgdc:Bounds>
      </bpmndi:BPMNShape>
      <bpmndi:BPMNShape bpmnElement="UserTask_049c4nj" id="BPMNShape_UserTask_049c4nj">
        <omgdc:Bounds height="80.0" width="100.0" x="490.0" y="218.0"></omgdc:Bounds>
      </bpmndi:BPMNShape>
      <bpmndi:BPMNShape bpmnElement="EndEvent_0vb278w" id="BPMNShape_EndEvent_0vb278w">
        <omgdc:Bounds height="36.0" width="36.0" x="632.0" y="240.0"></omgdc:Bounds>
      </bpmndi:BPMNShape>
      <bpmndi:BPMNEdge bpmnElement="SequenceFlow_0pjqnz4" id="BPMNEdge_SequenceFlow_0pjqnz4">
        <omgdi:waypoint x="448.0" y="258.0"></omgdi:waypoint>
        <omgdi:waypoint x="490.0" y="258.0"></omgdi:waypoint>
      </bpmndi:BPMNEdge>
      <bpmndi:BPMNEdge bpmnElement="SequenceFlow_19p5yuu" id="BPMNEdge_SequenceFlow_19p5yuu">
        <omgdi:waypoint x="590.0" y="258.0"></omgdi:waypoint>
        <omgdi:waypoint x="632.0" y="258.0"></omgdi:waypoint>
      </bpmndi:BPMNEdge>
    </bpmndi:BPMNPlane>
  </bpmndi:BPMNDiagram>
</bpmn2:definitions>