{"id":"process-bf87b512-b35b-4739-a6f6-3f67e74a2907","type":"PROCESS","name":"int-boundary-subprocess","key":"int-boundary-subprocess","extensions":{"Process_kYhtnFm2":{"constants":{},"mappings":{"Task_0da4yvh":{"outputs":{"int_boundary_sub_var":{"type":"variable","value":"StringCorr"}}}},"properties":{"4e030456-ae95-48b8-9735-edb858224af4":{"id":"4e030456-ae95-48b8-9735-edb858224af4","name":"int_boundary_sub_var","type":"string","analytics":false,"required":false,"model":{"$ref":"#/$defs/primitive/string"}}},"assignments":{"Task_0da4yvh":{"type":"identity","assignment":"assignee","id":"Task_0da4yvh"},"Task_1erah30":{"type":"identity","assignment":"assignee","id":"Task_1erah30"},"Task_1c5nd8z":{"type":"identity","assignment":"assignee","id":"Task_1c5nd8z"}},"templates":{"tasks":{},"default":{}}}}}