{"id":"process-0c488bf1-0256-4aa3-ad8d-8ee23b6538df","type":"PROCESS","name":"int-boundary-event","extensions":{"Process_QbJjbPPq":{"constants":{},"mappings":{"Task_1jqr04s":{"outputs":{"int_boundary_var":{"type":"variable","value":"NumberCorr"}}}},"properties":{"dd236ff7-c0a3-4b50-b4bb-cbacc7aeb996":{"id":"dd236ff7-c0a3-4b50-b4bb-cbacc7aeb996","name":"int_boundary_var","type":"integer","analytics":false,"required":false,"model":{"$ref":"#/$defs/primitive/integer"}}},"assignments":{"Task_1jqr04s":{"type":"identity","assignment":"assignee","id":"Task_1jqr04s"},"Task_12u4c91":{"type":"identity","assignment":"assignee","id":"Task_12u4c91"},"Task_0psfkyo":{"type":"identity","assignment":"assignee","id":"Task_0psfkyo"}},"templates":{"tasks":{},"default":{}}}}}