{"id":"process-b9c60c71-d7b1-4d34-a5ba-ffc36e02ed8b","type":"PROCESS","name":"int-start-message-event","extensions":{"Process_MtQjqr-1":{"constants":{},"mappings":{},"properties":{"4df72a39-3218-46b4-bc7c-af6ab9d05a62":{"id":"4df72a39-3218-46b4-bc7c-af6ab9d05a62","name":"correlationkey","type":"string","analytics":false,"required":false,"model":{"$ref":"#/$defs/primitive/string"},"value":"qatest1"}},"assignments":{"Task_0nqppv6":{"type":"identity","assignment":"assignee","id":"Task_0nqppv6"},"Task_0p2svxa":{"type":"identity","assignment":"assignee","id":"Task_0p2svxa"}},"templates":{"tasks":{},"default":{}}}}}