{"id":"process-a9fee339-ead8-4a6f-ad46-f741d2bf0c51","type":"PROCESS","name":"intermediate-message-event","extensions":{"Process_A_d13PYx":{"constants":{},"mappings":{"UserTask_1rv2v21":{"outputs":{"intermediate_var":{"type":"variable","value":"StringCorr"}}}},"properties":{"1f387a50-04da-4458-8f26-f97671a8d223":{"id":"1f387a50-04da-4458-8f26-f97671a8d223","name":"intermediate_var","type":"string","analytics":false,"required":false,"model":{"$ref":"#/$defs/primitive/string"}},"a712c8bd-c7de-422e-b706-0a035c1f26b7":{"id":"a712c8bd-c7de-422e-b706-0a035c1f26b7","name":"partmessage","type":"string","analytics":false,"required":false,"model":{"$ref":"#/$defs/primitive/string"},"value":"inter"}},"assignments":{"UserTask_1rv2v21":{"type":"identity","assignment":"assignee","id":"UserTask_1rv2v21"},"Task_0o1hyn0":{"type":"identity","assignment":"assignee","id":"Task_0o1hyn0"}},"templates":{"tasks":{},"default":{}}}}}