{"id":"process-05dedb6b-d881-4b05-b7ba-0114f9815d44","type":"PROCESS","name":"isset-proc-wo-def-value","key":"isset-proc-wo-def-va-jxa3o","extensions":{"Process_VS_0zWrq":{"constants":{},"mappings":{},"properties":{"71bebff2-8594-4dde-a2bc-670bc1aacd3b":{"id":"71bebff2-8594-4dde-a2bc-670bc1aacd3b","name":"variableWithoutValue","type":"string","model":{"$ref":"#/$defs/primitive/string"},"required":false}},"assignments":{"Activity_1135gcn":{"type":"identity","assignment":"assignee","id":"Activity_1135gcn"},"Activity_00jcthg":{"type":"identity","assignment":"assignee","id":"Activity_00jcthg"}}}}}