<?xml version="1.0" encoding="UTF-8"?>
<bpmn2:definitions xmlns:bpmn2="http://www.omg.org/spec/BPMN/20100524/MODEL" xmlns:xsi="http://www.w3.org/2001/XMLSchema-instance" xmlns:activiti="http://activiti.org/bpmn" xmlns:bpmndi="http://www.omg.org/spec/BPMN/20100524/DI" xmlns:dc="http://www.omg.org/spec/DD/20100524/DC" xmlns:di="http://www.omg.org/spec/DD/20100524/DI" xmlns:xsd="http://www.w3.org/2001/XMLSchema" id="model-21e86840-2df2-4d53-ae28-1ad286a76f43" name="isset-proc-wo-def-value" targetNamespace="Conditional Flows" xsi:schemaLocation="http://www.omg.org/spec/BPMN/20100524/MODEL BPMN20.xsd">
  <bpmn2:process id="Process_VS_0zWrq" name="isset-proc-wo-def-value" isExecutable="true">
    <bpmn2:startEvent id="Event_1">
      <bpmn2:outgoing>Flow_0b3jr7u</bpmn2:outgoing>
    </bpmn2:startEvent>
    <bpmn2:sequenceFlow id="Flow_0b3jr7u" sourceRef="Event_1" targetRef="Gateway_12pvazw" />
    <bpmn2:exclusiveGateway id="Gateway_12pvazw" default="Flow_19y8ks8">
      <bpmn2:incoming>Flow_0b3jr7u</bpmn2:incoming>
      <bpmn2:outgoing>Flow_19y8ks8</bpmn2:outgoing>
      <bpmn2:outgoing>Flow_0bdbx8w</bpmn2:outgoing>
    </bpmn2:exclusiveGateway>
    <bpmn2:sequenceFlow id="Flow_19y8ks8" sourceRef="Gateway_12pvazw" targetRef="Activity_1135gcn" />
    <bpmn2:sequenceFlow id="Flow_0bdbx8w" sourceRef="Gateway_12pvazw" targetRef="Activity_00jcthg">
      <bpmn2:conditionExpression xsi:type="bpmn2:tFormalExpression">${(execution.getVariable("variableWithoutValue") ne null)}</bpmn2:conditionExpression>
    </bpmn2:sequenceFlow>
    <bpmn2:userTask id="Activity_1135gcn" name="isSet - no form - wo value" activiti:formKey="form-7d1fccbc-1b41-4cd2-bb41-840cd354c687" activiti:assignee="hruser" activiti:priority="0">
      <bpmn2:incoming>Flow_19y8ks8</bpmn2:incoming>
      <bpmn2:outgoing>Flow_0agh1zv</bpmn2:outgoing>
    </bpmn2:userTask>
    <bpmn2:userTask id="Activity_00jcthg" name="isSet - yes form - wo value" activiti:formKey="form-14ee2fe0-1eb7-48f5-a5e8-b420afb12313" activiti:assignee="hruser" activiti:priority="0">
      <bpmn2:incoming>Flow_0bdbx8w</bpmn2:incoming>
      <bpmn2:outgoing>Flow_14ch05f</bpmn2:outgoing>
    </bpmn2:userTask>
    <bpmn2:endEvent id="Event_1pqy7p7">
      <bpmn2:incoming>Flow_0agh1zv</bpmn2:incoming>
      <bpmn2:incoming>Flow_14ch05f</bpmn2:incoming>
    </bpmn2:endEvent>
    <bpmn2:sequenceFlow id="Flow_0agh1zv" sourceRef="Activity_1135gcn" targetRef="Event_1pqy7p7" />
    <bpmn2:sequenceFlow id="Flow_14ch05f" sourceRef="Activity_00jcthg" targetRef="Event_1pqy7p7" />
  </bpmn2:process>
  <bpmndi:BPMNDiagram id="BPMNDiagram_Process_VS_0zWrq">
    <bpmndi:BPMNPlane id="BPMNPlane_Process_VS_0zWrq" bpmnElement="Process_VS_0zWrq">
      <bpmndi:BPMNShape id="BPMNShape_Event_1" bpmnElement="Event_1">
        <dc:Bounds x="412" y="240" width="36" height="36" />
      </bpmndi:BPMNShape>
      <bpmndi:BPMNShape id="BPMNShape_Gateway_12pvazw" bpmnElement="Gateway_12pvazw" isMarkerVisible="true">
        <dc:Bounds x="505" y="233" width="50" height="50" />
      </bpmndi:BPMNShape>
      <bpmndi:BPMNShape id="BPMNShape_Activity_1135gcn" bpmnElement="Activity_1135gcn">
        <dc:Bounds x="620" y="218" width="100" height="80" />
        <bpmndi:BPMNLabel />
      </bpmndi:BPMNShape>
      <bpmndi:BPMNShape id="BPMNShape_Activity_00jcthg" bpmnElement="Activity_00jcthg">
        <dc:Bounds x="620" y="330" width="100" height="80" />
        <bpmndi:BPMNLabel />
      </bpmndi:BPMNShape>
      <bpmndi:BPMNShape id="BPMNShape_Event_1pqy7p7" bpmnElement="Event_1pqy7p7">
        <dc:Bounds x="792" y="240" width="36" height="36" />
      </bpmndi:BPMNShape>
      <bpmndi:BPMNEdge id="BPMNEdge_Flow_0b3jr7u" bpmnElement="Flow_0b3jr7u">
        <di:waypoint x="448" y="258" />
        <di:waypoint x="505" y="258" />
      </bpmndi:BPMNEdge>
      <bpmndi:BPMNEdge id="BPMNEdge_Flow_19y8ks8" bpmnElement="Flow_19y8ks8">
        <di:waypoint x="555" y="258" />
        <di:waypoint x="620" y="258" />
      </bpmndi:BPMNEdge>
      <bpmndi:BPMNEdge id="BPMNEdge_Flow_0bdbx8w" bpmnElement="Flow_0bdbx8w">
        <di:waypoint x="530" y="283" />
        <di:waypoint x="530" y="370" />
        <di:waypoint x="620" y="370" />
      </bpmndi:BPMNEdge>
      <bpmndi:BPMNEdge id="BPMNEdge_Flow_0agh1zv" bpmnElement="Flow_0agh1zv">
        <di:waypoint x="720" y="258" />
        <di:waypoint x="792" y="258" />
      </bpmndi:BPMNEdge>
      <bpmndi:BPMNEdge id="BPMNEdge_Flow_14ch05f" bpmnElement="Flow_14ch05f">
        <di:waypoint x="720" y="370" />
        <di:waypoint x="756" y="370" />
        <di:waypoint x="756" y="258" />
        <di:waypoint x="792" y="258" />
      </bpmndi:BPMNEdge>
    </bpmndi:BPMNPlane>
  </bpmndi:BPMNDiagram>
</bpmn2:definitions>
