{"id":"process-9fb1e496-2615-4dfa-af94-8d95de0219ca","type":"PROCESS","name":"isset-proc-with-def-value","key":"isset-proc-with-def--3rcej","extensions":{"Process_TgQA5YO2":{"constants":{},"mappings":{"Activity_1135gcn":{},"Activity_00jcthg":{}},"properties":{"71bebff2-8594-4dde-a2bc-670bc1aacd3b":{"id":"71bebff2-8594-4dde-a2bc-670bc1aacd3b","name":"variableWithValue","type":"string","model":{"$ref":"#/$defs/primitive/string"},"required":false,"value":"defaultValue"}},"assignments":{"Activity_1135gcn":{"type":"identity","assignment":"assignee","id":"Activity_1135gcn"},"Activity_00jcthg":{"type":"identity","assignment":"assignee","id":"Activity_00jcthg"}}}}}