<?xml version="1.0" encoding="UTF-8"?>
<bpmn2:definitions xmlns="http://www.omg.org/spec/BPMN/20100524/MODEL" xmlns:bpmn2="http://www.omg.org/spec/BPMN/20100524/MODEL" xmlns:xsi="http://www.w3.org/2001/XMLSchema-instance" xmlns:xsd="http://www.w3.org/2001/XMLSchema" xmlns:activiti="http://activiti.org/bpmn" xmlns:bpmndi="http://www.omg.org/spec/BPMN/20100524/DI" xmlns:omgdc="http://www.omg.org/spec/DD/20100524/DC" xmlns:omgdi="http://www.omg.org/spec/DD/20100524/DI" xmlns:dc="http://www.omg.org/spec/DD/20100524/DC" xmlns:di="http://www.omg.org/spec/DD/20100524/DI" typeLanguage="http://www.w3.org/2001/XMLSchema" expressionLanguage="http://www.w3.org/1999/XPath" targetNamespace="Conditional Flows" id="model-21e86840-2df2-4d53-ae28-1ad286a76f43" name="isset-proc-wo-def-value" xsi:schemaLocation="http://www.omg.org/spec/BPMN/20100524/MODEL BPMN20.xsd">
  <bpmn2:process id="Process_VS_0zWrq" name="isset-proc-wo-def-value" isExecutable="true">
    <bpmn2:startEvent id="Event_1">
      <bpmn2:outgoing>Flow_0b3jr7u</bpmn2:outgoing>
    </bpmn2:startEvent>
    <bpmn2:sequenceFlow id="Flow_0b3jr7u" sourceRef="Event_1" targetRef="Gateway_12pvazw"></bpmn2:sequenceFlow>
    <bpmn2:exclusiveGateway id="Gateway_12pvazw" default="Flow_19y8ks8">
      <bpmn2:incoming>Flow_0b3jr7u</bpmn2:incoming>
      <bpmn2:outgoing>Flow_19y8ks8</bpmn2:outgoing>
      <bpmn2:outgoing>Flow_0bdbx8w</bpmn2:outgoing>
    </bpmn2:exclusiveGateway>
    <bpmn2:sequenceFlow id="Flow_19y8ks8" sourceRef="Gateway_12pvazw" targetRef="Activity_1135gcn"></bpmn2:sequenceFlow>
    <bpmn2:sequenceFlow id="Flow_0bdbx8w" sourceRef="Gateway_12pvazw" targetRef="Activity_00jcthg">
      <conditionExpression xsi:type="tFormalExpression"><![CDATA[${(execution.getVariable("variableWithoutValue") ne null)}]]></conditionExpression>
    </bpmn2:sequenceFlow>
    <bpmn2:userTask id="Activity_1135gcn" name="isSet - no form - wo value" activiti:assignee="hruser" activiti:formKey="form-5d97ead4-c0ef-4b8a-9afb-18a44ea5ed89" activiti:priority="0">
      <bpmn2:incoming>Flow_19y8ks8</bpmn2:incoming>
      <bpmn2:outgoing>Flow_0agh1zv</bpmn2:outgoing>
    </bpmn2:userTask>
    <bpmn2:userTask id="Activity_00jcthg" name="isSet - yes form - wo value" activiti:assignee="hruser" activiti:formKey="form-e40399ec-88ff-4067-ab9d-8cda2a50540e" activiti:priority="0">
      <bpmn2:incoming>Flow_0bdbx8w</bpmn2:incoming>
      <bpmn2:outgoing>Flow_14ch05f</bpmn2:outgoing>
    </bpmn2:userTask>
    <bpmn2:endEvent id="Event_1pqy7p7">
      <bpmn2:incoming>Flow_0agh1zv</bpmn2:incoming>
      <bpmn2:incoming>Flow_14ch05f</bpmn2:incoming>
    </bpmn2:endEvent>
    <bpmn2:sequenceFlow id="Flow_0agh1zv" sourceRef="Activity_1135gcn" targetRef="Event_1pqy7p7"></bpmn2:sequenceFlow>
    <bpmn2:sequenceFlow id="Flow_14ch05f" sourceRef="Activity_00jcthg" targetRef="Event_1pqy7p7"></bpmn2:sequenceFlow>
  </bpmn2:process>
  <bpmndi:BPMNDiagram id="BPMNDiagram_Process_VS_0zWrq">
    <bpmndi:BPMNPlane bpmnElement="Process_VS_0zWrq" id="BPMNPlane_Process_VS_0zWrq">
      <bpmndi:BPMNShape bpmnElement="Event_1" id="BPMNShape_Event_1">
        <omgdc:Bounds height="36.0" width="36.0" x="412.0" y="240.0"></omgdc:Bounds>
      </bpmndi:BPMNShape>
      <bpmndi:BPMNShape bpmnElement="Gateway_12pvazw" id="BPMNShape_Gateway_12pvazw">
        <omgdc:Bounds height="50.0" width="50.0" x="505.0" y="233.0"></omgdc:Bounds>
      </bpmndi:BPMNShape>
      <bpmndi:BPMNShape bpmnElement="Activity_1135gcn" id="BPMNShape_Activity_1135gcn">
        <omgdc:Bounds height="80.0" width="100.0" x="620.0" y="218.0"></omgdc:Bounds>
      </bpmndi:BPMNShape>
      <bpmndi:BPMNShape bpmnElement="Activity_00jcthg" id="BPMNShape_Activity_00jcthg">
        <omgdc:Bounds height="80.0" width="100.0" x="620.0" y="330.0"></omgdc:Bounds>
      </bpmndi:BPMNShape>
      <bpmndi:BPMNShape bpmnElement="Event_1pqy7p7" id="BPMNShape_Event_1pqy7p7">
        <omgdc:Bounds height="36.0" width="36.0" x="792.0" y="240.0"></omgdc:Bounds>
      </bpmndi:BPMNShape>
      <bpmndi:BPMNEdge bpmnElement="Flow_0b3jr7u" id="BPMNEdge_Flow_0b3jr7u">
        <omgdi:waypoint x="448.0" y="258.0"></omgdi:waypoint>
        <omgdi:waypoint x="505.0" y="258.0"></omgdi:waypoint>
      </bpmndi:BPMNEdge>
      <bpmndi:BPMNEdge bpmnElement="Flow_19y8ks8" id="BPMNEdge_Flow_19y8ks8">
        <omgdi:waypoint x="555.0" y="258.0"></omgdi:waypoint>
        <omgdi:waypoint x="620.0" y="258.0"></omgdi:waypoint>
      </bpmndi:BPMNEdge>
      <bpmndi:BPMNEdge bpmnElement="Flow_0bdbx8w" id="BPMNEdge_Flow_0bdbx8w">
        <omgdi:waypoint x="530.0" y="283.0"></omgdi:waypoint>
        <omgdi:waypoint x="530.0" y="370.0"></omgdi:waypoint>
        <omgdi:waypoint x="620.0" y="370.0"></omgdi:waypoint>
      </bpmndi:BPMNEdge>
      <bpmndi:BPMNEdge bpmnElement="Flow_0agh1zv" id="BPMNEdge_Flow_0agh1zv">
        <omgdi:waypoint x="720.0" y="258.0"></omgdi:waypoint>
        <omgdi:waypoint x="792.0" y="258.0"></omgdi:waypoint>
      </bpmndi:BPMNEdge>
      <bpmndi:BPMNEdge bpmnElement="Flow_14ch05f" id="BPMNEdge_Flow_14ch05f">
        <omgdi:waypoint x="720.0" y="370.0"></omgdi:waypoint>
        <omgdi:waypoint x="756.0" y="370.0"></omgdi:waypoint>
        <omgdi:waypoint x="756.0" y="258.0"></omgdi:waypoint>
        <omgdi:waypoint x="792.0" y="258.0"></omgdi:waypoint>
      </bpmndi:BPMNEdge>
    </bpmndi:BPMNPlane>
  </bpmndi:BPMNDiagram>
</bpmn2:definitions>