<?xml version="1.0" encoding="UTF-8"?>
<bpmn2:definitions xmlns:bpmn2="http://www.omg.org/spec/BPMN/20100524/MODEL" xmlns:xsi="http://www.w3.org/2001/XMLSchema-instance" xmlns:activiti="http://activiti.org/bpmn" xmlns:bpmndi="http://www.omg.org/spec/BPMN/20100524/DI" xmlns:omgdc="http://www.omg.org/spec/DD/20100524/DC" xmlns:omgdi="http://www.omg.org/spec/DD/20100524/DI" xmlns:xsd="http://www.w3.org/2001/XMLSchema" xmlns:modeler="http://activiti.com/modeler" name="leave-request" targetNamespace="DMN Forms" modeler:version="1.0en" modeler:exportDateTime="20190104135644777" modeler:modelId="1" modeler:modelVersion="2" modeler:modelLastUpdated="1546603000847">
  <bpmn2:process id="Process_processLeaveRequest" name="leave-request" isExecutable="true">
    <bpmn2:startEvent id="startEvent" activiti:formKey="form-f3532507-a36c-4612-adf4-a05e6bceac7c">
      <bpmn2:extensionElements>
        <modeler:editor-resource-id>startEvent1</modeler:editor-resource-id>
      </bpmn2:extensionElements>
      <bpmn2:outgoing>flowOne</bpmn2:outgoing>
    </bpmn2:startEvent>
    <bpmn2:userTask id="taskWithForm" name="HR task" activiti:formKey="form-4f44e93c-2703-477a-879d-f4e4b075dbfa" activiti:assignee="hruser">
      <bpmn2:extensionElements>
        <modeler:allow-send-email>true</modeler:allow-send-email>
        <modeler:form-reference-id>1002</modeler:form-reference-id>
        <modeler:form-reference-name>amount-form</modeler:form-reference-name>
        <modeler:activiti-idm-initiator>true</modeler:activiti-idm-initiator>
        <modeler:editor-resource-id>taskWithForm</modeler:editor-resource-id>
      </bpmn2:extensionElements>
      <bpmn2:incoming>flowOne</bpmn2:incoming>
      <bpmn2:outgoing>flowTwo</bpmn2:outgoing>
    </bpmn2:userTask>
    <bpmn2:endEvent id="endEvent">
      <bpmn2:extensionElements>
        <modeler:editor-resource-id>endEvent</modeler:editor-resource-id>
      </bpmn2:extensionElements>
      <bpmn2:incoming>flowTwo</bpmn2:incoming>
    </bpmn2:endEvent>
    <bpmn2:sequenceFlow id="flowOne" sourceRef="startEvent" targetRef="taskWithForm">
      <bpmn2:extensionElements>
        <modeler:editor-resource-id>fromStartEventToTaskWithForm</modeler:editor-resource-id>
      </bpmn2:extensionElements>
    </bpmn2:sequenceFlow>
    <bpmn2:sequenceFlow id="flowTwo" sourceRef="taskWithForm" targetRef="endEvent">
      <bpmn2:extensionElements>
        <modeler:editor-resource-id>fromTaskWithFormToTaskWithNoForm</modeler:editor-resource-id>
      </bpmn2:extensionElements>
    </bpmn2:sequenceFlow>
  </bpmn2:process>
  <bpmndi:BPMNDiagram id="BPMNDiagram_Process_processLeaveRequest">
    <bpmndi:BPMNPlane id="BPMNPlane_Process_processLeaveRequest" bpmnElement="Process_processLeaveRequest">
      <bpmndi:BPMNShape id="BPMNShape_startEvent" bpmnElement="startEvent">
        <omgdc:Bounds x="105" y="160" width="30" height="30" />
      </bpmndi:BPMNShape>
      <bpmndi:BPMNShape id="BPMNShape_taskWithForm" bpmnElement="taskWithForm">
        <omgdc:Bounds x="195" y="135" width="100" height="80" />
      </bpmndi:BPMNShape>
      <bpmndi:BPMNShape id="BPMNShape_endEvent" bpmnElement="endEvent">
        <omgdc:Bounds x="366" y="161" width="28" height="28" />
      </bpmndi:BPMNShape>
      <bpmndi:BPMNEdge id="BPMNEdge_flowOne" bpmnElement="flowOne">
        <omgdi:waypoint x="135" y="175" />
        <omgdi:waypoint x="195" y="175" />
      </bpmndi:BPMNEdge>
      <bpmndi:BPMNEdge id="BPMNEdge_flowTwo" bpmnElement="flowTwo">
        <omgdi:waypoint x="295" y="175" />
        <omgdi:waypoint x="366" y="175" />
      </bpmndi:BPMNEdge>
    </bpmndi:BPMNPlane>
  </bpmndi:BPMNDiagram>
</bpmn2:definitions>
