<?xml version="1.0" encoding="UTF-8"?>
<definitions xmlns="http://www.omg.org/spec/BPMN/20100524/MODEL" xmlns:xsi="http://www.w3.org/2001/XMLSchema-instance" xmlns:activiti="http://activiti.org/bpmn" xmlns:bpmndi="http://www.omg.org/spec/BPMN/20100524/DI" xmlns:omgdc="http://www.omg.org/spec/DD/20100524/DC" xmlns:omgdi="http://www.omg.org/spec/DD/20100524/DI" xmlns:xsd="http://www.w3.org/2001/XMLSchema" xmlns:modeler="http://activiti.com/modeler" name="leave-request" targetNamespace="DMN Forms" modeler:version="1.0en" modeler:exportDateTime="20190104135644777" modeler:modelId="1" modeler:modelVersion="2" modeler:modelLastUpdated="1546603000847">
  <process id="Process_processLeaveRequest" name="leave-request" isExecutable="true">
    <startEvent id="startEvent" activiti:formKey="form-f8b62769-ae18-447c-98fe-02d5dee4d0e9">
      <extensionElements>
        <modeler:editor-resource-id>startEvent1</modeler:editor-resource-id>
      </extensionElements>
      <outgoing>flowOne</outgoing>
    </startEvent>
    <userTask id="taskWithForm" name="HR task" activiti:formKey="form-17b80876-3f1f-421d-a5e8-f5391722c933" activiti:assignee="hruser">
      <extensionElements>
        <modeler:allow-send-email>true</modeler:allow-send-email>
        <modeler:form-reference-id>1002</modeler:form-reference-id>
        <modeler:form-reference-name>amount-form</modeler:form-reference-name>
        <modeler:activiti-idm-initiator>true</modeler:activiti-idm-initiator>
        <modeler:editor-resource-id>taskWithForm</modeler:editor-resource-id>
      </extensionElements>
      <incoming>flowOne</incoming>
      <outgoing>flowTwo</outgoing>
    </userTask>
    <endEvent id="endEvent">
      <extensionElements>
        <modeler:editor-resource-id>endEvent</modeler:editor-resource-id>
      </extensionElements>
      <incoming>flowTwo</incoming>
    </endEvent>
    <sequenceFlow id="flowOne" sourceRef="startEvent" targetRef="taskWithForm">
      <extensionElements>
        <modeler:editor-resource-id>fromStartEventToTaskWithForm</modeler:editor-resource-id>
      </extensionElements>
    </sequenceFlow>
    <sequenceFlow id="flowTwo" sourceRef="taskWithForm" targetRef="endEvent">
      <extensionElements>
        <modeler:editor-resource-id>fromTaskWithFormToTaskWithNoForm</modeler:editor-resource-id>
      </extensionElements>
    </sequenceFlow>
  </process>
  <bpmndi:BPMNDiagram id="BPMNDiagram_Process_processLeaveRequest">
    <bpmndi:BPMNPlane id="BPMNPlane_Process_processLeaveRequest" bpmnElement="Process_processLeaveRequest">
      <bpmndi:BPMNShape id="BPMNShape_startEvent" bpmnElement="startEvent">
        <omgdc:Bounds x="105" y="160" width="30" height="30" />
      </bpmndi:BPMNShape>
      <bpmndi:BPMNShape id="BPMNShape_taskWithForm" bpmnElement="taskWithForm">
        <omgdc:Bounds x="195" y="135" width="100" height="80" />
      </bpmndi:BPMNShape>
      <bpmndi:BPMNShape id="BPMNShape_endEvent" bpmnElement="endEvent">
        <omgdc:Bounds x="366" y="161" width="28" height="28" />
      </bpmndi:BPMNShape>
      <bpmndi:BPMNEdge id="BPMNEdge_flowOne" bpmnElement="flowOne">
        <omgdi:waypoint x="135" y="175" />
        <omgdi:waypoint x="195" y="175" />
      </bpmndi:BPMNEdge>
      <bpmndi:BPMNEdge id="BPMNEdge_flowTwo" bpmnElement="flowTwo">
        <omgdi:waypoint x="295" y="175" />
        <omgdi:waypoint x="366" y="175" />
      </bpmndi:BPMNEdge>
    </bpmndi:BPMNPlane>
  </bpmndi:BPMNDiagram>
</definitions>
