<?xml version="1.0" encoding="UTF-8"?>
<bpmn2:definitions xmlns="http://www.omg.org/spec/BPMN/20100524/MODEL" xmlns:bpmn2="http://www.omg.org/spec/BPMN/20100524/MODEL" xmlns:xsi="http://www.w3.org/2001/XMLSchema-instance" xmlns:xsd="http://www.w3.org/2001/XMLSchema" xmlns:activiti="http://activiti.org/bpmn" xmlns:bpmndi="http://www.omg.org/spec/BPMN/20100524/DI" xmlns:omgdc="http://www.omg.org/spec/DD/20100524/DC" xmlns:omgdi="http://www.omg.org/spec/DD/20100524/DI" xmlns:dc="http://www.omg.org/spec/DD/20100524/DC" xmlns:di="http://www.omg.org/spec/DD/20100524/DI" typeLanguage="http://www.w3.org/2001/XMLSchema" expressionLanguage="http://www.w3.org/1999/XPath" targetNamespace="Multi instance Tests" id="model-1e0e749d-17e5-4007-82dd-496e384d32fb" name="Multi instance User Task" xsi:schemaLocation="http://www.omg.org/spec/BPMN/20100524/MODEL BPMN20.xsd">
  <bpmn2:process id="Process_El0jhHuZ" name="Multi instance User Task" isExecutable="true">
    <bpmn2:startEvent id="Event_1">
      <bpmn2:outgoing>Flow_1kkpnkb</bpmn2:outgoing>
    </bpmn2:startEvent>
    <bpmn2:sequenceFlow id="Flow_1kkpnkb" sourceRef="Event_1" targetRef="Activity_03gbn44"></bpmn2:sequenceFlow>
    <bpmn2:sequenceFlow id="Flow_0dyvc1e" sourceRef="Activity_03gbn44" targetRef="Activity_04iaxd9"></bpmn2:sequenceFlow>
    <bpmn2:endEvent id="Event_1ebn6ej">
      <bpmn2:incoming>Flow_0vzu67t</bpmn2:incoming>
    </bpmn2:endEvent>
    <bpmn2:sequenceFlow id="Flow_0vzu67t" sourceRef="Activity_04iaxd9" targetRef="Event_1ebn6ej"></bpmn2:sequenceFlow>
    <bpmn2:userTask id="Activity_03gbn44" name="Multi instance user task" activiti:assignee="hruser" activiti:formKey="form-4170a0a9-305a-4b0f-a97d-6af124055a08" activiti:priority="0">
      <bpmn2:incoming>Flow_1kkpnkb</bpmn2:incoming>
      <bpmn2:outgoing>Flow_0dyvc1e</bpmn2:outgoing>
      <multiInstanceLoopCharacteristics isSequential="false">
        <loopCardinality>3</loopCardinality>
        <loopDataOutputRef>mealCollection</loopDataOutputRef>
        <outputDataItem name="meal"></outputDataItem>
      </multiInstanceLoopCharacteristics>
    </bpmn2:userTask>
    <bpmn2:userTask id="Activity_04iaxd9" name="Result collection task" activiti:assignee="hruser" activiti:formKey="form-2da1b5b3-e062-449a-b7a0-ecefa90fccfd" activiti:priority="0">
      <bpmn2:incoming>Flow_0dyvc1e</bpmn2:incoming>
      <bpmn2:outgoing>Flow_0vzu67t</bpmn2:outgoing>
    </bpmn2:userTask>
  </bpmn2:process>
  <bpmndi:BPMNDiagram id="BPMNDiagram_Process_El0jhHuZ">
    <bpmndi:BPMNPlane bpmnElement="Process_El0jhHuZ" id="BPMNPlane_Process_El0jhHuZ">
      <bpmndi:BPMNShape bpmnElement="Event_1" id="BPMNShape_Event_1">
        <omgdc:Bounds height="36.0" width="36.0" x="412.0" y="240.0"></omgdc:Bounds>
      </bpmndi:BPMNShape>
      <bpmndi:BPMNShape bpmnElement="Event_1ebn6ej" id="BPMNShape_Event_1ebn6ej">
        <omgdc:Bounds height="36.0" width="36.0" x="822.0" y="240.0"></omgdc:Bounds>
      </bpmndi:BPMNShape>
      <bpmndi:BPMNShape bpmnElement="Activity_03gbn44" id="BPMNShape_Activity_03gbn44">
        <omgdc:Bounds height="80.0" width="100.0" x="500.0" y="218.0"></omgdc:Bounds>
      </bpmndi:BPMNShape>
      <bpmndi:BPMNShape bpmnElement="Activity_04iaxd9" id="BPMNShape_Activity_04iaxd9">
        <omgdc:Bounds height="80.0" width="100.0" x="660.0" y="218.0"></omgdc:Bounds>
      </bpmndi:BPMNShape>
      <bpmndi:BPMNEdge bpmnElement="Flow_1kkpnkb" id="BPMNEdge_Flow_1kkpnkb">
        <omgdi:waypoint x="448.0" y="258.0"></omgdi:waypoint>
        <omgdi:waypoint x="500.0" y="258.0"></omgdi:waypoint>
      </bpmndi:BPMNEdge>
      <bpmndi:BPMNEdge bpmnElement="Flow_0dyvc1e" id="BPMNEdge_Flow_0dyvc1e">
        <omgdi:waypoint x="600.0" y="258.0"></omgdi:waypoint>
        <omgdi:waypoint x="660.0" y="258.0"></omgdi:waypoint>
      </bpmndi:BPMNEdge>
      <bpmndi:BPMNEdge bpmnElement="Flow_0vzu67t" id="BPMNEdge_Flow_0vzu67t">
        <omgdi:waypoint x="760.0" y="258.0"></omgdi:waypoint>
        <omgdi:waypoint x="822.0" y="258.0"></omgdi:waypoint>
      </bpmndi:BPMNEdge>
    </bpmndi:BPMNPlane>
  </bpmndi:BPMNDiagram>
</bpmn2:definitions>