<?xml version="1.0" encoding="UTF-8"?>
<bpmn2:definitions xmlns="http://www.omg.org/spec/BPMN/20100524/MODEL" xmlns:bpmn2="http://www.omg.org/spec/BPMN/20100524/MODEL" xmlns:xsi="http://www.w3.org/2001/XMLSchema-instance" xmlns:xsd="http://www.w3.org/2001/XMLSchema" xmlns:activiti="http://activiti.org/bpmn" xmlns:bpmndi="http://www.omg.org/spec/BPMN/20100524/DI" xmlns:omgdc="http://www.omg.org/spec/DD/20100524/DC" xmlns:omgdi="http://www.omg.org/spec/DD/20100524/DI" xmlns:dc="http://www.omg.org/spec/DD/20100524/DC" xmlns:di="http://www.omg.org/spec/DD/20100524/DI" typeLanguage="http://www.w3.org/2001/XMLSchema" expressionLanguage="http://www.w3.org/1999/XPath" targetNamespace="Multi instance Tests" id="model-725853cc-4c73-4213-9ae4-67b361778eac" name="Multi-instanceCallActivity" xsi:schemaLocation="http://www.omg.org/spec/BPMN/20100524/MODEL BPMN20.xsd">
  <bpmn2:process id="Process_7leTeXeY" name="Multi-instanceCallActivity" isExecutable="true">
    <bpmn2:startEvent id="Event_1">
      <bpmn2:outgoing>Flow_1ox53hi</bpmn2:outgoing>
    </bpmn2:startEvent>
    <bpmn2:sequenceFlow id="Flow_1ox53hi" sourceRef="Event_1" targetRef="Activity_12is2jt"></bpmn2:sequenceFlow>
    <bpmn2:endEvent id="Event_1cmq5lb">
      <bpmn2:incoming>Flow_0rbhekv</bpmn2:incoming>
    </bpmn2:endEvent>
    <bpmn2:callActivity id="Activity_12is2jt" name="Calling task" calledElement="Process_zEPHbtMU" activiti:inheritBusinessKey="true">
      <bpmn2:incoming>Flow_1ox53hi</bpmn2:incoming>
      <bpmn2:outgoing>Flow_0rbhekv</bpmn2:outgoing>
      <multiInstanceLoopCharacteristics isSequential="false">
        <loopCardinality>3</loopCardinality>
      </multiInstanceLoopCharacteristics>
    </bpmn2:callActivity>
    <bpmn2:sequenceFlow id="Flow_0rbhekv" sourceRef="Activity_12is2jt" targetRef="Event_1cmq5lb"></bpmn2:sequenceFlow>
  </bpmn2:process>
  <bpmndi:BPMNDiagram id="BPMNDiagram_Process_7leTeXeY">
    <bpmndi:BPMNPlane bpmnElement="Process_7leTeXeY" id="BPMNPlane_Process_7leTeXeY">
      <bpmndi:BPMNShape bpmnElement="Event_1" id="BPMNShape_Event_1">
        <omgdc:Bounds height="36.0" width="36.0" x="412.0" y="240.0"></omgdc:Bounds>
      </bpmndi:BPMNShape>
      <bpmndi:BPMNShape bpmnElement="Event_1cmq5lb" id="BPMNShape_Event_1cmq5lb">
        <omgdc:Bounds height="36.0" width="36.0" x="652.0" y="240.0"></omgdc:Bounds>
      </bpmndi:BPMNShape>
      <bpmndi:BPMNShape bpmnElement="Activity_12is2jt" id="BPMNShape_Activity_12is2jt">
        <omgdc:Bounds height="80.0" width="100.0" x="500.0" y="218.0"></omgdc:Bounds>
      </bpmndi:BPMNShape>
      <bpmndi:BPMNEdge bpmnElement="Flow_1ox53hi" id="BPMNEdge_Flow_1ox53hi">
        <omgdi:waypoint x="448.0" y="258.0"></omgdi:waypoint>
        <omgdi:waypoint x="500.0" y="258.0"></omgdi:waypoint>
      </bpmndi:BPMNEdge>
      <bpmndi:BPMNEdge bpmnElement="Flow_0rbhekv" id="BPMNEdge_Flow_0rbhekv">
        <omgdi:waypoint x="600.0" y="258.0"></omgdi:waypoint>
        <omgdi:waypoint x="652.0" y="258.0"></omgdi:waypoint>
      </bpmndi:BPMNEdge>
    </bpmndi:BPMNPlane>
  </bpmndi:BPMNDiagram>
</bpmn2:definitions>