<?xml version="1.0" encoding="UTF-8"?>
<bpmn2:definitions xmlns="http://www.omg.org/spec/BPMN/20100524/MODEL" xmlns:bpmn2="http://www.omg.org/spec/BPMN/20100524/MODEL" xmlns:xsi="http://www.w3.org/2001/XMLSchema-instance" xmlns:xsd="http://www.w3.org/2001/XMLSchema" xmlns:activiti="http://activiti.org/bpmn" xmlns:bpmndi="http://www.omg.org/spec/BPMN/20100524/DI" xmlns:omgdc="http://www.omg.org/spec/DD/20100524/DC" xmlns:omgdi="http://www.omg.org/spec/DD/20100524/DI" xmlns:dc="http://www.omg.org/spec/DD/20100524/DC" xmlns:di="http://www.omg.org/spec/DD/20100524/DI" typeLanguage="http://www.w3.org/2001/XMLSchema" expressionLanguage="http://www.w3.org/1999/XPath" targetNamespace="Multi instance Tests" id="model-90a0e67f-8270-4194-aa99-43b99d37ab17" name="Multi-instance Collection" xsi:schemaLocation="http://www.omg.org/spec/BPMN/20100524/MODEL BPMN20.xsd">
  <bpmn2:process id="Process_dCwiD97J" name="Multi-instance Collection" isExecutable="true">
    <bpmn2:startEvent id="Event_1">
      <bpmn2:outgoing>Flow_0i0sdax</bpmn2:outgoing>
    </bpmn2:startEvent>
    <bpmn2:sequenceFlow id="Flow_0i0sdax" sourceRef="Event_1" targetRef="Activity_15esew1"></bpmn2:sequenceFlow>
    <bpmn2:endEvent id="Event_1ldm15l">
      <bpmn2:incoming>Flow_0umd8vn</bpmn2:incoming>
    </bpmn2:endEvent>
    <bpmn2:sequenceFlow id="Flow_0umd8vn" sourceRef="Activity_15esew1" targetRef="Event_1ldm15l"></bpmn2:sequenceFlow>
    <bpmn2:userTask id="Activity_15esew1" name="multi-instance-collection-${counter}" activiti:assignee="${initiator}" activiti:priority="0">
      <bpmn2:incoming>Flow_0i0sdax</bpmn2:incoming>
      <bpmn2:outgoing>Flow_0umd8vn</bpmn2:outgoing>
      <multiInstanceLoopCharacteristics isSequential="false" activiti:collection="${loop.count}" activiti:elementVariable="counter"></multiInstanceLoopCharacteristics>
    </bpmn2:userTask>
  </bpmn2:process>
  <bpmndi:BPMNDiagram id="BPMNDiagram_Process_dCwiD97J">
    <bpmndi:BPMNPlane bpmnElement="Process_dCwiD97J" id="BPMNPlane_Process_dCwiD97J">
      <bpmndi:BPMNShape bpmnElement="Event_1" id="BPMNShape_Event_1">
        <omgdc:Bounds height="36.0" width="36.0" x="412.0" y="240.0"></omgdc:Bounds>
      </bpmndi:BPMNShape>
      <bpmndi:BPMNShape bpmnElement="Event_1ldm15l" id="BPMNShape_Event_1ldm15l">
        <omgdc:Bounds height="36.0" width="36.0" x="652.0" y="240.0"></omgdc:Bounds>
      </bpmndi:BPMNShape>
      <bpmndi:BPMNShape bpmnElement="Activity_15esew1" id="BPMNShape_Activity_15esew1">
        <omgdc:Bounds height="80.0" width="100.0" x="500.0" y="218.0"></omgdc:Bounds>
      </bpmndi:BPMNShape>
      <bpmndi:BPMNEdge bpmnElement="Flow_0i0sdax" id="BPMNEdge_Flow_0i0sdax">
        <omgdi:waypoint x="448.0" y="258.0"></omgdi:waypoint>
        <omgdi:waypoint x="500.0" y="258.0"></omgdi:waypoint>
      </bpmndi:BPMNEdge>
      <bpmndi:BPMNEdge bpmnElement="Flow_0umd8vn" id="BPMNEdge_Flow_0umd8vn">
        <omgdi:waypoint x="600.0" y="258.0"></omgdi:waypoint>
        <omgdi:waypoint x="652.0" y="258.0"></omgdi:waypoint>
      </bpmndi:BPMNEdge>
    </bpmndi:BPMNPlane>
  </bpmndi:BPMNDiagram>
</bpmn2:definitions>