<?xml version="1.0" encoding="UTF-8"?>
<bpmn2:definitions xmlns="http://www.omg.org/spec/BPMN/20100524/MODEL" xmlns:bpmn2="http://www.omg.org/spec/BPMN/20100524/MODEL" xmlns:xsi="http://www.w3.org/2001/XMLSchema-instance" xmlns:xsd="http://www.w3.org/2001/XMLSchema" xmlns:activiti="http://activiti.org/bpmn" xmlns:bpmndi="http://www.omg.org/spec/BPMN/20100524/DI" xmlns:omgdc="http://www.omg.org/spec/DD/20100524/DC" xmlns:omgdi="http://www.omg.org/spec/DD/20100524/DI" xmlns:dc="http://www.omg.org/spec/DD/20100524/DC" xmlns:di="http://www.omg.org/spec/DD/20100524/DI" typeLanguage="http://www.w3.org/2001/XMLSchema" expressionLanguage="http://www.w3.org/1999/XPath" targetNamespace="Multi instance Tests" id="model-03306c03-2db1-4eac-8d22-29fa34dc5577" name="Multi-instance Completion" xsi:schemaLocation="http://www.omg.org/spec/BPMN/20100524/MODEL BPMN20.xsd">
  <bpmn2:process id="Process_lqDJpUmz" name="Multi-instance Completion" isExecutable="true">
    <bpmn2:startEvent id="Event_1">
      <bpmn2:outgoing>Flow_0yd3n4s</bpmn2:outgoing>
    </bpmn2:startEvent>
    <bpmn2:sequenceFlow id="Flow_0yd3n4s" sourceRef="Event_1" targetRef="Activity_1ojvrzq"></bpmn2:sequenceFlow>
    <bpmn2:endEvent id="Event_0nd9xnq">
      <bpmn2:incoming>Flow_1meevqk</bpmn2:incoming>
    </bpmn2:endEvent>
    <bpmn2:sequenceFlow id="Flow_1meevqk" sourceRef="Activity_1ojvrzq" targetRef="Event_0nd9xnq"></bpmn2:sequenceFlow>
    <bpmn2:userTask id="Activity_1ojvrzq" name="multiinstance-completion-${counter}" activiti:assignee="hruser" activiti:priority="0">
      <bpmn2:incoming>Flow_0yd3n4s</bpmn2:incoming>
      <bpmn2:outgoing>Flow_1meevqk</bpmn2:outgoing>
      <multiInstanceLoopCharacteristics isSequential="false" activiti:collection="${loop.count}" activiti:elementVariable="counter">
        <completionCondition>${nrOfCompletedInstances/nrOfInstances &gt;= 0.5}</completionCondition>
      </multiInstanceLoopCharacteristics>
    </bpmn2:userTask>
  </bpmn2:process>
  <bpmndi:BPMNDiagram id="BPMNDiagram_Process_lqDJpUmz">
    <bpmndi:BPMNPlane bpmnElement="Process_lqDJpUmz" id="BPMNPlane_Process_lqDJpUmz">
      <bpmndi:BPMNShape bpmnElement="Event_1" id="BPMNShape_Event_1">
        <omgdc:Bounds height="36.0" width="36.0" x="412.0" y="240.0"></omgdc:Bounds>
      </bpmndi:BPMNShape>
      <bpmndi:BPMNShape bpmnElement="Event_0nd9xnq" id="BPMNShape_Event_0nd9xnq">
        <omgdc:Bounds height="36.0" width="36.0" x="652.0" y="240.0"></omgdc:Bounds>
      </bpmndi:BPMNShape>
      <bpmndi:BPMNShape bpmnElement="Activity_1ojvrzq" id="BPMNShape_Activity_1ojvrzq">
        <omgdc:Bounds height="80.0" width="100.0" x="500.0" y="218.0"></omgdc:Bounds>
      </bpmndi:BPMNShape>
      <bpmndi:BPMNEdge bpmnElement="Flow_0yd3n4s" id="BPMNEdge_Flow_0yd3n4s">
        <omgdi:waypoint x="448.0" y="258.0"></omgdi:waypoint>
        <omgdi:waypoint x="500.0" y="258.0"></omgdi:waypoint>
      </bpmndi:BPMNEdge>
      <bpmndi:BPMNEdge bpmnElement="Flow_1meevqk" id="BPMNEdge_Flow_1meevqk">
        <omgdi:waypoint x="600.0" y="258.0"></omgdi:waypoint>
        <omgdi:waypoint x="652.0" y="258.0"></omgdi:waypoint>
      </bpmndi:BPMNEdge>
    </bpmndi:BPMNPlane>
  </bpmndi:BPMNDiagram>
</bpmn2:definitions>