<?xml version="1.0" encoding="UTF-8"?>
<bpmn2:definitions xmlns="http://www.omg.org/spec/BPMN/20100524/MODEL" xmlns:bpmn2="http://www.omg.org/spec/BPMN/20100524/MODEL" xmlns:xsi="http://www.w3.org/2001/XMLSchema-instance" xmlns:xsd="http://www.w3.org/2001/XMLSchema" xmlns:activiti="http://activiti.org/bpmn" xmlns:bpmndi="http://www.omg.org/spec/BPMN/20100524/DI" xmlns:omgdc="http://www.omg.org/spec/DD/20100524/DC" xmlns:omgdi="http://www.omg.org/spec/DD/20100524/DI" xmlns:dc="http://www.omg.org/spec/DD/20100524/DC" xmlns:di="http://www.omg.org/spec/DD/20100524/DI" typeLanguage="http://www.w3.org/2001/XMLSchema" expressionLanguage="http://www.w3.org/1999/XPath" targetNamespace="Multi instance Tests" id="model-37a8cc15-6f9b-468f-8489-9d3776a049fe" name="Multi-instance Sequential" xsi:schemaLocation="http://www.omg.org/spec/BPMN/20100524/MODEL BPMN20.xsd">
  <bpmn2:process id="Process_Ffa0-DAN" name="Multi-instance Sequential" isExecutable="true">
    <bpmn2:startEvent id="Event_1">
      <bpmn2:outgoing>Flow_0pz9ul9</bpmn2:outgoing>
    </bpmn2:startEvent>
    <bpmn2:sequenceFlow id="Flow_0pz9ul9" sourceRef="Event_1" targetRef="Activity_18msx4b"></bpmn2:sequenceFlow>
    <bpmn2:endEvent id="Event_1imxeua">
      <bpmn2:incoming>Flow_0dfzt6j</bpmn2:incoming>
    </bpmn2:endEvent>
    <bpmn2:sequenceFlow id="Flow_0dfzt6j" sourceRef="Activity_18msx4b" targetRef="Event_1imxeua"></bpmn2:sequenceFlow>
    <bpmn2:userTask id="Activity_18msx4b" name="Multi instance Sequence" activiti:assignee="hruser" activiti:priority="0">
      <bpmn2:incoming>Flow_0pz9ul9</bpmn2:incoming>
      <bpmn2:outgoing>Flow_0dfzt6j</bpmn2:outgoing>
      <multiInstanceLoopCharacteristics isSequential="true">
        <loopCardinality>3</loopCardinality>
      </multiInstanceLoopCharacteristics>
    </bpmn2:userTask>
  </bpmn2:process>
  <bpmndi:BPMNDiagram id="BPMNDiagram_Process_Ffa0-DAN">
    <bpmndi:BPMNPlane bpmnElement="Process_Ffa0-DAN" id="BPMNPlane_Process_Ffa0-DAN">
      <bpmndi:BPMNShape bpmnElement="Event_1" id="BPMNShape_Event_1">
        <omgdc:Bounds height="36.0" width="36.0" x="412.0" y="240.0"></omgdc:Bounds>
      </bpmndi:BPMNShape>
      <bpmndi:BPMNShape bpmnElement="Event_1imxeua" id="BPMNShape_Event_1imxeua">
        <omgdc:Bounds height="36.0" width="36.0" x="652.0" y="240.0"></omgdc:Bounds>
      </bpmndi:BPMNShape>
      <bpmndi:BPMNShape bpmnElement="Activity_18msx4b" id="BPMNShape_Activity_18msx4b">
        <omgdc:Bounds height="80.0" width="100.0" x="500.0" y="218.0"></omgdc:Bounds>
      </bpmndi:BPMNShape>
      <bpmndi:BPMNEdge bpmnElement="Flow_0pz9ul9" id="BPMNEdge_Flow_0pz9ul9">
        <omgdi:waypoint x="448.0" y="258.0"></omgdi:waypoint>
        <omgdi:waypoint x="500.0" y="258.0"></omgdi:waypoint>
      </bpmndi:BPMNEdge>
      <bpmndi:BPMNEdge bpmnElement="Flow_0dfzt6j" id="BPMNEdge_Flow_0dfzt6j">
        <omgdi:waypoint x="600.0" y="258.0"></omgdi:waypoint>
        <omgdi:waypoint x="652.0" y="258.0"></omgdi:waypoint>
      </bpmndi:BPMNEdge>
    </bpmndi:BPMNPlane>
  </bpmndi:BPMNDiagram>
</bpmn2:definitions>