{"id":"process-67207d53-4077-4684-9672-e19676e53c2c","type":"PROCESS","name":"Multi-instance Completion","key":"multi-instance-compl-dki6h","extensions":{"Process_lqDJpUmz":{"constants":{},"mappings":{},"properties":{"49e3be63-094a-4213-b93d-1b81e3921e74":{"id":"49e3be63-094a-4213-b93d-1b81e3921e74","name":"loop","type":"json","model":{"$ref":"#/$defs/primitive/json"},"required":false,"value":{"count":["1","2","3","4","5"]}}},"assignments":{"Activity_1ojvrzq":{"type":"identity","assignment":"assignee","id":"Activity_1ojvrzq"}}}}}