{"id":"process-e98d275e-e1bd-4d84-bb28-0d7381983506","type":"PROCESS","name":"Multi instance User Task","key":"multi-instance-user--lsa5k","extensions":{"Process_El0jhHuZ":{"constants":{},"mappings":{"Activity_04iaxd9":{"inputs":{"result1":{"type":"value","value":"${mealCollection.get(0)}"},"result2":{"type":"value","value":"${mealCollection.get(2)}"},"result3":{"type":"value","value":"${mealCollection.get(1)}"}}}},"properties":{"9b60324e-4402-44fd-868b-196d1179d9bf":{"id":"9b60324e-4402-44fd-868b-196d1179d9bf","name":"string1","type":"string","model":{"$ref":"#/$defs/primitive/string"},"required":false}},"assignments":{"Activity_03gbn44":{"type":"identity","assignment":"assignee","id":"Activity_03gbn44"},"Activity_04iaxd9":{"type":"identity","assignment":"assignee","id":"Activity_04iaxd9"}}}}}