<?xml version="1.0" encoding="UTF-8"?>
<bpmn2:definitions xmlns="http://www.omg.org/spec/BPMN/20100524/MODEL" xmlns:bpmn2="http://www.omg.org/spec/BPMN/20100524/MODEL" xmlns:xsi="http://www.w3.org/2001/XMLSchema-instance" xmlns:xsd="http://www.w3.org/2001/XMLSchema" xmlns:activiti="http://activiti.org/bpmn" xmlns:bpmndi="http://www.omg.org/spec/BPMN/20100524/DI" xmlns:omgdc="http://www.omg.org/spec/DD/20100524/DC" xmlns:omgdi="http://www.omg.org/spec/DD/20100524/DI" xmlns:dc="http://www.omg.org/spec/DD/20100524/DC" xmlns:di="http://www.omg.org/spec/DD/20100524/DI" typeLanguage="http://www.w3.org/2001/XMLSchema" expressionLanguage="http://www.w3.org/1999/XPath" targetNamespace="Multi instance Tests" id="model-3721b4b5-c8b2-4d53-b3c6-07fe1fd0ad18" name="Multi-instance Sub Process" xsi:schemaLocation="http://www.omg.org/spec/BPMN/20100524/MODEL BPMN20.xsd">
  <bpmn2:process id="Process_dLgTPe2s" name="Multi-instance Sub Process" isExecutable="true">
    <bpmn2:startEvent id="Event_1">
      <bpmn2:outgoing>Flow_1pdpt6y</bpmn2:outgoing>
    </bpmn2:startEvent>
    <bpmn2:sequenceFlow id="Flow_1pdpt6y" sourceRef="Event_1" targetRef="Activity_03ent6k"></bpmn2:sequenceFlow>
    <bpmn2:endEvent id="Event_18vfjgz">
      <bpmn2:incoming>Flow_104nsys</bpmn2:incoming>
    </bpmn2:endEvent>
    <bpmn2:sequenceFlow id="Flow_104nsys" sourceRef="Activity_03ent6k" targetRef="Event_18vfjgz"></bpmn2:sequenceFlow>
    <bpmn2:subProcess id="Activity_03ent6k" name="Main Task">
      <multiInstanceLoopCharacteristics isSequential="false">
        <loopCardinality>3</loopCardinality>
      </multiInstanceLoopCharacteristics>
      <bpmn2:startEvent id="Event_0bh8d5s">
        <bpmn2:outgoing>Flow_1uw5308</bpmn2:outgoing>
      </bpmn2:startEvent>
      <bpmn2:sequenceFlow id="Flow_1uw5308" sourceRef="Event_0bh8d5s" targetRef="Activity_1x4jl1l"></bpmn2:sequenceFlow>
      <bpmn2:endEvent id="Event_1kxujd3">
        <bpmn2:incoming>Flow_0tr5lg3</bpmn2:incoming>
      </bpmn2:endEvent>
      <bpmn2:sequenceFlow id="Flow_0tr5lg3" sourceRef="Activity_1x4jl1l" targetRef="Event_1kxujd3"></bpmn2:sequenceFlow>
      <bpmn2:userTask id="Activity_1x4jl1l" name="Sub Process Task" activiti:assignee="hruser" activiti:priority="0">
        <bpmn2:incoming>Flow_1uw5308</bpmn2:incoming>
        <bpmn2:outgoing>Flow_0tr5lg3</bpmn2:outgoing>
      </bpmn2:userTask>
    </bpmn2:subProcess>
  </bpmn2:process>
  <bpmndi:BPMNDiagram id="BPMNDiagram_Process_dLgTPe2s">
    <bpmndi:BPMNPlane bpmnElement="Process_dLgTPe2s" id="BPMNPlane_Process_dLgTPe2s">
      <bpmndi:BPMNShape bpmnElement="Event_1" id="BPMNShape_Event_1">
        <omgdc:Bounds height="36.0" width="36.0" x="112.0" y="187.0"></omgdc:Bounds>
      </bpmndi:BPMNShape>
      <bpmndi:BPMNShape bpmnElement="Event_18vfjgz" id="BPMNShape_Event_18vfjgz">
        <omgdc:Bounds height="36.0" width="36.0" x="832.0" y="187.0"></omgdc:Bounds>
      </bpmndi:BPMNShape>
      <bpmndi:BPMNShape bpmnElement="Activity_03ent6k" id="BPMNShape_Activity_03ent6k" isExpanded="true">
        <omgdc:Bounds height="250.0" width="430.0" x="270.0" y="80.0"></omgdc:Bounds>
      </bpmndi:BPMNShape>
      <bpmndi:BPMNShape bpmnElement="Event_0bh8d5s" id="BPMNShape_Event_0bh8d5s">
        <omgdc:Bounds height="36.0" width="36.0" x="342.0" y="182.0"></omgdc:Bounds>
      </bpmndi:BPMNShape>
      <bpmndi:BPMNShape bpmnElement="Event_1kxujd3" id="BPMNShape_Event_1kxujd3">
        <omgdc:Bounds height="36.0" width="36.0" x="582.0" y="182.0"></omgdc:Bounds>
      </bpmndi:BPMNShape>
      <bpmndi:BPMNShape bpmnElement="Activity_1x4jl1l" id="BPMNShape_Activity_1x4jl1l">
        <omgdc:Bounds height="80.0" width="100.0" x="430.0" y="160.0"></omgdc:Bounds>
      </bpmndi:BPMNShape>
      <bpmndi:BPMNEdge bpmnElement="Flow_1uw5308" id="BPMNEdge_Flow_1uw5308">
        <omgdi:waypoint x="378.0" y="200.0"></omgdi:waypoint>
        <omgdi:waypoint x="430.0" y="200.0"></omgdi:waypoint>
      </bpmndi:BPMNEdge>
      <bpmndi:BPMNEdge bpmnElement="Flow_0tr5lg3" id="BPMNEdge_Flow_0tr5lg3">
        <omgdi:waypoint x="530.0" y="200.0"></omgdi:waypoint>
        <omgdi:waypoint x="582.0" y="200.0"></omgdi:waypoint>
      </bpmndi:BPMNEdge>
      <bpmndi:BPMNEdge bpmnElement="Flow_1pdpt6y" id="BPMNEdge_Flow_1pdpt6y">
        <omgdi:waypoint x="148.0" y="205.0"></omgdi:waypoint>
        <omgdi:waypoint x="270.0" y="205.0"></omgdi:waypoint>
      </bpmndi:BPMNEdge>
      <bpmndi:BPMNEdge bpmnElement="Flow_104nsys" id="BPMNEdge_Flow_104nsys">
        <omgdi:waypoint x="700.0" y="205.0"></omgdi:waypoint>
        <omgdi:waypoint x="832.0" y="205.0"></omgdi:waypoint>
      </bpmndi:BPMNEdge>
    </bpmndi:BPMNPlane>
  </bpmndi:BPMNDiagram>
</bpmn2:definitions>