<?xml version="1.0" encoding="UTF-8"?>
<bpmn2:definitions xmlns:bpmn2="http://www.omg.org/spec/BPMN/20100524/MODEL" xmlns:xsi="http://www.w3.org/2001/XMLSchema-instance" xmlns:activiti="http://activiti.org/bpmn" xmlns:bpmndi="http://www.omg.org/spec/BPMN/20100524/DI" xmlns:dc="http://www.omg.org/spec/DD/20100524/DC" xmlns:di="http://www.omg.org/spec/DD/20100524/DI" xmlns:xsd="http://www.w3.org/2001/XMLSchema" id="model-f09dd769-7f30-40a6-8ce2-2abfde4600a1" name="Multi-instance DMNSequence" targetNamespace="Multi instance Tests" xsi:schemaLocation="http://www.omg.org/spec/BPMN/20100524/MODEL BPMN20.xsd">
  <bpmn2:process id="Process_N1A1v2JB" name="Multi-instance DMNSequence" isExecutable="true">
    <bpmn2:startEvent id="Event_1">
      <bpmn2:outgoing>Flow_1xvuljg</bpmn2:outgoing>
    </bpmn2:startEvent>
    <bpmn2:sequenceFlow id="Flow_1xvuljg" sourceRef="Event_1" targetRef="Activity_1oegmdf" />
    <bpmn2:sequenceFlow id="Flow_15i67bb" sourceRef="Activity_1oegmdf" targetRef="Activity_0ugywhv" />
    <bpmn2:endEvent id="Event_0wzno9f">
      <bpmn2:incoming>Flow_1s5me3p</bpmn2:incoming>
    </bpmn2:endEvent>
    <bpmn2:sequenceFlow id="Flow_1s5me3p" sourceRef="Activity_0ugywhv" targetRef="Event_0wzno9f" />
    <bpmn2:serviceTask id="Activity_1oegmdf" name="Decision Task Sequence" implementation="dmn-connector.EXECUTE_TABLE">
      <bpmn2:incoming>Flow_1xvuljg</bpmn2:incoming>
      <bpmn2:outgoing>Flow_15i67bb</bpmn2:outgoing>
      <bpmn2:multiInstanceLoopCharacteristics isSequential="true">
        <bpmn2:loopCardinality>4</bpmn2:loopCardinality>
        <bpmn2:loopDataOutputRef>dmn_output</bpmn2:loopDataOutputRef>
        <bpmn2:outputDataItem name="output1"></bpmn2:outputDataItem>
      </bpmn2:multiInstanceLoopCharacteristics>
    </bpmn2:serviceTask>
    <bpmn2:userTask id="Activity_0ugywhv" name="User Task DMN Output" activiti:formKey="form-35d70e47-4d66-4689-918e-4195baa14a4a" activiti:assignee="hruser" activiti:priority="0">
      <bpmn2:incoming>Flow_15i67bb</bpmn2:incoming>
      <bpmn2:outgoing>Flow_1s5me3p</bpmn2:outgoing>
    </bpmn2:userTask>
  </bpmn2:process>
  <bpmndi:BPMNDiagram id="BPMNDiagram_Process_N1A1v2JB">
    <bpmndi:BPMNPlane id="BPMNPlane_Process_N1A1v2JB" bpmnElement="Process_N1A1v2JB">
      <bpmndi:BPMNShape id="BPMNShape_Event_1" bpmnElement="Event_1">
        <dc:Bounds x="412" y="240" width="36" height="36" />
      </bpmndi:BPMNShape>
      <bpmndi:BPMNShape id="BPMNShape_Event_0wzno9f" bpmnElement="Event_0wzno9f">
        <dc:Bounds x="822" y="240" width="36" height="36" />
      </bpmndi:BPMNShape>
      <bpmndi:BPMNShape id="BPMNShape_Activity_1oegmdf" bpmnElement="Activity_1oegmdf">
        <dc:Bounds x="500" y="218" width="100" height="80" />
      </bpmndi:BPMNShape>
      <bpmndi:BPMNShape id="BPMNShape_Activity_0ugywhv" bpmnElement="Activity_0ugywhv">
        <dc:Bounds x="660" y="218" width="100" height="80" />
      </bpmndi:BPMNShape>
      <bpmndi:BPMNEdge id="BPMNEdge_Flow_1xvuljg" bpmnElement="Flow_1xvuljg">
        <di:waypoint x="448" y="258" />
        <di:waypoint x="500" y="258" />
      </bpmndi:BPMNEdge>
      <bpmndi:BPMNEdge id="BPMNEdge_Flow_15i67bb" bpmnElement="Flow_15i67bb">
        <di:waypoint x="600" y="258" />
        <di:waypoint x="660" y="258" />
      </bpmndi:BPMNEdge>
      <bpmndi:BPMNEdge id="BPMNEdge_Flow_1s5me3p" bpmnElement="Flow_1s5me3p">
        <di:waypoint x="760" y="258" />
        <di:waypoint x="822" y="258" />
      </bpmndi:BPMNEdge>
    </bpmndi:BPMNPlane>
  </bpmndi:BPMNDiagram>
</bpmn2:definitions>
