{"id":"process-c703a933-5a93-4639-87a0-a4ec33b5c895","type":"PROCESS","name":"Multi-instance DMNSequence","key":"multi-instance-dmnse-mssje","extensions":{"Process_N1A1v2JB":{"constants":{"Activity_1oegmdf":{"_activiti_dmn_table_":{"value":"decision-loopcounter"}}},"mappings":{"Activity_1oegmdf":{"inputs":{"input1":{"type":"variable","value":"loopCounter"}}},"Activity_0ugywhv":{"inputs":{"variables.restResultForm":{"type":"variable","value":"dmn_output"}}}},"properties":{"2589999e-b66b-4636-9c18-11ec393b2404":{"id":"2589999e-b66b-4636-9c18-11ec393b2404","name":"loopCounter","type":"integer","model":{"$ref":"#/$defs/primitive/integer"},"required":false},"52a718c3-1dbe-427d-9529-5e498ea6b452":{"id":"52a718c3-1dbe-427d-9529-5e498ea6b452","name":"dmn_output","type":"json","model":{"$ref":"#/$defs/primitive/json"},"required":false}},"assignments":{"Activity_0ugywhv":{"type":"identity","assignment":"assignee","id":"Activity_0ugywhv"}}}}}