<?xml version="1.0" encoding="UTF-8"?>
<bpmn2:definitions xmlns="http://www.omg.org/spec/BPMN/20100524/MODEL" xmlns:bpmn2="http://www.omg.org/spec/BPMN/20100524/MODEL" xmlns:xsi="http://www.w3.org/2001/XMLSchema-instance" xmlns:xsd="http://www.w3.org/2001/XMLSchema" xmlns:activiti="http://activiti.org/bpmn" xmlns:bpmndi="http://www.omg.org/spec/BPMN/20100524/DI" xmlns:omgdc="http://www.omg.org/spec/DD/20100524/DC" xmlns:omgdi="http://www.omg.org/spec/DD/20100524/DI" xmlns:dc="http://www.omg.org/spec/DD/20100524/DC" xmlns:di="http://www.omg.org/spec/DD/20100524/DI" typeLanguage="http://www.w3.org/2001/XMLSchema" expressionLanguage="http://www.w3.org/1999/XPath" targetNamespace="Multi instance Tests" id="model-f09dd769-7f30-40a6-8ce2-2abfde4600a1" name="Multi-instance DMNSequence" xsi:schemaLocation="http://www.omg.org/spec/BPMN/20100524/MODEL BPMN20.xsd">
  <bpmn2:process id="Process_N1A1v2JB" name="Multi-instance DMNSequence" isExecutable="true">
    <bpmn2:startEvent id="Event_1">
      <bpmn2:outgoing>Flow_1xvuljg</bpmn2:outgoing>
    </bpmn2:startEvent>
    <bpmn2:sequenceFlow id="Flow_1xvuljg" sourceRef="Event_1" targetRef="Activity_1oegmdf"></bpmn2:sequenceFlow>
    <bpmn2:sequenceFlow id="Flow_15i67bb" sourceRef="Activity_1oegmdf" targetRef="Activity_0ugywhv"></bpmn2:sequenceFlow>
    <bpmn2:endEvent id="Event_0wzno9f">
      <bpmn2:incoming>Flow_1s5me3p</bpmn2:incoming>
    </bpmn2:endEvent>
    <bpmn2:sequenceFlow id="Flow_1s5me3p" sourceRef="Activity_0ugywhv" targetRef="Event_0wzno9f"></bpmn2:sequenceFlow>
    <bpmn2:serviceTask id="Activity_1oegmdf" name="Decision Task Sequence" implementation="dmn-connector.EXECUTE_TABLE">
      <bpmn2:incoming>Flow_1xvuljg</bpmn2:incoming>
      <bpmn2:outgoing>Flow_15i67bb</bpmn2:outgoing>
      <multiInstanceLoopCharacteristics isSequential="true">
        <loopCardinality>4</loopCardinality>
      </multiInstanceLoopCharacteristics>
    </bpmn2:serviceTask>
    <bpmn2:userTask id="Activity_0ugywhv" name="User Task DMN Output" activiti:assignee="hruser" activiti:formKey="form-9a667a84-9528-417f-a6f0-901ffeaceae2" activiti:priority="0">
      <bpmn2:incoming>Flow_15i67bb</bpmn2:incoming>
      <bpmn2:outgoing>Flow_1s5me3p</bpmn2:outgoing>
    </bpmn2:userTask>
  </bpmn2:process>
  <bpmndi:BPMNDiagram id="BPMNDiagram_Process_N1A1v2JB">
    <bpmndi:BPMNPlane bpmnElement="Process_N1A1v2JB" id="BPMNPlane_Process_N1A1v2JB">
      <bpmndi:BPMNShape bpmnElement="Event_1" id="BPMNShape_Event_1">
        <omgdc:Bounds height="36.0" width="36.0" x="412.0" y="240.0"></omgdc:Bounds>
      </bpmndi:BPMNShape>
      <bpmndi:BPMNShape bpmnElement="Event_0wzno9f" id="BPMNShape_Event_0wzno9f">
        <omgdc:Bounds height="36.0" width="36.0" x="822.0" y="240.0"></omgdc:Bounds>
      </bpmndi:BPMNShape>
      <bpmndi:BPMNShape bpmnElement="Activity_1oegmdf" id="BPMNShape_Activity_1oegmdf">
        <omgdc:Bounds height="80.0" width="100.0" x="500.0" y="218.0"></omgdc:Bounds>
      </bpmndi:BPMNShape>
      <bpmndi:BPMNShape bpmnElement="Activity_0ugywhv" id="BPMNShape_Activity_0ugywhv">
        <omgdc:Bounds height="80.0" width="100.0" x="660.0" y="218.0"></omgdc:Bounds>
      </bpmndi:BPMNShape>
      <bpmndi:BPMNEdge bpmnElement="Flow_1xvuljg" id="BPMNEdge_Flow_1xvuljg">
        <omgdi:waypoint x="448.0" y="258.0"></omgdi:waypoint>
        <omgdi:waypoint x="500.0" y="258.0"></omgdi:waypoint>
      </bpmndi:BPMNEdge>
      <bpmndi:BPMNEdge bpmnElement="Flow_15i67bb" id="BPMNEdge_Flow_15i67bb">
        <omgdi:waypoint x="600.0" y="258.0"></omgdi:waypoint>
        <omgdi:waypoint x="660.0" y="258.0"></omgdi:waypoint>
      </bpmndi:BPMNEdge>
      <bpmndi:BPMNEdge bpmnElement="Flow_1s5me3p" id="BPMNEdge_Flow_1s5me3p">
        <omgdi:waypoint x="760.0" y="258.0"></omgdi:waypoint>
        <omgdi:waypoint x="822.0" y="258.0"></omgdi:waypoint>
      </bpmndi:BPMNEdge>
    </bpmndi:BPMNPlane>
  </bpmndi:BPMNDiagram>
</bpmn2:definitions>