{"id":"process-93fd7bac-b73a-4e02-b78d-97b27581509f","type":"PROCESS","name":"nonint-start-message-event","key":"nonint-start-message-event","extensions":{"Process_fhbr7kjh":{"constants":{},"mappings":{},"properties":{"fbdd0883-b308-4a75-a506-b888d00eb54c":{"id":"fbdd0883-b308-4a75-a506-b888d00eb54c","name":"correlationkey","type":"string","analytics":false,"required":false,"model":{"$ref":"#/$defs/primitive/string"},"value":"qatest2"}},"assignments":{"Task_0syi31u":{"type":"identity","assignment":"assignee","id":"Task_0syi31u"},"Task_0hcssxn":{"type":"identity","assignment":"assignee","id":"Task_0hcssxn"}},"templates":{"tasks":{},"default":{}}}}}