{"id":"process-276a5ec4-23e1-4b40-9dd6-44eb8dbf89e6","type":"PROCESS","name":"nonint-start-message-event","extensions":{"Process_fhbr7kjh":{"constants":{},"mappings":{},"properties":{"fbdd0883-b308-4a75-a506-b888d00eb54c":{"id":"fbdd0883-b308-4a75-a506-b888d00eb54c","name":"correlationkey","type":"string","analytics":false,"required":false,"model":{"$ref":"#/$defs/primitive/string"},"value":"qatest2"}},"assignments":{"Task_0syi31u":{"type":"identity","assignment":"assignee","id":"Task_0syi31u"},"Task_0hcssxn":{"type":"identity","assignment":"assignee","id":"Task_0hcssxn"}},"templates":{"tasks":{},"default":{}}}}}