{"id":"process-9140e486-2dd3-462d-9ef2-c4fc562f3cd1","type":"PROCESS","name":"nonint-boundary-event","extensions":{"Process_KX9ehFYv":{"constants":{},"mappings":{"Task_13e1w74":{"outputs":{"nonint_boundary_var":{"type":"variable","value":"StringCorr"}}}},"properties":{"c4a43de4-a330-4bf8-ba9e-cc8a3aeac491":{"id":"c4a43de4-a330-4bf8-ba9e-cc8a3aeac491","name":"nonint_boundary_var","type":"string","analytics":false,"required":false,"model":{"$ref":"#/$defs/primitive/string"}}},"assignments":{"Task_13e1w74":{"type":"identity","assignment":"assignee","id":"Task_13e1w74"},"Task_1uocqvc":{"type":"identity","assignment":"assignee","id":"Task_1uocqvc"},"Task_1bglbf5":{"type":"identity","assignment":"assignee","id":"Task_1bglbf5"}},"templates":{"tasks":{},"default":{}}}}}