<?xml version="1.0" encoding="UTF-8"?>
<bpmn2:definitions xmlns="http://www.omg.org/spec/BPMN/20100524/MODEL" xmlns:bpmn2="http://www.omg.org/spec/BPMN/20100524/MODEL" xmlns:xsi="http://www.w3.org/2001/XMLSchema-instance" xmlns:xsd="http://www.w3.org/2001/XMLSchema" xmlns:activiti="http://activiti.org/bpmn" xmlns:bpmndi="http://www.omg.org/spec/BPMN/20100524/DI" xmlns:omgdc="http://www.omg.org/spec/DD/20100524/DC" xmlns:omgdi="http://www.omg.org/spec/DD/20100524/DI" typeLanguage="http://www.w3.org/2001/XMLSchema" expressionLanguage="http://www.w3.org/1999/XPath" targetNamespace="Message events tests" id="model-a779d539-3745-4735-963d-4d1b7fb8e858" name="nonint-boundary-event" xsi:schemaLocation="http://www.omg.org/spec/BPMN/20100524/MODEL BPMN20.xsd">
  <bpmn2:message id="Message_0gm6pnm" name="nonint-boundary-message"></bpmn2:message>
  <bpmn2:process id="Process_KX9ehFYv" name="nonint-boundary-event" isExecutable="true">
    <bpmn2:startEvent id="StartEvent_1">
      <bpmn2:outgoing>SequenceFlow_1q7naum</bpmn2:outgoing>
    </bpmn2:startEvent>
    <bpmn2:sequenceFlow id="SequenceFlow_1q7naum" sourceRef="StartEvent_1" targetRef="Task_13e1w74"></bpmn2:sequenceFlow>
    <bpmn2:sequenceFlow id="SequenceFlow_1r7obzz" sourceRef="Task_13e1w74" targetRef="Task_1bglbf5"></bpmn2:sequenceFlow>
    <bpmn2:sequenceFlow id="SequenceFlow_0xwjdqg" sourceRef="BoundaryEvent_0o06y96" targetRef="Task_1uocqvc"></bpmn2:sequenceFlow>
    <bpmn2:endEvent id="EndEvent_1y01ole">
      <bpmn2:incoming>SequenceFlow_0ncx2om</bpmn2:incoming>
    </bpmn2:endEvent>
    <bpmn2:sequenceFlow id="SequenceFlow_0ncx2om" sourceRef="Task_1uocqvc" targetRef="EndEvent_1y01ole"></bpmn2:sequenceFlow>
    <bpmn2:boundaryEvent id="BoundaryEvent_0o06y96" attachedToRef="Task_1bglbf5" cancelActivity="false">
      <bpmn2:outgoing>SequenceFlow_0xwjdqg</bpmn2:outgoing>
      <messageEventDefinition messageRef="Message_0gm6pnm" activiti:correlationKey="${nonint_boundary_var}"></messageEventDefinition>
    </bpmn2:boundaryEvent>
    <bpmn2:userTask id="Task_13e1w74" name="form-task" activiti:assignee="hruser" activiti:formKey="form-c6b42cdc-6b5d-44fb-840e-49a4a1f80c38">
      <bpmn2:incoming>SequenceFlow_1q7naum</bpmn2:incoming>
      <bpmn2:outgoing>SequenceFlow_1r7obzz</bpmn2:outgoing>
    </bpmn2:userTask>
    <bpmn2:userTask id="Task_1bglbf5" name="nonint-boundary-task" activiti:assignee="hruser">
      <bpmn2:incoming>SequenceFlow_1r7obzz</bpmn2:incoming>
      <bpmn2:outgoing>SequenceFlow_02nbtlt</bpmn2:outgoing>
    </bpmn2:userTask>
    <bpmn2:userTask id="Task_1uocqvc" name="final-task" activiti:assignee="hruser">
      <bpmn2:incoming>SequenceFlow_0xwjdqg</bpmn2:incoming>
      <bpmn2:outgoing>SequenceFlow_0ncx2om</bpmn2:outgoing>
    </bpmn2:userTask>
    <bpmn2:endEvent id="EndEvent_0zyv77g">
      <bpmn2:incoming>SequenceFlow_02nbtlt</bpmn2:incoming>
    </bpmn2:endEvent>
    <bpmn2:sequenceFlow id="SequenceFlow_02nbtlt" sourceRef="Task_1bglbf5" targetRef="EndEvent_0zyv77g"></bpmn2:sequenceFlow>
  </bpmn2:process>
  <bpmndi:BPMNDiagram id="BPMNDiagram_Process_KX9ehFYv">
    <bpmndi:BPMNPlane bpmnElement="Process_KX9ehFYv" id="BPMNPlane_Process_KX9ehFYv">
      <bpmndi:BPMNShape bpmnElement="StartEvent_1" id="BPMNShape_StartEvent_1">
        <omgdc:Bounds height="36.0" width="36.0" x="126.0" y="132.0"></omgdc:Bounds>
      </bpmndi:BPMNShape>
      <bpmndi:BPMNShape bpmnElement="EndEvent_1y01ole" id="BPMNShape_EndEvent_1y01ole">
        <omgdc:Bounds height="36.0" width="36.0" x="629.0" y="261.0"></omgdc:Bounds>
      </bpmndi:BPMNShape>
      <bpmndi:BPMNShape bpmnElement="BoundaryEvent_0o06y96" id="BPMNShape_BoundaryEvent_0o06y96">
        <omgdc:Bounds height="36.0" width="36.0" x="401.0" y="172.0"></omgdc:Bounds>
      </bpmndi:BPMNShape>
      <bpmndi:BPMNShape bpmnElement="Task_13e1w74" id="BPMNShape_Task_13e1w74">
        <omgdc:Bounds height="80.0" width="100.0" x="212.0" y="110.0"></omgdc:Bounds>
      </bpmndi:BPMNShape>
      <bpmndi:BPMNShape bpmnElement="Task_1bglbf5" id="BPMNShape_Task_1bglbf5">
        <omgdc:Bounds height="80.0" width="100.0" x="370.0" y="110.0"></omgdc:Bounds>
      </bpmndi:BPMNShape>
      <bpmndi:BPMNShape bpmnElement="Task_1uocqvc" id="BPMNShape_Task_1uocqvc">
        <omgdc:Bounds height="80.0" width="100.0" x="479.0" y="239.0"></omgdc:Bounds>
      </bpmndi:BPMNShape>
      <bpmndi:BPMNShape bpmnElement="EndEvent_0zyv77g" id="BPMNShape_EndEvent_0zyv77g">
        <omgdc:Bounds height="36.0" width="36.0" x="532.0" y="132.0"></omgdc:Bounds>
      </bpmndi:BPMNShape>
      <bpmndi:BPMNEdge bpmnElement="SequenceFlow_1q7naum" id="BPMNEdge_SequenceFlow_1q7naum">
        <omgdi:waypoint x="162.0" y="150.0"></omgdi:waypoint>
        <omgdi:waypoint x="212.0" y="150.0"></omgdi:waypoint>
      </bpmndi:BPMNEdge>
      <bpmndi:BPMNEdge bpmnElement="SequenceFlow_1r7obzz" id="BPMNEdge_SequenceFlow_1r7obzz">
        <omgdi:waypoint x="312.0" y="150.0"></omgdi:waypoint>
        <omgdi:waypoint x="370.0" y="150.0"></omgdi:waypoint>
      </bpmndi:BPMNEdge>
      <bpmndi:BPMNEdge bpmnElement="SequenceFlow_0xwjdqg" id="BPMNEdge_SequenceFlow_0xwjdqg">
        <omgdi:waypoint x="419.0" y="208.0"></omgdi:waypoint>
        <omgdi:waypoint x="419.0" y="279.0"></omgdi:waypoint>
        <omgdi:waypoint x="479.0" y="279.0"></omgdi:waypoint>
      </bpmndi:BPMNEdge>
      <bpmndi:BPMNEdge bpmnElement="SequenceFlow_0ncx2om" id="BPMNEdge_SequenceFlow_0ncx2om">
        <omgdi:waypoint x="579.0" y="279.0"></omgdi:waypoint>
        <omgdi:waypoint x="629.0" y="279.0"></omgdi:waypoint>
      </bpmndi:BPMNEdge>
      <bpmndi:BPMNEdge bpmnElement="SequenceFlow_02nbtlt" id="BPMNEdge_SequenceFlow_02nbtlt">
        <omgdi:waypoint x="470.0" y="150.0"></omgdi:waypoint>
        <omgdi:waypoint x="532.0" y="150.0"></omgdi:waypoint>
      </bpmndi:BPMNEdge>
    </bpmndi:BPMNPlane>
  </bpmndi:BPMNDiagram>
</bpmn2:definitions>