<?xml version="1.0" encoding="UTF-8"?>
<bpmn2:definitions xmlns="http://www.omg.org/spec/BPMN/20100524/MODEL" xmlns:bpmn2="http://www.omg.org/spec/BPMN/20100524/MODEL" xmlns:xsi="http://www.w3.org/2001/XMLSchema-instance" xmlns:xsd="http://www.w3.org/2001/XMLSchema" xmlns:activiti="http://activiti.org/bpmn" xmlns:bpmndi="http://www.omg.org/spec/BPMN/20100524/DI" xmlns:omgdc="http://www.omg.org/spec/DD/20100524/DC" xmlns:omgdi="http://www.omg.org/spec/DD/20100524/DI" xmlns:modeler="http://activiti.com/modeler" typeLanguage="http://www.w3.org/2001/XMLSchema" expressionLanguage="http://www.w3.org/1999/XPath" targetNamespace="DMN Forms" name="number-min-max" modeler:version="1.0en" modeler:exportDateTime="20190104135644777" modeler:modelId="1" modeler:modelVersion="2" modeler:modelLastUpdated="1546603000847">
  <bpmn2:process id="Process_processWithMinMax" name="number-min-max" isExecutable="true">
    <bpmn2:startEvent id="startEvent">
      <extensionElements>
        <modeler:editor-resource-id><![CDATA[startEvent1]]></modeler:editor-resource-id>
      </extensionElements>
      <bpmn2:outgoing>fromStartEventToTaskWithForm</bpmn2:outgoing>
    </bpmn2:startEvent>
    <bpmn2:userTask id="UserTask_taskWithForm" name="Task with form" activiti:assignee="hruser" activiti:formKey="form-55620b34-f173-4f0a-8c18-c553d7ba7dc3">
      <extensionElements>
        <modeler:allow-send-email><![CDATA[true]]></modeler:allow-send-email>
        <modeler:form-reference-id><![CDATA[1002]]></modeler:form-reference-id>
        <modeler:form-reference-name><![CDATA[amount-form]]></modeler:form-reference-name>
        <modeler:activiti-idm-initiator><![CDATA[true]]></modeler:activiti-idm-initiator>
        <modeler:editor-resource-id><![CDATA[taskWithForm]]></modeler:editor-resource-id>
      </extensionElements>
      <bpmn2:incoming>fromStartEventToTaskWithForm</bpmn2:incoming>
      <bpmn2:outgoing>fromTaskWithFormToEndEvent</bpmn2:outgoing>
    </bpmn2:userTask>
    <bpmn2:endEvent id="endEvent">
      <extensionElements>
        <modeler:editor-resource-id><![CDATA[endEvent]]></modeler:editor-resource-id>
      </extensionElements>
      <bpmn2:incoming>fromTaskWithFormToEndEvent</bpmn2:incoming>
    </bpmn2:endEvent>
    <bpmn2:sequenceFlow id="fromTaskWithFormToEndEvent" sourceRef="UserTask_taskWithForm" targetRef="endEvent">
      <extensionElements>
        <modeler:editor-resource-id><![CDATA[fromtaskWithFormToEndEvent]]></modeler:editor-resource-id>
      </extensionElements>
    </bpmn2:sequenceFlow>
    <bpmn2:sequenceFlow id="fromStartEventToTaskWithForm" sourceRef="startEvent" targetRef="UserTask_taskWithForm">
      <extensionElements>
        <modeler:editor-resource-id><![CDATA[fromStartEventToTaskWithForm]]></modeler:editor-resource-id>
      </extensionElements>
    </bpmn2:sequenceFlow>
  </bpmn2:process>
  <bpmndi:BPMNDiagram id="BPMNDiagram_Process_processWithMinMax">
    <bpmndi:BPMNPlane bpmnElement="Process_processWithMinMax" id="BPMNPlane_Process_processWithMinMax">
      <bpmndi:BPMNShape bpmnElement="startEvent" id="BPMNShape_startEvent">
        <omgdc:Bounds height="30.0" width="30.0" x="105.0" y="160.0"></omgdc:Bounds>
      </bpmndi:BPMNShape>
      <bpmndi:BPMNShape bpmnElement="UserTask_taskWithForm" id="BPMNShape_UserTask_taskWithForm">
        <omgdc:Bounds height="80.0" width="100.0" x="270.0" y="135.0"></omgdc:Bounds>
      </bpmndi:BPMNShape>
      <bpmndi:BPMNShape bpmnElement="endEvent" id="BPMNShape_endEvent">
        <omgdc:Bounds height="28.0" width="28.0" x="495.0" y="161.0"></omgdc:Bounds>
      </bpmndi:BPMNShape>
      <bpmndi:BPMNEdge bpmnElement="fromStartEventToTaskWithForm" id="BPMNEdge_fromStartEventToTaskWithForm">
        <omgdi:waypoint x="135.0" y="175.0"></omgdi:waypoint>
        <omgdi:waypoint x="270.0" y="175.0"></omgdi:waypoint>
      </bpmndi:BPMNEdge>
      <bpmndi:BPMNEdge bpmnElement="fromTaskWithFormToEndEvent" id="BPMNEdge_fromTaskWithFormToEndEvent">
        <omgdi:waypoint x="370.0" y="175.0"></omgdi:waypoint>
        <omgdi:waypoint x="495.0" y="175.0"></omgdi:waypoint>
      </bpmndi:BPMNEdge>
    </bpmndi:BPMNPlane>
  </bpmndi:BPMNDiagram>
</bpmn2:definitions>