{"id":"process-8f15af6b-1f55-474f-bb5d-6796a3bfdf3e","type":"PROCESS","name":"parent-all-input","extensions":{"Process_9u6LOqAO-":{"constants":{},"mappings":{"CallActivity_1r10yrk":{"mappingType":"MAP_ALL_INPUTS"}},"properties":{"12e6cfc3-04c1-403f-874b-ec2484aa509d":{"id":"12e6cfc3-04c1-403f-874b-ec2484aa509d","name":"variableOne","type":"string","analytics":false,"required":false,"model":{"$ref":"#/$defs/primitive/string"},"value":"initialOne"},"d594921d-51a8-4fab-8102-5c8ef24f8e5e":{"id":"d594921d-51a8-4fab-8102-5c8ef24f8e5e","name":"variableTwo","type":"string","analytics":false,"required":false,"model":{"$ref":"#/$defs/primitive/string"},"value":"initialTwo"}},"assignments":{"UserTask_0im2o95":{"type":"identity","assignment":"assignee","id":"UserTask_0im2o95"}},"templates":{"tasks":{},"default":{}}}}}