{"id":"process-2ad5f7c6-3561-4db7-9569-53867a1a7ad5","type":"PROCESS","name":"parent-all-output","extensions":{"Process_EYbN0Fk16":{"constants":{},"mappings":{"CallActivity_1yxq80r":{"mappingType":"MAP_ALL_OUTPUTS"}},"properties":{"a3cbe578-8a6e-4839-80f1-c28fccddc469":{"id":"a3cbe578-8a6e-4839-80f1-c28fccddc469","name":"variableOne","type":"string","analytics":false,"required":false,"model":{"$ref":"#/$defs/primitive/string"},"value":"initialOne"},"887050af-c494-4caf-a71b-d4d49c71b4c7":{"id":"887050af-c494-4caf-a71b-d4d49c71b4c7","name":"variableTwo","type":"string","analytics":false,"required":false,"model":{"$ref":"#/$defs/primitive/string"},"value":"initialTwo"}},"assignments":{},"templates":{"tasks":{},"default":{}}}}}