{"id":"process-52bd554e-6c8e-4d4a-b242-00b93551eb89","type":"PROCESS","name":"parent-all-input","extensions":{"Process_9u6LOqAO-":{"constants":{},"mappings":{},"properties":{"12e6cfc3-04c1-403f-874b-ec2484aa509d":{"id":"12e6cfc3-04c1-403f-874b-ec2484aa509d","name":"variableOne","type":"string","analytics":false,"required":false,"model":{"$ref":"#/$defs/primitive/string"},"value":"initialOne"},"d594921d-51a8-4fab-8102-5c8ef24f8e5e":{"id":"d594921d-51a8-4fab-8102-5c8ef24f8e5e","name":"variableTwo","type":"string","analytics":false,"required":false,"model":{"$ref":"#/$defs/primitive/string"},"value":"initialTwo"}},"assignments":{"UserTask_0im2o95":{"type":"identity","assignment":"assignee","id":"UserTask_0im2o95"}},"templates":{"tasks":{},"default":{}}}}}