{"id":"process-850294ef-cbe1-4a03-8089-afde29b4518f","type":"PROCESS","name":"parent-all-mapping","key":"parent-all-mapping","extensions":{"Process_Rvy9-Or_s":{"constants":{},"mappings":{"CallActivity_1s7ny4k":{"mappingType":"MAP_ALL"}},"properties":{"1be2eb63-fb72-4aaf-80f3-fcc06645c4af":{"id":"1be2eb63-fb72-4aaf-80f3-fcc06645c4af","name":"variableOne","type":"string","analytics":false,"required":false,"model":{"$ref":"#/$defs/primitive/string"},"value":"initialOne"},"4385799a-976c-4f80-955f-6374d3618740":{"id":"4385799a-976c-4f80-955f-6374d3618740","name":"variableTwo","type":"string","analytics":false,"required":false,"model":{"$ref":"#/$defs/primitive/string"},"value":"initialTwo"}},"assignments":{},"templates":{"tasks":{},"default":{}}}}}