<?xml version="1.0" encoding="UTF-8"?>
<bpmn2:definitions xmlns="http://www.omg.org/spec/BPMN/20100524/MODEL" xmlns:bpmn2="http://www.omg.org/spec/BPMN/20100524/MODEL" xmlns:xsi="http://www.w3.org/2001/XMLSchema-instance" xmlns:xsd="http://www.w3.org/2001/XMLSchema" xmlns:activiti="http://activiti.org/bpmn" xmlns:bpmndi="http://www.omg.org/spec/BPMN/20100524/DI" xmlns:omgdc="http://www.omg.org/spec/DD/20100524/DC" xmlns:omgdi="http://www.omg.org/spec/DD/20100524/DI" typeLanguage="http://www.w3.org/2001/XMLSchema" expressionLanguage="http://www.w3.org/1999/XPath" targetNamespace="DMN Call Activities" id="model-90b67afc-c87c-4bbf-874f-7e4d233adf2b" name="parent-all-mapping" xsi:schemaLocation="http://www.omg.org/spec/BPMN/20100524/MODEL BPMN20.xsd">
  <bpmn2:process id="Process_Rvy9-Or_s" name="parent-all-mapping" isExecutable="true">
    <bpmn2:startEvent id="Event_1">
      <bpmn2:outgoing>SequenceFlow_0oreasl</bpmn2:outgoing>
    </bpmn2:startEvent>
    <bpmn2:callActivity id="CallActivity_1s7ny4k" calledElement="Process_cSY0lG2eM">
      <bpmn2:incoming>SequenceFlow_0bctjry</bpmn2:incoming>
      <bpmn2:outgoing>SequenceFlow_0ix04m5</bpmn2:outgoing>
    </bpmn2:callActivity>
    <bpmn2:sequenceFlow id="SequenceFlow_0oreasl" sourceRef="Event_1" targetRef="UserTask_1sqli0e"></bpmn2:sequenceFlow>
    <bpmn2:userTask id="UserTask_0z374xl" activiti:assignee="hruser">
      <bpmn2:incoming>SequenceFlow_0ix04m5</bpmn2:incoming>
      <bpmn2:outgoing>SequenceFlow_0yeep8y</bpmn2:outgoing>
    </bpmn2:userTask>
    <bpmn2:sequenceFlow id="SequenceFlow_0ix04m5" sourceRef="CallActivity_1s7ny4k" targetRef="UserTask_0z374xl"></bpmn2:sequenceFlow>
    <bpmn2:endEvent id="EndEvent_01oaztc">
      <bpmn2:incoming>SequenceFlow_0yeep8y</bpmn2:incoming>
    </bpmn2:endEvent>
    <bpmn2:sequenceFlow id="SequenceFlow_0yeep8y" sourceRef="UserTask_0z374xl" targetRef="EndEvent_01oaztc"></bpmn2:sequenceFlow>
    <bpmn2:userTask id="UserTask_1sqli0e" name="user-task" activiti:assignee="hruser">
      <bpmn2:incoming>SequenceFlow_0oreasl</bpmn2:incoming>
      <bpmn2:outgoing>SequenceFlow_0bctjry</bpmn2:outgoing>
    </bpmn2:userTask>
    <bpmn2:sequenceFlow id="SequenceFlow_0bctjry" sourceRef="UserTask_1sqli0e" targetRef="CallActivity_1s7ny4k"></bpmn2:sequenceFlow>
  </bpmn2:process>
  <bpmndi:BPMNDiagram id="BPMNDiagram_Process_Rvy9-Or_s">
    <bpmndi:BPMNPlane bpmnElement="Process_Rvy9-Or_s" id="BPMNPlane_Process_Rvy9-Or_s">
      <bpmndi:BPMNShape bpmnElement="Event_1" id="BPMNShape_Event_1">
        <omgdc:Bounds height="36.0" width="36.0" x="282.0" y="242.0"></omgdc:Bounds>
      </bpmndi:BPMNShape>
      <bpmndi:BPMNShape bpmnElement="CallActivity_1s7ny4k" id="BPMNShape_CallActivity_1s7ny4k">
        <omgdc:Bounds height="80.0" width="100.0" x="520.0" y="218.0"></omgdc:Bounds>
      </bpmndi:BPMNShape>
      <bpmndi:BPMNShape bpmnElement="UserTask_0z374xl" id="BPMNShape_UserTask_0z374xl">
        <omgdc:Bounds height="80.0" width="100.0" x="690.0" y="218.0"></omgdc:Bounds>
      </bpmndi:BPMNShape>
      <bpmndi:BPMNShape bpmnElement="EndEvent_01oaztc" id="BPMNShape_EndEvent_01oaztc">
        <omgdc:Bounds height="36.0" width="36.0" x="862.0" y="240.0"></omgdc:Bounds>
      </bpmndi:BPMNShape>
      <bpmndi:BPMNShape bpmnElement="UserTask_1sqli0e" id="BPMNShape_UserTask_1sqli0e">
        <omgdc:Bounds height="80.0" width="100.0" x="370.0" y="218.0"></omgdc:Bounds>
      </bpmndi:BPMNShape>
      <bpmndi:BPMNEdge bpmnElement="SequenceFlow_0oreasl" id="BPMNEdge_SequenceFlow_0oreasl">
        <omgdi:waypoint x="318.0" y="260.0"></omgdi:waypoint>
        <omgdi:waypoint x="344.0" y="260.0"></omgdi:waypoint>
        <omgdi:waypoint x="344.0" y="258.0"></omgdi:waypoint>
        <omgdi:waypoint x="370.0" y="258.0"></omgdi:waypoint>
      </bpmndi:BPMNEdge>
      <bpmndi:BPMNEdge bpmnElement="SequenceFlow_0ix04m5" id="BPMNEdge_SequenceFlow_0ix04m5">
        <omgdi:waypoint x="620.0" y="258.0"></omgdi:waypoint>
        <omgdi:waypoint x="690.0" y="258.0"></omgdi:waypoint>
      </bpmndi:BPMNEdge>
      <bpmndi:BPMNEdge bpmnElement="SequenceFlow_0yeep8y" id="BPMNEdge_SequenceFlow_0yeep8y">
        <omgdi:waypoint x="790.0" y="258.0"></omgdi:waypoint>
        <omgdi:waypoint x="862.0" y="258.0"></omgdi:waypoint>
      </bpmndi:BPMNEdge>
      <bpmndi:BPMNEdge bpmnElement="SequenceFlow_0bctjry" id="BPMNEdge_SequenceFlow_0bctjry">
        <omgdi:waypoint x="470.0" y="259.0"></omgdi:waypoint>
        <omgdi:waypoint x="520.0" y="259.0"></omgdi:waypoint>
      </bpmndi:BPMNEdge>
    </bpmndi:BPMNPlane>
  </bpmndi:BPMNDiagram>
</bpmn2:definitions>