{"id":"process-eafd7909-9dd1-4344-8b5e-daab2410d382","type":"PROCESS","name":"parent-all-output","extensions":{"Process_EYbN0Fk16":{"constants":{},"mappings":{},"properties":{"a3cbe578-8a6e-4839-80f1-c28fccddc469":{"id":"a3cbe578-8a6e-4839-80f1-c28fccddc469","name":"variableOne","type":"string","analytics":false,"required":false,"model":{"$ref":"#/$defs/primitive/string"},"value":"initialOne"},"887050af-c494-4caf-a71b-d4d49c71b4c7":{"id":"887050af-c494-4caf-a71b-d4d49c71b4c7","name":"variableTwo","type":"string","analytics":false,"required":false,"model":{"$ref":"#/$defs/primitive/string"},"value":"initialTwo"}},"assignments":{},"templates":{"tasks":{},"default":{}}}}}