<?xml version="1.0" encoding="UTF-8"?>
<definitions xmlns="http://www.omg.org/spec/BPMN/20100524/MODEL" xmlns:xsi="http://www.w3.org/2001/XMLSchema-instance" xmlns:activiti="http://activiti.org/bpmn" xmlns:bpmndi="http://www.omg.org/spec/BPMN/20100524/DI" xmlns:omgdc="http://www.omg.org/spec/DD/20100524/DC" xmlns:omgdi="http://www.omg.org/spec/DD/20100524/DI" xmlns:xsd="http://www.w3.org/2001/XMLSchema" id="model-b3e254c1-0ba2-4743-9e60-2b0d1d8dd2f4" name="parent-all-input" targetNamespace="DMN Call Activities" xsi:schemaLocation="http://www.omg.org/spec/BPMN/20100524/MODEL BPMN20.xsd">
  <process id="Process_9u6LOqAO-" name="parent-all-input" isExecutable="true">
    <startEvent id="Event_1">
      <outgoing>SequenceFlow_04xbq9z</outgoing>
    </startEvent>
    <callActivity id="CallActivity_1r10yrk" calledElement="Process_B6amlaORP">
      <incoming>SequenceFlow_07728xh</incoming>
      <outgoing>SequenceFlow_1v98hge</outgoing>
    </callActivity>
    <sequenceFlow id="SequenceFlow_04xbq9z" sourceRef="Event_1" targetRef="UserTask_0im2o95" />
    <userTask id="UserTask_01p7e5n" activiti:assignee="hruser">
      <incoming>SequenceFlow_1v98hge</incoming>
      <outgoing>SequenceFlow_0vtgstn</outgoing>
    </userTask>
    <sequenceFlow id="SequenceFlow_1v98hge" sourceRef="CallActivity_1r10yrk" targetRef="UserTask_01p7e5n" />
    <endEvent id="EndEvent_00nxwnx">
      <incoming>SequenceFlow_0vtgstn</incoming>
    </endEvent>
    <sequenceFlow id="SequenceFlow_0vtgstn" sourceRef="UserTask_01p7e5n" targetRef="EndEvent_00nxwnx" />
    <userTask id="UserTask_0im2o95" name="user-task" activiti:assignee="hruser">
      <incoming>SequenceFlow_04xbq9z</incoming>
      <outgoing>SequenceFlow_07728xh</outgoing>
    </userTask>
    <sequenceFlow id="SequenceFlow_07728xh" sourceRef="UserTask_0im2o95" targetRef="CallActivity_1r10yrk" />
  </process>
  <bpmndi:BPMNDiagram id="BPMNDiagram_Process_9u6LOqAO-">
    <bpmndi:BPMNPlane id="BPMNPlane_Process_9u6LOqAO-" bpmnElement="Process_9u6LOqAO-">
      <bpmndi:BPMNShape id="BPMNShape_Event_1" bpmnElement="Event_1">
        <omgdc:Bounds x="182" y="242" width="36" height="36" />
      </bpmndi:BPMNShape>
      <bpmndi:BPMNShape id="BPMNShape_CallActivity_1r10yrk" bpmnElement="CallActivity_1r10yrk">
        <omgdc:Bounds x="490" y="218" width="100" height="80" />
      </bpmndi:BPMNShape>
      <bpmndi:BPMNShape id="BPMNShape_UserTask_01p7e5n" bpmnElement="UserTask_01p7e5n">
        <omgdc:Bounds x="670" y="218" width="100" height="80" />
      </bpmndi:BPMNShape>
      <bpmndi:BPMNShape id="BPMNShape_EndEvent_00nxwnx" bpmnElement="EndEvent_00nxwnx">
        <omgdc:Bounds x="852" y="240" width="36" height="36" />
      </bpmndi:BPMNShape>
      <bpmndi:BPMNShape id="BPMNShape_UserTask_0im2o95" bpmnElement="UserTask_0im2o95">
        <omgdc:Bounds x="270" y="218" width="100" height="80" />
      </bpmndi:BPMNShape>
      <bpmndi:BPMNEdge id="BPMNEdge_SequenceFlow_04xbq9z" bpmnElement="SequenceFlow_04xbq9z">
        <omgdi:waypoint x="218" y="260" />
        <omgdi:waypoint x="244" y="260" />
        <omgdi:waypoint x="244" y="258" />
        <omgdi:waypoint x="270" y="258" />
      </bpmndi:BPMNEdge>
      <bpmndi:BPMNEdge id="BPMNEdge_SequenceFlow_1v98hge" bpmnElement="SequenceFlow_1v98hge">
        <omgdi:waypoint x="590" y="258" />
        <omgdi:waypoint x="670" y="258" />
      </bpmndi:BPMNEdge>
      <bpmndi:BPMNEdge id="BPMNEdge_SequenceFlow_0vtgstn" bpmnElement="SequenceFlow_0vtgstn">
        <omgdi:waypoint x="770" y="258" />
        <omgdi:waypoint x="852" y="258" />
      </bpmndi:BPMNEdge>
      <bpmndi:BPMNEdge id="BPMNEdge_SequenceFlow_07728xh" bpmnElement="SequenceFlow_07728xh">
        <omgdi:waypoint x="370" y="258" />
        <omgdi:waypoint x="490" y="260" />
      </bpmndi:BPMNEdge>
    </bpmndi:BPMNPlane>
  </bpmndi:BPMNDiagram>
</definitions>
