<?xml version="1.0" encoding="UTF-8"?>
<bpmn2:definitions xmlns="http://www.omg.org/spec/BPMN/20100524/MODEL" xmlns:bpmn2="http://www.omg.org/spec/BPMN/20100524/MODEL" xmlns:xsi="http://www.w3.org/2001/XMLSchema-instance" xmlns:xsd="http://www.w3.org/2001/XMLSchema" xmlns:activiti="http://activiti.org/bpmn" xmlns:bpmndi="http://www.omg.org/spec/BPMN/20100524/DI" xmlns:omgdc="http://www.omg.org/spec/DD/20100524/DC" xmlns:omgdi="http://www.omg.org/spec/DD/20100524/DI" typeLanguage="http://www.w3.org/2001/XMLSchema" expressionLanguage="http://www.w3.org/1999/XPath" targetNamespace="DMN Call Activities" id="model-90daa0ce-35da-4898-9b62-d8c9a79b7e22" name="parent-all-output" xsi:schemaLocation="http://www.omg.org/spec/BPMN/20100524/MODEL BPMN20.xsd">
  <bpmn2:process id="Process_EYbN0Fk16" name="parent-all-output" isExecutable="true">
    <bpmn2:startEvent id="Event_1">
      <bpmn2:outgoing>SequenceFlow_12clhio</bpmn2:outgoing>
    </bpmn2:startEvent>
    <bpmn2:callActivity id="CallActivity_1yxq80r" calledElement="Process_B6amlaORP">
      <bpmn2:incoming>SequenceFlow_0fe4cw1</bpmn2:incoming>
      <bpmn2:outgoing>SequenceFlow_08gzu52</bpmn2:outgoing>
    </bpmn2:callActivity>
    <bpmn2:userTask id="UserTask_1lq1h03" activiti:assignee="hruser">
      <bpmn2:incoming>SequenceFlow_08gzu52</bpmn2:incoming>
      <bpmn2:outgoing>SequenceFlow_0zapfic</bpmn2:outgoing>
    </bpmn2:userTask>
    <bpmn2:endEvent id="EndEvent_0kesw44">
      <bpmn2:incoming>SequenceFlow_0zapfic</bpmn2:incoming>
    </bpmn2:endEvent>
    <bpmn2:sequenceFlow id="SequenceFlow_0zapfic" sourceRef="UserTask_1lq1h03" targetRef="EndEvent_0kesw44"></bpmn2:sequenceFlow>
    <bpmn2:sequenceFlow id="SequenceFlow_08gzu52" sourceRef="CallActivity_1yxq80r" targetRef="UserTask_1lq1h03"></bpmn2:sequenceFlow>
    <bpmn2:sequenceFlow id="SequenceFlow_12clhio" sourceRef="Event_1" targetRef="UserTask_15jnfjy"></bpmn2:sequenceFlow>
    <bpmn2:userTask id="UserTask_15jnfjy" name="user-task" activiti:assignee="hruser">
      <bpmn2:incoming>SequenceFlow_12clhio</bpmn2:incoming>
      <bpmn2:outgoing>SequenceFlow_0fe4cw1</bpmn2:outgoing>
    </bpmn2:userTask>
    <bpmn2:sequenceFlow id="SequenceFlow_0fe4cw1" sourceRef="UserTask_15jnfjy" targetRef="CallActivity_1yxq80r"></bpmn2:sequenceFlow>
  </bpmn2:process>
  <bpmndi:BPMNDiagram id="BPMNDiagram_Process_EYbN0Fk16">
    <bpmndi:BPMNPlane bpmnElement="Process_EYbN0Fk16" id="BPMNPlane_Process_EYbN0Fk16">
      <bpmndi:BPMNShape bpmnElement="Event_1" id="BPMNShape_Event_1">
        <omgdc:Bounds height="36.0" width="36.0" x="222.0" y="232.0"></omgdc:Bounds>
      </bpmndi:BPMNShape>
      <bpmndi:BPMNShape bpmnElement="CallActivity_1yxq80r" id="BPMNShape_CallActivity_1yxq80r">
        <omgdc:Bounds height="80.0" width="100.0" x="510.0" y="218.0"></omgdc:Bounds>
      </bpmndi:BPMNShape>
      <bpmndi:BPMNShape bpmnElement="UserTask_1lq1h03" id="BPMNShape_UserTask_1lq1h03">
        <omgdc:Bounds height="80.0" width="100.0" x="710.0" y="218.0"></omgdc:Bounds>
      </bpmndi:BPMNShape>
      <bpmndi:BPMNShape bpmnElement="EndEvent_0kesw44" id="BPMNShape_EndEvent_0kesw44">
        <omgdc:Bounds height="36.0" width="36.0" x="862.0" y="240.0"></omgdc:Bounds>
      </bpmndi:BPMNShape>
      <bpmndi:BPMNShape bpmnElement="UserTask_15jnfjy" id="BPMNShape_UserTask_15jnfjy">
        <omgdc:Bounds height="80.0" width="100.0" x="320.0" y="210.0"></omgdc:Bounds>
      </bpmndi:BPMNShape>
      <bpmndi:BPMNEdge bpmnElement="SequenceFlow_0zapfic" id="BPMNEdge_SequenceFlow_0zapfic">
        <omgdi:waypoint x="810.0" y="258.0"></omgdi:waypoint>
        <omgdi:waypoint x="862.0" y="258.0"></omgdi:waypoint>
      </bpmndi:BPMNEdge>
      <bpmndi:BPMNEdge bpmnElement="SequenceFlow_08gzu52" id="BPMNEdge_SequenceFlow_08gzu52">
        <omgdi:waypoint x="610.0" y="258.0"></omgdi:waypoint>
        <omgdi:waypoint x="710.0" y="258.0"></omgdi:waypoint>
      </bpmndi:BPMNEdge>
      <bpmndi:BPMNEdge bpmnElement="SequenceFlow_12clhio" id="BPMNEdge_SequenceFlow_12clhio">
        <omgdi:waypoint x="258.0" y="250.0"></omgdi:waypoint>
        <omgdi:waypoint x="320.0" y="250.0"></omgdi:waypoint>
      </bpmndi:BPMNEdge>
      <bpmndi:BPMNEdge bpmnElement="SequenceFlow_0fe4cw1" id="BPMNEdge_SequenceFlow_0fe4cw1">
        <omgdi:waypoint x="420.0" y="250.0"></omgdi:waypoint>
        <omgdi:waypoint x="510.0" y="250.0"></omgdi:waypoint>
      </bpmndi:BPMNEdge>
    </bpmndi:BPMNPlane>
  </bpmndi:BPMNDiagram>
</bpmn2:definitions>