<?xml version="1.0" encoding="UTF-8"?>
<bpmn2:definitions xmlns="http://www.omg.org/spec/BPMN/20100524/MODEL" xmlns:bpmn2="http://www.omg.org/spec/BPMN/20100524/MODEL" xmlns:xsi="http://www.w3.org/2001/XMLSchema-instance" xmlns:xsd="http://www.w3.org/2001/XMLSchema" xmlns:activiti="http://activiti.org/bpmn" xmlns:bpmndi="http://www.omg.org/spec/BPMN/20100524/DI" xmlns:omgdc="http://www.omg.org/spec/DD/20100524/DC" xmlns:omgdi="http://www.omg.org/spec/DD/20100524/DI" typeLanguage="http://www.w3.org/2001/XMLSchema" expressionLanguage="http://www.w3.org/1999/XPath" targetNamespace="DMN Call Activities" id="model-b3e254c1-0ba2-4743-9e60-2b0d1d8dd2f4" name="parent-all-input" xsi:schemaLocation="http://www.omg.org/spec/BPMN/20100524/MODEL BPMN20.xsd">
  <bpmn2:process id="Process_9u6LOqAO-" name="parent-all-input" isExecutable="true">
    <bpmn2:startEvent id="Event_1">
      <bpmn2:outgoing>SequenceFlow_04xbq9z</bpmn2:outgoing>
    </bpmn2:startEvent>
    <bpmn2:callActivity id="CallActivity_1r10yrk" calledElement="Process_B6amlaORP">
      <bpmn2:incoming>SequenceFlow_07728xh</bpmn2:incoming>
      <bpmn2:outgoing>SequenceFlow_1v98hge</bpmn2:outgoing>
    </bpmn2:callActivity>
    <bpmn2:sequenceFlow id="SequenceFlow_04xbq9z" sourceRef="Event_1" targetRef="UserTask_0im2o95"></bpmn2:sequenceFlow>
    <bpmn2:userTask id="UserTask_01p7e5n" activiti:assignee="hruser">
      <bpmn2:incoming>SequenceFlow_1v98hge</bpmn2:incoming>
      <bpmn2:outgoing>SequenceFlow_0vtgstn</bpmn2:outgoing>
    </bpmn2:userTask>
    <bpmn2:sequenceFlow id="SequenceFlow_1v98hge" sourceRef="CallActivity_1r10yrk" targetRef="UserTask_01p7e5n"></bpmn2:sequenceFlow>
    <bpmn2:endEvent id="EndEvent_00nxwnx">
      <bpmn2:incoming>SequenceFlow_0vtgstn</bpmn2:incoming>
    </bpmn2:endEvent>
    <bpmn2:sequenceFlow id="SequenceFlow_0vtgstn" sourceRef="UserTask_01p7e5n" targetRef="EndEvent_00nxwnx"></bpmn2:sequenceFlow>
    <bpmn2:userTask id="UserTask_0im2o95" name="user-task" activiti:assignee="hruser">
      <bpmn2:incoming>SequenceFlow_04xbq9z</bpmn2:incoming>
      <bpmn2:outgoing>SequenceFlow_07728xh</bpmn2:outgoing>
    </bpmn2:userTask>
    <bpmn2:sequenceFlow id="SequenceFlow_07728xh" sourceRef="UserTask_0im2o95" targetRef="CallActivity_1r10yrk"></bpmn2:sequenceFlow>
  </bpmn2:process>
  <bpmndi:BPMNDiagram id="BPMNDiagram_Process_9u6LOqAO-">
    <bpmndi:BPMNPlane bpmnElement="Process_9u6LOqAO-" id="BPMNPlane_Process_9u6LOqAO-">
      <bpmndi:BPMNShape bpmnElement="Event_1" id="BPMNShape_Event_1">
        <omgdc:Bounds height="36.0" width="36.0" x="182.0" y="242.0"></omgdc:Bounds>
      </bpmndi:BPMNShape>
      <bpmndi:BPMNShape bpmnElement="CallActivity_1r10yrk" id="BPMNShape_CallActivity_1r10yrk">
        <omgdc:Bounds height="80.0" width="100.0" x="490.0" y="218.0"></omgdc:Bounds>
      </bpmndi:BPMNShape>
      <bpmndi:BPMNShape bpmnElement="UserTask_01p7e5n" id="BPMNShape_UserTask_01p7e5n">
        <omgdc:Bounds height="80.0" width="100.0" x="670.0" y="218.0"></omgdc:Bounds>
      </bpmndi:BPMNShape>
      <bpmndi:BPMNShape bpmnElement="EndEvent_00nxwnx" id="BPMNShape_EndEvent_00nxwnx">
        <omgdc:Bounds height="36.0" width="36.0" x="852.0" y="240.0"></omgdc:Bounds>
      </bpmndi:BPMNShape>
      <bpmndi:BPMNShape bpmnElement="UserTask_0im2o95" id="BPMNShape_UserTask_0im2o95">
        <omgdc:Bounds height="80.0" width="100.0" x="270.0" y="218.0"></omgdc:Bounds>
      </bpmndi:BPMNShape>
      <bpmndi:BPMNEdge bpmnElement="SequenceFlow_04xbq9z" id="BPMNEdge_SequenceFlow_04xbq9z">
        <omgdi:waypoint x="218.0" y="260.0"></omgdi:waypoint>
        <omgdi:waypoint x="244.0" y="260.0"></omgdi:waypoint>
        <omgdi:waypoint x="244.0" y="258.0"></omgdi:waypoint>
        <omgdi:waypoint x="270.0" y="258.0"></omgdi:waypoint>
      </bpmndi:BPMNEdge>
      <bpmndi:BPMNEdge bpmnElement="SequenceFlow_1v98hge" id="BPMNEdge_SequenceFlow_1v98hge">
        <omgdi:waypoint x="590.0" y="258.0"></omgdi:waypoint>
        <omgdi:waypoint x="670.0" y="258.0"></omgdi:waypoint>
      </bpmndi:BPMNEdge>
      <bpmndi:BPMNEdge bpmnElement="SequenceFlow_0vtgstn" id="BPMNEdge_SequenceFlow_0vtgstn">
        <omgdi:waypoint x="770.0" y="258.0"></omgdi:waypoint>
        <omgdi:waypoint x="852.0" y="258.0"></omgdi:waypoint>
      </bpmndi:BPMNEdge>
      <bpmndi:BPMNEdge bpmnElement="SequenceFlow_07728xh" id="BPMNEdge_SequenceFlow_07728xh">
        <omgdi:waypoint x="370.0" y="258.0"></omgdi:waypoint>
        <omgdi:waypoint x="490.0" y="260.0"></omgdi:waypoint>
      </bpmndi:BPMNEdge>
    </bpmndi:BPMNPlane>
  </bpmndi:BPMNDiagram>
</bpmn2:definitions>