{"id":"process-14a02596-fb2a-45c7-87ee-090399f5948e","type":"PROCESS","name":"parent-all-mapping","extensions":{"Process_Rvy9-Or_s":{"constants":{},"mappings":{},"properties":{"1be2eb63-fb72-4aaf-80f3-fcc06645c4af":{"id":"1be2eb63-fb72-4aaf-80f3-fcc06645c4af","name":"variableOne","type":"string","analytics":false,"required":false,"model":{"$ref":"#/$defs/primitive/string"},"value":"initialOne"},"4385799a-976c-4f80-955f-6374d3618740":{"id":"4385799a-976c-4f80-955f-6374d3618740","name":"variableTwo","type":"string","analytics":false,"required":false,"model":{"$ref":"#/$defs/primitive/string"},"value":"initialTwo"}},"assignments":{},"templates":{"tasks":{},"default":{}}}}}