{"id":"process-799a5d62-e5d6-4a44-ba70-f21e699439cc","type":"PROCESS","name":"pool-int-boundary-event","key":"pool-int-boundary-event","extensions":{"Process_QbJjbPP1":{"constants":{},"mappings":{"Task_0psfkyo":{"inputs":{"Text0e6xg3":{"type":"variable","value":"int_boundary_var"},"Text0rfn8p":{"type":"variable","value":"stringvar"}}},"StartEvent_1":{"outputs":{"mycorrelationkey":{"type":"variable","value":"correlationKey"}}}},"properties":{"32cd2a46-e919-41ce-8099-b1ce3133f74b":{"id":"32cd2a46-e919-41ce-8099-b1ce3133f74b","name":"int_boundary_var","type":"string","model":{"$ref":"#/$defs/primitive/string"},"required":false},"7433cf2e-1c49-434a-a444-7fd8b436ecc5":{"id":"7433cf2e-1c49-434a-a444-7fd8b436ecc5","name":"stringvar","type":"string","model":{"$ref":"#/$defs/primitive/string"},"required":false},"b9f2a92a-4438-443f-851b-040e5da94d0c":{"id":"b9f2a92a-4438-443f-851b-040e5da94d0c","name":"mycorrelationkey","type":"string","model":{"$ref":"#/$defs/primitive/string"},"required":false,"value":"test"}},"assignments":{},"templates":{"tasks":{},"default":{}}},"Process_0a58ql1":{"constants":{},"mappings":{"Task_0x06eh3":{"outputs":{"int_boundary_var":{"type":"variable","value":"Text0e6xg3"},"mycorrelationkey":{"type":"variable","value":"correlationKey"},"stringvar":{"type":"variable","value":"Text0rfn8p"}}}},"properties":{"68d55a6f-6e19-4257-9841-6582c40e2df8":{"id":"68d55a6f-6e19-4257-9841-6582c40e2df8","name":"int_boundary_var","type":"string","model":{"$ref":"#/$defs/primitive/string"},"required":false},"43719c0d-1e2a-446a-9ced-f39d15ff816f":{"id":"43719c0d-1e2a-446a-9ced-f39d15ff816f","name":"stringvar","type":"string","model":{"$ref":"#/$defs/primitive/string"},"required":false},"d943e11c-20a4-476e-ba93-1f14616b1db1":{"id":"d943e11c-20a4-476e-ba93-1f14616b1db1","name":"mycorrelationkey","type":"string","model":{"$ref":"#/$defs/primitive/string"},"required":false,"value":"test"}},"assignments":{},"templates":{"tasks":{},"default":{}}}}}