<?xml version="1.0" encoding="UTF-8"?>
<bpmn2:definitions xmlns="http://www.omg.org/spec/BPMN/20100524/MODEL" xmlns:bpmn2="http://www.omg.org/spec/BPMN/20100524/MODEL" xmlns:xsi="http://www.w3.org/2001/XMLSchema-instance" xmlns:xsd="http://www.w3.org/2001/XMLSchema" xmlns:activiti="http://activiti.org/bpmn" xmlns:bpmndi="http://www.omg.org/spec/BPMN/20100524/DI" xmlns:omgdc="http://www.omg.org/spec/DD/20100524/DC" xmlns:omgdi="http://www.omg.org/spec/DD/20100524/DI" xmlns:dc="http://www.omg.org/spec/DD/20100524/DC" xmlns:di="http://www.omg.org/spec/DD/20100524/DI" typeLanguage="http://www.w3.org/2001/XMLSchema" expressionLanguage="http://www.w3.org/1999/XPath" targetNamespace="DMN Call Activities" id="model-8c3a0bbf-67eb-4fe6-a000-baf74f0af772" name="parent-pool" xsi:schemaLocation="http://www.omg.org/spec/BPMN/20100524/MODEL BPMN20.xsd">
  <bpmn2:collaboration id="Collaboration">
    <bpmn2:participant id="Participant_1o0knls" name="simple-pool" processRef="Process_d_5HA8jh"></bpmn2:participant>
    <bpmn2:participant id="Participant_1trxlf3" name="expression-pool" processRef="Process_03yztxs"></bpmn2:participant>
  </bpmn2:collaboration>
  <bpmn2:process id="Process_d_5HA8jh" name="simple-pool" isExecutable="true">
    <bpmn2:sequenceFlow id="Flow_15cw07v" sourceRef="Event_1" targetRef="Activity_0r8kzi0"></bpmn2:sequenceFlow>
    <bpmn2:sequenceFlow id="Flow_1hmkydj" sourceRef="Activity_0r8kzi0" targetRef="Event_0m512lt"></bpmn2:sequenceFlow>
    <bpmn2:endEvent id="Event_0m512lt">
      <bpmn2:incoming>Flow_1hmkydj</bpmn2:incoming>
    </bpmn2:endEvent>
    <bpmn2:callActivity id="Activity_0r8kzi0" name="call simple process" calledElement="Process_uuTJCOFV" activiti:inheritBusinessKey="true">
      <bpmn2:incoming>Flow_15cw07v</bpmn2:incoming>
      <bpmn2:outgoing>Flow_1hmkydj</bpmn2:outgoing>
    </bpmn2:callActivity>
    <bpmn2:startEvent id="Event_1">
      <bpmn2:outgoing>Flow_15cw07v</bpmn2:outgoing>
    </bpmn2:startEvent>
  </bpmn2:process>
  <bpmn2:process id="Process_03yztxs" name="expression-pool" isExecutable="true">
    <bpmn2:sequenceFlow id="Flow_190c3lw" sourceRef="Event_14tpxn4" targetRef="Activity_1rmjwuq"></bpmn2:sequenceFlow>
    <bpmn2:sequenceFlow id="Flow_1t0wi9p" sourceRef="Activity_1rmjwuq" targetRef="Event_122omrm"></bpmn2:sequenceFlow>
    <bpmn2:endEvent id="Event_122omrm">
      <bpmn2:incoming>Flow_1t0wi9p</bpmn2:incoming>
    </bpmn2:endEvent>
    <bpmn2:callActivity id="Activity_1rmjwuq" name="call process in pool with expression" calledElement="${childProcessId}" activiti:inheritBusinessKey="true">
      <bpmn2:incoming>Flow_190c3lw</bpmn2:incoming>
      <bpmn2:outgoing>Flow_1t0wi9p</bpmn2:outgoing>
    </bpmn2:callActivity>
    <bpmn2:startEvent id="Event_14tpxn4">
      <bpmn2:outgoing>Flow_190c3lw</bpmn2:outgoing>
    </bpmn2:startEvent>
  </bpmn2:process>
  <bpmndi:BPMNDiagram id="BPMNDiagram_Collaboration">
    <bpmndi:BPMNPlane bpmnElement="Collaboration" id="BPMNPlane_Collaboration">
      <bpmndi:BPMNShape bpmnElement="Participant_1o0knls" id="BPMNShape_Participant_1o0knls">
        <omgdc:Bounds height="220.0" width="572.0" x="308.0" y="110.0"></omgdc:Bounds>
      </bpmndi:BPMNShape>
      <bpmndi:BPMNShape bpmnElement="Event_0m512lt" id="BPMNShape_Event_0m512lt">
        <omgdc:Bounds height="36.0" width="36.0" x="772.0" y="240.0"></omgdc:Bounds>
      </bpmndi:BPMNShape>
      <bpmndi:BPMNShape bpmnElement="Activity_0r8kzi0" id="BPMNShape_Activity_0r8kzi0">
        <omgdc:Bounds height="80.0" width="100.0" x="560.0" y="218.0"></omgdc:Bounds>
      </bpmndi:BPMNShape>
      <bpmndi:BPMNShape bpmnElement="Event_1" id="BPMNShape_Event_1">
        <omgdc:Bounds height="36.0" width="36.0" x="412.0" y="240.0"></omgdc:Bounds>
      </bpmndi:BPMNShape>
      <bpmndi:BPMNShape bpmnElement="Participant_1trxlf3" id="BPMNShape_Participant_1trxlf3">
        <omgdc:Bounds height="250.0" width="612.0" x="308.0" y="430.0"></omgdc:Bounds>
      </bpmndi:BPMNShape>
      <bpmndi:BPMNShape bpmnElement="Event_122omrm" id="BPMNShape_Event_122omrm">
        <omgdc:Bounds height="36.0" width="36.0" x="822.0" y="552.0"></omgdc:Bounds>
      </bpmndi:BPMNShape>
      <bpmndi:BPMNShape bpmnElement="Activity_1rmjwuq" id="BPMNShape_Activity_1rmjwuq">
        <omgdc:Bounds height="80.0" width="100.0" x="560.0" y="530.0"></omgdc:Bounds>
      </bpmndi:BPMNShape>
      <bpmndi:BPMNShape bpmnElement="Event_14tpxn4" id="BPMNShape_Event_14tpxn4">
        <omgdc:Bounds height="36.0" width="36.0" x="422.0" y="552.0"></omgdc:Bounds>
      </bpmndi:BPMNShape>
      <bpmndi:BPMNEdge bpmnElement="Flow_15cw07v" id="BPMNEdge_Flow_15cw07v">
        <omgdi:waypoint x="448.0" y="258.0"></omgdi:waypoint>
        <omgdi:waypoint x="560.0" y="258.0"></omgdi:waypoint>
      </bpmndi:BPMNEdge>
      <bpmndi:BPMNEdge bpmnElement="Flow_1hmkydj" id="BPMNEdge_Flow_1hmkydj">
        <omgdi:waypoint x="660.0" y="258.0"></omgdi:waypoint>
        <omgdi:waypoint x="772.0" y="258.0"></omgdi:waypoint>
      </bpmndi:BPMNEdge>
      <bpmndi:BPMNEdge bpmnElement="Flow_190c3lw" id="BPMNEdge_Flow_190c3lw">
        <omgdi:waypoint x="458.0" y="570.0"></omgdi:waypoint>
        <omgdi:waypoint x="560.0" y="570.0"></omgdi:waypoint>
      </bpmndi:BPMNEdge>
      <bpmndi:BPMNEdge bpmnElement="Flow_1t0wi9p" id="BPMNEdge_Flow_1t0wi9p">
        <omgdi:waypoint x="660.0" y="570.0"></omgdi:waypoint>
        <omgdi:waypoint x="822.0" y="570.0"></omgdi:waypoint>
      </bpmndi:BPMNEdge>
    </bpmndi:BPMNPlane>
  </bpmndi:BPMNDiagram>
</bpmn2:definitions>