{"id":"process-4d98ceb4-d45c-4d4f-aaa4-595d9739de54","type":"PROCESS","name":"parent-pool","key":"pool-3hxir","extensions":{"Process_d_5HA8jh":{"constants":{},"mappings":{"Activity_0r8kzi0":{"inputs":{"var1":{"type":"value","value":"parentValue1"}}}},"properties":{},"assignments":{}},"Process_03yztxs":{"constants":{},"mappings":{"Activity_1rmjwuq":{"mappingType":"MAP_ALL_INPUTS"}},"properties":{"3c5b3ace-7b21-4b9a-9902-e79db85b55c2":{"id":"3c5b3ace-7b21-4b9a-9902-e79db85b55c2","name":"childProcessId","type":"string","model":{"$ref":"#/$defs/primitive/string"},"required":false,"value":"Process_1by3vi7"},"7e2317ca-6d4c-4f4a-b113-158bc4c0689a":{"id":"7e2317ca-6d4c-4f4a-b113-158bc4c0689a","name":"var2","type":"string","model":{"$ref":"#/$defs/primitive/string"},"required":false,"value":"parentValue2"}},"assignments":{},"templates":{"tasks":{},"default":{}}}}}