<?xml version="1.0" encoding="UTF-8"?>
<bpmn2:definitions xmlns:bpmn2="http://www.omg.org/spec/BPMN/20100524/MODEL" xmlns:xsi="http://www.w3.org/2001/XMLSchema-instance" xmlns:activiti="http://activiti.org/bpmn" xmlns:bpmndi="http://www.omg.org/spec/BPMN/20100524/DI" xmlns:omgdc="http://www.omg.org/spec/DD/20100524/DC" xmlns:omgdi="http://www.omg.org/spec/DD/20100524/DI" xmlns:xsd="http://www.w3.org/2001/XMLSchema" id="model-04d1d3f1-1a87-4bc8-8908-5dc5065c5825" name="pool-intermed-messag-ev" targetNamespace="Pool Tests" xsi:schemaLocation="http://www.omg.org/spec/BPMN/20100524/MODEL BPMN20.xsd">
  <bpmn2:collaboration id="Collaboration">
    <bpmn2:participant id="Participant_14dt2mj" name="pool-interm-message-throw" processRef="Process_tW_Fwjqj" />
    <bpmn2:participant id="Participant_05lh96h" name="pool-interm-message-catch" processRef="Process_0f5sn37" />
  </bpmn2:collaboration>
  <bpmn2:message id="Message_053jyi1" name="pool-intermediate_message" />
  <bpmn2:process id="Process_tW_Fwjqj" name="pool-interm-message-throw" isExecutable="true">
    <bpmn2:startEvent id="Event_1" activiti:formKey="form-4e8736ce-bb24-4ec2-8176-e2ee250ab231">
      <bpmn2:outgoing>SequenceFlow_0rvasmg</bpmn2:outgoing>
    </bpmn2:startEvent>
    <bpmn2:sequenceFlow id="SequenceFlow_0rvasmg" sourceRef="Event_1" targetRef="Event_111dmsq" />
    <bpmn2:intermediateThrowEvent id="Event_111dmsq">
      <bpmn2:incoming>SequenceFlow_0rvasmg</bpmn2:incoming>
      <bpmn2:outgoing>SequenceFlow_0wq258f</bpmn2:outgoing>
      <bpmn2:messageEventDefinition messageRef="Message_053jyi1" activiti:correlationKey="${mycorrelationkey}" />
    </bpmn2:intermediateThrowEvent>
    <bpmn2:sequenceFlow id="SequenceFlow_0wq258f" sourceRef="Event_111dmsq" targetRef="Event_03n0rlu" />
    <bpmn2:endEvent id="Event_03n0rlu">
      <bpmn2:incoming>SequenceFlow_0wq258f</bpmn2:incoming>
    </bpmn2:endEvent>
  </bpmn2:process>
  <bpmn2:process id="Process_0f5sn37" name="pool-interm-message-catch" isExecutable="true">
    <bpmn2:startEvent id="Event_0yfpzkf" activiti:formKey="form-4e8736ce-bb24-4ec2-8176-e2ee250ab231">
      <bpmn2:outgoing>SequenceFlow_1hlpxql</bpmn2:outgoing>
    </bpmn2:startEvent>
    <bpmn2:endEvent id="Event_15hcy8u">
      <bpmn2:incoming>SequenceFlow_0hrhmlo</bpmn2:incoming>
    </bpmn2:endEvent>
    <bpmn2:intermediateCatchEvent id="Event_11qtp8u">
      <bpmn2:incoming>SequenceFlow_1hlpxql</bpmn2:incoming>
      <bpmn2:outgoing>SequenceFlow_0hrhmlo</bpmn2:outgoing>
      <bpmn2:messageEventDefinition messageRef="Message_053jyi1" activiti:correlationKey="${mycorrelationkey}" />
    </bpmn2:intermediateCatchEvent>
    <bpmn2:sequenceFlow id="SequenceFlow_1hlpxql" sourceRef="Event_0yfpzkf" targetRef="Event_11qtp8u" />
    <bpmn2:sequenceFlow id="SequenceFlow_0hrhmlo" sourceRef="Event_11qtp8u" targetRef="Event_15hcy8u" />
  </bpmn2:process>
  <bpmndi:BPMNDiagram id="BPMNDiagram_Collaboration">
    <bpmndi:BPMNPlane id="BPMNPlane_Collaboration" bpmnElement="Collaboration">
      <bpmndi:BPMNShape id="BPMNShape_Participant_14dt2mj" bpmnElement="Participant_14dt2mj" isHorizontal="true">
        <omgdc:Bounds x="330" y="170" width="588" height="188" />
      </bpmndi:BPMNShape>
      <bpmndi:BPMNShape id="BPMNShape_Event_1" bpmnElement="Event_1">
        <omgdc:Bounds x="392" y="240" width="36" height="36" />
      </bpmndi:BPMNShape>
      <bpmndi:BPMNShape id="BPMNShape_Event_111dmsq" bpmnElement="Event_111dmsq">
        <omgdc:Bounds x="622" y="240" width="36" height="36" />
      </bpmndi:BPMNShape>
      <bpmndi:BPMNShape id="BPMNShape_Event_03n0rlu" bpmnElement="Event_03n0rlu">
        <omgdc:Bounds x="842" y="240" width="36" height="36" />
      </bpmndi:BPMNShape>
      <bpmndi:BPMNEdge id="BPMNEdge_SequenceFlow_0rvasmg" bpmnElement="SequenceFlow_0rvasmg">
        <omgdi:waypoint x="428" y="258" />
        <omgdi:waypoint x="622" y="258" />
      </bpmndi:BPMNEdge>
      <bpmndi:BPMNEdge id="BPMNEdge_SequenceFlow_0wq258f" bpmnElement="SequenceFlow_0wq258f">
        <omgdi:waypoint x="658" y="258" />
        <omgdi:waypoint x="842" y="258" />
      </bpmndi:BPMNEdge>
      <bpmndi:BPMNShape id="BPMNShape_Participant_05lh96h" bpmnElement="Participant_05lh96h" isHorizontal="true">
        <omgdc:Bounds x="330" y="380" width="588" height="190" />
      </bpmndi:BPMNShape>
      <bpmndi:BPMNShape id="BPMNShape_Event_0yfpzkf" bpmnElement="Event_0yfpzkf">
        <omgdc:Bounds x="372" y="452" width="36" height="36" />
      </bpmndi:BPMNShape>
      <bpmndi:BPMNShape id="BPMNShape_Event_15hcy8u" bpmnElement="Event_15hcy8u">
        <omgdc:Bounds x="862" y="452" width="36" height="36" />
      </bpmndi:BPMNShape>
      <bpmndi:BPMNShape id="BPMNShape_Event_11qtp8u" bpmnElement="Event_11qtp8u">
        <omgdc:Bounds x="632" y="452" width="36" height="36" />
      </bpmndi:BPMNShape>
      <bpmndi:BPMNEdge id="BPMNEdge_SequenceFlow_1hlpxql" bpmnElement="SequenceFlow_1hlpxql">
        <omgdi:waypoint x="408" y="470" />
        <omgdi:waypoint x="632" y="470" />
      </bpmndi:BPMNEdge>
      <bpmndi:BPMNEdge id="BPMNEdge_SequenceFlow_0hrhmlo" bpmnElement="SequenceFlow_0hrhmlo">
        <omgdi:waypoint x="668" y="470" />
        <omgdi:waypoint x="862" y="470" />
      </bpmndi:BPMNEdge>
    </bpmndi:BPMNPlane>
  </bpmndi:BPMNDiagram>
</bpmn2:definitions>
