<?xml version="1.0" encoding="UTF-8"?>
<bpmn2:definitions xmlns:bpmn2="http://www.omg.org/spec/BPMN/20100524/MODEL" xmlns:xsi="http://www.w3.org/2001/XMLSchema-instance" xmlns:activiti="http://activiti.org/bpmn" xmlns:bpmndi="http://www.omg.org/spec/BPMN/20100524/DI" xmlns:omgdc="http://www.omg.org/spec/DD/20100524/DC" xmlns:omgdi="http://www.omg.org/spec/DD/20100524/DI" xmlns:xsd="http://www.w3.org/2001/XMLSchema" id="model-db2cd770-17a5-4581-9fb1-035b6e082d8c" name="pool-nonint-boundary-event" targetNamespace="Pool Tests" xsi:schemaLocation="http://www.omg.org/spec/BPMN/20100524/MODEL BPMN20.xsd">
  <bpmn2:collaboration id="Collaboration">
    <bpmn2:participant id="Participant_0pvkyl7" name="pool-nonint-boundary-catch" processRef="Process_TwTC0Dm1" />
    <bpmn2:participant id="Participant_1gzaumf" name="pool-nonint-boundary-throw" processRef="Process_1luu2q1" />
  </bpmn2:collaboration>
  <bpmn2:message id="Message_0ockgq1" name="pool-nonint-boundary" />
  <bpmn2:process id="Process_TwTC0Dm1" name="pool-nonint-boundary-catch" isExecutable="true">
    <bpmn2:userTask id="Task_0h86dkk" name="nonint-boundary-task" activiti:assignee="hruser">
      <bpmn2:incoming>SequenceFlow_10kjn9b</bpmn2:incoming>
      <bpmn2:outgoing>SequenceFlow_0rq6o44</bpmn2:outgoing>
    </bpmn2:userTask>
    <bpmn2:userTask id="Task_17j0c0h" name="finaltask" activiti:formKey="form-a8dba0d1-2b3a-4fb3-957d-34e73e012fdd" activiti:assignee="hruser">
      <bpmn2:incoming>SequenceFlow_11b1kcz</bpmn2:incoming>
      <bpmn2:outgoing>SequenceFlow_0lpkp7m</bpmn2:outgoing>
    </bpmn2:userTask>
    <bpmn2:endEvent id="Event_1wb1mma">
      <bpmn2:incoming>SequenceFlow_0lpkp7m</bpmn2:incoming>
    </bpmn2:endEvent>
    <bpmn2:startEvent id="Event_1" activiti:formKey="form-4e8736ce-bb24-4ec2-8176-e2ee250ab231">
      <bpmn2:outgoing>SequenceFlow_10kjn9b</bpmn2:outgoing>
    </bpmn2:startEvent>
    <bpmn2:endEvent id="EndEvent_1p8qxyk">
      <bpmn2:incoming>SequenceFlow_0rq6o44</bpmn2:incoming>
    </bpmn2:endEvent>
    <bpmn2:boundaryEvent id="Event_1r729aw" cancelActivity="false" attachedToRef="Task_0h86dkk">
      <bpmn2:outgoing>SequenceFlow_11b1kcz</bpmn2:outgoing>
      <bpmn2:messageEventDefinition messageRef="Message_0ockgq1" activiti:correlationKey="${mycorrelationkey}" />
    </bpmn2:boundaryEvent>
    <bpmn2:sequenceFlow id="SequenceFlow_0rq6o44" sourceRef="Task_0h86dkk" targetRef="EndEvent_1p8qxyk" />
    <bpmn2:sequenceFlow id="SequenceFlow_10kjn9b" sourceRef="Event_1" targetRef="Task_0h86dkk" />
    <bpmn2:sequenceFlow id="SequenceFlow_11b1kcz" sourceRef="Event_1r729aw" targetRef="Task_17j0c0h" />
    <bpmn2:sequenceFlow id="SequenceFlow_0lpkp7m" sourceRef="Task_17j0c0h" targetRef="Event_1wb1mma" />
  </bpmn2:process>
  <bpmn2:process id="Process_1luu2q1" name="pool-nonint-boundary-throw" isExecutable="true">
    <bpmn2:startEvent id="Event_0r4z3mc">
      <bpmn2:outgoing>SequenceFlow_0jt08f8</bpmn2:outgoing>
    </bpmn2:startEvent>
    <bpmn2:sequenceFlow id="SequenceFlow_0jt08f8" sourceRef="Event_0r4z3mc" targetRef="Task_0bmy5qn" />
    <bpmn2:userTask id="Task_0bmy5qn" name="throwtask" activiti:formKey="form-a8dba0d1-2b3a-4fb3-957d-34e73e012fdd" activiti:assignee="hruser">
      <bpmn2:incoming>SequenceFlow_0jt08f8</bpmn2:incoming>
      <bpmn2:outgoing>SequenceFlow_1070wfd</bpmn2:outgoing>
    </bpmn2:userTask>
    <bpmn2:sequenceFlow id="SequenceFlow_1070wfd" sourceRef="Task_0bmy5qn" targetRef="Event_0clejl4" />
    <bpmn2:endEvent id="Event_0clejl4">
      <bpmn2:incoming>SequenceFlow_1070wfd</bpmn2:incoming>
      <bpmn2:messageEventDefinition messageRef="Message_0ockgq1" activiti:correlationKey="${mycorrelationkey}" />
    </bpmn2:endEvent>
  </bpmn2:process>
  <bpmndi:BPMNDiagram id="BPMNDiagram_Collaboration">
    <bpmndi:BPMNPlane id="BPMNPlane_Collaboration" bpmnElement="Collaboration">
      <bpmndi:BPMNShape id="BPMNShape_Participant_0pvkyl7" bpmnElement="Participant_0pvkyl7">
        <omgdc:Bounds x="151" y="150" width="730" height="240" />
      </bpmndi:BPMNShape>
      <bpmndi:BPMNShape id="BPMNShape_Task_0h86dkk" bpmnElement="Task_0h86dkk">
        <omgdc:Bounds x="451" y="170" width="100" height="80" />
      </bpmndi:BPMNShape>
      <bpmndi:BPMNShape id="BPMNShape_Task_17j0c0h" bpmnElement="Task_17j0c0h">
        <omgdc:Bounds x="621" y="290" width="100" height="80" />
      </bpmndi:BPMNShape>
      <bpmndi:BPMNShape id="BPMNShape_Event_1wb1mma" bpmnElement="Event_1wb1mma">
        <omgdc:Bounds x="823" y="312" width="36" height="36" />
      </bpmndi:BPMNShape>
      <bpmndi:BPMNShape id="BPMNShape_Event_1" bpmnElement="Event_1">
        <omgdc:Bounds x="333" y="192" width="36" height="36" />
      </bpmndi:BPMNShape>
      <bpmndi:BPMNShape id="BPMNShape_EndEvent_1p8qxyk" bpmnElement="EndEvent_1p8qxyk">
        <omgdc:Bounds x="633" y="192" width="36" height="36" />
      </bpmndi:BPMNShape>
      <bpmndi:BPMNShape id="BPMNShape_Event_1r729aw" bpmnElement="Event_1r729aw">
        <omgdc:Bounds x="483" y="232" width="36" height="36" />
      </bpmndi:BPMNShape>
      <bpmndi:BPMNEdge id="BPMNEdge_SequenceFlow_0rq6o44" bpmnElement="SequenceFlow_0rq6o44">
        <omgdi:waypoint x="551" y="210" />
        <omgdi:waypoint x="633" y="210" />
      </bpmndi:BPMNEdge>
      <bpmndi:BPMNEdge id="BPMNEdge_SequenceFlow_10kjn9b" bpmnElement="SequenceFlow_10kjn9b">
        <omgdi:waypoint x="369" y="210" />
        <omgdi:waypoint x="451" y="210" />
      </bpmndi:BPMNEdge>
      <bpmndi:BPMNEdge id="BPMNEdge_SequenceFlow_11b1kcz" bpmnElement="SequenceFlow_11b1kcz">
        <omgdi:waypoint x="501" y="268" />
        <omgdi:waypoint x="501" y="330" />
        <omgdi:waypoint x="621" y="330" />
      </bpmndi:BPMNEdge>
      <bpmndi:BPMNEdge id="BPMNEdge_SequenceFlow_0lpkp7m" bpmnElement="SequenceFlow_0lpkp7m">
        <omgdi:waypoint x="721" y="330" />
        <omgdi:waypoint x="823" y="330" />
      </bpmndi:BPMNEdge>
      <bpmndi:BPMNShape id="BPMNShape_Participant_1gzaumf" bpmnElement="Participant_1gzaumf">
        <omgdc:Bounds x="220" y="470" width="400" height="250" />
      </bpmndi:BPMNShape>
      <bpmndi:BPMNShape id="BPMNShape_Event_0r4z3mc" bpmnElement="Event_0r4z3mc">
        <omgdc:Bounds x="292" y="582" width="36" height="36" />
      </bpmndi:BPMNShape>
      <bpmndi:BPMNShape id="BPMNShape_Task_0bmy5qn" bpmnElement="Task_0bmy5qn">
        <omgdc:Bounds x="380" y="560" width="100" height="80" />
      </bpmndi:BPMNShape>
      <bpmndi:BPMNShape id="BPMNShape_Event_0clejl4" bpmnElement="Event_0clejl4">
        <omgdc:Bounds x="532" y="582" width="36" height="36" />
      </bpmndi:BPMNShape>
      <bpmndi:BPMNEdge id="BPMNEdge_SequenceFlow_0jt08f8" bpmnElement="SequenceFlow_0jt08f8">
        <omgdi:waypoint x="328" y="600" />
        <omgdi:waypoint x="380" y="600" />
      </bpmndi:BPMNEdge>
      <bpmndi:BPMNEdge id="BPMNEdge_SequenceFlow_1070wfd" bpmnElement="SequenceFlow_1070wfd">
        <omgdi:waypoint x="480" y="600" />
        <omgdi:waypoint x="532" y="600" />
      </bpmndi:BPMNEdge>
    </bpmndi:BPMNPlane>
  </bpmndi:BPMNDiagram>
</bpmn2:definitions>
