<?xml version="1.0" encoding="UTF-8"?>
<bpmn2:definitions xmlns:bpmn2="http://www.omg.org/spec/BPMN/20100524/MODEL" xmlns:xsi="http://www.w3.org/2001/XMLSchema-instance" xmlns:activiti="http://activiti.org/bpmn" xmlns:bpmndi="http://www.omg.org/spec/BPMN/20100524/DI" xmlns:dc="http://www.omg.org/spec/DD/20100524/DC" xmlns:di="http://www.omg.org/spec/DD/20100524/DI" xmlns:xsd="http://www.w3.org/2001/XMLSchema" id="model-8c3a0bbf-67eb-4fe6-a000-baf74f0af772" name="parent-pool" targetNamespace="DMN Call Activities" xsi:schemaLocation="http://www.omg.org/spec/BPMN/20100524/MODEL BPMN20.xsd">
  <bpmn2:collaboration id="Collaboration">
    <bpmn2:participant id="Participant_1o0knls" name="simple-pool" processRef="Process_d_5HA8jh" />
    <bpmn2:participant id="Participant_1trxlf3" name="expression-pool" processRef="Process_03yztxs" />
  </bpmn2:collaboration>
  <bpmn2:process id="Process_d_5HA8jh" name="simple-pool" isExecutable="true">
    <bpmn2:sequenceFlow id="Flow_15cw07v" sourceRef="Event_1" targetRef="Activity_0r8kzi0" />
    <bpmn2:sequenceFlow id="Flow_1hmkydj" sourceRef="Activity_0r8kzi0" targetRef="Event_0m512lt" />
    <bpmn2:endEvent id="Event_0m512lt">
      <bpmn2:incoming>Flow_1hmkydj</bpmn2:incoming>
    </bpmn2:endEvent>
    <bpmn2:callActivity id="Activity_0r8kzi0" name="call simple process" calledElement="Process_uuTJCOFV" activiti:inheritBusinessKey="true">
      <bpmn2:incoming>Flow_15cw07v</bpmn2:incoming>
      <bpmn2:outgoing>Flow_1hmkydj</bpmn2:outgoing>
    </bpmn2:callActivity>
    <bpmn2:startEvent id="Event_1">
      <bpmn2:outgoing>Flow_15cw07v</bpmn2:outgoing>
    </bpmn2:startEvent>
  </bpmn2:process>
  <bpmn2:process id="Process_03yztxs" name="expression-pool" isExecutable="true">
    <bpmn2:sequenceFlow id="Flow_190c3lw" sourceRef="Event_14tpxn4" targetRef="Activity_1rmjwuq" />
    <bpmn2:sequenceFlow id="Flow_1t0wi9p" sourceRef="Activity_1rmjwuq" targetRef="Event_122omrm" />
    <bpmn2:endEvent id="Event_122omrm">
      <bpmn2:incoming>Flow_1t0wi9p</bpmn2:incoming>
    </bpmn2:endEvent>
    <bpmn2:callActivity id="Activity_1rmjwuq" name="call process in pool with expression" calledElement="${childProcessId}" activiti:inheritBusinessKey="true">
      <bpmn2:incoming>Flow_190c3lw</bpmn2:incoming>
      <bpmn2:outgoing>Flow_1t0wi9p</bpmn2:outgoing>
    </bpmn2:callActivity>
    <bpmn2:startEvent id="Event_14tpxn4">
      <bpmn2:outgoing>Flow_190c3lw</bpmn2:outgoing>
    </bpmn2:startEvent>
  </bpmn2:process>
  <bpmndi:BPMNDiagram id="BPMNDiagram_Collaboration">
    <bpmndi:BPMNPlane id="BPMNPlane_Collaboration" bpmnElement="Collaboration">
      <bpmndi:BPMNShape id="BPMNShape_Participant_1o0knls" bpmnElement="Participant_1o0knls">
        <dc:Bounds x="308" y="110" width="572" height="220" />
      </bpmndi:BPMNShape>
      <bpmndi:BPMNShape id="BPMNShape_Event_0m512lt" bpmnElement="Event_0m512lt">
        <dc:Bounds x="772" y="240" width="36" height="36" />
      </bpmndi:BPMNShape>
      <bpmndi:BPMNShape id="BPMNShape_Activity_0r8kzi0" bpmnElement="Activity_0r8kzi0">
        <dc:Bounds x="560" y="218" width="100" height="80" />
      </bpmndi:BPMNShape>
      <bpmndi:BPMNShape id="BPMNShape_Event_1" bpmnElement="Event_1">
        <dc:Bounds x="412" y="240" width="36" height="36" />
      </bpmndi:BPMNShape>
      <bpmndi:BPMNEdge id="BPMNEdge_Flow_15cw07v" bpmnElement="Flow_15cw07v">
        <di:waypoint x="448" y="258" />
        <di:waypoint x="560" y="258" />
      </bpmndi:BPMNEdge>
      <bpmndi:BPMNEdge id="BPMNEdge_Flow_1hmkydj" bpmnElement="Flow_1hmkydj">
        <di:waypoint x="660" y="258" />
        <di:waypoint x="772" y="258" />
      </bpmndi:BPMNEdge>
      <bpmndi:BPMNShape id="BPMNShape_Participant_1trxlf3" bpmnElement="Participant_1trxlf3">
        <dc:Bounds x="308" y="430" width="612" height="250" />
      </bpmndi:BPMNShape>
      <bpmndi:BPMNShape id="BPMNShape_Event_122omrm" bpmnElement="Event_122omrm">
        <dc:Bounds x="822" y="552" width="36" height="36" />
      </bpmndi:BPMNShape>
      <bpmndi:BPMNShape id="BPMNShape_Activity_1rmjwuq" bpmnElement="Activity_1rmjwuq">
        <dc:Bounds x="560" y="530" width="100" height="80" />
      </bpmndi:BPMNShape>
      <bpmndi:BPMNShape id="BPMNShape_Event_14tpxn4" bpmnElement="Event_14tpxn4">
        <dc:Bounds x="422" y="552" width="36" height="36" />
      </bpmndi:BPMNShape>
      <bpmndi:BPMNEdge id="BPMNEdge_Flow_190c3lw" bpmnElement="Flow_190c3lw">
        <di:waypoint x="458" y="570" />
        <di:waypoint x="560" y="570" />
      </bpmndi:BPMNEdge>
      <bpmndi:BPMNEdge id="BPMNEdge_Flow_1t0wi9p" bpmnElement="Flow_1t0wi9p">
        <di:waypoint x="660" y="570" />
        <di:waypoint x="822" y="570" />
      </bpmndi:BPMNEdge>
    </bpmndi:BPMNPlane>
  </bpmndi:BPMNDiagram>
</bpmn2:definitions>
