<?xml version="1.0" encoding="UTF-8"?>
<bpmn2:definitions xmlns="http://www.omg.org/spec/BPMN/20100524/MODEL" xmlns:bpmn2="http://www.omg.org/spec/BPMN/20100524/MODEL" xmlns:xsi="http://www.w3.org/2001/XMLSchema-instance" xmlns:xsd="http://www.w3.org/2001/XMLSchema" xmlns:activiti="http://activiti.org/bpmn" xmlns:bpmndi="http://www.omg.org/spec/BPMN/20100524/DI" xmlns:omgdc="http://www.omg.org/spec/DD/20100524/DC" xmlns:omgdi="http://www.omg.org/spec/DD/20100524/DI" typeLanguage="http://www.w3.org/2001/XMLSchema" expressionLanguage="http://www.w3.org/1999/XPath" targetNamespace="DMN Forms" id="sample-diagram" name="process-empty-mapping" xsi:schemaLocation="http://www.omg.org/spec/BPMN/20100524/MODEL BPMN20.xsd">
  <bpmn2:process id="Process_processWithEmptyMapping" name="process-empty-mapping" isExecutable="true">
    <bpmn2:startEvent id="StartEvent_1">
      <bpmn2:outgoing>SequenceFlow_1tipf37</bpmn2:outgoing>
    </bpmn2:startEvent>
    <bpmn2:userTask id="UserTask_0s4mge1" name="task-empty-mapping" activiti:assignee="hruser" activiti:formKey="form-986a995d-0bc7-4211-bc05-6548d5c40648">
      <bpmn2:incoming>SequenceFlow_1tipf37</bpmn2:incoming>
      <bpmn2:outgoing>SequenceFlow_0xdik2h</bpmn2:outgoing>
    </bpmn2:userTask>
    <bpmn2:sequenceFlow id="SequenceFlow_1tipf37" sourceRef="StartEvent_1" targetRef="UserTask_0s4mge1"></bpmn2:sequenceFlow>
    <bpmn2:userTask id="UserTask_14xs2rj" activiti:assignee="hruser">
      <bpmn2:incoming>SequenceFlow_0xdik2h</bpmn2:incoming>
      <bpmn2:outgoing>SequenceFlow_1w2e7px</bpmn2:outgoing>
    </bpmn2:userTask>
    <bpmn2:sequenceFlow id="SequenceFlow_0xdik2h" sourceRef="UserTask_0s4mge1" targetRef="UserTask_14xs2rj"></bpmn2:sequenceFlow>
    <bpmn2:endEvent id="EndEvent_0btlqjx">
      <bpmn2:incoming>SequenceFlow_1w2e7px</bpmn2:incoming>
    </bpmn2:endEvent>
    <bpmn2:sequenceFlow id="SequenceFlow_1w2e7px" sourceRef="UserTask_14xs2rj" targetRef="EndEvent_0btlqjx"></bpmn2:sequenceFlow>
  </bpmn2:process>
  <bpmndi:BPMNDiagram id="BPMNDiagram_Process_processWithEmptyMapping">
    <bpmndi:BPMNPlane bpmnElement="Process_processWithEmptyMapping" id="BPMNPlane_Process_processWithEmptyMapping">
      <bpmndi:BPMNShape bpmnElement="StartEvent_1" id="BPMNShape_StartEvent_1">
        <omgdc:Bounds height="36.0" width="36.0" x="412.0" y="240.0"></omgdc:Bounds>
      </bpmndi:BPMNShape>
      <bpmndi:BPMNShape bpmnElement="UserTask_0s4mge1" id="BPMNShape_UserTask_0s4mge1">
        <omgdc:Bounds height="80.0" width="100.0" x="489.0" y="218.0"></omgdc:Bounds>
      </bpmndi:BPMNShape>
      <bpmndi:BPMNShape bpmnElement="UserTask_14xs2rj" id="BPMNShape_UserTask_14xs2rj">
        <omgdc:Bounds height="80.0" width="100.0" x="660.0" y="218.0"></omgdc:Bounds>
      </bpmndi:BPMNShape>
      <bpmndi:BPMNShape bpmnElement="EndEvent_0btlqjx" id="BPMNShape_EndEvent_0btlqjx">
        <omgdc:Bounds height="36.0" width="36.0" x="831.0" y="240.0"></omgdc:Bounds>
      </bpmndi:BPMNShape>
      <bpmndi:BPMNEdge bpmnElement="SequenceFlow_1tipf37" id="BPMNEdge_SequenceFlow_1tipf37">
        <omgdi:waypoint x="448.0" y="258.0"></omgdi:waypoint>
        <omgdi:waypoint x="489.0" y="258.0"></omgdi:waypoint>
      </bpmndi:BPMNEdge>
      <bpmndi:BPMNEdge bpmnElement="SequenceFlow_0xdik2h" id="BPMNEdge_SequenceFlow_0xdik2h">
        <omgdi:waypoint x="589.0" y="258.0"></omgdi:waypoint>
        <omgdi:waypoint x="660.0" y="258.0"></omgdi:waypoint>
      </bpmndi:BPMNEdge>
      <bpmndi:BPMNEdge bpmnElement="SequenceFlow_1w2e7px" id="BPMNEdge_SequenceFlow_1w2e7px">
        <omgdi:waypoint x="760.0" y="258.0"></omgdi:waypoint>
        <omgdi:waypoint x="831.0" y="258.0"></omgdi:waypoint>
      </bpmndi:BPMNEdge>
    </bpmndi:BPMNPlane>
  </bpmndi:BPMNDiagram>
</bpmn2:definitions>