{"id":"process-a4cc3ee7-acf8-4abb-9fc9-b8871464c09c","type":"PROCESS","name":"process-empty-mapping","extensions":{"Process_processWithEmptyMapping":{"constants":{},"mappings":{},"properties":{"5f4db87b-a836-4548-83af-7210c8f86363":{"id":"5f4db87b-a836-4548-83af-7210c8f86363","name":"varOne","type":"string","analytics":false,"required":false,"model":{"$ref":"#/$defs/primitive/string"},"value":"one"},"e3188faa-058e-4f0b-b784-4466af10f3bd":{"id":"e3188faa-058e-4f0b-b784-4466af10f3bd","name":"varTwo","type":"string","analytics":false,"required":false,"model":{"$ref":"#/$defs/primitive/string"},"value":"two"}},"assignments":{},"templates":{"tasks":{},"default":{}}}}}