<?xml version="1.0" encoding="UTF-8"?>
<definitions xmlns="http://www.omg.org/spec/BPMN/20100524/MODEL" xmlns:xsi="http://www.w3.org/2001/XMLSchema-instance" xmlns:activiti="http://activiti.org/bpmn" xmlns:bpmndi="http://www.omg.org/spec/BPMN/20100524/DI" xmlns:omgdc="http://www.omg.org/spec/DD/20100524/DC" xmlns:omgdi="http://www.omg.org/spec/DD/20100524/DI" xmlns:xsd="http://www.w3.org/2001/XMLSchema" id="sample-diagram" name="process-dmn-no-mappings" targetNamespace="DMN Decision Tables" xsi:schemaLocation="http://www.omg.org/spec/BPMN/20100524/MODEL BPMN20.xsd">
  <process id="Process_processWithDmnNoMapping" name="process-dmn-no-mappings" isExecutable="true">
    <startEvent id="StartEvent_1">
      <outgoing>SequenceFlow_0bixvmn</outgoing>
    </startEvent>
    <sequenceFlow id="SequenceFlow_0bixvmn" sourceRef="StartEvent_1" targetRef="UserTask_0scimw1" />
    <sequenceFlow id="SequenceFlow_1avvj4n" sourceRef="UserTask_0scimw1" targetRef="ServiceTask_13vnlg7" />
    <endEvent id="EndEvent_0k5qmfy">
      <incoming>SequenceFlow_0twaoyk</incoming>
    </endEvent>
    <sequenceFlow id="SequenceFlow_0twaoyk" sourceRef="UserTask_1wz7jgy" targetRef="EndEvent_0k5qmfy" />
    <serviceTask id="ServiceTask_13vnlg7" implementation="dmn-connector.EXECUTE_TABLE">
      <incoming>SequenceFlow_1avvj4n</incoming>
      <outgoing>SequenceFlow_11xkjb0</outgoing>
    </serviceTask>
    <sequenceFlow id="SequenceFlow_11xkjb0" sourceRef="ServiceTask_13vnlg7" targetRef="UserTask_1wz7jgy" />
    <userTask id="UserTask_0scimw1" name="user-task" activiti:assignee="hruser">
      <incoming>SequenceFlow_0bixvmn</incoming>
      <outgoing>SequenceFlow_1avvj4n</outgoing>
    </userTask>
    <userTask id="UserTask_1wz7jgy" activiti:assignee="hruser">
      <incoming>SequenceFlow_11xkjb0</incoming>
      <outgoing>SequenceFlow_0twaoyk</outgoing>
    </userTask>
  </process>
  <bpmndi:BPMNDiagram id="BPMNDiagram_Process_processWithDmnNoMapping">
    <bpmndi:BPMNPlane id="BPMNPlane_Process_processWithDmnNoMapping" bpmnElement="Process_processWithDmnNoMapping">
      <bpmndi:BPMNShape id="BPMNShape_StartEvent_1" bpmnElement="StartEvent_1">
        <omgdc:Bounds x="272" y="240" width="36" height="36" />
      </bpmndi:BPMNShape>
      <bpmndi:BPMNShape id="BPMNShape_EndEvent_0k5qmfy" bpmnElement="EndEvent_0k5qmfy">
        <omgdc:Bounds x="822" y="240" width="36" height="36" />
      </bpmndi:BPMNShape>
      <bpmndi:BPMNShape id="BPMNShape_ServiceTask_13vnlg7" bpmnElement="ServiceTask_13vnlg7">
        <omgdc:Bounds x="500" y="218" width="100" height="80" />
      </bpmndi:BPMNShape>
      <bpmndi:BPMNShape id="BPMNShape_UserTask_0scimw1" bpmnElement="UserTask_0scimw1">
        <omgdc:Bounds x="350" y="218" width="100" height="80" />
      </bpmndi:BPMNShape>
      <bpmndi:BPMNShape id="BPMNShape_UserTask_1wz7jgy" bpmnElement="UserTask_1wz7jgy">
        <omgdc:Bounds x="660" y="218" width="100" height="80" />
      </bpmndi:BPMNShape>
      <bpmndi:BPMNEdge id="BPMNEdge_SequenceFlow_0bixvmn" bpmnElement="SequenceFlow_0bixvmn">
        <omgdi:waypoint x="308" y="258" />
        <omgdi:waypoint x="350" y="258" />
      </bpmndi:BPMNEdge>
      <bpmndi:BPMNEdge id="BPMNEdge_SequenceFlow_1avvj4n" bpmnElement="SequenceFlow_1avvj4n">
        <omgdi:waypoint x="450" y="258" />
        <omgdi:waypoint x="500" y="258" />
      </bpmndi:BPMNEdge>
      <bpmndi:BPMNEdge id="BPMNEdge_SequenceFlow_0twaoyk" bpmnElement="SequenceFlow_0twaoyk">
        <omgdi:waypoint x="760" y="258" />
        <omgdi:waypoint x="822" y="258" />
      </bpmndi:BPMNEdge>
      <bpmndi:BPMNEdge id="BPMNEdge_SequenceFlow_11xkjb0" bpmnElement="SequenceFlow_11xkjb0">
        <omgdi:waypoint x="600" y="258" />
        <omgdi:waypoint x="660" y="258" />
      </bpmndi:BPMNEdge>
    </bpmndi:BPMNPlane>
  </bpmndi:BPMNDiagram>
</definitions>
