<?xml version="1.0" encoding="UTF-8"?>
<bpmn2:definitions xmlns="http://www.omg.org/spec/BPMN/20100524/MODEL" xmlns:bpmn2="http://www.omg.org/spec/BPMN/20100524/MODEL" xmlns:xsi="http://www.w3.org/2001/XMLSchema-instance" xmlns:xsd="http://www.w3.org/2001/XMLSchema" xmlns:activiti="http://activiti.org/bpmn" xmlns:bpmndi="http://www.omg.org/spec/BPMN/20100524/DI" xmlns:omgdc="http://www.omg.org/spec/DD/20100524/DC" xmlns:omgdi="http://www.omg.org/spec/DD/20100524/DI" typeLanguage="http://www.w3.org/2001/XMLSchema" expressionLanguage="http://www.w3.org/1999/XPath" targetNamespace="DMN Decision Tables" id="sample-diagram" name="process-dmn" xsi:schemaLocation="http://www.omg.org/spec/BPMN/20100524/MODEL BPMN20.xsd">
  <bpmn2:process id="Process_processWithDmn" name="process-dmn" isExecutable="true">
    <bpmn2:startEvent id="StartEvent_1">
      <bpmn2:outgoing>SequenceFlow_0as4hbz</bpmn2:outgoing>
    </bpmn2:startEvent>
    <bpmn2:userTask id="UserTask_07wwos4" name="user-task" activiti:assignee="hruser">
      <bpmn2:incoming>SequenceFlow_0as4hbz</bpmn2:incoming>
      <bpmn2:outgoing>SequenceFlow_0p63d8r</bpmn2:outgoing>
    </bpmn2:userTask>
    <bpmn2:sequenceFlow id="SequenceFlow_0as4hbz" sourceRef="StartEvent_1" targetRef="UserTask_07wwos4"></bpmn2:sequenceFlow>
    <bpmn2:sequenceFlow id="SequenceFlow_0p63d8r" sourceRef="UserTask_07wwos4" targetRef="ServiceTask_0hhfs9b"></bpmn2:sequenceFlow>
    <bpmn2:userTask id="UserTask_1ubjzfu" name="user-task-2" activiti:assignee="hruser">
      <bpmn2:incoming>SequenceFlow_007uae5</bpmn2:incoming>
      <bpmn2:outgoing>SequenceFlow_0hwaqwh</bpmn2:outgoing>
    </bpmn2:userTask>
    <bpmn2:serviceTask id="ServiceTask_0hhfs9b" name="service-task-dmn" implementation="dmn-connector.EXECUTE_TABLE">
      <bpmn2:incoming>SequenceFlow_0p63d8r</bpmn2:incoming>
      <bpmn2:outgoing>SequenceFlow_007uae5</bpmn2:outgoing>
    </bpmn2:serviceTask>
    <bpmn2:sequenceFlow id="SequenceFlow_007uae5" sourceRef="ServiceTask_0hhfs9b" targetRef="UserTask_1ubjzfu"></bpmn2:sequenceFlow>
    <bpmn2:endEvent id="EndEvent_1pgw8hu">
      <bpmn2:incoming>SequenceFlow_0hwaqwh</bpmn2:incoming>
    </bpmn2:endEvent>
    <bpmn2:sequenceFlow id="SequenceFlow_0hwaqwh" sourceRef="UserTask_1ubjzfu" targetRef="EndEvent_1pgw8hu"></bpmn2:sequenceFlow>
  </bpmn2:process>
  <bpmndi:BPMNDiagram id="BPMNDiagram_Process_processWithDmn">
    <bpmndi:BPMNPlane bpmnElement="Process_processWithDmn" id="BPMNPlane_Process_processWithDmn">
      <bpmndi:BPMNShape bpmnElement="StartEvent_1" id="BPMNShape_StartEvent_1">
        <omgdc:Bounds height="36.0" width="36.0" x="412.0" y="240.0"></omgdc:Bounds>
      </bpmndi:BPMNShape>
      <bpmndi:BPMNShape bpmnElement="UserTask_07wwos4" id="BPMNShape_UserTask_07wwos4">
        <omgdc:Bounds height="80.0" width="100.0" x="510.0" y="218.0"></omgdc:Bounds>
      </bpmndi:BPMNShape>
      <bpmndi:BPMNShape bpmnElement="UserTask_1ubjzfu" id="BPMNShape_UserTask_1ubjzfu">
        <omgdc:Bounds height="80.0" width="100.0" x="780.0" y="230.0"></omgdc:Bounds>
      </bpmndi:BPMNShape>
      <bpmndi:BPMNShape bpmnElement="ServiceTask_0hhfs9b" id="BPMNShape_ServiceTask_0hhfs9b">
        <omgdc:Bounds height="80.0" width="100.0" x="645.0" y="230.0"></omgdc:Bounds>
      </bpmndi:BPMNShape>
      <bpmndi:BPMNShape bpmnElement="EndEvent_1pgw8hu" id="BPMNShape_EndEvent_1pgw8hu">
        <omgdc:Bounds height="36.0" width="36.0" x="922.0" y="252.0"></omgdc:Bounds>
      </bpmndi:BPMNShape>
      <bpmndi:BPMNEdge bpmnElement="SequenceFlow_0as4hbz" id="BPMNEdge_SequenceFlow_0as4hbz">
        <omgdi:waypoint x="448.0" y="258.0"></omgdi:waypoint>
        <omgdi:waypoint x="510.0" y="258.0"></omgdi:waypoint>
      </bpmndi:BPMNEdge>
      <bpmndi:BPMNEdge bpmnElement="SequenceFlow_0p63d8r" id="BPMNEdge_SequenceFlow_0p63d8r">
        <omgdi:waypoint x="610.0" y="258.0"></omgdi:waypoint>
        <omgdi:waypoint x="628.0" y="258.0"></omgdi:waypoint>
        <omgdi:waypoint x="628.0" y="270.0"></omgdi:waypoint>
        <omgdi:waypoint x="645.0" y="270.0"></omgdi:waypoint>
      </bpmndi:BPMNEdge>
      <bpmndi:BPMNEdge bpmnElement="SequenceFlow_007uae5" id="BPMNEdge_SequenceFlow_007uae5">
        <omgdi:waypoint x="745.0" y="270.0"></omgdi:waypoint>
        <omgdi:waypoint x="780.0" y="270.0"></omgdi:waypoint>
      </bpmndi:BPMNEdge>
      <bpmndi:BPMNEdge bpmnElement="SequenceFlow_0hwaqwh" id="BPMNEdge_SequenceFlow_0hwaqwh">
        <omgdi:waypoint x="880.0" y="270.0"></omgdi:waypoint>
        <omgdi:waypoint x="922.0" y="270.0"></omgdi:waypoint>
      </bpmndi:BPMNEdge>
    </bpmndi:BPMNPlane>
  </bpmndi:BPMNDiagram>
</bpmn2:definitions>