<?xml version="1.0" encoding="UTF-8"?>
<bpmn2:definitions xmlns="http://www.omg.org/spec/BPMN/20100524/MODEL" xmlns:bpmn2="http://www.omg.org/spec/BPMN/20100524/MODEL" xmlns:xsi="http://www.w3.org/2001/XMLSchema-instance" xmlns:xsd="http://www.w3.org/2001/XMLSchema" xmlns:activiti="http://activiti.org/bpmn" xmlns:bpmndi="http://www.omg.org/spec/BPMN/20100524/DI" xmlns:omgdc="http://www.omg.org/spec/DD/20100524/DC" xmlns:omgdi="http://www.omg.org/spec/DD/20100524/DI" xmlns:dc="http://www.omg.org/spec/DD/20100524/DC" xmlns:di="http://www.omg.org/spec/DD/20100524/DI" typeLanguage="http://www.w3.org/2001/XMLSchema" expressionLanguage="http://www.w3.org/1999/XPath" targetNamespace="DMN Forms" id="model-fc7726f6-9336-4efe-9b98-dcbd937e8437" name="process-with-form" xsi:schemaLocation="http://www.omg.org/spec/BPMN/20100524/MODEL BPMN20.xsd">
  <bpmn2:process id="Process_S1elz7jV" name="process-with-form" isExecutable="true">
    <bpmn2:startEvent id="Event_1">
      <bpmn2:outgoing>SequenceFlow_1s4sz8k</bpmn2:outgoing>
    </bpmn2:startEvent>
    <bpmn2:sequenceFlow id="SequenceFlow_1s4sz8k" sourceRef="Event_1" targetRef="Task_12oumx7"></bpmn2:sequenceFlow>
    <bpmn2:sequenceFlow id="SequenceFlow_0r7noba" sourceRef="Task_12oumx7" targetRef="Task_0574ob0"></bpmn2:sequenceFlow>
    <bpmn2:endEvent id="EndEvent_1al4t2e">
      <bpmn2:incoming>SequenceFlow_1ax2eib</bpmn2:incoming>
    </bpmn2:endEvent>
    <bpmn2:sequenceFlow id="SequenceFlow_1ax2eib" sourceRef="Task_0574ob0" targetRef="EndEvent_1al4t2e"></bpmn2:sequenceFlow>
    <bpmn2:userTask id="Task_12oumx7" name="task-with-form" activiti:assignee="hruser" activiti:formKey="form-6710bcc4-c7f2-44b4-94fe-e514c7719796" activiti:priority="0">
      <bpmn2:incoming>SequenceFlow_1s4sz8k</bpmn2:incoming>
      <bpmn2:outgoing>SequenceFlow_0r7noba</bpmn2:outgoing>
    </bpmn2:userTask>
    <bpmn2:userTask id="Task_0574ob0" activiti:assignee="${initiator}" activiti:priority="0">
      <bpmn2:incoming>SequenceFlow_0r7noba</bpmn2:incoming>
      <bpmn2:outgoing>SequenceFlow_1ax2eib</bpmn2:outgoing>
    </bpmn2:userTask>
  </bpmn2:process>
  <bpmndi:BPMNDiagram id="BPMNDiagram_Process_S1elz7jV">
    <bpmndi:BPMNPlane bpmnElement="Process_S1elz7jV" id="BPMNPlane_Process_S1elz7jV">
      <bpmndi:BPMNShape bpmnElement="Event_1" id="BPMNShape_Event_1">
        <omgdc:Bounds height="36.0" width="36.0" x="412.0" y="240.0"></omgdc:Bounds>
      </bpmndi:BPMNShape>
      <bpmndi:BPMNShape bpmnElement="EndEvent_1al4t2e" id="BPMNShape_EndEvent_1al4t2e">
        <omgdc:Bounds height="36.0" width="36.0" x="822.0" y="240.0"></omgdc:Bounds>
      </bpmndi:BPMNShape>
      <bpmndi:BPMNShape bpmnElement="Task_12oumx7" id="BPMNShape_Task_12oumx7">
        <omgdc:Bounds height="80.0" width="100.0" x="500.0" y="218.0"></omgdc:Bounds>
      </bpmndi:BPMNShape>
      <bpmndi:BPMNShape bpmnElement="Task_0574ob0" id="BPMNShape_Task_0574ob0">
        <omgdc:Bounds height="80.0" width="100.0" x="660.0" y="218.0"></omgdc:Bounds>
      </bpmndi:BPMNShape>
      <bpmndi:BPMNEdge bpmnElement="SequenceFlow_1s4sz8k" id="BPMNEdge_SequenceFlow_1s4sz8k">
        <omgdi:waypoint x="448.0" y="258.0"></omgdi:waypoint>
        <omgdi:waypoint x="500.0" y="258.0"></omgdi:waypoint>
      </bpmndi:BPMNEdge>
      <bpmndi:BPMNEdge bpmnElement="SequenceFlow_0r7noba" id="BPMNEdge_SequenceFlow_0r7noba">
        <omgdi:waypoint x="600.0" y="258.0"></omgdi:waypoint>
        <omgdi:waypoint x="660.0" y="258.0"></omgdi:waypoint>
      </bpmndi:BPMNEdge>
      <bpmndi:BPMNEdge bpmnElement="SequenceFlow_1ax2eib" id="BPMNEdge_SequenceFlow_1ax2eib">
        <omgdi:waypoint x="760.0" y="258.0"></omgdi:waypoint>
        <omgdi:waypoint x="822.0" y="258.0"></omgdi:waypoint>
      </bpmndi:BPMNEdge>
    </bpmndi:BPMNPlane>
  </bpmndi:BPMNDiagram>
</bpmn2:definitions>