<?xml version="1.0" encoding="UTF-8"?>
<bpmn2:definitions xmlns="http://www.omg.org/spec/BPMN/20100524/MODEL" xmlns:bpmn2="http://www.omg.org/spec/BPMN/20100524/MODEL" xmlns:xsi="http://www.w3.org/2001/XMLSchema-instance" xmlns:xsd="http://www.w3.org/2001/XMLSchema" xmlns:activiti="http://activiti.org/bpmn" xmlns:bpmndi="http://www.omg.org/spec/BPMN/20100524/DI" xmlns:omgdc="http://www.omg.org/spec/DD/20100524/DC" xmlns:omgdi="http://www.omg.org/spec/DD/20100524/DI" typeLanguage="http://www.w3.org/2001/XMLSchema" expressionLanguage="http://www.w3.org/1999/XPath" targetNamespace="DMN Candidate User" id="model-b2fda589-df49-41e4-bef2-d24e9dc101cb" name="process-candidate-group" xsi:schemaLocation="http://www.omg.org/spec/BPMN/20100524/MODEL BPMN20.xsd">
  <bpmn2:process id="Process_zSmApKKFS" name="process-candidate-group" isExecutable="true">
    <bpmn2:startEvent id="Event_1">
      <bpmn2:outgoing>SequenceFlow_0yfo45f</bpmn2:outgoing>
    </bpmn2:startEvent>
    <bpmn2:userTask id="UserTask_0nb96c2" name="user-task" activiti:candidateUsers="hruser,salesuser" activiti:candidateGroups="sales">
      <bpmn2:incoming>SequenceFlow_0yfo45f</bpmn2:incoming>
      <bpmn2:outgoing>SequenceFlow_02lhq2w</bpmn2:outgoing>
    </bpmn2:userTask>
    <bpmn2:endEvent id="EndEvent_0wajttt">
      <bpmn2:incoming>SequenceFlow_02lhq2w</bpmn2:incoming>
    </bpmn2:endEvent>
    <bpmn2:sequenceFlow id="SequenceFlow_02lhq2w" sourceRef="UserTask_0nb96c2" targetRef="EndEvent_0wajttt"></bpmn2:sequenceFlow>
    <bpmn2:sequenceFlow id="SequenceFlow_0yfo45f" sourceRef="Event_1" targetRef="UserTask_0nb96c2"></bpmn2:sequenceFlow>
  </bpmn2:process>
  <bpmndi:BPMNDiagram id="BPMNDiagram_Process_zSmApKKFS">
    <bpmndi:BPMNPlane bpmnElement="Process_zSmApKKFS" id="BPMNPlane_Process_zSmApKKFS">
      <bpmndi:BPMNShape bpmnElement="Event_1" id="BPMNShape_Event_1">
        <omgdc:Bounds height="36.0" width="36.0" x="412.0" y="240.0"></omgdc:Bounds>
      </bpmndi:BPMNShape>
      <bpmndi:BPMNShape bpmnElement="UserTask_0nb96c2" id="BPMNShape_UserTask_0nb96c2">
        <omgdc:Bounds height="80.0" width="100.0" x="540.0" y="210.0"></omgdc:Bounds>
      </bpmndi:BPMNShape>
      <bpmndi:BPMNShape bpmnElement="EndEvent_0wajttt" id="BPMNShape_EndEvent_0wajttt">
        <omgdc:Bounds height="36.0" width="36.0" x="692.0" y="232.0"></omgdc:Bounds>
      </bpmndi:BPMNShape>
      <bpmndi:BPMNEdge bpmnElement="SequenceFlow_02lhq2w" id="BPMNEdge_SequenceFlow_02lhq2w">
        <omgdi:waypoint x="640.0" y="250.0"></omgdi:waypoint>
        <omgdi:waypoint x="692.0" y="250.0"></omgdi:waypoint>
      </bpmndi:BPMNEdge>
      <bpmndi:BPMNEdge bpmnElement="SequenceFlow_0yfo45f" id="BPMNEdge_SequenceFlow_0yfo45f">
        <omgdi:waypoint x="448.0" y="258.0"></omgdi:waypoint>
        <omgdi:waypoint x="494.0" y="258.0"></omgdi:waypoint>
        <omgdi:waypoint x="494.0" y="250.0"></omgdi:waypoint>
        <omgdi:waypoint x="540.0" y="250.0"></omgdi:waypoint>
      </bpmndi:BPMNEdge>
    </bpmndi:BPMNPlane>
  </bpmndi:BPMNDiagram>
</bpmn2:definitions>