{"id":"process-8f3d2644-4e6e-4333-8ae8-dd02562d9229","type":"PROCESS","name":"process-with-form","key":"process-with-form","extensions":{"Process_S1elz7jV":{"constants":{},"mappings":{"Task_12oumx7":{"inputs":{"Text1":{"type":"variable","value":"varTwo"},"Text2":{"type":"variable","value":"varOne"}},"outputs":{"varOne":{"type":"variable","value":"Text1"},"varTwo":{"type":"variable","value":"Text2"}}}},"properties":{"cf591836-0824-4e84-9687-45523f99d363":{"id":"cf591836-0824-4e84-9687-45523f99d363","name":"varOne","type":"string","analytics":false,"required":false,"model":{"$ref":"#/$defs/primitive/string"},"display":false,"value":"one"},"5dbab337-69d8-4962-a99f-9aeca3f4809d":{"id":"5dbab337-69d8-4962-a99f-9aeca3f4809d","name":"varTwo","type":"string","analytics":false,"required":false,"model":{"$ref":"#/$defs/primitive/string"},"value":"two"}},"assignments":{"Task_12oumx7":{"type":"identity","assignment":"assignee","id":"Task_12oumx7"}}}}}