<?xml version="1.0" encoding="UTF-8"?>
<bpmn2:definitions xmlns="http://www.omg.org/spec/BPMN/20100524/MODEL" xmlns:bpmn2="http://www.omg.org/spec/BPMN/20100524/MODEL" xmlns:xsi="http://www.w3.org/2001/XMLSchema-instance" xmlns:xsd="http://www.w3.org/2001/XMLSchema" xmlns:activiti="http://activiti.org/bpmn" xmlns:bpmndi="http://www.omg.org/spec/BPMN/20100524/DI" xmlns:omgdc="http://www.omg.org/spec/DD/20100524/DC" xmlns:omgdi="http://www.omg.org/spec/DD/20100524/DI" typeLanguage="http://www.w3.org/2001/XMLSchema" expressionLanguage="http://www.w3.org/1999/XPath" targetNamespace="DMN Decision Tables" id="sample-diagram" name="process-dmn-no-mappings" xsi:schemaLocation="http://www.omg.org/spec/BPMN/20100524/MODEL BPMN20.xsd">
  <bpmn2:process id="Process_processWithDmnNoMapping" name="process-dmn-no-mappings" isExecutable="true">
    <bpmn2:startEvent id="StartEvent_1">
      <bpmn2:outgoing>SequenceFlow_0bixvmn</bpmn2:outgoing>
    </bpmn2:startEvent>
    <bpmn2:sequenceFlow id="SequenceFlow_0bixvmn" sourceRef="StartEvent_1" targetRef="UserTask_0scimw1"></bpmn2:sequenceFlow>
    <bpmn2:sequenceFlow id="SequenceFlow_1avvj4n" sourceRef="UserTask_0scimw1" targetRef="ServiceTask_13vnlg7"></bpmn2:sequenceFlow>
    <bpmn2:endEvent id="EndEvent_0k5qmfy">
      <bpmn2:incoming>SequenceFlow_0twaoyk</bpmn2:incoming>
    </bpmn2:endEvent>
    <bpmn2:sequenceFlow id="SequenceFlow_0twaoyk" sourceRef="UserTask_1wz7jgy" targetRef="EndEvent_0k5qmfy"></bpmn2:sequenceFlow>
    <bpmn2:serviceTask id="ServiceTask_13vnlg7" implementation="dmn-connector.EXECUTE_TABLE">
      <bpmn2:incoming>SequenceFlow_1avvj4n</bpmn2:incoming>
      <bpmn2:outgoing>SequenceFlow_11xkjb0</bpmn2:outgoing>
    </bpmn2:serviceTask>
    <bpmn2:sequenceFlow id="SequenceFlow_11xkjb0" sourceRef="ServiceTask_13vnlg7" targetRef="UserTask_1wz7jgy"></bpmn2:sequenceFlow>
    <bpmn2:userTask id="UserTask_0scimw1" name="user-task" activiti:assignee="hruser">
      <bpmn2:incoming>SequenceFlow_0bixvmn</bpmn2:incoming>
      <bpmn2:outgoing>SequenceFlow_1avvj4n</bpmn2:outgoing>
    </bpmn2:userTask>
    <bpmn2:userTask id="UserTask_1wz7jgy" activiti:assignee="hruser">
      <bpmn2:incoming>SequenceFlow_11xkjb0</bpmn2:incoming>
      <bpmn2:outgoing>SequenceFlow_0twaoyk</bpmn2:outgoing>
    </bpmn2:userTask>
  </bpmn2:process>
  <bpmndi:BPMNDiagram id="BPMNDiagram_Process_processWithDmnNoMapping">
    <bpmndi:BPMNPlane bpmnElement="Process_processWithDmnNoMapping" id="BPMNPlane_Process_processWithDmnNoMapping">
      <bpmndi:BPMNShape bpmnElement="StartEvent_1" id="BPMNShape_StartEvent_1">
        <omgdc:Bounds height="36.0" width="36.0" x="272.0" y="240.0"></omgdc:Bounds>
      </bpmndi:BPMNShape>
      <bpmndi:BPMNShape bpmnElement="EndEvent_0k5qmfy" id="BPMNShape_EndEvent_0k5qmfy">
        <omgdc:Bounds height="36.0" width="36.0" x="822.0" y="240.0"></omgdc:Bounds>
      </bpmndi:BPMNShape>
      <bpmndi:BPMNShape bpmnElement="ServiceTask_13vnlg7" id="BPMNShape_ServiceTask_13vnlg7">
        <omgdc:Bounds height="80.0" width="100.0" x="500.0" y="218.0"></omgdc:Bounds>
      </bpmndi:BPMNShape>
      <bpmndi:BPMNShape bpmnElement="UserTask_0scimw1" id="BPMNShape_UserTask_0scimw1">
        <omgdc:Bounds height="80.0" width="100.0" x="350.0" y="218.0"></omgdc:Bounds>
      </bpmndi:BPMNShape>
      <bpmndi:BPMNShape bpmnElement="UserTask_1wz7jgy" id="BPMNShape_UserTask_1wz7jgy">
        <omgdc:Bounds height="80.0" width="100.0" x="660.0" y="218.0"></omgdc:Bounds>
      </bpmndi:BPMNShape>
      <bpmndi:BPMNEdge bpmnElement="SequenceFlow_0bixvmn" id="BPMNEdge_SequenceFlow_0bixvmn">
        <omgdi:waypoint x="308.0" y="258.0"></omgdi:waypoint>
        <omgdi:waypoint x="350.0" y="258.0"></omgdi:waypoint>
      </bpmndi:BPMNEdge>
      <bpmndi:BPMNEdge bpmnElement="SequenceFlow_1avvj4n" id="BPMNEdge_SequenceFlow_1avvj4n">
        <omgdi:waypoint x="450.0" y="258.0"></omgdi:waypoint>
        <omgdi:waypoint x="500.0" y="258.0"></omgdi:waypoint>
      </bpmndi:BPMNEdge>
      <bpmndi:BPMNEdge bpmnElement="SequenceFlow_0twaoyk" id="BPMNEdge_SequenceFlow_0twaoyk">
        <omgdi:waypoint x="760.0" y="258.0"></omgdi:waypoint>
        <omgdi:waypoint x="822.0" y="258.0"></omgdi:waypoint>
      </bpmndi:BPMNEdge>
      <bpmndi:BPMNEdge bpmnElement="SequenceFlow_11xkjb0" id="BPMNEdge_SequenceFlow_11xkjb0">
        <omgdi:waypoint x="600.0" y="258.0"></omgdi:waypoint>
        <omgdi:waypoint x="660.0" y="258.0"></omgdi:waypoint>
      </bpmndi:BPMNEdge>
    </bpmndi:BPMNPlane>
  </bpmndi:BPMNDiagram>
</bpmn2:definitions>