{"id":"process-efd0fa6a-25f1-473d-9fbe-9cff2f366033","type":"PROCESS","name":"process-empty-mapping","key":"process-empty-mapping","extensions":{"Process_processWithEmptyMapping":{"constants":{},"mappings":{},"properties":{"5f4db87b-a836-4548-83af-7210c8f86363":{"id":"5f4db87b-a836-4548-83af-7210c8f86363","name":"varOne","type":"string","analytics":false,"required":false,"model":{"$ref":"#/$defs/primitive/string"},"value":"one"},"e3188faa-058e-4f0b-b784-4466af10f3bd":{"id":"e3188faa-058e-4f0b-b784-4466af10f3bd","name":"varTwo","type":"string","analytics":false,"required":false,"model":{"$ref":"#/$defs/primitive/string"},"value":"two"}},"assignments":{},"templates":{"tasks":{},"default":{}}}}}