<?xml version="1.0" encoding="UTF-8"?>
<bpmn2:definitions xmlns="http://www.omg.org/spec/BPMN/20100524/MODEL" xmlns:bpmn2="http://www.omg.org/spec/BPMN/20100524/MODEL" xmlns:xsi="http://www.w3.org/2001/XMLSchema-instance" xmlns:xsd="http://www.w3.org/2001/XMLSchema" xmlns:activiti="http://activiti.org/bpmn" xmlns:bpmndi="http://www.omg.org/spec/BPMN/20100524/DI" xmlns:omgdc="http://www.omg.org/spec/DD/20100524/DC" xmlns:omgdi="http://www.omg.org/spec/DD/20100524/DI" typeLanguage="http://www.w3.org/2001/XMLSchema" expressionLanguage="http://www.w3.org/1999/XPath" targetNamespace="DMN Decision Tables" id="sample-diagram" name="process-dmn-empty-mappings" xsi:schemaLocation="http://www.omg.org/spec/BPMN/20100524/MODEL BPMN20.xsd">
  <bpmn2:process id="Process_processWithDmnWithMapping" name="process-dmn-empty-mappings" isExecutable="true">
    <bpmn2:startEvent id="StartEvent_1">
      <bpmn2:outgoing>SequenceFlow_1mifguk</bpmn2:outgoing>
    </bpmn2:startEvent>
    <bpmn2:sequenceFlow id="SequenceFlow_1mifguk" sourceRef="StartEvent_1" targetRef="UserTask_0argz48"></bpmn2:sequenceFlow>
    <bpmn2:sequenceFlow id="SequenceFlow_0hzpmfv" sourceRef="UserTask_0argz48" targetRef="ServiceTask_1be3s9t"></bpmn2:sequenceFlow>
    <bpmn2:endEvent id="EndEvent_1166587">
      <bpmn2:incoming>SequenceFlow_1knxqob</bpmn2:incoming>
    </bpmn2:endEvent>
    <bpmn2:sequenceFlow id="SequenceFlow_1knxqob" sourceRef="UserTask_0k67ho9" targetRef="EndEvent_1166587"></bpmn2:sequenceFlow>
    <bpmn2:serviceTask id="ServiceTask_1be3s9t" implementation="dmn-connector.EXECUTE_TABLE">
      <bpmn2:incoming>SequenceFlow_0hzpmfv</bpmn2:incoming>
      <bpmn2:outgoing>SequenceFlow_1gxp50z</bpmn2:outgoing>
    </bpmn2:serviceTask>
    <bpmn2:sequenceFlow id="SequenceFlow_1gxp50z" sourceRef="ServiceTask_1be3s9t" targetRef="UserTask_0k67ho9"></bpmn2:sequenceFlow>
    <bpmn2:userTask id="UserTask_0argz48" name="user-task" activiti:assignee="hruser">
      <bpmn2:incoming>SequenceFlow_1mifguk</bpmn2:incoming>
      <bpmn2:outgoing>SequenceFlow_0hzpmfv</bpmn2:outgoing>
    </bpmn2:userTask>
    <bpmn2:userTask id="UserTask_0k67ho9" activiti:assignee="hruser">
      <bpmn2:incoming>SequenceFlow_1gxp50z</bpmn2:incoming>
      <bpmn2:outgoing>SequenceFlow_1knxqob</bpmn2:outgoing>
    </bpmn2:userTask>
  </bpmn2:process>
  <bpmndi:BPMNDiagram id="BPMNDiagram_Process_processWithDmnWithMapping">
    <bpmndi:BPMNPlane bpmnElement="Process_processWithDmnWithMapping" id="BPMNPlane_Process_processWithDmnWithMapping">
      <bpmndi:BPMNShape bpmnElement="StartEvent_1" id="BPMNShape_StartEvent_1">
        <omgdc:Bounds height="36.0" width="36.0" x="262.0" y="240.0"></omgdc:Bounds>
      </bpmndi:BPMNShape>
      <bpmndi:BPMNShape bpmnElement="EndEvent_1166587" id="BPMNShape_EndEvent_1166587">
        <omgdc:Bounds height="36.0" width="36.0" x="682.0" y="240.0"></omgdc:Bounds>
      </bpmndi:BPMNShape>
      <bpmndi:BPMNShape bpmnElement="ServiceTask_1be3s9t" id="BPMNShape_ServiceTask_1be3s9t">
        <omgdc:Bounds height="80.0" width="100.0" x="440.0" y="218.0"></omgdc:Bounds>
      </bpmndi:BPMNShape>
      <bpmndi:BPMNShape bpmnElement="UserTask_0argz48" id="BPMNShape_UserTask_0argz48">
        <omgdc:Bounds height="80.0" width="100.0" x="320.0" y="218.0"></omgdc:Bounds>
      </bpmndi:BPMNShape>
      <bpmndi:BPMNShape bpmnElement="UserTask_0k67ho9" id="BPMNShape_UserTask_0k67ho9">
        <omgdc:Bounds height="80.0" width="100.0" x="560.0" y="218.0"></omgdc:Bounds>
      </bpmndi:BPMNShape>
      <bpmndi:BPMNEdge bpmnElement="SequenceFlow_1mifguk" id="BPMNEdge_SequenceFlow_1mifguk">
        <omgdi:waypoint x="298.0" y="258.0"></omgdi:waypoint>
        <omgdi:waypoint x="320.0" y="258.0"></omgdi:waypoint>
      </bpmndi:BPMNEdge>
      <bpmndi:BPMNEdge bpmnElement="SequenceFlow_0hzpmfv" id="BPMNEdge_SequenceFlow_0hzpmfv">
        <omgdi:waypoint x="420.0" y="258.0"></omgdi:waypoint>
        <omgdi:waypoint x="440.0" y="258.0"></omgdi:waypoint>
      </bpmndi:BPMNEdge>
      <bpmndi:BPMNEdge bpmnElement="SequenceFlow_1knxqob" id="BPMNEdge_SequenceFlow_1knxqob">
        <omgdi:waypoint x="660.0" y="258.0"></omgdi:waypoint>
        <omgdi:waypoint x="682.0" y="258.0"></omgdi:waypoint>
      </bpmndi:BPMNEdge>
      <bpmndi:BPMNEdge bpmnElement="SequenceFlow_1gxp50z" id="BPMNEdge_SequenceFlow_1gxp50z">
        <omgdi:waypoint x="540.0" y="258.0"></omgdi:waypoint>
        <omgdi:waypoint x="560.0" y="258.0"></omgdi:waypoint>
      </bpmndi:BPMNEdge>
    </bpmndi:BPMNPlane>
  </bpmndi:BPMNDiagram>
</bpmn2:definitions>