{"id":"process-0599262f-a800-4733-a505-bf5815dca77c","type":"PROCESS","name":"process-dmn","extensions":{"Process_processWithDmn":{"constants":{"ServiceTask_0hhfs9b":{"_activiti_dmn_table_":{"value":"grade"}}},"mappings":{"ServiceTask_0hhfs9b":{"outputs":{"grade":{"type":"variable","value":"Grade"}},"inputs":{"Bool":{"type":"variable","value":"bool"},"Date":{"type":"variable","value":"date"},"Score":{"type":"variable","value":"score"}}}},"properties":{"f98c7e4d-cdbb-41b6-9e0d-f511e3250ec3":{"id":"f98c7e4d-cdbb-41b6-9e0d-f511e3250ec3","name":"grade","type":"string","analytics":false,"required":false,"model":{"$ref":"#/$defs/primitive/string"},"value":"initialValue"},"2604e075-a639-4ad4-af67-8089dc4c74a1":{"id":"2604e075-a639-4ad4-af67-8089dc4c74a1","name":"score","type":"integer","analytics":false,"required":false,"model":{"$ref":"#/$defs/primitive/integer"}},"2c2de2f8-8ba1-4955-9a2f-92aa6aa8ed03":{"id":"2c2de2f8-8ba1-4955-9a2f-92aa6aa8ed03","name":"bool","type":"boolean","analytics":false,"required":false,"model":{"$ref":"#/$defs/primitive/boolean"}},"f11a1e0a-79d5-40dc-9327-8182bf63a465":{"id":"f11a1e0a-79d5-40dc-9327-8182bf63a465","name":"date","type":"date","analytics":false,"required":false,"model":{"$ref":"#/$defs/primitive/date"}}},"assignments":{},"templates":{"tasks":{},"default":{}}}}}