{"id":"process-bc73c314-c68f-4b4a-abdc-3cba60c7865e","type":"PROCESS","name":"notset-proc-with-def-value","key":"proc-g8j4k","extensions":{"Process_hjKMBks2":{"constants":{},"mappings":{},"properties":{"71bebff2-8594-4dde-a2bc-670bc1aacd3b":{"id":"71bebff2-8594-4dde-a2bc-670bc1aacd3b","name":"variableWithValue","type":"string","model":{"$ref":"#/$defs/primitive/string"},"required":false,"value":"defaultValue"}},"assignments":{"Activity_1135gcn":{"type":"identity","assignment":"assignee","id":"Activity_1135gcn"},"Activity_00jcthg":{"type":"identity","assignment":"assignee","id":"Activity_00jcthg"}}}}}