{"id":"process-0402d08c-92fe-4d7d-aa38-7959f3b68555","type":"PROCESS","name":"process-dmn-no-mappings","extensions":{"Process_processWithDmnNoMapping":{"constants":{"ServiceTask_13vnlg7":{"_activiti_dmn_table_":{"value":"grade"}}},"mappings":{"UserTask_0scimw1":{"mappingType":"MAP_ALL"},"ServiceTask_13vnlg7":{"mappingType":"MAP_ALL"},"UserTask_1wz7jgy":{"mappingType":"MAP_ALL"}},"properties":{"75697e79-474e-4b61-a810-400a8e64288a":{"id":"75697e79-474e-4b61-a810-400a8e64288a","name":"Grade","type":"string","analytics":false,"required":false,"model":{"$ref":"#/$defs/primitive/string"},"value":"initialValue"},"6d4f6308-5670-496a-b7aa-283569c9d9ed":{"id":"6d4f6308-5670-496a-b7aa-283569c9d9ed","name":"Score","type":"integer","analytics":false,"required":false,"model":{"$ref":"#/$defs/primitive/integer"},"value":51}},"assignments":{},"templates":{"tasks":{},"default":{}}}}}