{"id":"process-f324785f-f31e-47f4-9815-604f4582bce5","type":"PROCESS","name":"process-dmn-empty-mappings","extensions":{"Process_processWithDmnWithMapping":{"constants":{"ServiceTask_1be3s9t":{"_activiti_dmn_table_":{"value":"grade"}}},"mappings":{},"properties":{"2709c3ea-a6f7-4b1f-b125-536effb732ad":{"id":"2709c3ea-a6f7-4b1f-b125-536effb732ad","name":"grade","type":"string","analytics":false,"required":false,"model":{"$ref":"#/$defs/primitive/string"},"value":"initialValue"},"da92dc2f-b484-4d76-a631-6b2f15774232":{"id":"da92dc2f-b484-4d76-a631-6b2f15774232","name":"score","type":"integer","analytics":false,"required":false,"model":{"$ref":"#/$defs/primitive/integer"},"value":51}},"assignments":{},"templates":{"tasks":{},"default":{}}}}}