<?xml version="1.0" encoding="UTF-8"?>
<bpmn2:definitions xmlns="http://www.omg.org/spec/BPMN/20100524/MODEL" xmlns:bpmn2="http://www.omg.org/spec/BPMN/20100524/MODEL" xmlns:xsi="http://www.w3.org/2001/XMLSchema-instance" xmlns:xsd="http://www.w3.org/2001/XMLSchema" xmlns:activiti="http://activiti.org/bpmn" xmlns:bpmndi="http://www.omg.org/spec/BPMN/20100524/DI" xmlns:omgdc="http://www.omg.org/spec/DD/20100524/DC" xmlns:omgdi="http://www.omg.org/spec/DD/20100524/DI" typeLanguage="http://www.w3.org/2001/XMLSchema" expressionLanguage="http://www.w3.org/1999/XPath" targetNamespace="DMN Forms" id="sample-diagram" name="process-no-mapping" xsi:schemaLocation="http://www.omg.org/spec/BPMN/20100524/MODEL BPMN20.xsd">
  <bpmn2:process id="Process_processWithNoMapping" name="process-no-mapping" isExecutable="true">
    <bpmn2:startEvent id="StartEvent_1">
      <bpmn2:outgoing>SequenceFlow_1vvfzvy</bpmn2:outgoing>
    </bpmn2:startEvent>
    <bpmn2:userTask id="UserTask_1dgdcbq" name="task-with-form-with-no-mapping" activiti:assignee="hruser" activiti:formKey="form-81c8ccb6-c6c6-48d6-a270-ce2e38209689">
      <bpmn2:incoming>SequenceFlow_1vvfzvy</bpmn2:incoming>
      <bpmn2:outgoing>SequenceFlow_1tf8ctf</bpmn2:outgoing>
    </bpmn2:userTask>
    <bpmn2:sequenceFlow id="SequenceFlow_1vvfzvy" sourceRef="StartEvent_1" targetRef="UserTask_1dgdcbq"></bpmn2:sequenceFlow>
    <bpmn2:userTask id="UserTask_0pgvqx0" activiti:assignee="hruser">
      <bpmn2:incoming>SequenceFlow_1tf8ctf</bpmn2:incoming>
      <bpmn2:outgoing>SequenceFlow_0bpma3j</bpmn2:outgoing>
    </bpmn2:userTask>
    <bpmn2:sequenceFlow id="SequenceFlow_1tf8ctf" sourceRef="UserTask_1dgdcbq" targetRef="UserTask_0pgvqx0"></bpmn2:sequenceFlow>
    <bpmn2:endEvent id="EndEvent_0f6uxdu">
      <bpmn2:incoming>SequenceFlow_0bpma3j</bpmn2:incoming>
    </bpmn2:endEvent>
    <bpmn2:sequenceFlow id="SequenceFlow_0bpma3j" sourceRef="UserTask_0pgvqx0" targetRef="EndEvent_0f6uxdu"></bpmn2:sequenceFlow>
  </bpmn2:process>
  <bpmndi:BPMNDiagram id="BPMNDiagram_Process_processWithNoMapping">
    <bpmndi:BPMNPlane bpmnElement="Process_processWithNoMapping" id="BPMNPlane_Process_processWithNoMapping">
      <bpmndi:BPMNShape bpmnElement="StartEvent_1" id="BPMNShape_StartEvent_1">
        <omgdc:Bounds height="36.0" width="36.0" x="412.0" y="240.0"></omgdc:Bounds>
      </bpmndi:BPMNShape>
      <bpmndi:BPMNShape bpmnElement="UserTask_1dgdcbq" id="BPMNShape_UserTask_1dgdcbq">
        <omgdc:Bounds height="80.0" width="100.0" x="489.0" y="218.0"></omgdc:Bounds>
      </bpmndi:BPMNShape>
      <bpmndi:BPMNShape bpmnElement="UserTask_0pgvqx0" id="BPMNShape_UserTask_0pgvqx0">
        <omgdc:Bounds height="80.0" width="100.0" x="634.0" y="218.0"></omgdc:Bounds>
      </bpmndi:BPMNShape>
      <bpmndi:BPMNShape bpmnElement="EndEvent_0f6uxdu" id="BPMNShape_EndEvent_0f6uxdu">
        <omgdc:Bounds height="36.0" width="36.0" x="779.0" y="240.0"></omgdc:Bounds>
      </bpmndi:BPMNShape>
      <bpmndi:BPMNEdge bpmnElement="SequenceFlow_1vvfzvy" id="BPMNEdge_SequenceFlow_1vvfzvy">
        <omgdi:waypoint x="448.0" y="258.0"></omgdi:waypoint>
        <omgdi:waypoint x="489.0" y="258.0"></omgdi:waypoint>
      </bpmndi:BPMNEdge>
      <bpmndi:BPMNEdge bpmnElement="SequenceFlow_1tf8ctf" id="BPMNEdge_SequenceFlow_1tf8ctf">
        <omgdi:waypoint x="589.0" y="258.0"></omgdi:waypoint>
        <omgdi:waypoint x="634.0" y="258.0"></omgdi:waypoint>
      </bpmndi:BPMNEdge>
      <bpmndi:BPMNEdge bpmnElement="SequenceFlow_0bpma3j" id="BPMNEdge_SequenceFlow_0bpma3j">
        <omgdi:waypoint x="734.0" y="258.0"></omgdi:waypoint>
        <omgdi:waypoint x="779.0" y="258.0"></omgdi:waypoint>
      </bpmndi:BPMNEdge>
    </bpmndi:BPMNPlane>
  </bpmndi:BPMNDiagram>
</bpmn2:definitions>