{"id":"process-c67d617f-082f-4215-b84f-a321ce3ed17d","type":"PROCESS","name":"process-no-mapping","extensions":{"Process_processWithNoMapping":{"constants":{},"mappings":{"UserTask_1dgdcbq":{"mappingType":"MAP_ALL"},"UserTask_0pgvqx0":{"mappingType":"MAP_ALL"}},"properties":{"3d6d5464-f26b-4d09-a797-ccfe4ad67b01":{"id":"3d6d5464-f26b-4d09-a797-ccfe4ad67b01","name":"varOne","type":"string","analytics":false,"required":false,"model":{"$ref":"#/$defs/primitive/string"},"value":"one"},"991b8554-7a5a-477f-b58a-2fd30e81d4c2":{"id":"991b8554-7a5a-477f-b58a-2fd30e81d4c2","name":"varTwo","type":"string","analytics":false,"required":false,"model":{"$ref":"#/$defs/primitive/string"},"value":"two"}},"assignments":{},"templates":{"tasks":{},"default":{}}}}}