<?xml version="1.0" encoding="UTF-8"?>
<definitions xmlns="http://www.omg.org/spec/BPMN/20100524/MODEL" xmlns:xsi="http://www.w3.org/2001/XMLSchema-instance" xmlns:activiti="http://activiti.org/bpmn" xmlns:bpmndi="http://www.omg.org/spec/BPMN/20100524/DI" xmlns:omgdc="http://www.omg.org/spec/DD/20100524/DC" xmlns:omgdi="http://www.omg.org/spec/DD/20100524/DI" xmlns:xsd="http://www.w3.org/2001/XMLSchema" id="sample-diagram" name="process-dmn-empty-mappings" targetNamespace="DMN Decision Tables" xsi:schemaLocation="http://www.omg.org/spec/BPMN/20100524/MODEL BPMN20.xsd">
  <process id="Process_processWithDmnWithMapping" name="process-dmn-empty-mappings" isExecutable="true">
    <startEvent id="StartEvent_1">
      <outgoing>SequenceFlow_1mifguk</outgoing>
    </startEvent>
    <sequenceFlow id="SequenceFlow_1mifguk" sourceRef="StartEvent_1" targetRef="UserTask_0argz48" />
    <sequenceFlow id="SequenceFlow_0hzpmfv" sourceRef="UserTask_0argz48" targetRef="ServiceTask_1be3s9t" />
    <endEvent id="EndEvent_1166587">
      <incoming>SequenceFlow_1knxqob</incoming>
    </endEvent>
    <sequenceFlow id="SequenceFlow_1knxqob" sourceRef="UserTask_0k67ho9" targetRef="EndEvent_1166587" />
    <serviceTask id="ServiceTask_1be3s9t" implementation="dmn-connector.EXECUTE_TABLE">
      <incoming>SequenceFlow_0hzpmfv</incoming>
      <outgoing>SequenceFlow_1gxp50z</outgoing>
    </serviceTask>
    <sequenceFlow id="SequenceFlow_1gxp50z" sourceRef="ServiceTask_1be3s9t" targetRef="UserTask_0k67ho9" />
    <userTask id="UserTask_0argz48" name="user-task" activiti:assignee="hruser">
      <incoming>SequenceFlow_1mifguk</incoming>
      <outgoing>SequenceFlow_0hzpmfv</outgoing>
    </userTask>
    <userTask id="UserTask_0k67ho9" activiti:assignee="hruser">
      <incoming>SequenceFlow_1gxp50z</incoming>
      <outgoing>SequenceFlow_1knxqob</outgoing>
    </userTask>
  </process>
  <bpmndi:BPMNDiagram id="BPMNDiagram_Process_processWithDmnWithMapping">
    <bpmndi:BPMNPlane id="BPMNPlane_Process_processWithDmnWithMapping" bpmnElement="Process_processWithDmnWithMapping">
      <bpmndi:BPMNShape id="BPMNShape_StartEvent_1" bpmnElement="StartEvent_1">
        <omgdc:Bounds x="262" y="240" width="36" height="36" />
      </bpmndi:BPMNShape>
      <bpmndi:BPMNShape id="BPMNShape_EndEvent_1166587" bpmnElement="EndEvent_1166587">
        <omgdc:Bounds x="682" y="240" width="36" height="36" />
      </bpmndi:BPMNShape>
      <bpmndi:BPMNShape id="BPMNShape_ServiceTask_1be3s9t" bpmnElement="ServiceTask_1be3s9t">
        <omgdc:Bounds x="440" y="218" width="100" height="80" />
      </bpmndi:BPMNShape>
      <bpmndi:BPMNShape id="BPMNShape_UserTask_0argz48" bpmnElement="UserTask_0argz48">
        <omgdc:Bounds x="320" y="218" width="100" height="80" />
      </bpmndi:BPMNShape>
      <bpmndi:BPMNShape id="BPMNShape_UserTask_0k67ho9" bpmnElement="UserTask_0k67ho9">
        <omgdc:Bounds x="560" y="218" width="100" height="80" />
      </bpmndi:BPMNShape>
      <bpmndi:BPMNEdge id="BPMNEdge_SequenceFlow_1mifguk" bpmnElement="SequenceFlow_1mifguk">
        <omgdi:waypoint x="298" y="258" />
        <omgdi:waypoint x="320" y="258" />
      </bpmndi:BPMNEdge>
      <bpmndi:BPMNEdge id="BPMNEdge_SequenceFlow_0hzpmfv" bpmnElement="SequenceFlow_0hzpmfv">
        <omgdi:waypoint x="420" y="258" />
        <omgdi:waypoint x="440" y="258" />
      </bpmndi:BPMNEdge>
      <bpmndi:BPMNEdge id="BPMNEdge_SequenceFlow_1knxqob" bpmnElement="SequenceFlow_1knxqob">
        <omgdi:waypoint x="660" y="258" />
        <omgdi:waypoint x="682" y="258" />
      </bpmndi:BPMNEdge>
      <bpmndi:BPMNEdge id="BPMNEdge_SequenceFlow_1gxp50z" bpmnElement="SequenceFlow_1gxp50z">
        <omgdi:waypoint x="540" y="258" />
        <omgdi:waypoint x="560" y="258" />
      </bpmndi:BPMNEdge>
    </bpmndi:BPMNPlane>
  </bpmndi:BPMNDiagram>
</definitions>
