{"id":"process-755f6813-ce3c-44dd-a452-218ab9d4b0b7","type":"PROCESS","name":"script-node-process","key":"script-node-process","extensions":{"Process_QVRSj-92t":{"constants":{"ServiceTask_0sqpfkf":{"_activiti_script_":{"value":"create-node-dmn"}},"ServiceTask_1cwb6ee":{"_activiti_script_":{"value":"unset-error"}},"ServiceTask_1kole03":{"_activiti_script_":{"value":"set-error"}}},"mappings":{"ServiceTask_0sqpfkf":{"outputs":{"result":{"type":"variable","value":"output"}}},"ServiceTask_1cwb6ee":{"outputs":{"error":{"type":"variable","value":"error"}}},"ServiceTask_1kole03":{"outputs":{"error":{"type":"variable","value":"error"}}}},"properties":{"6fdaeaf7-78b3-4a1e-9103-5451d95624b2":{"id":"6fdaeaf7-78b3-4a1e-9103-5451d95624b2","name":"result","type":"json","analytics":false,"required":false,"model":{"$ref":"#/$defs/primitive/json"},"value":{}},"4fa84b71-514e-47ac-aa83-0c089e5392db":{"id":"4fa84b71-514e-47ac-aa83-0c089e5392db","name":"error","type":"string","analytics":false,"required":false,"model":{"$ref":"#/$defs/primitive/string"},"value":"initial"}},"assignments":{},"templates":{"tasks":{},"default":{}}}}}