<?xml version="1.0" encoding="UTF-8"?>
<bpmn2:definitions xmlns="http://www.omg.org/spec/BPMN/20100524/MODEL" xmlns:bpmn2="http://www.omg.org/spec/BPMN/20100524/MODEL" xmlns:xsi="http://www.w3.org/2001/XMLSchema-instance" xmlns:xsd="http://www.w3.org/2001/XMLSchema" xmlns:activiti="http://activiti.org/bpmn" xmlns:bpmndi="http://www.omg.org/spec/BPMN/20100524/DI" xmlns:omgdc="http://www.omg.org/spec/DD/20100524/DC" xmlns:omgdi="http://www.omg.org/spec/DD/20100524/DI" typeLanguage="http://www.w3.org/2001/XMLSchema" expressionLanguage="http://www.w3.org/1999/XPath" targetNamespace="DMN Scripts" id="model-f42ade52-759c-4b75-b6ff-5a606192f6c2" name="script-process" xsi:schemaLocation="http://www.omg.org/spec/BPMN/20100524/MODEL BPMN20.xsd">
  <bpmn2:process id="Process_tPcnLtc7F" name="script-process" isExecutable="true">
    <bpmn2:startEvent id="Event_1">
      <bpmn2:outgoing>SequenceFlow_1eupfhu</bpmn2:outgoing>
    </bpmn2:startEvent>
    <bpmn2:serviceTask id="ServiceTask_14fkouh" name="scriptTask" implementation="script.EXECUTE">
      <bpmn2:incoming>SequenceFlow_1eupfhu</bpmn2:incoming>
      <bpmn2:outgoing>SequenceFlow_04ly4nt</bpmn2:outgoing>
    </bpmn2:serviceTask>
    <bpmn2:sequenceFlow id="SequenceFlow_04ly4nt" sourceRef="ServiceTask_14fkouh" targetRef="UserTask_0yo77pt"></bpmn2:sequenceFlow>
    <bpmn2:userTask id="UserTask_0yo77pt" name="getVarsTask" activiti:assignee="hruser">
      <bpmn2:incoming>SequenceFlow_04ly4nt</bpmn2:incoming>
      <bpmn2:outgoing>SequenceFlow_0ijbm7f</bpmn2:outgoing>
    </bpmn2:userTask>
    <bpmn2:sequenceFlow id="SequenceFlow_1eupfhu" sourceRef="Event_1" targetRef="ServiceTask_14fkouh"></bpmn2:sequenceFlow>
    <bpmn2:endEvent id="EndEvent_1kofl43">
      <bpmn2:incoming>SequenceFlow_0ijbm7f</bpmn2:incoming>
    </bpmn2:endEvent>
    <bpmn2:sequenceFlow id="SequenceFlow_0ijbm7f" sourceRef="UserTask_0yo77pt" targetRef="EndEvent_1kofl43"></bpmn2:sequenceFlow>
  </bpmn2:process>
  <bpmndi:BPMNDiagram id="BPMNDiagram_Process_tPcnLtc7F">
    <bpmndi:BPMNPlane bpmnElement="Process_tPcnLtc7F" id="BPMNPlane_Process_tPcnLtc7F">
      <bpmndi:BPMNShape bpmnElement="Event_1" id="BPMNShape_Event_1">
        <omgdc:Bounds height="36.0" width="36.0" x="252.0" y="240.0"></omgdc:Bounds>
      </bpmndi:BPMNShape>
      <bpmndi:BPMNShape bpmnElement="ServiceTask_14fkouh" id="BPMNShape_ServiceTask_14fkouh">
        <omgdc:Bounds height="80.0" width="100.0" x="350.0" y="218.0"></omgdc:Bounds>
      </bpmndi:BPMNShape>
      <bpmndi:BPMNShape bpmnElement="UserTask_0yo77pt" id="BPMNShape_UserTask_0yo77pt">
        <omgdc:Bounds height="80.0" width="100.0" x="510.0" y="218.0"></omgdc:Bounds>
      </bpmndi:BPMNShape>
      <bpmndi:BPMNShape bpmnElement="EndEvent_1kofl43" id="BPMNShape_EndEvent_1kofl43">
        <omgdc:Bounds height="36.0" width="36.0" x="672.0" y="240.0"></omgdc:Bounds>
      </bpmndi:BPMNShape>
      <bpmndi:BPMNEdge bpmnElement="SequenceFlow_04ly4nt" id="BPMNEdge_SequenceFlow_04ly4nt">
        <omgdi:waypoint x="450.0" y="258.0"></omgdi:waypoint>
        <omgdi:waypoint x="510.0" y="258.0"></omgdi:waypoint>
      </bpmndi:BPMNEdge>
      <bpmndi:BPMNEdge bpmnElement="SequenceFlow_1eupfhu" id="BPMNEdge_SequenceFlow_1eupfhu">
        <omgdi:waypoint x="288.0" y="258.0"></omgdi:waypoint>
        <omgdi:waypoint x="350.0" y="258.0"></omgdi:waypoint>
      </bpmndi:BPMNEdge>
      <bpmndi:BPMNEdge bpmnElement="SequenceFlow_0ijbm7f" id="BPMNEdge_SequenceFlow_0ijbm7f">
        <omgdi:waypoint x="610.0" y="258.0"></omgdi:waypoint>
        <omgdi:waypoint x="672.0" y="258.0"></omgdi:waypoint>
      </bpmndi:BPMNEdge>
    </bpmndi:BPMNPlane>
  </bpmndi:BPMNDiagram>
</bpmn2:definitions>