<?xml version="1.0" encoding="UTF-8"?>
<definitions xmlns="http://www.omg.org/spec/BPMN/20100524/MODEL" xmlns:xsi="http://www.w3.org/2001/XMLSchema-instance" xmlns:activiti="http://activiti.org/bpmn" xmlns:bpmndi="http://www.omg.org/spec/BPMN/20100524/DI" xmlns:omgdc="http://www.omg.org/spec/DD/20100524/DC" xmlns:omgdi="http://www.omg.org/spec/DD/20100524/DI" xmlns:xsd="http://www.w3.org/2001/XMLSchema" id="model-29046f3a-e4c4-496b-a471-4332be3f786d" name="script-acs-process" targetNamespace="ACS Script Tests" xsi:schemaLocation="http://www.omg.org/spec/BPMN/20100524/MODEL BPMN20.xsd">
  <process id="Process_DEfPbq5K-" name="script-acs-process" isExecutable="true">
    <startEvent id="Event_1">
      <outgoing>SequenceFlow_06zd9a2</outgoing>
    </startEvent>
    <serviceTask id="ServiceTask_0sqpfkf" name="groupScriptTask" implementation="script.EXECUTE">
      <incoming>SequenceFlow_0xmdwkf</incoming>
      <outgoing>SequenceFlow_0mv5ytp</outgoing>
    </serviceTask>
    <serviceTask id="ServiceTask_1cwb6ee" name="unsetError" implementation="script.EXECUTE">
      <incoming>SequenceFlow_0mv5ytp</incoming>
      <incoming>SequenceFlow_07t2ttv</incoming>
      <incoming>SequenceFlow_02iz9by</incoming>
      <outgoing>SequenceFlow_11y6zmi</outgoing>
    </serviceTask>
    <userTask id="UserTask_0f9tmf0" name="getVarsTask" activiti:assignee="${initiator}" activiti:priority="0">
      <incoming>SequenceFlow_0x7he5r</incoming>
      <incoming>SequenceFlow_11y6zmi</incoming>
      <outgoing>SequenceFlow_0a32sal</outgoing>
    </userTask>
    <endEvent id="EndEvent_04z9nio">
      <incoming>SequenceFlow_0a32sal</incoming>
    </endEvent>
    <sequenceFlow id="SequenceFlow_0a32sal" sourceRef="UserTask_0f9tmf0" targetRef="EndEvent_04z9nio" />
    <boundaryEvent id="IntermediateThrowEvent_1kbgcz5" attachedToRef="ServiceTask_0sqpfkf">
      <outgoing>SequenceFlow_1am24z6</outgoing>
      <errorEventDefinition />
    </boundaryEvent>
    <serviceTask id="ServiceTask_1kole03" name="setError" implementation="script.EXECUTE">
      <incoming>SequenceFlow_1am24z6</incoming>
      <incoming>SequenceFlow_0eirshx</incoming>
      <incoming>SequenceFlow_1p5yf9e</incoming>
      <outgoing>SequenceFlow_0x7he5r</outgoing>
    </serviceTask>
    <sequenceFlow id="SequenceFlow_1am24z6" sourceRef="IntermediateThrowEvent_1kbgcz5" targetRef="ServiceTask_1kole03" />
    <sequenceFlow id="SequenceFlow_0x7he5r" sourceRef="ServiceTask_1kole03" targetRef="UserTask_0f9tmf0" />
    <sequenceFlow id="SequenceFlow_11y6zmi" sourceRef="ServiceTask_1cwb6ee" targetRef="UserTask_0f9tmf0" />
    <sequenceFlow id="SequenceFlow_0mv5ytp" sourceRef="ServiceTask_0sqpfkf" targetRef="ServiceTask_1cwb6ee" />
    <exclusiveGateway id="ExclusiveGateway_15mxpo2">
      <incoming>SequenceFlow_06zd9a2</incoming>
      <outgoing>SequenceFlow_0xmdwkf</outgoing>
      <outgoing>SequenceFlow_161acsr</outgoing>
      <outgoing>SequenceFlow_08rjcz8</outgoing>
    </exclusiveGateway>
    <sequenceFlow id="SequenceFlow_06zd9a2" sourceRef="Event_1" targetRef="ExclusiveGateway_15mxpo2" />
    <sequenceFlow id="SequenceFlow_0xmdwkf" name="groupService" sourceRef="ExclusiveGateway_15mxpo2" targetRef="ServiceTask_0sqpfkf">
      <conditionExpression xsi:type="tFormalExpression">${(action eq "GROUP")}</conditionExpression>
    </sequenceFlow>
    <serviceTask id="ServiceTask_0pd6hfo" name="siteScriptTask" implementation="script.EXECUTE">
      <incoming>SequenceFlow_161acsr</incoming>
      <outgoing>SequenceFlow_07t2ttv</outgoing>
    </serviceTask>
    <boundaryEvent id="BoundaryEvent_0h5yq7a" attachedToRef="ServiceTask_0pd6hfo">
      <outgoing>SequenceFlow_0eirshx</outgoing>
      <errorEventDefinition />
    </boundaryEvent>
    <sequenceFlow id="SequenceFlow_161acsr" name="siteService" sourceRef="ExclusiveGateway_15mxpo2" targetRef="ServiceTask_0pd6hfo">
      <conditionExpression xsi:type="tFormalExpression">${(action eq "SITE")}</conditionExpression>
    </sequenceFlow>
    <sequenceFlow id="SequenceFlow_0eirshx" sourceRef="BoundaryEvent_0h5yq7a" targetRef="ServiceTask_1kole03" />
    <sequenceFlow id="SequenceFlow_07t2ttv" sourceRef="ServiceTask_0pd6hfo" targetRef="ServiceTask_1cwb6ee" />
    <serviceTask id="ServiceTask_1pajpar" name="nodeScriptTask" implementation="script.EXECUTE">
      <incoming>SequenceFlow_08rjcz8</incoming>
      <outgoing>SequenceFlow_02iz9by</outgoing>
    </serviceTask>
    <boundaryEvent id="BoundaryEvent_0rg83rn" attachedToRef="ServiceTask_1pajpar">
      <outgoing>SequenceFlow_1p5yf9e</outgoing>
      <errorEventDefinition />
    </boundaryEvent>
    <sequenceFlow id="SequenceFlow_08rjcz8" name="nodeSerivde" sourceRef="ExclusiveGateway_15mxpo2" targetRef="ServiceTask_1pajpar">
      <conditionExpression xsi:type="tFormalExpression">${(action eq "NODE")}</conditionExpression>
    </sequenceFlow>
    <sequenceFlow id="SequenceFlow_02iz9by" sourceRef="ServiceTask_1pajpar" targetRef="ServiceTask_1cwb6ee" />
    <sequenceFlow id="SequenceFlow_1p5yf9e" sourceRef="BoundaryEvent_0rg83rn" targetRef="ServiceTask_1kole03" />
  </process>
  <bpmndi:BPMNDiagram id="BPMNDiagram_Process_DEfPbq5K-">
    <bpmndi:BPMNPlane id="BPMNPlane_Process_DEfPbq5K-" bpmnElement="Process_DEfPbq5K-">
      <bpmndi:BPMNShape id="BPMNShape_Event_1" bpmnElement="Event_1">
        <omgdc:Bounds x="252" y="522" width="36" height="36" />
      </bpmndi:BPMNShape>
      <bpmndi:BPMNShape id="BPMNShape_ServiceTask_0sqpfkf" bpmnElement="ServiceTask_0sqpfkf">
        <omgdc:Bounds x="480" y="250" width="100" height="80" />
      </bpmndi:BPMNShape>
      <bpmndi:BPMNShape id="BPMNShape_ServiceTask_1cwb6ee" bpmnElement="ServiceTask_1cwb6ee">
        <omgdc:Bounds x="850" y="420" width="100" height="80" />
      </bpmndi:BPMNShape>
      <bpmndi:BPMNShape id="BPMNShape_UserTask_0f9tmf0" bpmnElement="UserTask_0f9tmf0">
        <omgdc:Bounds x="1090" y="520" width="100" height="80" />
      </bpmndi:BPMNShape>
      <bpmndi:BPMNShape id="BPMNShape_EndEvent_04z9nio" bpmnElement="EndEvent_04z9nio">
        <omgdc:Bounds x="1302" y="542" width="36" height="36" />
      </bpmndi:BPMNShape>
      <bpmndi:BPMNShape id="BPMNShape_IntermediateThrowEvent_1kbgcz5" bpmnElement="IntermediateThrowEvent_1kbgcz5">
        <omgdc:Bounds x="462" y="312" width="36" height="36" />
      </bpmndi:BPMNShape>
      <bpmndi:BPMNShape id="BPMNShape_ServiceTask_1kole03" bpmnElement="ServiceTask_1kole03">
        <omgdc:Bounds x="940" y="640" width="100" height="80" />
      </bpmndi:BPMNShape>
      <bpmndi:BPMNShape id="BPMNShape_ExclusiveGateway_15mxpo2" bpmnElement="ExclusiveGateway_15mxpo2" isMarkerVisible="true">
        <omgdc:Bounds x="345" y="515" width="50" height="50" />
      </bpmndi:BPMNShape>
      <bpmndi:BPMNShape id="BPMNShape_ServiceTask_0pd6hfo" bpmnElement="ServiceTask_0pd6hfo">
        <omgdc:Bounds x="470" y="450" width="100" height="80" />
      </bpmndi:BPMNShape>
      <bpmndi:BPMNShape id="BPMNShape_BoundaryEvent_0h5yq7a" bpmnElement="BoundaryEvent_0h5yq7a">
        <omgdc:Bounds x="532" y="512" width="36" height="36" />
      </bpmndi:BPMNShape>
      <bpmndi:BPMNShape id="BPMNShape_ServiceTask_1pajpar" bpmnElement="ServiceTask_1pajpar">
        <omgdc:Bounds x="490" y="780" width="100" height="80" />
      </bpmndi:BPMNShape>
      <bpmndi:BPMNShape id="BPMNShape_BoundaryEvent_0rg83rn" bpmnElement="BoundaryEvent_0rg83rn">
        <omgdc:Bounds x="552" y="842" width="36" height="36" />
      </bpmndi:BPMNShape>
      <bpmndi:BPMNEdge id="BPMNEdge_SequenceFlow_0a32sal" bpmnElement="SequenceFlow_0a32sal">
        <omgdi:waypoint x="1190" y="560" />
        <omgdi:waypoint x="1302" y="560" />
      </bpmndi:BPMNEdge>
      <bpmndi:BPMNEdge id="BPMNEdge_SequenceFlow_1am24z6" bpmnElement="SequenceFlow_1am24z6">
        <omgdi:waypoint x="480" y="348" />
        <omgdi:waypoint x="480" y="710" />
        <omgdi:waypoint x="940" y="710" />
      </bpmndi:BPMNEdge>
      <bpmndi:BPMNEdge id="BPMNEdge_SequenceFlow_0x7he5r" bpmnElement="SequenceFlow_0x7he5r">
        <omgdi:waypoint x="1040" y="680" />
        <omgdi:waypoint x="1140" y="680" />
        <omgdi:waypoint x="1140" y="600" />
      </bpmndi:BPMNEdge>
      <bpmndi:BPMNEdge id="BPMNEdge_SequenceFlow_11y6zmi" bpmnElement="SequenceFlow_11y6zmi">
        <omgdi:waypoint x="900" y="420" />
        <omgdi:waypoint x="900" y="365" />
        <omgdi:waypoint x="1140" y="365" />
        <omgdi:waypoint x="1140" y="520" />
      </bpmndi:BPMNEdge>
      <bpmndi:BPMNEdge id="BPMNEdge_SequenceFlow_0mv5ytp" bpmnElement="SequenceFlow_0mv5ytp">
        <omgdi:waypoint x="580" y="290" />
        <omgdi:waypoint x="610" y="290" />
        <omgdi:waypoint x="610" y="490" />
        <omgdi:waypoint x="850" y="490" />
      </bpmndi:BPMNEdge>
      <bpmndi:BPMNEdge id="BPMNEdge_SequenceFlow_06zd9a2" bpmnElement="SequenceFlow_06zd9a2">
        <omgdi:waypoint x="288" y="540" />
        <omgdi:waypoint x="345" y="540" />
      </bpmndi:BPMNEdge>
      <bpmndi:BPMNEdge id="BPMNEdge_SequenceFlow_0xmdwkf" bpmnElement="SequenceFlow_0xmdwkf">
        <omgdi:waypoint x="370" y="515" />
        <omgdi:waypoint x="370" y="290" />
        <omgdi:waypoint x="480" y="290" />
        <bpmndi:BPMNLabel>
          <omgdc:Bounds x="348" y="356" width="65" height="14" />
        </bpmndi:BPMNLabel>
      </bpmndi:BPMNEdge>
      <bpmndi:BPMNEdge id="BPMNEdge_SequenceFlow_161acsr" bpmnElement="SequenceFlow_161acsr">
        <omgdi:waypoint x="370" y="515" />
        <omgdi:waypoint x="370" y="490" />
        <omgdi:waypoint x="470" y="490" />
        <bpmndi:BPMNLabel>
          <omgdc:Bounds x="385" y="463" width="54" height="14" />
        </bpmndi:BPMNLabel>
      </bpmndi:BPMNEdge>
      <bpmndi:BPMNEdge id="BPMNEdge_SequenceFlow_0eirshx" bpmnElement="SequenceFlow_0eirshx">
        <omgdi:waypoint x="550" y="548" />
        <omgdi:waypoint x="550" y="748" />
        <omgdi:waypoint x="990" y="748" />
        <omgdi:waypoint x="990" y="720" />
      </bpmndi:BPMNEdge>
      <bpmndi:BPMNEdge id="BPMNEdge_SequenceFlow_07t2ttv" bpmnElement="SequenceFlow_07t2ttv">
        <omgdi:waypoint x="570" y="490" />
        <omgdi:waypoint x="610" y="490" />
        <omgdi:waypoint x="610" y="530" />
        <omgdi:waypoint x="900" y="530" />
        <omgdi:waypoint x="900" y="500" />
      </bpmndi:BPMNEdge>
      <bpmndi:BPMNEdge id="BPMNEdge_SequenceFlow_08rjcz8" bpmnElement="SequenceFlow_08rjcz8">
        <omgdi:waypoint x="370" y="565" />
        <omgdi:waypoint x="370" y="820" />
        <omgdi:waypoint x="490" y="820" />
        <bpmndi:BPMNLabel>
          <omgdc:Bounds x="389" y="793" width="62" height="14" />
        </bpmndi:BPMNLabel>
      </bpmndi:BPMNEdge>
      <bpmndi:BPMNEdge id="BPMNEdge_SequenceFlow_02iz9by" bpmnElement="SequenceFlow_02iz9by">
        <omgdi:waypoint x="590" y="820" />
        <omgdi:waypoint x="650" y="820" />
        <omgdi:waypoint x="650" y="460" />
        <omgdi:waypoint x="850" y="460" />
      </bpmndi:BPMNEdge>
      <bpmndi:BPMNEdge id="BPMNEdge_SequenceFlow_1p5yf9e" bpmnElement="SequenceFlow_1p5yf9e">
        <omgdi:waypoint x="570" y="878" />
        <omgdi:waypoint x="570" y="898" />
        <omgdi:waypoint x="1020" y="898" />
        <omgdi:waypoint x="1020" y="720" />
      </bpmndi:BPMNEdge>
    </bpmndi:BPMNPlane>
  </bpmndi:BPMNDiagram>
</definitions>
