<?xml version="1.0" encoding="UTF-8"?>
<bpmn2:definitions xmlns:bpmn2="http://www.omg.org/spec/BPMN/20100524/MODEL" xmlns:xsi="http://www.w3.org/2001/XMLSchema-instance" xmlns:activiti="http://activiti.org/bpmn" xmlns:bpmndi="http://www.omg.org/spec/BPMN/20100524/DI" xmlns:omgdc="http://www.omg.org/spec/DD/20100524/DC" xmlns:omgdi="http://www.omg.org/spec/DD/20100524/DI" xmlns:xsd="http://www.w3.org/2001/XMLSchema" id="model-29046f3a-e4c4-496b-a471-4332be3f786d" name="script-action-process" targetNamespace="ACS Script Tests" xsi:schemaLocation="http://www.omg.org/spec/BPMN/20100524/MODEL BPMN20.xsd">
  <bpmn2:process id="Process_y0rYgTY9F" name="script-action-process" isExecutable="true">
    <bpmn2:startEvent id="Event_1">
      <bpmn2:outgoing>SequenceFlow_1707jjw</bpmn2:outgoing>
    </bpmn2:startEvent>
    <bpmn2:serviceTask id="ServiceTask_0sqpfkf" name="scriptTask" implementation="script.EXECUTE">
      <bpmn2:incoming>SequenceFlow_1707jjw</bpmn2:incoming>
      <bpmn2:outgoing>SequenceFlow_0mv5ytp</bpmn2:outgoing>
    </bpmn2:serviceTask>
    <bpmn2:sequenceFlow id="SequenceFlow_1707jjw" sourceRef="Event_1" targetRef="ServiceTask_0sqpfkf" />
    <bpmn2:serviceTask id="ServiceTask_1cwb6ee" name="unsetError" implementation="script.EXECUTE">
      <bpmn2:incoming>SequenceFlow_0mv5ytp</bpmn2:incoming>
      <bpmn2:outgoing>SequenceFlow_11y6zmi</bpmn2:outgoing>
    </bpmn2:serviceTask>
    <bpmn2:userTask id="UserTask_0f9tmf0" name="getVarsTask" activiti:assignee="${initiator}" activiti:priority="0">
      <bpmn2:incoming>SequenceFlow_0x7he5r</bpmn2:incoming>
      <bpmn2:incoming>SequenceFlow_11y6zmi</bpmn2:incoming>
      <bpmn2:outgoing>SequenceFlow_0a32sal</bpmn2:outgoing>
    </bpmn2:userTask>
    <bpmn2:endEvent id="EndEvent_04z9nio">
      <bpmn2:incoming>SequenceFlow_0a32sal</bpmn2:incoming>
    </bpmn2:endEvent>
    <bpmn2:sequenceFlow id="SequenceFlow_0a32sal" sourceRef="UserTask_0f9tmf0" targetRef="EndEvent_04z9nio" />
    <bpmn2:boundaryEvent id="IntermediateThrowEvent_1kbgcz5" attachedToRef="ServiceTask_0sqpfkf">
      <bpmn2:outgoing>SequenceFlow_1am24z6</bpmn2:outgoing>
      <bpmn2:errorEventDefinition />
    </bpmn2:boundaryEvent>
    <bpmn2:serviceTask id="ServiceTask_1kole03" name="setError" implementation="script.EXECUTE">
      <bpmn2:incoming>SequenceFlow_1am24z6</bpmn2:incoming>
      <bpmn2:outgoing>SequenceFlow_0x7he5r</bpmn2:outgoing>
    </bpmn2:serviceTask>
    <bpmn2:sequenceFlow id="SequenceFlow_1am24z6" sourceRef="IntermediateThrowEvent_1kbgcz5" targetRef="ServiceTask_1kole03" />
    <bpmn2:sequenceFlow id="SequenceFlow_0x7he5r" sourceRef="ServiceTask_1kole03" targetRef="UserTask_0f9tmf0" />
    <bpmn2:sequenceFlow id="SequenceFlow_11y6zmi" sourceRef="ServiceTask_1cwb6ee" targetRef="UserTask_0f9tmf0" />
    <bpmn2:sequenceFlow id="SequenceFlow_0mv5ytp" sourceRef="ServiceTask_0sqpfkf" targetRef="ServiceTask_1cwb6ee" />
  </bpmn2:process>
  <bpmndi:BPMNDiagram id="BPMNDiagram_Process_y0rYgTY9F">
    <bpmndi:BPMNPlane id="BPMNPlane_Process_y0rYgTY9F" bpmnElement="Process_y0rYgTY9F">
      <bpmndi:BPMNShape id="BPMNShape_Event_1" bpmnElement="Event_1">
        <omgdc:Bounds x="412" y="252" width="36" height="36" />
      </bpmndi:BPMNShape>
      <bpmndi:BPMNShape id="BPMNShape_ServiceTask_0sqpfkf" bpmnElement="ServiceTask_0sqpfkf">
        <omgdc:Bounds x="480" y="230" width="100" height="80" />
      </bpmndi:BPMNShape>
      <bpmndi:BPMNShape id="BPMNShape_ServiceTask_1cwb6ee" bpmnElement="ServiceTask_1cwb6ee">
        <omgdc:Bounds x="630" y="230" width="100" height="80" />
      </bpmndi:BPMNShape>
      <bpmndi:BPMNShape id="BPMNShape_UserTask_0f9tmf0" bpmnElement="UserTask_0f9tmf0">
        <omgdc:Bounds x="780" y="230" width="100" height="80" />
      </bpmndi:BPMNShape>
      <bpmndi:BPMNShape id="BPMNShape_EndEvent_04z9nio" bpmnElement="EndEvent_04z9nio">
        <omgdc:Bounds x="922" y="252" width="36" height="36" />
      </bpmndi:BPMNShape>
      <bpmndi:BPMNShape id="BPMNShape_ServiceTask_1kole03" bpmnElement="ServiceTask_1kole03">
        <omgdc:Bounds x="630" y="350" width="100" height="80" />
      </bpmndi:BPMNShape>
      <bpmndi:BPMNShape id="BPMNShape_IntermediateThrowEvent_1kbgcz5" bpmnElement="IntermediateThrowEvent_1kbgcz5">
        <omgdc:Bounds x="512" y="292" width="36" height="36" />
      </bpmndi:BPMNShape>
      <bpmndi:BPMNEdge id="BPMNEdge_SequenceFlow_1707jjw" bpmnElement="SequenceFlow_1707jjw">
        <omgdi:waypoint x="448" y="270" />
        <omgdi:waypoint x="480" y="270" />
      </bpmndi:BPMNEdge>
      <bpmndi:BPMNEdge id="BPMNEdge_SequenceFlow_0a32sal" bpmnElement="SequenceFlow_0a32sal">
        <omgdi:waypoint x="880" y="270" />
        <omgdi:waypoint x="922" y="270" />
      </bpmndi:BPMNEdge>
      <bpmndi:BPMNEdge id="BPMNEdge_SequenceFlow_1am24z6" bpmnElement="SequenceFlow_1am24z6">
        <omgdi:waypoint x="530" y="328" />
        <omgdi:waypoint x="530" y="420" />
        <omgdi:waypoint x="630" y="420" />
      </bpmndi:BPMNEdge>
      <bpmndi:BPMNEdge id="BPMNEdge_SequenceFlow_0x7he5r" bpmnElement="SequenceFlow_0x7he5r">
        <omgdi:waypoint x="730" y="390" />
        <omgdi:waypoint x="755" y="390" />
        <omgdi:waypoint x="755" y="300" />
        <omgdi:waypoint x="780" y="300" />
      </bpmndi:BPMNEdge>
      <bpmndi:BPMNEdge id="BPMNEdge_SequenceFlow_11y6zmi" bpmnElement="SequenceFlow_11y6zmi">
        <omgdi:waypoint x="730" y="270" />
        <omgdi:waypoint x="780" y="270" />
      </bpmndi:BPMNEdge>
      <bpmndi:BPMNEdge id="BPMNEdge_SequenceFlow_0mv5ytp" bpmnElement="SequenceFlow_0mv5ytp">
        <omgdi:waypoint x="580" y="270" />
        <omgdi:waypoint x="630" y="270" />
      </bpmndi:BPMNEdge>
    </bpmndi:BPMNPlane>
  </bpmndi:BPMNDiagram>
</bpmn2:definitions>
