<?xml version="1.0" encoding="UTF-8"?>
<bpmn2:definitions xmlns:bpmn2="http://www.omg.org/spec/BPMN/20100524/MODEL" xmlns:xsi="http://www.w3.org/2001/XMLSchema-instance" xmlns:activiti="http://activiti.org/bpmn" xmlns:bpmndi="http://www.omg.org/spec/BPMN/20100524/DI" xmlns:omgdc="http://www.omg.org/spec/DD/20100524/DC" xmlns:omgdi="http://www.omg.org/spec/DD/20100524/DI" xmlns:xsd="http://www.w3.org/2001/XMLSchema" id="model-f42ade52-759c-4b75-b6ff-5a606192f6c2" name="script-process" targetNamespace="DMN Scripts" xsi:schemaLocation="http://www.omg.org/spec/BPMN/20100524/MODEL BPMN20.xsd">
  <bpmn2:process id="Process_tPcnLtc7F" name="script-process" isExecutable="true">
    <bpmn2:startEvent id="Event_1">
      <bpmn2:outgoing>SequenceFlow_1eupfhu</bpmn2:outgoing>
    </bpmn2:startEvent>
    <bpmn2:serviceTask id="ServiceTask_14fkouh" name="scriptTask" implementation="script.EXECUTE">
      <bpmn2:incoming>SequenceFlow_1eupfhu</bpmn2:incoming>
      <bpmn2:outgoing>SequenceFlow_04ly4nt</bpmn2:outgoing>
    </bpmn2:serviceTask>
    <bpmn2:sequenceFlow id="SequenceFlow_04ly4nt" sourceRef="ServiceTask_14fkouh" targetRef="UserTask_0yo77pt" />
    <bpmn2:userTask id="UserTask_0yo77pt" name="getVarsTask" activiti:assignee="hruser">
      <bpmn2:incoming>SequenceFlow_04ly4nt</bpmn2:incoming>
      <bpmn2:outgoing>SequenceFlow_0ijbm7f</bpmn2:outgoing>
    </bpmn2:userTask>
    <bpmn2:sequenceFlow id="SequenceFlow_1eupfhu" sourceRef="Event_1" targetRef="ServiceTask_14fkouh" />
    <bpmn2:endEvent id="EndEvent_1kofl43">
      <bpmn2:incoming>SequenceFlow_0ijbm7f</bpmn2:incoming>
    </bpmn2:endEvent>
    <bpmn2:sequenceFlow id="SequenceFlow_0ijbm7f" sourceRef="UserTask_0yo77pt" targetRef="EndEvent_1kofl43" />
  </bpmn2:process>
  <bpmndi:BPMNDiagram id="BPMNDiagram_Process_tPcnLtc7F">
    <bpmndi:BPMNPlane id="BPMNPlane_Process_tPcnLtc7F" bpmnElement="Process_tPcnLtc7F">
      <bpmndi:BPMNShape id="BPMNShape_Event_1" bpmnElement="Event_1">
        <omgdc:Bounds x="252" y="240" width="36" height="36" />
      </bpmndi:BPMNShape>
      <bpmndi:BPMNShape id="BPMNShape_ServiceTask_14fkouh" bpmnElement="ServiceTask_14fkouh">
        <omgdc:Bounds x="350" y="218" width="100" height="80" />
      </bpmndi:BPMNShape>
      <bpmndi:BPMNShape id="BPMNShape_UserTask_0yo77pt" bpmnElement="UserTask_0yo77pt">
        <omgdc:Bounds x="510" y="218" width="100" height="80" />
      </bpmndi:BPMNShape>
      <bpmndi:BPMNShape id="BPMNShape_EndEvent_1kofl43" bpmnElement="EndEvent_1kofl43">
        <omgdc:Bounds x="672" y="240" width="36" height="36" />
      </bpmndi:BPMNShape>
      <bpmndi:BPMNEdge id="BPMNEdge_SequenceFlow_04ly4nt" bpmnElement="SequenceFlow_04ly4nt">
        <omgdi:waypoint x="450" y="258" />
        <omgdi:waypoint x="510" y="258" />
      </bpmndi:BPMNEdge>
      <bpmndi:BPMNEdge id="BPMNEdge_SequenceFlow_1eupfhu" bpmnElement="SequenceFlow_1eupfhu">
        <omgdi:waypoint x="288" y="258" />
        <omgdi:waypoint x="350" y="258" />
      </bpmndi:BPMNEdge>
      <bpmndi:BPMNEdge id="BPMNEdge_SequenceFlow_0ijbm7f" bpmnElement="SequenceFlow_0ijbm7f">
        <omgdi:waypoint x="610" y="258" />
        <omgdi:waypoint x="672" y="258" />
      </bpmndi:BPMNEdge>
    </bpmndi:BPMNPlane>
  </bpmndi:BPMNDiagram>
</bpmn2:definitions>
