<?xml version="1.0" encoding="UTF-8"?>
<bpmn2:definitions xmlns="http://www.omg.org/spec/BPMN/20100524/MODEL" xmlns:bpmn2="http://www.omg.org/spec/BPMN/20100524/MODEL" xmlns:xsi="http://www.w3.org/2001/XMLSchema-instance" xmlns:xsd="http://www.w3.org/2001/XMLSchema" xmlns:activiti="http://activiti.org/bpmn" xmlns:bpmndi="http://www.omg.org/spec/BPMN/20100524/DI" xmlns:omgdc="http://www.omg.org/spec/DD/20100524/DC" xmlns:omgdi="http://www.omg.org/spec/DD/20100524/DI" typeLanguage="http://www.w3.org/2001/XMLSchema" expressionLanguage="http://www.w3.org/1999/XPath" targetNamespace="ACS Script Tests" id="model-29046f3a-e4c4-496b-a471-4332be3f786d" name="script-acs-process" xsi:schemaLocation="http://www.omg.org/spec/BPMN/20100524/MODEL BPMN20.xsd">
  <bpmn2:process id="Process_DEfPbq5K-" name="script-acs-process" isExecutable="true">
    <bpmn2:startEvent id="Event_1">
      <bpmn2:outgoing>SequenceFlow_06zd9a2</bpmn2:outgoing>
    </bpmn2:startEvent>
    <bpmn2:serviceTask id="ServiceTask_0sqpfkf" name="groupScriptTask" implementation="script.EXECUTE">
      <bpmn2:incoming>SequenceFlow_0xmdwkf</bpmn2:incoming>
      <bpmn2:outgoing>SequenceFlow_0mv5ytp</bpmn2:outgoing>
    </bpmn2:serviceTask>
    <bpmn2:serviceTask id="ServiceTask_1cwb6ee" name="unsetError" implementation="script.EXECUTE">
      <bpmn2:incoming>SequenceFlow_0mv5ytp</bpmn2:incoming>
      <bpmn2:incoming>SequenceFlow_07t2ttv</bpmn2:incoming>
      <bpmn2:incoming>SequenceFlow_02iz9by</bpmn2:incoming>
      <bpmn2:outgoing>SequenceFlow_11y6zmi</bpmn2:outgoing>
    </bpmn2:serviceTask>
    <bpmn2:userTask id="UserTask_0f9tmf0" name="getVarsTask" activiti:assignee="${initiator}" activiti:priority="0">
      <bpmn2:incoming>SequenceFlow_0x7he5r</bpmn2:incoming>
      <bpmn2:incoming>SequenceFlow_11y6zmi</bpmn2:incoming>
      <bpmn2:outgoing>SequenceFlow_0a32sal</bpmn2:outgoing>
    </bpmn2:userTask>
    <bpmn2:endEvent id="EndEvent_04z9nio">
      <bpmn2:incoming>SequenceFlow_0a32sal</bpmn2:incoming>
    </bpmn2:endEvent>
    <bpmn2:sequenceFlow id="SequenceFlow_0a32sal" sourceRef="UserTask_0f9tmf0" targetRef="EndEvent_04z9nio"></bpmn2:sequenceFlow>
    <bpmn2:boundaryEvent id="IntermediateThrowEvent_1kbgcz5" attachedToRef="ServiceTask_0sqpfkf">
      <bpmn2:outgoing>SequenceFlow_1am24z6</bpmn2:outgoing>
      <errorEventDefinition></errorEventDefinition>
    </bpmn2:boundaryEvent>
    <bpmn2:serviceTask id="ServiceTask_1kole03" name="setError" implementation="script.EXECUTE">
      <bpmn2:incoming>SequenceFlow_1am24z6</bpmn2:incoming>
      <bpmn2:incoming>SequenceFlow_0eirshx</bpmn2:incoming>
      <bpmn2:incoming>SequenceFlow_1p5yf9e</bpmn2:incoming>
      <bpmn2:outgoing>SequenceFlow_0x7he5r</bpmn2:outgoing>
    </bpmn2:serviceTask>
    <bpmn2:sequenceFlow id="SequenceFlow_1am24z6" sourceRef="IntermediateThrowEvent_1kbgcz5" targetRef="ServiceTask_1kole03"></bpmn2:sequenceFlow>
    <bpmn2:sequenceFlow id="SequenceFlow_0x7he5r" sourceRef="ServiceTask_1kole03" targetRef="UserTask_0f9tmf0"></bpmn2:sequenceFlow>
    <bpmn2:sequenceFlow id="SequenceFlow_11y6zmi" sourceRef="ServiceTask_1cwb6ee" targetRef="UserTask_0f9tmf0"></bpmn2:sequenceFlow>
    <bpmn2:sequenceFlow id="SequenceFlow_0mv5ytp" sourceRef="ServiceTask_0sqpfkf" targetRef="ServiceTask_1cwb6ee"></bpmn2:sequenceFlow>
    <bpmn2:exclusiveGateway id="ExclusiveGateway_15mxpo2">
      <bpmn2:incoming>SequenceFlow_06zd9a2</bpmn2:incoming>
      <bpmn2:outgoing>SequenceFlow_0xmdwkf</bpmn2:outgoing>
      <bpmn2:outgoing>SequenceFlow_161acsr</bpmn2:outgoing>
      <bpmn2:outgoing>SequenceFlow_08rjcz8</bpmn2:outgoing>
    </bpmn2:exclusiveGateway>
    <bpmn2:sequenceFlow id="SequenceFlow_06zd9a2" sourceRef="Event_1" targetRef="ExclusiveGateway_15mxpo2"></bpmn2:sequenceFlow>
    <bpmn2:sequenceFlow id="SequenceFlow_0xmdwkf" name="groupService" sourceRef="ExclusiveGateway_15mxpo2" targetRef="ServiceTask_0sqpfkf">
      <conditionExpression xsi:type="tFormalExpression"><![CDATA[${(action eq "GROUP")}]]></conditionExpression>
    </bpmn2:sequenceFlow>
    <bpmn2:serviceTask id="ServiceTask_0pd6hfo" name="siteScriptTask" implementation="script.EXECUTE">
      <bpmn2:incoming>SequenceFlow_161acsr</bpmn2:incoming>
      <bpmn2:outgoing>SequenceFlow_07t2ttv</bpmn2:outgoing>
    </bpmn2:serviceTask>
    <bpmn2:boundaryEvent id="BoundaryEvent_0h5yq7a" attachedToRef="ServiceTask_0pd6hfo">
      <bpmn2:outgoing>SequenceFlow_0eirshx</bpmn2:outgoing>
      <errorEventDefinition></errorEventDefinition>
    </bpmn2:boundaryEvent>
    <bpmn2:sequenceFlow id="SequenceFlow_161acsr" name="siteService" sourceRef="ExclusiveGateway_15mxpo2" targetRef="ServiceTask_0pd6hfo">
      <conditionExpression xsi:type="tFormalExpression"><![CDATA[${(action eq "SITE")}]]></conditionExpression>
    </bpmn2:sequenceFlow>
    <bpmn2:sequenceFlow id="SequenceFlow_0eirshx" sourceRef="BoundaryEvent_0h5yq7a" targetRef="ServiceTask_1kole03"></bpmn2:sequenceFlow>
    <bpmn2:sequenceFlow id="SequenceFlow_07t2ttv" sourceRef="ServiceTask_0pd6hfo" targetRef="ServiceTask_1cwb6ee"></bpmn2:sequenceFlow>
    <bpmn2:serviceTask id="ServiceTask_1pajpar" name="nodeScriptTask" implementation="script.EXECUTE">
      <bpmn2:incoming>SequenceFlow_08rjcz8</bpmn2:incoming>
      <bpmn2:outgoing>SequenceFlow_02iz9by</bpmn2:outgoing>
    </bpmn2:serviceTask>
    <bpmn2:boundaryEvent id="BoundaryEvent_0rg83rn" attachedToRef="ServiceTask_1pajpar">
      <bpmn2:outgoing>SequenceFlow_1p5yf9e</bpmn2:outgoing>
      <errorEventDefinition></errorEventDefinition>
    </bpmn2:boundaryEvent>
    <bpmn2:sequenceFlow id="SequenceFlow_08rjcz8" name="nodeSerivde" sourceRef="ExclusiveGateway_15mxpo2" targetRef="ServiceTask_1pajpar">
      <conditionExpression xsi:type="tFormalExpression"><![CDATA[${(action eq "NODE")}]]></conditionExpression>
    </bpmn2:sequenceFlow>
    <bpmn2:sequenceFlow id="SequenceFlow_02iz9by" sourceRef="ServiceTask_1pajpar" targetRef="ServiceTask_1cwb6ee"></bpmn2:sequenceFlow>
    <bpmn2:sequenceFlow id="SequenceFlow_1p5yf9e" sourceRef="BoundaryEvent_0rg83rn" targetRef="ServiceTask_1kole03"></bpmn2:sequenceFlow>
  </bpmn2:process>
  <bpmndi:BPMNDiagram id="BPMNDiagram_Process_DEfPbq5K-">
    <bpmndi:BPMNPlane bpmnElement="Process_DEfPbq5K-" id="BPMNPlane_Process_DEfPbq5K-">
      <bpmndi:BPMNShape bpmnElement="Event_1" id="BPMNShape_Event_1">
        <omgdc:Bounds height="36.0" width="36.0" x="252.0" y="522.0"></omgdc:Bounds>
      </bpmndi:BPMNShape>
      <bpmndi:BPMNShape bpmnElement="ServiceTask_0sqpfkf" id="BPMNShape_ServiceTask_0sqpfkf">
        <omgdc:Bounds height="80.0" width="100.0" x="480.0" y="250.0"></omgdc:Bounds>
      </bpmndi:BPMNShape>
      <bpmndi:BPMNShape bpmnElement="ServiceTask_1cwb6ee" id="BPMNShape_ServiceTask_1cwb6ee">
        <omgdc:Bounds height="80.0" width="100.0" x="850.0" y="420.0"></omgdc:Bounds>
      </bpmndi:BPMNShape>
      <bpmndi:BPMNShape bpmnElement="UserTask_0f9tmf0" id="BPMNShape_UserTask_0f9tmf0">
        <omgdc:Bounds height="80.0" width="100.0" x="1090.0" y="520.0"></omgdc:Bounds>
      </bpmndi:BPMNShape>
      <bpmndi:BPMNShape bpmnElement="EndEvent_04z9nio" id="BPMNShape_EndEvent_04z9nio">
        <omgdc:Bounds height="36.0" width="36.0" x="1302.0" y="542.0"></omgdc:Bounds>
      </bpmndi:BPMNShape>
      <bpmndi:BPMNShape bpmnElement="IntermediateThrowEvent_1kbgcz5" id="BPMNShape_IntermediateThrowEvent_1kbgcz5">
        <omgdc:Bounds height="36.0" width="36.0" x="462.0" y="312.0"></omgdc:Bounds>
      </bpmndi:BPMNShape>
      <bpmndi:BPMNShape bpmnElement="ServiceTask_1kole03" id="BPMNShape_ServiceTask_1kole03">
        <omgdc:Bounds height="80.0" width="100.0" x="940.0" y="640.0"></omgdc:Bounds>
      </bpmndi:BPMNShape>
      <bpmndi:BPMNShape bpmnElement="ExclusiveGateway_15mxpo2" id="BPMNShape_ExclusiveGateway_15mxpo2">
        <omgdc:Bounds height="50.0" width="50.0" x="345.0" y="515.0"></omgdc:Bounds>
      </bpmndi:BPMNShape>
      <bpmndi:BPMNShape bpmnElement="ServiceTask_0pd6hfo" id="BPMNShape_ServiceTask_0pd6hfo">
        <omgdc:Bounds height="80.0" width="100.0" x="470.0" y="450.0"></omgdc:Bounds>
      </bpmndi:BPMNShape>
      <bpmndi:BPMNShape bpmnElement="BoundaryEvent_0h5yq7a" id="BPMNShape_BoundaryEvent_0h5yq7a">
        <omgdc:Bounds height="36.0" width="36.0" x="532.0" y="512.0"></omgdc:Bounds>
      </bpmndi:BPMNShape>
      <bpmndi:BPMNShape bpmnElement="ServiceTask_1pajpar" id="BPMNShape_ServiceTask_1pajpar">
        <omgdc:Bounds height="80.0" width="100.0" x="490.0" y="780.0"></omgdc:Bounds>
      </bpmndi:BPMNShape>
      <bpmndi:BPMNShape bpmnElement="BoundaryEvent_0rg83rn" id="BPMNShape_BoundaryEvent_0rg83rn">
        <omgdc:Bounds height="36.0" width="36.0" x="552.0" y="842.0"></omgdc:Bounds>
      </bpmndi:BPMNShape>
      <bpmndi:BPMNEdge bpmnElement="SequenceFlow_0a32sal" id="BPMNEdge_SequenceFlow_0a32sal">
        <omgdi:waypoint x="1190.0" y="560.0"></omgdi:waypoint>
        <omgdi:waypoint x="1302.0" y="560.0"></omgdi:waypoint>
      </bpmndi:BPMNEdge>
      <bpmndi:BPMNEdge bpmnElement="SequenceFlow_1am24z6" id="BPMNEdge_SequenceFlow_1am24z6">
        <omgdi:waypoint x="480.0" y="348.0"></omgdi:waypoint>
        <omgdi:waypoint x="480.0" y="710.0"></omgdi:waypoint>
        <omgdi:waypoint x="940.0" y="710.0"></omgdi:waypoint>
      </bpmndi:BPMNEdge>
      <bpmndi:BPMNEdge bpmnElement="SequenceFlow_0x7he5r" id="BPMNEdge_SequenceFlow_0x7he5r">
        <omgdi:waypoint x="1040.0" y="680.0"></omgdi:waypoint>
        <omgdi:waypoint x="1140.0" y="680.0"></omgdi:waypoint>
        <omgdi:waypoint x="1140.0" y="600.0"></omgdi:waypoint>
      </bpmndi:BPMNEdge>
      <bpmndi:BPMNEdge bpmnElement="SequenceFlow_11y6zmi" id="BPMNEdge_SequenceFlow_11y6zmi">
        <omgdi:waypoint x="900.0" y="420.0"></omgdi:waypoint>
        <omgdi:waypoint x="900.0" y="365.0"></omgdi:waypoint>
        <omgdi:waypoint x="1140.0" y="365.0"></omgdi:waypoint>
        <omgdi:waypoint x="1140.0" y="520.0"></omgdi:waypoint>
      </bpmndi:BPMNEdge>
      <bpmndi:BPMNEdge bpmnElement="SequenceFlow_0mv5ytp" id="BPMNEdge_SequenceFlow_0mv5ytp">
        <omgdi:waypoint x="580.0" y="290.0"></omgdi:waypoint>
        <omgdi:waypoint x="610.0" y="290.0"></omgdi:waypoint>
        <omgdi:waypoint x="610.0" y="490.0"></omgdi:waypoint>
        <omgdi:waypoint x="850.0" y="490.0"></omgdi:waypoint>
      </bpmndi:BPMNEdge>
      <bpmndi:BPMNEdge bpmnElement="SequenceFlow_06zd9a2" id="BPMNEdge_SequenceFlow_06zd9a2">
        <omgdi:waypoint x="288.0" y="540.0"></omgdi:waypoint>
        <omgdi:waypoint x="345.0" y="540.0"></omgdi:waypoint>
      </bpmndi:BPMNEdge>
      <bpmndi:BPMNEdge bpmnElement="SequenceFlow_0xmdwkf" id="BPMNEdge_SequenceFlow_0xmdwkf">
        <omgdi:waypoint x="370.0" y="515.0"></omgdi:waypoint>
        <omgdi:waypoint x="370.0" y="290.0"></omgdi:waypoint>
        <omgdi:waypoint x="480.0" y="290.0"></omgdi:waypoint>
        <bpmndi:BPMNLabel>
          <omgdc:Bounds height="14.0" width="65.0" x="348.0" y="356.0"></omgdc:Bounds>
        </bpmndi:BPMNLabel>
      </bpmndi:BPMNEdge>
      <bpmndi:BPMNEdge bpmnElement="SequenceFlow_161acsr" id="BPMNEdge_SequenceFlow_161acsr">
        <omgdi:waypoint x="370.0" y="515.0"></omgdi:waypoint>
        <omgdi:waypoint x="370.0" y="490.0"></omgdi:waypoint>
        <omgdi:waypoint x="470.0" y="490.0"></omgdi:waypoint>
        <bpmndi:BPMNLabel>
          <omgdc:Bounds height="14.0" width="54.0" x="385.0" y="463.0"></omgdc:Bounds>
        </bpmndi:BPMNLabel>
      </bpmndi:BPMNEdge>
      <bpmndi:BPMNEdge bpmnElement="SequenceFlow_0eirshx" id="BPMNEdge_SequenceFlow_0eirshx">
        <omgdi:waypoint x="550.0" y="548.0"></omgdi:waypoint>
        <omgdi:waypoint x="550.0" y="748.0"></omgdi:waypoint>
        <omgdi:waypoint x="990.0" y="748.0"></omgdi:waypoint>
        <omgdi:waypoint x="990.0" y="720.0"></omgdi:waypoint>
      </bpmndi:BPMNEdge>
      <bpmndi:BPMNEdge bpmnElement="SequenceFlow_07t2ttv" id="BPMNEdge_SequenceFlow_07t2ttv">
        <omgdi:waypoint x="570.0" y="490.0"></omgdi:waypoint>
        <omgdi:waypoint x="610.0" y="490.0"></omgdi:waypoint>
        <omgdi:waypoint x="610.0" y="530.0"></omgdi:waypoint>
        <omgdi:waypoint x="900.0" y="530.0"></omgdi:waypoint>
        <omgdi:waypoint x="900.0" y="500.0"></omgdi:waypoint>
      </bpmndi:BPMNEdge>
      <bpmndi:BPMNEdge bpmnElement="SequenceFlow_08rjcz8" id="BPMNEdge_SequenceFlow_08rjcz8">
        <omgdi:waypoint x="370.0" y="565.0"></omgdi:waypoint>
        <omgdi:waypoint x="370.0" y="820.0"></omgdi:waypoint>
        <omgdi:waypoint x="490.0" y="820.0"></omgdi:waypoint>
        <bpmndi:BPMNLabel>
          <omgdc:Bounds height="14.0" width="62.0" x="389.0" y="793.0"></omgdc:Bounds>
        </bpmndi:BPMNLabel>
      </bpmndi:BPMNEdge>
      <bpmndi:BPMNEdge bpmnElement="SequenceFlow_02iz9by" id="BPMNEdge_SequenceFlow_02iz9by">
        <omgdi:waypoint x="590.0" y="820.0"></omgdi:waypoint>
        <omgdi:waypoint x="650.0" y="820.0"></omgdi:waypoint>
        <omgdi:waypoint x="650.0" y="460.0"></omgdi:waypoint>
        <omgdi:waypoint x="850.0" y="460.0"></omgdi:waypoint>
      </bpmndi:BPMNEdge>
      <bpmndi:BPMNEdge bpmnElement="SequenceFlow_1p5yf9e" id="BPMNEdge_SequenceFlow_1p5yf9e">
        <omgdi:waypoint x="570.0" y="878.0"></omgdi:waypoint>
        <omgdi:waypoint x="570.0" y="898.0"></omgdi:waypoint>
        <omgdi:waypoint x="1020.0" y="898.0"></omgdi:waypoint>
        <omgdi:waypoint x="1020.0" y="720.0"></omgdi:waypoint>
      </bpmndi:BPMNEdge>
    </bpmndi:BPMNPlane>
  </bpmndi:BPMNDiagram>
</bpmn2:definitions>