{"id":"process-86957877-81b9-4eb5-8b3f-35daee2140cb","type":"PROCESS","name":"script-query-process","key":"script-query-process","extensions":{"Process_UtlHiF50Y":{"constants":{"ServiceTask_0sqpfkf":{"_activiti_script_":{"value":"execute-query"}},"ServiceTask_1cwb6ee":{"_activiti_script_":{"value":"unset-error"}},"ServiceTask_1kole03":{"_activiti_script_":{"value":"set-error"}}},"mappings":{"ServiceTask_0sqpfkf":{"outputs":{"result":{"type":"variable","value":"name"}}},"ServiceTask_1cwb6ee":{"outputs":{"error":{"type":"variable","value":"error"}}},"ServiceTask_1kole03":{"outputs":{"error":{"type":"variable","value":"error"}}}},"properties":{"bbdcbef0-c85d-4d73-be95-5b9744d277d5":{"id":"bbdcbef0-c85d-4d73-be95-5b9744d277d5","name":"result","type":"string","analytics":false,"required":false,"model":{"$ref":"#/$defs/primitive/string"}},"e18e9c45-1efb-4e47-ab2a-dd33a9f42cc3":{"id":"e18e9c45-1efb-4e47-ab2a-dd33a9f42cc3","name":"error","type":"string","analytics":false,"required":false,"model":{"$ref":"#/$defs/primitive/string"},"value":"initial"}},"assignments":{},"templates":{"tasks":{},"default":{}}}}}