<?xml version="1.0" encoding="UTF-8"?>
<bpmn2:definitions xmlns="http://www.omg.org/spec/BPMN/20100524/MODEL" xmlns:bpmn2="http://www.omg.org/spec/BPMN/20100524/MODEL" xmlns:xsi="http://www.w3.org/2001/XMLSchema-instance" xmlns:xsd="http://www.w3.org/2001/XMLSchema" xmlns:activiti="http://activiti.org/bpmn" xmlns:bpmndi="http://www.omg.org/spec/BPMN/20100524/DI" xmlns:omgdc="http://www.omg.org/spec/DD/20100524/DC" xmlns:omgdi="http://www.omg.org/spec/DD/20100524/DI" typeLanguage="http://www.w3.org/2001/XMLSchema" expressionLanguage="http://www.w3.org/1999/XPath" targetNamespace="DMN Scripts" id="model-2e238f62-9f69-43fb-93df-f48a075755fb" name="script-error-process" xsi:schemaLocation="http://www.omg.org/spec/BPMN/20100524/MODEL BPMN20.xsd">
  <bpmn2:process id="Process_rZDaHBQRY" name="script-error-process" isExecutable="true">
    <bpmn2:startEvent id="Event_1">
      <bpmn2:outgoing>SequenceFlow_0l96n4s</bpmn2:outgoing>
    </bpmn2:startEvent>
    <bpmn2:serviceTask id="ServiceTask_18866fj" name="scriptTask" implementation="script.EXECUTE">
      <bpmn2:incoming>SequenceFlow_0l96n4s</bpmn2:incoming>
      <bpmn2:outgoing>SequenceFlow_0upfsvw</bpmn2:outgoing>
    </bpmn2:serviceTask>
    <bpmn2:sequenceFlow id="SequenceFlow_0l96n4s" sourceRef="Event_1" targetRef="ServiceTask_18866fj"></bpmn2:sequenceFlow>
    <bpmn2:userTask id="UserTask_0iyl0si" name="getVarsTask" activiti:assignee="hruser">
      <bpmn2:incoming>SequenceFlow_0xr5ssx</bpmn2:incoming>
      <bpmn2:incoming>SequenceFlow_1lsu3ta</bpmn2:incoming>
      <bpmn2:outgoing>SequenceFlow_07e21yd</bpmn2:outgoing>
    </bpmn2:userTask>
    <bpmn2:endEvent id="EndEvent_0eaq5fl">
      <bpmn2:incoming>SequenceFlow_07e21yd</bpmn2:incoming>
    </bpmn2:endEvent>
    <bpmn2:sequenceFlow id="SequenceFlow_07e21yd" sourceRef="UserTask_0iyl0si" targetRef="EndEvent_0eaq5fl"></bpmn2:sequenceFlow>
    <bpmn2:boundaryEvent id="IntermediateThrowEvent_054hsa3" attachedToRef="ServiceTask_18866fj">
      <bpmn2:outgoing>SequenceFlow_0vqd0az</bpmn2:outgoing>
      <errorEventDefinition></errorEventDefinition>
    </bpmn2:boundaryEvent>
    <bpmn2:serviceTask id="ServiceTask_1uqphik" name="unsetError" implementation="script.EXECUTE">
      <bpmn2:incoming>SequenceFlow_0upfsvw</bpmn2:incoming>
      <bpmn2:outgoing>SequenceFlow_0xr5ssx</bpmn2:outgoing>
    </bpmn2:serviceTask>
    <bpmn2:sequenceFlow id="SequenceFlow_0upfsvw" sourceRef="ServiceTask_18866fj" targetRef="ServiceTask_1uqphik"></bpmn2:sequenceFlow>
    <bpmn2:sequenceFlow id="SequenceFlow_0xr5ssx" sourceRef="ServiceTask_1uqphik" targetRef="UserTask_0iyl0si"></bpmn2:sequenceFlow>
    <bpmn2:serviceTask id="ServiceTask_0h1kzdv" name="setError" implementation="script.EXECUTE">
      <bpmn2:incoming>SequenceFlow_0vqd0az</bpmn2:incoming>
      <bpmn2:outgoing>SequenceFlow_1lsu3ta</bpmn2:outgoing>
    </bpmn2:serviceTask>
    <bpmn2:sequenceFlow id="SequenceFlow_1lsu3ta" sourceRef="ServiceTask_0h1kzdv" targetRef="UserTask_0iyl0si"></bpmn2:sequenceFlow>
    <bpmn2:sequenceFlow id="SequenceFlow_0vqd0az" sourceRef="IntermediateThrowEvent_054hsa3" targetRef="ServiceTask_0h1kzdv"></bpmn2:sequenceFlow>
  </bpmn2:process>
  <bpmndi:BPMNDiagram id="BPMNDiagram_Process_rZDaHBQRY">
    <bpmndi:BPMNPlane bpmnElement="Process_rZDaHBQRY" id="BPMNPlane_Process_rZDaHBQRY">
      <bpmndi:BPMNShape bpmnElement="Event_1" id="BPMNShape_Event_1">
        <omgdc:Bounds height="36.0" width="36.0" x="412.0" y="240.0"></omgdc:Bounds>
      </bpmndi:BPMNShape>
      <bpmndi:BPMNShape bpmnElement="ServiceTask_18866fj" id="BPMNShape_ServiceTask_18866fj">
        <omgdc:Bounds height="80.0" width="100.0" x="500.0" y="218.0"></omgdc:Bounds>
      </bpmndi:BPMNShape>
      <bpmndi:BPMNShape bpmnElement="UserTask_0iyl0si" id="BPMNShape_UserTask_0iyl0si">
        <omgdc:Bounds height="80.0" width="100.0" x="870.0" y="218.0"></omgdc:Bounds>
      </bpmndi:BPMNShape>
      <bpmndi:BPMNShape bpmnElement="EndEvent_0eaq5fl" id="BPMNShape_EndEvent_0eaq5fl">
        <omgdc:Bounds height="36.0" width="36.0" x="1052.0" y="240.0"></omgdc:Bounds>
      </bpmndi:BPMNShape>
      <bpmndi:BPMNShape bpmnElement="ServiceTask_1uqphik" id="BPMNShape_ServiceTask_1uqphik">
        <omgdc:Bounds height="80.0" width="100.0" x="680.0" y="218.0"></omgdc:Bounds>
      </bpmndi:BPMNShape>
      <bpmndi:BPMNShape bpmnElement="ServiceTask_0h1kzdv" id="BPMNShape_ServiceTask_0h1kzdv">
        <omgdc:Bounds height="80.0" width="100.0" x="680.0" y="340.0"></omgdc:Bounds>
      </bpmndi:BPMNShape>
      <bpmndi:BPMNShape bpmnElement="IntermediateThrowEvent_054hsa3" id="BPMNShape_IntermediateThrowEvent_054hsa3">
        <omgdc:Bounds height="36.0" width="36.0" x="532.0" y="280.0"></omgdc:Bounds>
      </bpmndi:BPMNShape>
      <bpmndi:BPMNEdge bpmnElement="SequenceFlow_0l96n4s" id="BPMNEdge_SequenceFlow_0l96n4s">
        <omgdi:waypoint x="448.0" y="258.0"></omgdi:waypoint>
        <omgdi:waypoint x="500.0" y="258.0"></omgdi:waypoint>
      </bpmndi:BPMNEdge>
      <bpmndi:BPMNEdge bpmnElement="SequenceFlow_07e21yd" id="BPMNEdge_SequenceFlow_07e21yd">
        <omgdi:waypoint x="970.0" y="258.0"></omgdi:waypoint>
        <omgdi:waypoint x="1052.0" y="258.0"></omgdi:waypoint>
      </bpmndi:BPMNEdge>
      <bpmndi:BPMNEdge bpmnElement="SequenceFlow_0upfsvw" id="BPMNEdge_SequenceFlow_0upfsvw">
        <omgdi:waypoint x="600.0" y="258.0"></omgdi:waypoint>
        <omgdi:waypoint x="680.0" y="258.0"></omgdi:waypoint>
      </bpmndi:BPMNEdge>
      <bpmndi:BPMNEdge bpmnElement="SequenceFlow_0xr5ssx" id="BPMNEdge_SequenceFlow_0xr5ssx">
        <omgdi:waypoint x="780.0" y="258.0"></omgdi:waypoint>
        <omgdi:waypoint x="870.0" y="258.0"></omgdi:waypoint>
      </bpmndi:BPMNEdge>
      <bpmndi:BPMNEdge bpmnElement="SequenceFlow_1lsu3ta" id="BPMNEdge_SequenceFlow_1lsu3ta">
        <omgdi:waypoint x="780.0" y="380.0"></omgdi:waypoint>
        <omgdi:waypoint x="825.0" y="380.0"></omgdi:waypoint>
        <omgdi:waypoint x="825.0" y="288.0"></omgdi:waypoint>
        <omgdi:waypoint x="870.0" y="288.0"></omgdi:waypoint>
      </bpmndi:BPMNEdge>
      <bpmndi:BPMNEdge bpmnElement="SequenceFlow_0vqd0az" id="BPMNEdge_SequenceFlow_0vqd0az">
        <omgdi:waypoint x="550.0" y="316.0"></omgdi:waypoint>
        <omgdi:waypoint x="550.0" y="380.0"></omgdi:waypoint>
        <omgdi:waypoint x="680.0" y="380.0"></omgdi:waypoint>
      </bpmndi:BPMNEdge>
    </bpmndi:BPMNPlane>
  </bpmndi:BPMNDiagram>
</bpmn2:definitions>