<?xml version="1.0" encoding="UTF-8"?>
<bpmn2:definitions xmlns:bpmn2="http://www.omg.org/spec/BPMN/20100524/MODEL" xmlns:xsi="http://www.w3.org/2001/XMLSchema-instance" xmlns:activiti="http://activiti.org/bpmn" xmlns:bpmndi="http://www.omg.org/spec/BPMN/20100524/DI" xmlns:omgdc="http://www.omg.org/spec/DD/20100524/DC" xmlns:omgdi="http://www.omg.org/spec/DD/20100524/DI" xmlns:xsd="http://www.w3.org/2001/XMLSchema" id="model-2e238f62-9f69-43fb-93df-f48a075755fb" name="script-query-binding" targetNamespace="DMN Scripts" xsi:schemaLocation="http://www.omg.org/spec/BPMN/20100524/MODEL BPMN20.xsd">
  <bpmn2:process id="Process_eVE4fI7R" name="script-query-binding" isExecutable="true">
    <bpmn2:startEvent id="Event_1">
      <bpmn2:outgoing>SequenceFlow_0l96n4s</bpmn2:outgoing>
    </bpmn2:startEvent>
    <bpmn2:serviceTask id="ServiceTask_18866fj" name="scriptTask" implementation="script.EXECUTE">
      <bpmn2:incoming>SequenceFlow_0l96n4s</bpmn2:incoming>
      <bpmn2:outgoing>SequenceFlow_0upfsvw</bpmn2:outgoing>
    </bpmn2:serviceTask>
    <bpmn2:sequenceFlow id="SequenceFlow_0l96n4s" sourceRef="Event_1" targetRef="ServiceTask_18866fj" />
    <bpmn2:userTask id="UserTask_0iyl0si" name="getVarsTask" activiti:assignee="hruser">
      <bpmn2:incoming>SequenceFlow_0xr5ssx</bpmn2:incoming>
      <bpmn2:incoming>SequenceFlow_1lsu3ta</bpmn2:incoming>
      <bpmn2:outgoing>SequenceFlow_07e21yd</bpmn2:outgoing>
    </bpmn2:userTask>
    <bpmn2:endEvent id="EndEvent_0eaq5fl">
      <bpmn2:incoming>SequenceFlow_07e21yd</bpmn2:incoming>
    </bpmn2:endEvent>
    <bpmn2:sequenceFlow id="SequenceFlow_07e21yd" sourceRef="UserTask_0iyl0si" targetRef="EndEvent_0eaq5fl" />
    <bpmn2:boundaryEvent id="IntermediateThrowEvent_054hsa3" attachedToRef="ServiceTask_18866fj">
      <bpmn2:outgoing>SequenceFlow_0vqd0az</bpmn2:outgoing>
      <bpmn2:errorEventDefinition />
    </bpmn2:boundaryEvent>
    <bpmn2:serviceTask id="ServiceTask_1uqphik" name="unsetError" implementation="script.EXECUTE">
      <bpmn2:incoming>SequenceFlow_0upfsvw</bpmn2:incoming>
      <bpmn2:outgoing>SequenceFlow_0xr5ssx</bpmn2:outgoing>
    </bpmn2:serviceTask>
    <bpmn2:sequenceFlow id="SequenceFlow_0upfsvw" sourceRef="ServiceTask_18866fj" targetRef="ServiceTask_1uqphik" />
    <bpmn2:sequenceFlow id="SequenceFlow_0xr5ssx" sourceRef="ServiceTask_1uqphik" targetRef="UserTask_0iyl0si" />
    <bpmn2:serviceTask id="ServiceTask_0h1kzdv" name="setError" implementation="script.EXECUTE">
      <bpmn2:incoming>SequenceFlow_0vqd0az</bpmn2:incoming>
      <bpmn2:outgoing>SequenceFlow_1lsu3ta</bpmn2:outgoing>
    </bpmn2:serviceTask>
    <bpmn2:sequenceFlow id="SequenceFlow_1lsu3ta" sourceRef="ServiceTask_0h1kzdv" targetRef="UserTask_0iyl0si" />
    <bpmn2:sequenceFlow id="SequenceFlow_0vqd0az" sourceRef="IntermediateThrowEvent_054hsa3" targetRef="ServiceTask_0h1kzdv" />
  </bpmn2:process>
  <bpmndi:BPMNDiagram id="BPMNDiagram_Process_rZDaHBQRY">
    <bpmndi:BPMNPlane id="BPMNPlane_Process_rZDaHBQRY" bpmnElement="Process_eVE4fI7R">
      <bpmndi:BPMNShape id="BPMNShape_Event_1" bpmnElement="Event_1">
        <omgdc:Bounds x="412" y="240" width="36" height="36" />
      </bpmndi:BPMNShape>
      <bpmndi:BPMNShape id="BPMNShape_ServiceTask_18866fj" bpmnElement="ServiceTask_18866fj">
        <omgdc:Bounds x="500" y="218" width="100" height="80" />
      </bpmndi:BPMNShape>
      <bpmndi:BPMNShape id="BPMNShape_UserTask_0iyl0si" bpmnElement="UserTask_0iyl0si">
        <omgdc:Bounds x="870" y="218" width="100" height="80" />
      </bpmndi:BPMNShape>
      <bpmndi:BPMNShape id="BPMNShape_EndEvent_0eaq5fl" bpmnElement="EndEvent_0eaq5fl">
        <omgdc:Bounds x="1052" y="240" width="36" height="36" />
      </bpmndi:BPMNShape>
      <bpmndi:BPMNShape id="BPMNShape_ServiceTask_1uqphik" bpmnElement="ServiceTask_1uqphik">
        <omgdc:Bounds x="680" y="218" width="100" height="80" />
      </bpmndi:BPMNShape>
      <bpmndi:BPMNShape id="BPMNShape_ServiceTask_0h1kzdv" bpmnElement="ServiceTask_0h1kzdv">
        <omgdc:Bounds x="680" y="340" width="100" height="80" />
      </bpmndi:BPMNShape>
      <bpmndi:BPMNShape id="BPMNShape_IntermediateThrowEvent_054hsa3" bpmnElement="IntermediateThrowEvent_054hsa3">
        <omgdc:Bounds x="532" y="280" width="36" height="36" />
      </bpmndi:BPMNShape>
      <bpmndi:BPMNEdge id="BPMNEdge_SequenceFlow_0l96n4s" bpmnElement="SequenceFlow_0l96n4s">
        <omgdi:waypoint x="448" y="258" />
        <omgdi:waypoint x="500" y="258" />
      </bpmndi:BPMNEdge>
      <bpmndi:BPMNEdge id="BPMNEdge_SequenceFlow_07e21yd" bpmnElement="SequenceFlow_07e21yd">
        <omgdi:waypoint x="970" y="258" />
        <omgdi:waypoint x="1052" y="258" />
      </bpmndi:BPMNEdge>
      <bpmndi:BPMNEdge id="BPMNEdge_SequenceFlow_0upfsvw" bpmnElement="SequenceFlow_0upfsvw">
        <omgdi:waypoint x="600" y="258" />
        <omgdi:waypoint x="680" y="258" />
      </bpmndi:BPMNEdge>
      <bpmndi:BPMNEdge id="BPMNEdge_SequenceFlow_0xr5ssx" bpmnElement="SequenceFlow_0xr5ssx">
        <omgdi:waypoint x="780" y="258" />
        <omgdi:waypoint x="870" y="258" />
      </bpmndi:BPMNEdge>
      <bpmndi:BPMNEdge id="BPMNEdge_SequenceFlow_1lsu3ta" bpmnElement="SequenceFlow_1lsu3ta">
        <omgdi:waypoint x="780" y="380" />
        <omgdi:waypoint x="825" y="380" />
        <omgdi:waypoint x="825" y="288" />
        <omgdi:waypoint x="870" y="288" />
      </bpmndi:BPMNEdge>
      <bpmndi:BPMNEdge id="BPMNEdge_SequenceFlow_0vqd0az" bpmnElement="SequenceFlow_0vqd0az">
        <omgdi:waypoint x="550" y="316" />
        <omgdi:waypoint x="550" y="380" />
        <omgdi:waypoint x="680" y="380" />
      </bpmndi:BPMNEdge>
    </bpmndi:BPMNPlane>
  </bpmndi:BPMNDiagram>
</bpmn2:definitions>
