{"id":"process-5e4cef53-f47e-46f1-968b-2104152ff414","type":"PROCESS","name":"script-acs-process","extensions":{"Process_DEfPbq5K-":{"constants":{"ServiceTask_0sqpfkf":{"_activiti_script_":{"value":"create-group"}},"ServiceTask_1cwb6ee":{"_activiti_script_":{"value":"unset-error"}},"ServiceTask_1kole03":{"_activiti_script_":{"value":"set-error"}},"ServiceTask_0pd6hfo":{"_activiti_script_":{"value":"create-site"}},"ServiceTask_1pajpar":{"_activiti_script_":{"value":"create-node-acs"}}},"mappings":{"ServiceTask_1kole03":{"outputs":{"error":{"type":"variable","value":"error"}}},"ServiceTask_1cwb6ee":{"outputs":{"error":{"type":"variable","value":"error"}}},"ServiceTask_0sqpfkf":{"outputs":{"result":{"type":"variable","value":"output"}}},"ServiceTask_0pd6hfo":{"outputs":{"result":{"type":"variable","value":"title"}}},"ServiceTask_1pajpar":{"outputs":{"result":{"type":"variable","value":"nodeId"}}}},"properties":{"10e4198b-2095-4a54-b049-6d2615b95e1f":{"id":"10e4198b-2095-4a54-b049-6d2615b95e1f","name":"result","type":"string","required":false,"model":{"$ref":"#/$defs/primitive/string"}},"f4e03205-9561-4677-9374-dad582c74068":{"id":"f4e03205-9561-4677-9374-dad582c74068","name":"error","type":"string","required":false,"model":{"$ref":"#/$defs/primitive/string"},"value":"initial"},"b34d6142-e975-4ff3-974e-6a24187327bd":{"id":"b34d6142-e975-4ff3-974e-6a24187327bd","name":"action","type":"string","required":false,"model":{"$ref":"#/$defs/primitive/string"}}},"assignments":{}}}}