<?xml version="1.0" encoding="UTF-8"?>
<bpmn2:definitions xmlns="http://www.omg.org/spec/BPMN/20100524/MODEL" xmlns:bpmn2="http://www.omg.org/spec/BPMN/20100524/MODEL" xmlns:xsi="http://www.w3.org/2001/XMLSchema-instance" xmlns:xsd="http://www.w3.org/2001/XMLSchema" xmlns:activiti="http://activiti.org/bpmn" xmlns:bpmndi="http://www.omg.org/spec/BPMN/20100524/DI" xmlns:omgdc="http://www.omg.org/spec/DD/20100524/DC" xmlns:omgdi="http://www.omg.org/spec/DD/20100524/DI" typeLanguage="http://www.w3.org/2001/XMLSchema" expressionLanguage="http://www.w3.org/1999/XPath" targetNamespace="ACS Script Tests" id="model-29046f3a-e4c4-496b-a471-4332be3f786d" name="script-node-process" xsi:schemaLocation="http://www.omg.org/spec/BPMN/20100524/MODEL BPMN20.xsd">
  <bpmn2:process id="Process_QVRSj-92t" name="script-node-process" isExecutable="true">
    <bpmn2:startEvent id="Event_1">
      <bpmn2:outgoing>SequenceFlow_1707jjw</bpmn2:outgoing>
    </bpmn2:startEvent>
    <bpmn2:serviceTask id="ServiceTask_0sqpfkf" name="scriptTask" implementation="script.EXECUTE">
      <bpmn2:incoming>SequenceFlow_1707jjw</bpmn2:incoming>
      <bpmn2:outgoing>SequenceFlow_0mv5ytp</bpmn2:outgoing>
    </bpmn2:serviceTask>
    <bpmn2:sequenceFlow id="SequenceFlow_1707jjw" sourceRef="Event_1" targetRef="ServiceTask_0sqpfkf"></bpmn2:sequenceFlow>
    <bpmn2:serviceTask id="ServiceTask_1cwb6ee" name="unsetError" implementation="script.EXECUTE">
      <bpmn2:incoming>SequenceFlow_0mv5ytp</bpmn2:incoming>
      <bpmn2:outgoing>SequenceFlow_11y6zmi</bpmn2:outgoing>
    </bpmn2:serviceTask>
    <bpmn2:userTask id="UserTask_0f9tmf0" name="getVarsTask" activiti:assignee="${initiator}" activiti:priority="0">
      <bpmn2:incoming>SequenceFlow_0x7he5r</bpmn2:incoming>
      <bpmn2:incoming>SequenceFlow_11y6zmi</bpmn2:incoming>
      <bpmn2:outgoing>SequenceFlow_0a32sal</bpmn2:outgoing>
    </bpmn2:userTask>
    <bpmn2:endEvent id="EndEvent_04z9nio">
      <bpmn2:incoming>SequenceFlow_0a32sal</bpmn2:incoming>
    </bpmn2:endEvent>
    <bpmn2:sequenceFlow id="SequenceFlow_0a32sal" sourceRef="UserTask_0f9tmf0" targetRef="EndEvent_04z9nio"></bpmn2:sequenceFlow>
    <bpmn2:boundaryEvent id="IntermediateThrowEvent_1kbgcz5" attachedToRef="ServiceTask_0sqpfkf">
      <bpmn2:outgoing>SequenceFlow_1am24z6</bpmn2:outgoing>
      <errorEventDefinition></errorEventDefinition>
    </bpmn2:boundaryEvent>
    <bpmn2:serviceTask id="ServiceTask_1kole03" name="setError" implementation="script.EXECUTE">
      <bpmn2:incoming>SequenceFlow_1am24z6</bpmn2:incoming>
      <bpmn2:outgoing>SequenceFlow_0x7he5r</bpmn2:outgoing>
    </bpmn2:serviceTask>
    <bpmn2:sequenceFlow id="SequenceFlow_1am24z6" sourceRef="IntermediateThrowEvent_1kbgcz5" targetRef="ServiceTask_1kole03"></bpmn2:sequenceFlow>
    <bpmn2:sequenceFlow id="SequenceFlow_0x7he5r" sourceRef="ServiceTask_1kole03" targetRef="UserTask_0f9tmf0"></bpmn2:sequenceFlow>
    <bpmn2:sequenceFlow id="SequenceFlow_11y6zmi" sourceRef="ServiceTask_1cwb6ee" targetRef="UserTask_0f9tmf0"></bpmn2:sequenceFlow>
    <bpmn2:sequenceFlow id="SequenceFlow_0mv5ytp" sourceRef="ServiceTask_0sqpfkf" targetRef="ServiceTask_1cwb6ee"></bpmn2:sequenceFlow>
  </bpmn2:process>
  <bpmndi:BPMNDiagram id="BPMNDiagram_Process_QVRSj-92t">
    <bpmndi:BPMNPlane bpmnElement="Process_QVRSj-92t" id="BPMNPlane_Process_QVRSj-92t">
      <bpmndi:BPMNShape bpmnElement="Event_1" id="BPMNShape_Event_1">
        <omgdc:Bounds height="36.0" width="36.0" x="412.0" y="252.0"></omgdc:Bounds>
      </bpmndi:BPMNShape>
      <bpmndi:BPMNShape bpmnElement="ServiceTask_0sqpfkf" id="BPMNShape_ServiceTask_0sqpfkf">
        <omgdc:Bounds height="80.0" width="100.0" x="480.0" y="230.0"></omgdc:Bounds>
      </bpmndi:BPMNShape>
      <bpmndi:BPMNShape bpmnElement="ServiceTask_1cwb6ee" id="BPMNShape_ServiceTask_1cwb6ee">
        <omgdc:Bounds height="80.0" width="100.0" x="630.0" y="230.0"></omgdc:Bounds>
      </bpmndi:BPMNShape>
      <bpmndi:BPMNShape bpmnElement="UserTask_0f9tmf0" id="BPMNShape_UserTask_0f9tmf0">
        <omgdc:Bounds height="80.0" width="100.0" x="780.0" y="230.0"></omgdc:Bounds>
      </bpmndi:BPMNShape>
      <bpmndi:BPMNShape bpmnElement="EndEvent_04z9nio" id="BPMNShape_EndEvent_04z9nio">
        <omgdc:Bounds height="36.0" width="36.0" x="922.0" y="252.0"></omgdc:Bounds>
      </bpmndi:BPMNShape>
      <bpmndi:BPMNShape bpmnElement="ServiceTask_1kole03" id="BPMNShape_ServiceTask_1kole03">
        <omgdc:Bounds height="80.0" width="100.0" x="630.0" y="350.0"></omgdc:Bounds>
      </bpmndi:BPMNShape>
      <bpmndi:BPMNShape bpmnElement="IntermediateThrowEvent_1kbgcz5" id="BPMNShape_IntermediateThrowEvent_1kbgcz5">
        <omgdc:Bounds height="36.0" width="36.0" x="512.0" y="292.0"></omgdc:Bounds>
      </bpmndi:BPMNShape>
      <bpmndi:BPMNEdge bpmnElement="SequenceFlow_1707jjw" id="BPMNEdge_SequenceFlow_1707jjw">
        <omgdi:waypoint x="448.0" y="270.0"></omgdi:waypoint>
        <omgdi:waypoint x="480.0" y="270.0"></omgdi:waypoint>
      </bpmndi:BPMNEdge>
      <bpmndi:BPMNEdge bpmnElement="SequenceFlow_0a32sal" id="BPMNEdge_SequenceFlow_0a32sal">
        <omgdi:waypoint x="880.0" y="270.0"></omgdi:waypoint>
        <omgdi:waypoint x="922.0" y="270.0"></omgdi:waypoint>
      </bpmndi:BPMNEdge>
      <bpmndi:BPMNEdge bpmnElement="SequenceFlow_1am24z6" id="BPMNEdge_SequenceFlow_1am24z6">
        <omgdi:waypoint x="530.0" y="328.0"></omgdi:waypoint>
        <omgdi:waypoint x="530.0" y="420.0"></omgdi:waypoint>
        <omgdi:waypoint x="630.0" y="420.0"></omgdi:waypoint>
      </bpmndi:BPMNEdge>
      <bpmndi:BPMNEdge bpmnElement="SequenceFlow_0x7he5r" id="BPMNEdge_SequenceFlow_0x7he5r">
        <omgdi:waypoint x="730.0" y="390.0"></omgdi:waypoint>
        <omgdi:waypoint x="755.0" y="390.0"></omgdi:waypoint>
        <omgdi:waypoint x="755.0" y="300.0"></omgdi:waypoint>
        <omgdi:waypoint x="780.0" y="300.0"></omgdi:waypoint>
      </bpmndi:BPMNEdge>
      <bpmndi:BPMNEdge bpmnElement="SequenceFlow_11y6zmi" id="BPMNEdge_SequenceFlow_11y6zmi">
        <omgdi:waypoint x="730.0" y="270.0"></omgdi:waypoint>
        <omgdi:waypoint x="780.0" y="270.0"></omgdi:waypoint>
      </bpmndi:BPMNEdge>
      <bpmndi:BPMNEdge bpmnElement="SequenceFlow_0mv5ytp" id="BPMNEdge_SequenceFlow_0mv5ytp">
        <omgdi:waypoint x="580.0" y="270.0"></omgdi:waypoint>
        <omgdi:waypoint x="630.0" y="270.0"></omgdi:waypoint>
      </bpmndi:BPMNEdge>
    </bpmndi:BPMNPlane>
  </bpmndi:BPMNDiagram>
</bpmn2:definitions>