{"id":"process-59dfca06-e07b-45c4-a0fb-3c27e6800999","type":"PROCESS","name":"script-query-binding","extensions":{"Process_eVE4fI7R":{"constants":{"ServiceTask_18866fj":{"_activiti_script_":{"value":"query-binding"}},"ServiceTask_0h1kzdv":{"_activiti_script_":{"value":"set-error"}},"ServiceTask_1uqphik":{"_activiti_script_":{"value":"unset-error"}}},"mappings":{"ServiceTask_18866fj":{"inputs":{"processInstanceId":{"type":"value","value":"${execution.getProcessInstanceId()}"}},"outputs":{"result":{"type":"variable","value":"processDefinitionName"}}},"ServiceTask_0h1kzdv":{"outputs":{"error":{"type":"variable","value":"error"}}},"ServiceTask_1uqphik":{"outputs":{"error":{"type":"variable","value":"error"}}}},"properties":{"3b12e1be-d68e-4ccb-a2c2-fd85b93049f4":{"id":"3b12e1be-d68e-4ccb-a2c2-fd85b93049f4","name":"error","type":"string","analytics":false,"required":false,"model":{"$ref":"#/$defs/primitive/string"},"value":"initial"},"d7eb1bee-b754-424e-bd07-94cc868126fd":{"id":"d7eb1bee-b754-424e-bd07-94cc868126fd","name":"result","type":"string","analytics":false,"required":false,"model":{"$ref":"#/$defs/primitive/string"}}},"assignments":{},"templates":{"tasks":{},"default":{}}}}}