{"id":"process-48b62326-39fc-4236-841e-a98663f15479","type":"PROCESS","name":"script-error-process","key":"script-error-process","extensions":{"Process_rZDaHBQRY":{"constants":{"ServiceTask_18866fj":{"_activiti_script_":{"value":"error-script"}},"ServiceTask_0h1kzdv":{"_activiti_script_":{"value":"set-error"}},"ServiceTask_1uqphik":{"_activiti_script_":{"value":"unset-error"}}},"mappings":{"ServiceTask_18866fj":{},"ServiceTask_0h1kzdv":{"outputs":{"error":{"type":"variable","value":"error"}}},"ServiceTask_1uqphik":{"outputs":{"error":{"type":"variable","value":"error"}}}},"properties":{"3b12e1be-d68e-4ccb-a2c2-fd85b93049f4":{"id":"3b12e1be-d68e-4ccb-a2c2-fd85b93049f4","name":"error","type":"string","analytics":false,"required":false,"model":{"$ref":"#/$defs/primitive/string"},"value":"initial"}},"assignments":{},"templates":{"tasks":{},"default":{}}}}}