{"id":"process-7c764cc5-7ae7-49d1-8d11-4b5535f8aace","type":"PROCESS","name":"script-tag-process","extensions":{"Process_MJpWQ9Uzp":{"constants":{"ServiceTask_0sqpfkf":{"_activiti_script_":{"value":"create-tag"}},"ServiceTask_1cwb6ee":{"_activiti_script_":{"value":"unset-error"}},"ServiceTask_1kole03":{"_activiti_script_":{"value":"set-error"}}},"mappings":{"ServiceTask_0sqpfkf":{"outputs":{"node":{"type":"variable","value":"output"},"tags":{"type":"variable","value":"tags"},"tagsForNode":{"type":"variable","value":"tagsForNode"}}},"ServiceTask_1cwb6ee":{"outputs":{"error":{"type":"variable","value":"error"}}},"ServiceTask_1kole03":{"outputs":{"error":{"type":"variable","value":"error"}}}},"properties":{"f2f6c96a-e7fb-4c47-8987-3ea8f8004190":{"id":"f2f6c96a-e7fb-4c47-8987-3ea8f8004190","name":"node","type":"json","analytics":false,"required":false,"model":{"$ref":"#/$defs/primitive/json"},"value":{}},"bb6cb10e-9cb9-4e35-ac60-95d690885755":{"id":"bb6cb10e-9cb9-4e35-ac60-95d690885755","name":"error","type":"string","analytics":false,"required":false,"model":{"$ref":"#/$defs/primitive/string"},"value":"initial"},"6b34d484-edde-43a9-9b28-414749b43219":{"id":"6b34d484-edde-43a9-9b28-414749b43219","name":"tags","type":"json","analytics":false,"required":false,"model":{"$ref":"#/$defs/primitive/json"},"value":{}},"051eac9e-8c4f-4ad1-9963-cad41f0faa54":{"id":"051eac9e-8c4f-4ad1-9963-cad41f0faa54","name":"tagsForNode","type":"json","analytics":false,"required":false,"model":{"$ref":"#/$defs/primitive/json"},"value":{}}},"assignments":{},"templates":{"tasks":{},"default":{}}}}}