{"id":"process-66dd8677-32ea-4636-a4e9-dfc5fad7962b","type":"PROCESS","name":"script-action-process","extensions":{"Process_y0rYgTY9F":{"constants":{"ServiceTask_0sqpfkf":{"_activiti_script_":{"value":"execute-action"}},"ServiceTask_1kole03":{"_activiti_script_":{"value":"set-error"}},"ServiceTask_1cwb6ee":{"_activiti_script_":{"value":"unset-error"}}},"mappings":{"ServiceTask_0sqpfkf":{"outputs":{"result":{"type":"variable","value":"output"}}},"ServiceTask_1kole03":{"outputs":{"error":{"type":"variable","value":"error"}}},"ServiceTask_1cwb6ee":{"outputs":{"error":{"type":"variable","value":"error"}}}},"properties":{"09e071e4-c0ae-4357-92b8-9ac1fbca57a8":{"id":"09e071e4-c0ae-4357-92b8-9ac1fbca57a8","name":"result","type":"json","analytics":false,"required":false,"model":{"$ref":"#/$defs/primitive/json"},"value":{}},"edef1b16-0280-4090-8dce-eafc49c7d450":{"id":"edef1b16-0280-4090-8dce-eafc49c7d450","name":"error","type":"string","analytics":false,"required":false,"model":{"$ref":"#/$defs/primitive/string"},"value":"initial"}},"assignments":{},"templates":{"tasks":{},"default":{}}}}}