{"id":"process-64224158-09e7-4879-a8b8-fb8385c4a12f","type":"PROCESS","name":"script-process","key":"script-process","extensions":{"Process_tPcnLtc7F":{"constants":{"ServiceTask_14fkouh":{"_activiti_script_":{"value":"test-script"}}},"mappings":{"ServiceTask_14fkouh":{"outputs":{"result":{"type":"variable","value":"result"}},"inputs":{"result":{"type":"variable","value":"result"}}}},"properties":{"7103f068-0734-49fa-b2f3-6d6bbc9a0cc8":{"id":"7103f068-0734-49fa-b2f3-6d6bbc9a0cc8","name":"result","type":"integer","analytics":false,"required":false,"model":{"$ref":"#/$defs/primitive/integer"},"value":1}},"assignments":{},"templates":{"tasks":{},"default":{}}}}}