<?xml version="1.0" encoding="UTF-8"?>
<bpmn2:definitions xmlns="http://www.omg.org/spec/BPMN/20100524/MODEL" xmlns:bpmn2="http://www.omg.org/spec/BPMN/20100524/MODEL" xmlns:xsi="http://www.w3.org/2001/XMLSchema-instance" xmlns:xsd="http://www.w3.org/2001/XMLSchema" xmlns:activiti="http://activiti.org/bpmn" xmlns:bpmndi="http://www.omg.org/spec/BPMN/20100524/DI" xmlns:omgdc="http://www.omg.org/spec/DD/20100524/DC" xmlns:omgdi="http://www.omg.org/spec/DD/20100524/DI" typeLanguage="http://www.w3.org/2001/XMLSchema" expressionLanguage="http://www.w3.org/1999/XPath" targetNamespace="Subprocess Task" id="sample-diagram" name="subprocesstask-parallel" xsi:schemaLocation="http://www.omg.org/spec/BPMN/20100524/MODEL BPMN20.xsd">
  <bpmn2:process id="Process_abcd123" name="subprocesstask-parallel" isExecutable="true">
    <bpmn2:startEvent id="StartEvent_1">
      <bpmn2:outgoing>SequenceFlow_1w0w7j2</bpmn2:outgoing>
    </bpmn2:startEvent>
    <bpmn2:subProcess id="SubProcess_0u4pnf0" name="maintask">
      <multiInstanceLoopCharacteristics isSequential="false">
        <loopCardinality>3</loopCardinality>
      </multiInstanceLoopCharacteristics>
      <bpmn2:startEvent id="StartEvent_0sknho1">
        <bpmn2:outgoing>SequenceFlow_1j3c2bn</bpmn2:outgoing>
      </bpmn2:startEvent>
      <bpmn2:sequenceFlow id="SequenceFlow_1j3c2bn" sourceRef="StartEvent_0sknho1" targetRef="UserTask_0mnmm1n"></bpmn2:sequenceFlow>
      <bpmn2:endEvent id="EndEvent_1c2g96t">
        <bpmn2:incoming>SequenceFlow_0otx3bm</bpmn2:incoming>
      </bpmn2:endEvent>
      <bpmn2:sequenceFlow id="SequenceFlow_0otx3bm" sourceRef="UserTask_0mnmm1n" targetRef="EndEvent_1c2g96t"></bpmn2:sequenceFlow>
      <bpmn2:userTask id="UserTask_0mnmm1n" name="subprocesstask" activiti:assignee="hruser">
        <bpmn2:incoming>SequenceFlow_1j3c2bn</bpmn2:incoming>
        <bpmn2:outgoing>SequenceFlow_0otx3bm</bpmn2:outgoing>
      </bpmn2:userTask>
    </bpmn2:subProcess>
    <bpmn2:sequenceFlow id="SequenceFlow_1w0w7j2" sourceRef="StartEvent_1" targetRef="SubProcess_0u4pnf0"></bpmn2:sequenceFlow>
    <bpmn2:endEvent id="EndEvent_08sn07t">
      <bpmn2:incoming>SequenceFlow_0gtiojl</bpmn2:incoming>
    </bpmn2:endEvent>
    <bpmn2:sequenceFlow id="SequenceFlow_0gtiojl" sourceRef="SubProcess_0u4pnf0" targetRef="EndEvent_08sn07t"></bpmn2:sequenceFlow>
    <bpmn2:boundaryEvent id="BoundaryEvent_0yuc47q" attachedToRef="SubProcess_0u4pnf0" cancelActivity="true">
      <bpmn2:outgoing>SequenceFlow_12xando</bpmn2:outgoing>
      <timerEventDefinition>
        <timeDuration>PT2M</timeDuration>
      </timerEventDefinition>
    </bpmn2:boundaryEvent>
    <bpmn2:sequenceFlow id="SequenceFlow_12xando" sourceRef="BoundaryEvent_0yuc47q" targetRef="UserTask_1wgq9bn"></bpmn2:sequenceFlow>
    <bpmn2:userTask id="UserTask_1wgq9bn" name="escalationtask" activiti:assignee="hruser">
      <bpmn2:incoming>SequenceFlow_12xando</bpmn2:incoming>
      <bpmn2:outgoing>SequenceFlow_1qzlk5i</bpmn2:outgoing>
    </bpmn2:userTask>
    <bpmn2:endEvent id="EndEvent_1eqnbhl">
      <bpmn2:incoming>SequenceFlow_1qzlk5i</bpmn2:incoming>
    </bpmn2:endEvent>
    <bpmn2:sequenceFlow id="SequenceFlow_1qzlk5i" sourceRef="UserTask_1wgq9bn" targetRef="EndEvent_1eqnbhl"></bpmn2:sequenceFlow>
  </bpmn2:process>
  <bpmndi:BPMNDiagram id="BPMNDiagram_Process_abcd123">
    <bpmndi:BPMNPlane bpmnElement="Process_abcd123" id="BPMNPlane_Process_abcd123">
      <bpmndi:BPMNShape bpmnElement="StartEvent_1" id="BPMNShape_StartEvent_1">
        <omgdc:Bounds height="36.0" width="36.0" x="112.0" y="412.0"></omgdc:Bounds>
      </bpmndi:BPMNShape>
      <bpmndi:BPMNShape bpmnElement="SubProcess_0u4pnf0" id="BPMNShape_SubProcess_0u4pnf0" isExpanded="true">
        <omgdc:Bounds height="200.0" width="350.0" x="340.0" y="340.0"></omgdc:Bounds>
      </bpmndi:BPMNShape>
      <bpmndi:BPMNShape bpmnElement="StartEvent_0sknho1" id="BPMNShape_StartEvent_0sknho1">
        <omgdc:Bounds height="36.0" width="36.0" x="380.33333333333337" y="422.0"></omgdc:Bounds>
      </bpmndi:BPMNShape>
      <bpmndi:BPMNShape bpmnElement="EndEvent_1c2g96t" id="BPMNShape_EndEvent_1c2g96t">
        <omgdc:Bounds height="36.0" width="36.0" x="637.0" y="422.0"></omgdc:Bounds>
      </bpmndi:BPMNShape>
      <bpmndi:BPMNShape bpmnElement="UserTask_0mnmm1n" id="BPMNShape_UserTask_0mnmm1n">
        <omgdc:Bounds height="80.0" width="100.0" x="475.0" y="400.0"></omgdc:Bounds>
      </bpmndi:BPMNShape>
      <bpmndi:BPMNShape bpmnElement="EndEvent_08sn07t" id="BPMNShape_EndEvent_08sn07t">
        <omgdc:Bounds height="36.0" width="36.0" x="882.0" y="422.0"></omgdc:Bounds>
      </bpmndi:BPMNShape>
      <bpmndi:BPMNShape bpmnElement="UserTask_1wgq9bn" id="BPMNShape_UserTask_1wgq9bn">
        <omgdc:Bounds height="80.0" width="100.0" x="520.0" y="580.0"></omgdc:Bounds>
      </bpmndi:BPMNShape>
      <bpmndi:BPMNShape bpmnElement="EndEvent_1eqnbhl" id="BPMNShape_EndEvent_1eqnbhl">
        <omgdc:Bounds height="36.0" width="36.0" x="672.0" y="602.0"></omgdc:Bounds>
      </bpmndi:BPMNShape>
      <bpmndi:BPMNShape bpmnElement="BoundaryEvent_0yuc47q" id="BPMNShape_BoundaryEvent_0yuc47q">
        <omgdc:Bounds height="36.0" width="36.0" x="432.0" y="522.0"></omgdc:Bounds>
      </bpmndi:BPMNShape>
      <bpmndi:BPMNEdge bpmnElement="SequenceFlow_1j3c2bn" id="BPMNEdge_SequenceFlow_1j3c2bn">
        <omgdi:waypoint x="416.0" y="440.0"></omgdi:waypoint>
        <omgdi:waypoint x="475.0" y="440.0"></omgdi:waypoint>
      </bpmndi:BPMNEdge>
      <bpmndi:BPMNEdge bpmnElement="SequenceFlow_0otx3bm" id="BPMNEdge_SequenceFlow_0otx3bm">
        <omgdi:waypoint x="575.0" y="440.0"></omgdi:waypoint>
        <omgdi:waypoint x="637.0" y="440.0"></omgdi:waypoint>
      </bpmndi:BPMNEdge>
      <bpmndi:BPMNEdge bpmnElement="SequenceFlow_1w0w7j2" id="BPMNEdge_SequenceFlow_1w0w7j2">
        <omgdi:waypoint x="148.0" y="430.0"></omgdi:waypoint>
        <omgdi:waypoint x="244.0" y="430.0"></omgdi:waypoint>
        <omgdi:waypoint x="244.0" y="440.0"></omgdi:waypoint>
        <omgdi:waypoint x="340.0" y="440.0"></omgdi:waypoint>
      </bpmndi:BPMNEdge>
      <bpmndi:BPMNEdge bpmnElement="SequenceFlow_0gtiojl" id="BPMNEdge_SequenceFlow_0gtiojl">
        <omgdi:waypoint x="690.0" y="440.0"></omgdi:waypoint>
        <omgdi:waypoint x="882.0" y="440.0"></omgdi:waypoint>
      </bpmndi:BPMNEdge>
      <bpmndi:BPMNEdge bpmnElement="SequenceFlow_12xando" id="BPMNEdge_SequenceFlow_12xando">
        <omgdi:waypoint x="450.0" y="558.0"></omgdi:waypoint>
        <omgdi:waypoint x="450.0" y="620.0"></omgdi:waypoint>
        <omgdi:waypoint x="570.0" y="620.0"></omgdi:waypoint>
      </bpmndi:BPMNEdge>
      <bpmndi:BPMNEdge bpmnElement="SequenceFlow_1qzlk5i" id="BPMNEdge_SequenceFlow_1qzlk5i">
        <omgdi:waypoint x="620.0" y="620.0"></omgdi:waypoint>
        <omgdi:waypoint x="672.0" y="620.0"></omgdi:waypoint>
      </bpmndi:BPMNEdge>
    </bpmndi:BPMNPlane>
  </bpmndi:BPMNDiagram>
</bpmn2:definitions>