<?xml version="1.0" encoding="UTF-8"?>
<bpmn2:definitions xmlns="http://www.omg.org/spec/BPMN/20100524/MODEL" xmlns:bpmn2="http://www.omg.org/spec/BPMN/20100524/MODEL" xmlns:xsi="http://www.w3.org/2001/XMLSchema-instance" xmlns:xsd="http://www.w3.org/2001/XMLSchema" xmlns:activiti="http://activiti.org/bpmn" xmlns:bpmndi="http://www.omg.org/spec/BPMN/20100524/DI" xmlns:omgdc="http://www.omg.org/spec/DD/20100524/DC" xmlns:omgdi="http://www.omg.org/spec/DD/20100524/DI" xmlns:dc="http://www.omg.org/spec/DD/20100524/DC" xmlns:di="http://www.omg.org/spec/DD/20100524/DI" typeLanguage="http://www.w3.org/2001/XMLSchema" expressionLanguage="http://www.w3.org/1999/XPath" targetNamespace="Sequential Task Assignment" id="model-65443115-92e6-46eb-bc61-3408babb7078" name="task-assignment-process" xsi:schemaLocation="http://www.omg.org/spec/BPMN/20100524/MODEL BPMN20.xsd">
  <bpmn2:process id="Process_M3TnVSWrP" name="user-assignment-process" isExecutable="true">
    <bpmn2:startEvent id="Event_1">
      <bpmn2:outgoing>SequenceFlow_14o6cwt</bpmn2:outgoing>
    </bpmn2:startEvent>
    <bpmn2:sequenceFlow id="SequenceFlow_14o6cwt" sourceRef="Event_1" targetRef="Task_0nh7ngp"></bpmn2:sequenceFlow>
    <bpmn2:endEvent id="EndEvent_1nlza4l">
      <bpmn2:incoming>SequenceFlow_1ebytn3</bpmn2:incoming>
    </bpmn2:endEvent>
    <bpmn2:sequenceFlow id="SequenceFlow_1ebytn3" sourceRef="Task_0nh7ngp" targetRef="EndEvent_1nlza4l"></bpmn2:sequenceFlow>
    <bpmn2:userTask id="Task_0nh7ngp" name="sequentialusertask" activiti:candidateUsers="salesuser,hruser" activiti:candidateGroups="testgroup" activiti:priority="0">
      <bpmn2:incoming>SequenceFlow_14o6cwt</bpmn2:incoming>
      <bpmn2:outgoing>SequenceFlow_1ebytn3</bpmn2:outgoing>
    </bpmn2:userTask>
  </bpmn2:process>
  <bpmndi:BPMNDiagram id="BPMNDiagram_Process_M3TnVSWrP">
    <bpmndi:BPMNPlane bpmnElement="Process_M3TnVSWrP" id="BPMNPlane_Process_M3TnVSWrP">
      <bpmndi:BPMNShape bpmnElement="Event_1" id="BPMNShape_Event_1">
        <omgdc:Bounds height="36.0" width="36.0" x="412.0" y="240.0"></omgdc:Bounds>
      </bpmndi:BPMNShape>
      <bpmndi:BPMNShape bpmnElement="EndEvent_1nlza4l" id="BPMNShape_EndEvent_1nlza4l">
        <omgdc:Bounds height="36.0" width="36.0" x="652.0" y="240.0"></omgdc:Bounds>
      </bpmndi:BPMNShape>
      <bpmndi:BPMNShape bpmnElement="Task_0nh7ngp" id="BPMNShape_Task_0nh7ngp">
        <omgdc:Bounds height="80.0" width="100.0" x="500.0" y="218.0"></omgdc:Bounds>
      </bpmndi:BPMNShape>
      <bpmndi:BPMNEdge bpmnElement="SequenceFlow_14o6cwt" id="BPMNEdge_SequenceFlow_14o6cwt">
        <omgdi:waypoint x="448.0" y="258.0"></omgdi:waypoint>
        <omgdi:waypoint x="500.0" y="258.0"></omgdi:waypoint>
      </bpmndi:BPMNEdge>
      <bpmndi:BPMNEdge bpmnElement="SequenceFlow_1ebytn3" id="BPMNEdge_SequenceFlow_1ebytn3">
        <omgdi:waypoint x="600.0" y="258.0"></omgdi:waypoint>
        <omgdi:waypoint x="652.0" y="258.0"></omgdi:waypoint>
      </bpmndi:BPMNEdge>
    </bpmndi:BPMNPlane>
  </bpmndi:BPMNDiagram>
</bpmn2:definitions>