<?xml version="1.0" encoding="UTF-8"?>
<bpmn2:definitions xmlns:bpmn2="http://www.omg.org/spec/BPMN/20100524/MODEL" xmlns:xsi="http://www.w3.org/2001/XMLSchema-instance" xmlns:activiti="http://activiti.org/bpmn" xmlns:bpmndi="http://www.omg.org/spec/BPMN/20100524/DI" xmlns:dc="http://www.omg.org/spec/DD/20100524/DC" xmlns:di="http://www.omg.org/spec/DD/20100524/DI" xmlns:xsd="http://www.w3.org/2001/XMLSchema" id="model-65443115-92e6-46eb-bc61-3408babb7078" name="task-assignment-process" targetNamespace="Sequential Task Assignment" xsi:schemaLocation="http://www.omg.org/spec/BPMN/20100524/MODEL BPMN20.xsd">
  <bpmn2:process id="Process_M3TnVSWrP" name="user-assignment-process" isExecutable="true">
    <bpmn2:startEvent id="Event_1">
      <bpmn2:outgoing>SequenceFlow_14o6cwt</bpmn2:outgoing>
    </bpmn2:startEvent>
    <bpmn2:sequenceFlow id="SequenceFlow_14o6cwt" sourceRef="Event_1" targetRef="Task_0nh7ngp" />
    <bpmn2:endEvent id="EndEvent_1nlza4l">
      <bpmn2:incoming>SequenceFlow_1ebytn3</bpmn2:incoming>
    </bpmn2:endEvent>
    <bpmn2:sequenceFlow id="SequenceFlow_1ebytn3" sourceRef="Task_0nh7ngp" targetRef="EndEvent_1nlza4l" />
    <bpmn2:userTask id="Task_0nh7ngp" name="sequentialusertask" activiti:candidateUsers="salesuser,hruser" activiti:candidateGroups="testgroup" activiti:priority="0">
      <bpmn2:incoming>SequenceFlow_14o6cwt</bpmn2:incoming>
      <bpmn2:outgoing>SequenceFlow_1ebytn3</bpmn2:outgoing>
    </bpmn2:userTask>
  </bpmn2:process>
  <bpmndi:BPMNDiagram id="BPMNDiagram_Process_M3TnVSWrP">
    <bpmndi:BPMNPlane id="BPMNPlane_Process_M3TnVSWrP" bpmnElement="Process_M3TnVSWrP">
      <bpmndi:BPMNShape id="BPMNShape_Event_1" bpmnElement="Event_1">
        <dc:Bounds x="412" y="240" width="36" height="36" />
      </bpmndi:BPMNShape>
      <bpmndi:BPMNShape id="BPMNShape_EndEvent_1nlza4l" bpmnElement="EndEvent_1nlza4l">
        <dc:Bounds x="652" y="240" width="36" height="36" />
      </bpmndi:BPMNShape>
      <bpmndi:BPMNShape id="BPMNShape_Task_0nh7ngp" bpmnElement="Task_0nh7ngp">
        <dc:Bounds x="500" y="218" width="100" height="80" />
      </bpmndi:BPMNShape>
      <bpmndi:BPMNEdge id="BPMNEdge_SequenceFlow_14o6cwt" bpmnElement="SequenceFlow_14o6cwt">
        <di:waypoint x="448" y="258" />
        <di:waypoint x="500" y="258" />
      </bpmndi:BPMNEdge>
      <bpmndi:BPMNEdge id="BPMNEdge_SequenceFlow_1ebytn3" bpmnElement="SequenceFlow_1ebytn3">
        <di:waypoint x="600" y="258" />
        <di:waypoint x="652" y="258" />
      </bpmndi:BPMNEdge>
    </bpmndi:BPMNPlane>
  </bpmndi:BPMNDiagram>
</bpmn2:definitions>
