<?xml version="1.0" encoding="UTF-8"?>
<bpmn2:definitions xmlns="http://www.omg.org/spec/BPMN/20100524/MODEL" xmlns:bpmn2="http://www.omg.org/spec/BPMN/20100524/MODEL" xmlns:xsi="http://www.w3.org/2001/XMLSchema-instance" xmlns:xsd="http://www.w3.org/2001/XMLSchema" xmlns:activiti="http://activiti.org/bpmn" xmlns:bpmndi="http://www.omg.org/spec/BPMN/20100524/DI" xmlns:omgdc="http://www.omg.org/spec/DD/20100524/DC" xmlns:omgdi="http://www.omg.org/spec/DD/20100524/DI" typeLanguage="http://www.w3.org/2001/XMLSchema" expressionLanguage="http://www.w3.org/1999/XPath" targetNamespace="DMN Forms" id="sample-diagram" name="vacation-survey" xsi:schemaLocation="http://www.omg.org/spec/BPMN/20100524/MODEL BPMN20.xsd">
  <bpmn2:process id="Process_processWithFormTwo" name="vacation-survey" isExecutable="true">
    <bpmn2:startEvent id="StartEvent_1">
      <bpmn2:outgoing>SequenceFlow_0fj23kj</bpmn2:outgoing>
    </bpmn2:startEvent>
    <bpmn2:userTask id="UserTask_1bavpwe" name="vacation-plan" activiti:assignee="hruser" activiti:formKey="form-89414f01-b541-4b6f-91f7-396546bf46bd">
      <bpmn2:incoming>SequenceFlow_0fj23kj</bpmn2:incoming>
      <bpmn2:outgoing>SequenceFlow_0na36os</bpmn2:outgoing>
    </bpmn2:userTask>
    <bpmn2:sequenceFlow id="SequenceFlow_0fj23kj" sourceRef="StartEvent_1" targetRef="UserTask_1bavpwe"></bpmn2:sequenceFlow>
    <bpmn2:endEvent id="EndEvent_1o0gpge">
      <bpmn2:incoming>SequenceFlow_0na36os</bpmn2:incoming>
    </bpmn2:endEvent>
    <bpmn2:sequenceFlow id="SequenceFlow_0na36os" sourceRef="UserTask_1bavpwe" targetRef="EndEvent_1o0gpge"></bpmn2:sequenceFlow>
  </bpmn2:process>
  <bpmndi:BPMNDiagram id="BPMNDiagram_Process_processWithFormTwo">
    <bpmndi:BPMNPlane bpmnElement="Process_processWithFormTwo" id="BPMNPlane_Process_processWithFormTwo">
      <bpmndi:BPMNShape bpmnElement="StartEvent_1" id="BPMNShape_StartEvent_1">
        <omgdc:Bounds height="36.0" width="36.0" x="412.0" y="240.0"></omgdc:Bounds>
      </bpmndi:BPMNShape>
      <bpmndi:BPMNShape bpmnElement="UserTask_1bavpwe" id="BPMNShape_UserTask_1bavpwe">
        <omgdc:Bounds height="80.0" width="100.0" x="480.0" y="218.0"></omgdc:Bounds>
      </bpmndi:BPMNShape>
      <bpmndi:BPMNShape bpmnElement="EndEvent_1o0gpge" id="BPMNShape_EndEvent_1o0gpge">
        <omgdc:Bounds height="36.0" width="36.0" x="612.0" y="240.0"></omgdc:Bounds>
      </bpmndi:BPMNShape>
      <bpmndi:BPMNEdge bpmnElement="SequenceFlow_0fj23kj" id="BPMNEdge_SequenceFlow_0fj23kj">
        <omgdi:waypoint x="448.0" y="258.0"></omgdi:waypoint>
        <omgdi:waypoint x="480.0" y="258.0"></omgdi:waypoint>
      </bpmndi:BPMNEdge>
      <bpmndi:BPMNEdge bpmnElement="SequenceFlow_0na36os" id="BPMNEdge_SequenceFlow_0na36os">
        <omgdi:waypoint x="580.0" y="258.0"></omgdi:waypoint>
        <omgdi:waypoint x="612.0" y="258.0"></omgdi:waypoint>
      </bpmndi:BPMNEdge>
    </bpmndi:BPMNPlane>
  </bpmndi:BPMNDiagram>
</bpmn2:definitions>