<?xml version="1.0" encoding="UTF-8"?>
<bpmn2:definitions xmlns:bpmn2="http://www.omg.org/spec/BPMN/20100524/MODEL" xmlns:xsi="http://www.w3.org/2001/XMLSchema-instance" xmlns:activiti="http://activiti.org/bpmn" xmlns:bpmndi="http://www.omg.org/spec/BPMN/20100524/DI" xmlns:omgdc="http://www.omg.org/spec/DD/20100524/DC" xmlns:omgdi="http://www.omg.org/spec/DD/20100524/DI" xmlns:xsd="http://www.w3.org/2001/XMLSchema" id="sample-diagram" name="vacation-survey" targetNamespace="DMN Forms" xsi:schemaLocation="http://www.omg.org/spec/BPMN/20100524/MODEL BPMN20.xsd">
  <bpmn2:process id="Process_processWithFormTwo" name="vacation-survey" isExecutable="true">
    <bpmn2:startEvent id="StartEvent_1">
      <bpmn2:outgoing>SequenceFlow_0fj23kj</bpmn2:outgoing>
    </bpmn2:startEvent>
    <bpmn2:userTask id="UserTask_1bavpwe" name="vacation-plan" activiti:formKey="form-02a27e23-a58f-4879-81da-7f562bd6a581" activiti:assignee="hruser">
      <bpmn2:incoming>SequenceFlow_0fj23kj</bpmn2:incoming>
      <bpmn2:outgoing>SequenceFlow_0na36os</bpmn2:outgoing>
    </bpmn2:userTask>
    <bpmn2:sequenceFlow id="SequenceFlow_0fj23kj" sourceRef="StartEvent_1" targetRef="UserTask_1bavpwe" />
    <bpmn2:endEvent id="EndEvent_1o0gpge">
      <bpmn2:incoming>SequenceFlow_0na36os</bpmn2:incoming>
    </bpmn2:endEvent>
    <bpmn2:sequenceFlow id="SequenceFlow_0na36os" sourceRef="UserTask_1bavpwe" targetRef="EndEvent_1o0gpge" />
  </bpmn2:process>
  <bpmndi:BPMNDiagram id="BPMNDiagram_Process_processWithFormTwo">
    <bpmndi:BPMNPlane id="BPMNPlane_Process_processWithFormTwo" bpmnElement="Process_processWithFormTwo">
      <bpmndi:BPMNShape id="BPMNShape_StartEvent_1" bpmnElement="StartEvent_1">
        <omgdc:Bounds x="412" y="240" width="36" height="36" />
      </bpmndi:BPMNShape>
      <bpmndi:BPMNShape id="BPMNShape_UserTask_1bavpwe" bpmnElement="UserTask_1bavpwe">
        <omgdc:Bounds x="480" y="218" width="100" height="80" />
      </bpmndi:BPMNShape>
      <bpmndi:BPMNShape id="BPMNShape_EndEvent_1o0gpge" bpmnElement="EndEvent_1o0gpge">
        <omgdc:Bounds x="612" y="240" width="36" height="36" />
      </bpmndi:BPMNShape>
      <bpmndi:BPMNEdge id="BPMNEdge_SequenceFlow_0fj23kj" bpmnElement="SequenceFlow_0fj23kj">
        <omgdi:waypoint x="448" y="258" />
        <omgdi:waypoint x="480" y="258" />
      </bpmndi:BPMNEdge>
      <bpmndi:BPMNEdge id="BPMNEdge_SequenceFlow_0na36os" bpmnElement="SequenceFlow_0na36os">
        <omgdi:waypoint x="580" y="258" />
        <omgdi:waypoint x="612" y="258" />
      </bpmndi:BPMNEdge>
    </bpmndi:BPMNPlane>
  </bpmndi:BPMNDiagram>
</bpmn2:definitions>
