<?xml version="1.0" encoding="UTF-8"?>
<definitions xmlns="http://www.omg.org/spec/BPMN/20100524/MODEL" xmlns:xsi="http://www.w3.org/2001/XMLSchema-instance" xmlns:activiti="http://activiti.org/bpmn" xmlns:bpmndi="http://www.omg.org/spec/BPMN/20100524/DI" xmlns:omgdc="http://www.omg.org/spec/DD/20100524/DC" xmlns:omgdi="http://www.omg.org/spec/DD/20100524/DI" xmlns:xsd="http://www.w3.org/2001/XMLSchema" id="model-43a469f5-bbb4-463d-afcd-7957b9205472" name="anothercandidategroup" targetNamespace="http://bpmn.io/schema/bpmn" xsi:schemaLocation="http://www.omg.org/spec/BPMN/20100524/MODEL BPMN20.xsd">
  <process id="Process_YPXxTp72" name="anothercandidategroup" isExecutable="true">
    <startEvent id="StartEvent_1">
      <outgoing>SequenceFlow_18ym368</outgoing>
    </startEvent>
    <userTask id="UserTask_168zyid" name="anotherCandidateGroupTask" activiti:candidateGroups="hr" />
    <endEvent id="EndEvent_0224ppj">
      <incoming>SequenceFlow_1c72k3b</incoming>
    </endEvent>
    <sequenceFlow id="SequenceFlow_18ym368" sourceRef="StartEvent_1" targetRef="UserTask_168zyid" />
    <sequenceFlow id="SequenceFlow_1c72k3b" sourceRef="UserTask_168zyid" targetRef="EndEvent_0224ppj" />
  </process>
  <bpmndi:BPMNDiagram id="BPMNDiagram_Process_YPXxTp72">
    <bpmndi:BPMNPlane id="BPMNPlane_Process_YPXxTp72" bpmnElement="Process_YPXxTp72">
      <bpmndi:BPMNShape id="BPMNShape_StartEvent_1" bpmnElement="StartEvent_1">
        <omgdc:Bounds x="412" y="240" width="36" height="36" />
      </bpmndi:BPMNShape>
      <bpmndi:BPMNShape id="BPMNShape_UserTask_168zyid" bpmnElement="UserTask_168zyid">
        <omgdc:Bounds x="496" y="218" width="100" height="80" />
      </bpmndi:BPMNShape>
      <bpmndi:BPMNShape id="BPMNShape_EndEvent_0224ppj" bpmnElement="EndEvent_0224ppj">
        <omgdc:Bounds x="683" y="240" width="36" height="36" />
      </bpmndi:BPMNShape>
      <bpmndi:BPMNEdge id="BPMNEdge_SequenceFlow_18ym368" bpmnElement="SequenceFlow_18ym368">
        <omgdi:waypoint x="448" y="258" />
        <omgdi:waypoint x="496" y="258" />
      </bpmndi:BPMNEdge>
      <bpmndi:BPMNEdge id="BPMNEdge_SequenceFlow_1c72k3b" bpmnElement="SequenceFlow_1c72k3b">
        <omgdi:waypoint x="596" y="258" />
        <omgdi:waypoint x="683" y="258" />
      </bpmndi:BPMNEdge>
    </bpmndi:BPMNPlane>
  </bpmndi:BPMNDiagram>
</definitions>
