<?xml version="1.0" encoding="UTF-8"?>
<bpmn2:definitions xmlns:xsi="http://www.w3.org/2001/XMLSchema-instance" xmlns:bpmn2="http://www.omg.org/spec/BPMN/20100524/MODEL" xmlns:bpmndi="http://www.omg.org/spec/BPMN/20100524/DI" xmlns:dc="http://www.omg.org/spec/DD/20100524/DC" xmlns:di="http://www.omg.org/spec/DD/20100524/DI" xmlns:activiti="http://activiti.org/bpmn" id="sample-diagram" targetNamespace="http://bpmn.io/schema/bpmn" xsi:schemaLocation="http://www.omg.org/spec/BPMN/20100524/MODEL BPMN20.xsd">
  <bpmn2:process id="process-321894bb-241c-46e2-9065-927409226cf2" name="anotherCandidateGroupProcess" isExecutable="true">
    <bpmn2:documentation />
    <bpmn2:startEvent id="StartEvent_1">
      <bpmn2:outgoing>SequenceFlow_18ym368</bpmn2:outgoing>
    </bpmn2:startEvent>
    <bpmn2:userTask id="UserTask_168zyid" name="anotherCandidateGroupTask" activiti:candidateGroups="hr">
      <bpmn2:incoming>SequenceFlow_18ym368</bpmn2:incoming>
      <bpmn2:outgoing>SequenceFlow_1c72k3b</bpmn2:outgoing>
    </bpmn2:userTask>
    <bpmn2:endEvent id="EndEvent_0224ppj">
      <bpmn2:incoming>SequenceFlow_1c72k3b</bpmn2:incoming>
    </bpmn2:endEvent>
    <bpmn2:sequenceFlow id="SequenceFlow_18ym368" sourceRef="StartEvent_1" targetRef="UserTask_168zyid" />
    <bpmn2:sequenceFlow id="SequenceFlow_1c72k3b" sourceRef="UserTask_168zyid" targetRef="EndEvent_0224ppj" />
  </bpmn2:process>
  <bpmndi:BPMNDiagram id="BPMNDiagram_1">
    <bpmndi:BPMNPlane id="BPMNPlane_1" bpmnElement="process-321894bb-241c-46e2-9065-927409226cf2">
      <bpmndi:BPMNShape id="_BPMNShape_StartEvent_2" bpmnElement="StartEvent_1">
        <dc:Bounds x="412" y="240" width="36" height="36" />
      </bpmndi:BPMNShape>
      <bpmndi:BPMNShape id="UserTask_168zyid_di" bpmnElement="UserTask_168zyid">
        <dc:Bounds x="496" y="218" width="100" height="80" />
      </bpmndi:BPMNShape>
      <bpmndi:BPMNShape id="EndEvent_0224ppj_di" bpmnElement="EndEvent_0224ppj">
        <dc:Bounds x="683" y="240" width="36" height="36" />
      </bpmndi:BPMNShape>
      <bpmndi:BPMNEdge id="SequenceFlow_18ym368_di" bpmnElement="SequenceFlow_18ym368">
        <di:waypoint x="448" y="258" />
        <di:waypoint x="496" y="258" />
      </bpmndi:BPMNEdge>
      <bpmndi:BPMNEdge id="SequenceFlow_1c72k3b_di" bpmnElement="SequenceFlow_1c72k3b">
        <di:waypoint x="596" y="258" />
        <di:waypoint x="683" y="258" />
      </bpmndi:BPMNEdge>
    </bpmndi:BPMNPlane>
  </bpmndi:BPMNDiagram>
</bpmn2:definitions>
