<?xml version="1.0" encoding="UTF-8"?>
<bpmn2:definitions xmlns="http://www.omg.org/spec/BPMN/20100524/MODEL" xmlns:bpmn2="http://www.omg.org/spec/BPMN/20100524/MODEL" xmlns:xsi="http://www.w3.org/2001/XMLSchema-instance" xmlns:xsd="http://www.w3.org/2001/XMLSchema" xmlns:activiti="http://activiti.org/bpmn" xmlns:bpmndi="http://www.omg.org/spec/BPMN/20100524/DI" xmlns:omgdc="http://www.omg.org/spec/DD/20100524/DC" xmlns:omgdi="http://www.omg.org/spec/DD/20100524/DI" xmlns:dc="http://www.omg.org/spec/DD/20100524/DC" xmlns:di="http://www.omg.org/spec/DD/20100524/DI" typeLanguage="http://www.w3.org/2001/XMLSchema" expressionLanguage="http://www.w3.org/1999/XPath" targetNamespace="http://bpmn.io/schema/bpmn" id="sample-diagram" xsi:schemaLocation="http://www.omg.org/spec/BPMN/20100524/MODEL BPMN20.xsd">
  <bpmn2:process id="process-62af473f-c16e-45dd-8274-ecb49e12206c" name="anothercandidategroup" isExecutable="true">
    <bpmn2:startEvent id="StartEvent_1">
      <bpmn2:outgoing>SequenceFlow_18ym368</bpmn2:outgoing>
    </bpmn2:startEvent>
    <bpmn2:userTask id="UserTask_168zyid" name="anotherCandidateGroupTask" activiti:candidateGroups="hr"></bpmn2:userTask>
    <bpmn2:endEvent id="EndEvent_0224ppj">
      <bpmn2:incoming>SequenceFlow_1c72k3b</bpmn2:incoming>
    </bpmn2:endEvent>
    <bpmn2:sequenceFlow id="SequenceFlow_18ym368" sourceRef="StartEvent_1" targetRef="UserTask_168zyid"></bpmn2:sequenceFlow>
    <bpmn2:sequenceFlow id="SequenceFlow_1c72k3b" sourceRef="UserTask_168zyid" targetRef="EndEvent_0224ppj"></bpmn2:sequenceFlow>
  </bpmn2:process>
  <bpmndi:BPMNDiagram id="BPMNDiagram_process-62af473f-c16e-45dd-8274-ecb49e12206c">
    <bpmndi:BPMNPlane bpmnElement="process-62af473f-c16e-45dd-8274-ecb49e12206c" id="BPMNPlane_process-62af473f-c16e-45dd-8274-ecb49e12206c">
      <bpmndi:BPMNShape bpmnElement="StartEvent_1" id="BPMNShape_StartEvent_1">
        <omgdc:Bounds height="36.0" width="36.0" x="412.0" y="240.0"></omgdc:Bounds>
      </bpmndi:BPMNShape>
      <bpmndi:BPMNShape bpmnElement="UserTask_168zyid" id="BPMNShape_UserTask_168zyid">
        <omgdc:Bounds height="80.0" width="100.0" x="496.0" y="218.0"></omgdc:Bounds>
      </bpmndi:BPMNShape>
      <bpmndi:BPMNShape bpmnElement="EndEvent_0224ppj" id="BPMNShape_EndEvent_0224ppj">
        <omgdc:Bounds height="36.0" width="36.0" x="683.0" y="240.0"></omgdc:Bounds>
      </bpmndi:BPMNShape>
      <bpmndi:BPMNEdge bpmnElement="SequenceFlow_18ym368" id="BPMNEdge_SequenceFlow_18ym368">
        <omgdi:waypoint x="448.0" y="258.0"></omgdi:waypoint>
        <omgdi:waypoint x="496.0" y="258.0"></omgdi:waypoint>
      </bpmndi:BPMNEdge>
      <bpmndi:BPMNEdge bpmnElement="SequenceFlow_1c72k3b" id="BPMNEdge_SequenceFlow_1c72k3b">
        <omgdi:waypoint x="596.0" y="258.0"></omgdi:waypoint>
        <omgdi:waypoint x="683.0" y="258.0"></omgdi:waypoint>
      </bpmndi:BPMNEdge>
    </bpmndi:BPMNPlane>
  </bpmndi:BPMNDiagram>
</bpmn2:definitions>