<?xml version="1.0" encoding="UTF-8"?>
<bpmn2:definitions xmlns="http://www.omg.org/spec/BPMN/20100524/MODEL" xmlns:bpmn2="http://www.omg.org/spec/BPMN/20100524/MODEL" xmlns:xsi="http://www.w3.org/2001/XMLSchema-instance" xmlns:xsd="http://www.w3.org/2001/XMLSchema" xmlns:activiti="http://activiti.org/bpmn" xmlns:bpmndi="http://www.omg.org/spec/BPMN/20100524/DI" xmlns:omgdc="http://www.omg.org/spec/DD/20100524/DC" xmlns:omgdi="http://www.omg.org/spec/DD/20100524/DI" typeLanguage="http://www.w3.org/2001/XMLSchema" expressionLanguage="http://www.w3.org/1999/XPath" targetNamespace="http://bpmn.io/schema/bpmn" id="sample-diagram" xsi:schemaLocation="http://www.omg.org/spec/BPMN/20100524/MODEL BPMN20.xsd">
  <bpmn2:process id="process-291c17f5-8d43-4fa5-a0d2-82d9c26f978d" name="assigneeprocess" isExecutable="true">
    <bpmn2:startEvent id="StartEvent_1">
      <bpmn2:outgoing>SequenceFlow_1qf9scw</bpmn2:outgoing>
    </bpmn2:startEvent>
    <bpmn2:userTask id="UserTask_0c2mxxe" name="assigneeTask" activiti:assignee="hruser"></bpmn2:userTask>
    <bpmn2:endEvent id="EndEvent_16pbwri">
      <bpmn2:incoming>SequenceFlow_0cffbyz</bpmn2:incoming>
      <bpmn2:incoming>SequenceFlow_18fja8k</bpmn2:incoming>
    </bpmn2:endEvent>
    <bpmn2:sequenceFlow id="SequenceFlow_0cffbyz" sourceRef="UserTask_0c2mxxe" targetRef="EndEvent_16pbwri"></bpmn2:sequenceFlow>
    <bpmn2:sequenceFlow id="SequenceFlow_1qf9scw" sourceRef="StartEvent_1" targetRef="UserTask_0c2mxxe"></bpmn2:sequenceFlow>
    <bpmn2:sequenceFlow id="SequenceFlow_18fja8k" sourceRef="UserTask_0c2mxxe" targetRef="EndEvent_16pbwri"></bpmn2:sequenceFlow>
  </bpmn2:process>
  <bpmndi:BPMNDiagram id="BPMNDiagram_process-291c17f5-8d43-4fa5-a0d2-82d9c26f978d">
    <bpmndi:BPMNPlane bpmnElement="process-291c17f5-8d43-4fa5-a0d2-82d9c26f978d" id="BPMNPlane_process-291c17f5-8d43-4fa5-a0d2-82d9c26f978d">
      <bpmndi:BPMNShape bpmnElement="StartEvent_1" id="BPMNShape_StartEvent_1">
        <omgdc:Bounds height="36.0" width="36.0" x="412.0" y="240.0"></omgdc:Bounds>
      </bpmndi:BPMNShape>
      <bpmndi:BPMNShape bpmnElement="UserTask_0c2mxxe" id="BPMNShape_UserTask_0c2mxxe">
        <omgdc:Bounds height="80.0" width="100.0" x="498.0" y="218.0"></omgdc:Bounds>
      </bpmndi:BPMNShape>
      <bpmndi:BPMNShape bpmnElement="EndEvent_16pbwri" id="BPMNShape_EndEvent_16pbwri">
        <omgdc:Bounds height="36.0" width="36.0" x="672.0" y="240.0"></omgdc:Bounds>
      </bpmndi:BPMNShape>
      <bpmndi:BPMNEdge bpmnElement="SequenceFlow_0cffbyz" id="BPMNEdge_SequenceFlow_0cffbyz">
        <omgdi:waypoint x="598.0" y="258.0"></omgdi:waypoint>
        <omgdi:waypoint x="672.0" y="258.0"></omgdi:waypoint>
      </bpmndi:BPMNEdge>
      <bpmndi:BPMNEdge bpmnElement="SequenceFlow_1qf9scw" id="BPMNEdge_SequenceFlow_1qf9scw">
        <omgdi:waypoint x="448.0" y="258.0"></omgdi:waypoint>
        <omgdi:waypoint x="498.0" y="258.0"></omgdi:waypoint>
      </bpmndi:BPMNEdge>
      <bpmndi:BPMNEdge bpmnElement="SequenceFlow_18fja8k" id="BPMNEdge_SequenceFlow_18fja8k">
        <omgdi:waypoint x="598.0" y="258.0"></omgdi:waypoint>
        <omgdi:waypoint x="672.0" y="258.0"></omgdi:waypoint>
      </bpmndi:BPMNEdge>
    </bpmndi:BPMNPlane>
  </bpmndi:BPMNDiagram>
</bpmn2:definitions>