<?xml version="1.0" encoding="UTF-8"?>
<definitions xmlns="http://www.omg.org/spec/BPMN/20100524/MODEL" xmlns:xsi="http://www.w3.org/2001/XMLSchema-instance" xmlns:activiti="http://activiti.org/bpmn" xmlns:bpmndi="http://www.omg.org/spec/BPMN/20100524/DI" xmlns:omgdc="http://www.omg.org/spec/DD/20100524/DC" xmlns:omgdi="http://www.omg.org/spec/DD/20100524/DI" xmlns:xsd="http://www.w3.org/2001/XMLSchema" id="sample-diagram" targetNamespace="http://bpmn.io/schema/bpmn" xsi:schemaLocation="http://www.omg.org/spec/BPMN/20100524/MODEL BPMN20.xsd">
  <process id="process-f728002f-042d-4223-827f-125f5f45fd7a" name="assigneeprocess" isExecutable="true">
    <startEvent id="StartEvent_1">
      <outgoing>SequenceFlow_1qf9scw</outgoing>
    </startEvent>
    <userTask id="UserTask_0c2mxxe" name="assigneeTask" activiti:assignee="hruser" />
    <endEvent id="EndEvent_16pbwri">
      <incoming>SequenceFlow_0cffbyz</incoming>
      <incoming>SequenceFlow_18fja8k</incoming>
    </endEvent>
    <sequenceFlow id="SequenceFlow_0cffbyz" sourceRef="UserTask_0c2mxxe" targetRef="EndEvent_16pbwri" />
    <sequenceFlow id="SequenceFlow_1qf9scw" sourceRef="StartEvent_1" targetRef="UserTask_0c2mxxe" />
    <sequenceFlow id="SequenceFlow_18fja8k" sourceRef="UserTask_0c2mxxe" targetRef="EndEvent_16pbwri" />
  </process>
  <bpmndi:BPMNDiagram id="BPMNDiagram_process-f728002f-042d-4223-827f-125f5f45fd7a">
    <bpmndi:BPMNPlane id="BPMNPlane_process-f728002f-042d-4223-827f-125f5f45fd7a" bpmnElement="process-f728002f-042d-4223-827f-125f5f45fd7a">
      <bpmndi:BPMNShape id="BPMNShape_StartEvent_1" bpmnElement="StartEvent_1">
        <omgdc:Bounds x="412" y="240" width="36" height="36" />
      </bpmndi:BPMNShape>
      <bpmndi:BPMNShape id="BPMNShape_UserTask_0c2mxxe" bpmnElement="UserTask_0c2mxxe">
        <omgdc:Bounds x="498" y="218" width="100" height="80" />
      </bpmndi:BPMNShape>
      <bpmndi:BPMNShape id="BPMNShape_EndEvent_16pbwri" bpmnElement="EndEvent_16pbwri">
        <omgdc:Bounds x="672" y="240" width="36" height="36" />
      </bpmndi:BPMNShape>
      <bpmndi:BPMNEdge id="BPMNEdge_SequenceFlow_0cffbyz" bpmnElement="SequenceFlow_0cffbyz">
        <omgdi:waypoint x="598" y="258" />
        <omgdi:waypoint x="672" y="258" />
      </bpmndi:BPMNEdge>
      <bpmndi:BPMNEdge id="BPMNEdge_SequenceFlow_1qf9scw" bpmnElement="SequenceFlow_1qf9scw">
        <omgdi:waypoint x="448" y="258" />
        <omgdi:waypoint x="498" y="258" />
      </bpmndi:BPMNEdge>
      <bpmndi:BPMNEdge id="BPMNEdge_SequenceFlow_18fja8k" bpmnElement="SequenceFlow_18fja8k">
        <omgdi:waypoint x="598" y="258" />
        <omgdi:waypoint x="672" y="258" />
      </bpmndi:BPMNEdge>
    </bpmndi:BPMNPlane>
  </bpmndi:BPMNDiagram>
</definitions>
