<?xml version="1.0" encoding="UTF-8"?>
<definitions xmlns="http://www.omg.org/spec/BPMN/20100524/MODEL" xmlns:xsi="http://www.w3.org/2001/XMLSchema-instance" xmlns:xsd="http://www.w3.org/2001/XMLSchema" xmlns:activiti="http://activiti.org/bpmn" xmlns:bpmndi="http://www.omg.org/spec/BPMN/20100524/DI" xmlns:omgdc="http://www.omg.org/spec/DD/20100524/DC" xmlns:omgdi="http://www.omg.org/spec/DD/20100524/DI" xmlns:bpmn2="http://www.omg.org/spec/BPMN/20100524/MODEL" xmlns:dc="http://www.omg.org/spec/DD/20100524/DC" xmlns:di="http://www.omg.org/spec/DD/20100524/DI" typeLanguage="http://www.w3.org/2001/XMLSchema" expressionLanguage="http://www.w3.org/1999/XPath" targetNamespace="http://bpmn.io/schema/bpmn" id="sample-diagram" xsi:schemaLocation="http://www.omg.org/spec/BPMN/20100524/MODEL BPMN20.xsd">
  <process id="process-76631895-6301-4966-b6fc-3f250a173010" name="assigneeprocess" isExecutable="true">
    <startEvent id="StartEvent_1">
      <outgoing>SequenceFlow_1qf9scw</outgoing>
    </startEvent>
    <userTask id="UserTask_0c2mxxe" name="assigneeTask" activiti:assignee="admin.adf"></userTask>
    <endEvent id="EndEvent_16pbwri">
      <incoming>SequenceFlow_0cffbyz</incoming>
      <incoming>SequenceFlow_18fja8k</incoming>
    </endEvent>
    <sequenceFlow id="SequenceFlow_0cffbyz" sourceRef="UserTask_0c2mxxe" targetRef="EndEvent_16pbwri"></sequenceFlow>
    <sequenceFlow id="SequenceFlow_1qf9scw" sourceRef="StartEvent_1" targetRef="UserTask_0c2mxxe"></sequenceFlow>
    <sequenceFlow id="SequenceFlow_18fja8k" sourceRef="UserTask_0c2mxxe" targetRef="EndEvent_16pbwri"></sequenceFlow>
  </process>
  <bpmndi:BPMNDiagram id="BPMNDiagram_process-76631895-6301-4966-b6fc-3f250a173010">
    <bpmndi:BPMNPlane bpmnElement="process-76631895-6301-4966-b6fc-3f250a173010" id="BPMNPlane_process-76631895-6301-4966-b6fc-3f250a173010">
      <bpmndi:BPMNShape bpmnElement="StartEvent_1" id="BPMNShape_StartEvent_1">
        <omgdc:Bounds height="36.0" width="36.0" x="412.0" y="240.0"></omgdc:Bounds>
      </bpmndi:BPMNShape>
      <bpmndi:BPMNShape bpmnElement="UserTask_0c2mxxe" id="BPMNShape_UserTask_0c2mxxe">
        <omgdc:Bounds height="80.0" width="100.0" x="498.0" y="218.0"></omgdc:Bounds>
      </bpmndi:BPMNShape>
      <bpmndi:BPMNShape bpmnElement="EndEvent_16pbwri" id="BPMNShape_EndEvent_16pbwri">
        <omgdc:Bounds height="36.0" width="36.0" x="672.0" y="240.0"></omgdc:Bounds>
      </bpmndi:BPMNShape>
      <bpmndi:BPMNEdge bpmnElement="SequenceFlow_0cffbyz" id="BPMNEdge_SequenceFlow_0cffbyz">
        <omgdi:waypoint x="598.0" y="258.0"></omgdi:waypoint>
        <omgdi:waypoint x="672.0" y="258.0"></omgdi:waypoint>
      </bpmndi:BPMNEdge>
      <bpmndi:BPMNEdge bpmnElement="SequenceFlow_1qf9scw" id="BPMNEdge_SequenceFlow_1qf9scw">
        <omgdi:waypoint x="448.0" y="258.0"></omgdi:waypoint>
        <omgdi:waypoint x="498.0" y="258.0"></omgdi:waypoint>
      </bpmndi:BPMNEdge>
      <bpmndi:BPMNEdge bpmnElement="SequenceFlow_18fja8k" id="BPMNEdge_SequenceFlow_18fja8k">
        <omgdi:waypoint x="598.0" y="258.0"></omgdi:waypoint>
        <omgdi:waypoint x="672.0" y="258.0"></omgdi:waypoint>
      </bpmndi:BPMNEdge>
    </bpmndi:BPMNPlane>
  </bpmndi:BPMNDiagram>
</definitions>