<?xml version="1.0" encoding="UTF-8"?>
<bpmn2:definitions xmlns:activiti="http://activiti.org/bpmn" xmlns:xsi="http://www.w3.org/2001/XMLSchema-instance" xmlns:bpmn2="http://www.omg.org/spec/BPMN/20100524/MODEL" xmlns:bpmndi="http://www.omg.org/spec/BPMN/20100524/DI" xmlns:dc="http://www.omg.org/spec/DD/20100524/DC" xmlns:di="http://www.omg.org/spec/DD/20100524/DI" id="sample-diagram" targetNamespace="http://bpmn.io/schema/bpmn" xsi:schemaLocation="http://www.omg.org/spec/BPMN/20100524/MODEL BPMN20.xsd">
  <bpmn2:process id="process-07999be8-53b9-4c00-b7b1-7cf3334f92bc" name="assigneeProcess" isExecutable="true">
    <bpmn2:documentation />
    <bpmn2:startEvent id="StartEvent_1">
      <bpmn2:outgoing>SequenceFlow_1qf9scw</bpmn2:outgoing>
    </bpmn2:startEvent>
    <bpmn2:userTask id="UserTask_0c2mxxe" name="assigneeTask" activiti:assignee="admin.adf">
      <bpmn2:incoming>SequenceFlow_1qf9scw</bpmn2:incoming>
      <bpmn2:outgoing>SequenceFlow_0cffbyz</bpmn2:outgoing>
      <bpmn2:outgoing>SequenceFlow_18fja8k</bpmn2:outgoing>
    </bpmn2:userTask>
    <bpmn2:endEvent id="EndEvent_16pbwri">
      <bpmn2:incoming>SequenceFlow_0cffbyz</bpmn2:incoming>
      <bpmn2:incoming>SequenceFlow_18fja8k</bpmn2:incoming>
    </bpmn2:endEvent>
    <bpmn2:sequenceFlow id="SequenceFlow_0cffbyz" sourceRef="UserTask_0c2mxxe" targetRef="EndEvent_16pbwri" />
    <bpmn2:sequenceFlow id="SequenceFlow_1qf9scw" sourceRef="StartEvent_1" targetRef="UserTask_0c2mxxe" />
    <bpmn2:sequenceFlow id="SequenceFlow_18fja8k" sourceRef="UserTask_0c2mxxe" targetRef="EndEvent_16pbwri" />
  </bpmn2:process>
  <bpmndi:BPMNDiagram id="BPMNDiagram_1">
    <bpmndi:BPMNPlane id="BPMNPlane_1" bpmnElement="process-07999be8-53b9-4c00-b7b1-7cf3334f92bc">
      <bpmndi:BPMNShape id="_BPMNShape_StartEvent_2" bpmnElement="StartEvent_1">
        <dc:Bounds x="412" y="240" width="36" height="36" />
      </bpmndi:BPMNShape>
      <bpmndi:BPMNShape id="UserTask_0c2mxxe_di" bpmnElement="UserTask_0c2mxxe">
        <dc:Bounds x="498" y="218" width="100" height="80" />
      </bpmndi:BPMNShape>
      <bpmndi:BPMNShape id="EndEvent_16pbwri_di" bpmnElement="EndEvent_16pbwri">
        <dc:Bounds x="672" y="240" width="36" height="36" />
      </bpmndi:BPMNShape>
      <bpmndi:BPMNEdge id="SequenceFlow_0cffbyz_di" bpmnElement="SequenceFlow_0cffbyz">
        <di:waypoint x="598" y="258" />
        <di:waypoint x="672" y="258" />
      </bpmndi:BPMNEdge>
      <bpmndi:BPMNEdge id="SequenceFlow_1qf9scw_di" bpmnElement="SequenceFlow_1qf9scw">
        <di:waypoint x="448" y="258" />
        <di:waypoint x="498" y="258" />
      </bpmndi:BPMNEdge>
      <bpmndi:BPMNEdge id="SequenceFlow_18fja8k_di" bpmnElement="SequenceFlow_18fja8k">
        <di:waypoint x="598" y="258" />
        <di:waypoint x="672" y="258" />
      </bpmndi:BPMNEdge>
    </bpmndi:BPMNPlane>
  </bpmndi:BPMNDiagram>
</bpmn2:definitions>
