<?xml version="1.0" encoding="UTF-8"?>
<definitions xmlns="http://www.omg.org/spec/BPMN/20100524/MODEL" xmlns:xsi="http://www.w3.org/2001/XMLSchema-instance" xmlns:xsd="http://www.w3.org/2001/XMLSchema" xmlns:activiti="http://activiti.org/bpmn" xmlns:bpmndi="http://www.omg.org/spec/BPMN/20100524/DI" xmlns:omgdc="http://www.omg.org/spec/DD/20100524/DC" xmlns:omgdi="http://www.omg.org/spec/DD/20100524/DI" typeLanguage="http://www.w3.org/2001/XMLSchema" expressionLanguage="http://www.w3.org/1999/XPath" targetNamespace="http://bpmn.io/schema/bpmn" id="sample-diagram" xsi:schemaLocation="http://www.omg.org/spec/BPMN/20100524/MODEL BPMN20.xsd">
  <process id="process-0c899d21-2ed7-409c-9782-7572a9a964c7" name="candidateuserprocess" isExecutable="true">
    <startEvent id="StartEvent_1">
      <outgoing>SequenceFlow_1pydxua</outgoing>
    </startEvent>
    <sequenceFlow id="SequenceFlow_1pydxua" sourceRef="StartEvent_1" targetRef="Task_1a2br0r"></sequenceFlow>
    <userTask id="Task_1a2br0r" name="candidateUserTask" activiti:candidateUsers="admin.adf"></userTask>
    <endEvent id="EndEvent_0eyt284">
      <incoming>SequenceFlow_1m2ksxm</incoming>
    </endEvent>
    <sequenceFlow id="SequenceFlow_1m2ksxm" sourceRef="Task_1a2br0r" targetRef="EndEvent_0eyt284"></sequenceFlow>
  </process>
  <bpmndi:BPMNDiagram id="BPMNDiagram_process-0c899d21-2ed7-409c-9782-7572a9a964c7">
    <bpmndi:BPMNPlane bpmnElement="process-0c899d21-2ed7-409c-9782-7572a9a964c7" id="BPMNPlane_process-0c899d21-2ed7-409c-9782-7572a9a964c7">
      <bpmndi:BPMNShape bpmnElement="StartEvent_1" id="BPMNShape_StartEvent_1">
        <omgdc:Bounds height="36.0" width="36.0" x="412.0" y="240.0"></omgdc:Bounds>
      </bpmndi:BPMNShape>
      <bpmndi:BPMNShape bpmnElement="Task_1a2br0r" id="BPMNShape_Task_1a2br0r">
        <omgdc:Bounds height="80.0" width="100.0" x="498.0" y="218.0"></omgdc:Bounds>
      </bpmndi:BPMNShape>
      <bpmndi:BPMNShape bpmnElement="EndEvent_0eyt284" id="BPMNShape_EndEvent_0eyt284">
        <omgdc:Bounds height="36.0" width="36.0" x="648.0" y="240.0"></omgdc:Bounds>
      </bpmndi:BPMNShape>
      <bpmndi:BPMNEdge bpmnElement="SequenceFlow_1pydxua" id="BPMNEdge_SequenceFlow_1pydxua">
        <omgdi:waypoint x="448.0" y="258.0"></omgdi:waypoint>
        <omgdi:waypoint x="498.0" y="258.0"></omgdi:waypoint>
      </bpmndi:BPMNEdge>
      <bpmndi:BPMNEdge bpmnElement="SequenceFlow_1m2ksxm" id="BPMNEdge_SequenceFlow_1m2ksxm">
        <omgdi:waypoint x="598.0" y="258.0"></omgdi:waypoint>
        <omgdi:waypoint x="648.0" y="258.0"></omgdi:waypoint>
      </bpmndi:BPMNEdge>
    </bpmndi:BPMNPlane>
  </bpmndi:BPMNDiagram>
</definitions>