<?xml version="1.0" encoding="UTF-8"?>
<bpmn2:definitions xmlns:activiti="http://activiti.org/bpmn" xmlns:xsi="http://www.w3.org/2001/XMLSchema-instance" xmlns:bpmn2="http://www.omg.org/spec/BPMN/20100524/MODEL" xmlns:bpmndi="http://www.omg.org/spec/BPMN/20100524/DI" xmlns:dc="http://www.omg.org/spec/DD/20100524/DC" xmlns:di="http://www.omg.org/spec/DD/20100524/DI" id="sample-diagram" targetNamespace="http://bpmn.io/schema/bpmn" xsi:schemaLocation="http://www.omg.org/spec/BPMN/20100524/MODEL BPMN20.xsd">
  <bpmn2:process id="process-355daa05-cc0f-4555-bc23-93b5e1de47e6" name="candidateGroupProcess" isExecutable="true">
    <bpmn2:documentation />
    <bpmn2:startEvent id="StartEvent_1">
      <bpmn2:outgoing>SequenceFlow_0piii2x</bpmn2:outgoing>
    </bpmn2:startEvent>
    <bpmn2:userTask id="UserTask_1wcv9q0" name="candidateGroupTask" activiti:candidateGroups="hr">
      <bpmn2:incoming>SequenceFlow_0piii2x</bpmn2:incoming>
      <bpmn2:outgoing>SequenceFlow_128iykz</bpmn2:outgoing>
    </bpmn2:userTask>
    <bpmn2:endEvent id="EndEvent_0hadct6">
      <bpmn2:incoming>SequenceFlow_128iykz</bpmn2:incoming>
    </bpmn2:endEvent>
    <bpmn2:sequenceFlow id="SequenceFlow_0piii2x" sourceRef="StartEvent_1" targetRef="UserTask_1wcv9q0" />
    <bpmn2:sequenceFlow id="SequenceFlow_128iykz" sourceRef="UserTask_1wcv9q0" targetRef="EndEvent_0hadct6" />
  </bpmn2:process>
  <bpmndi:BPMNDiagram id="BPMNDiagram_1">
    <bpmndi:BPMNPlane id="BPMNPlane_1" bpmnElement="process-355daa05-cc0f-4555-bc23-93b5e1de47e6">
      <bpmndi:BPMNShape id="_BPMNShape_StartEvent_2" bpmnElement="StartEvent_1">
        <dc:Bounds x="412" y="240" width="36" height="36" />
      </bpmndi:BPMNShape>
      <bpmndi:BPMNShape id="UserTask_1wcv9q0_di" bpmnElement="UserTask_1wcv9q0">
        <dc:Bounds x="513" y="218" width="100" height="80" />
      </bpmndi:BPMNShape>
      <bpmndi:BPMNShape id="EndEvent_0hadct6_di" bpmnElement="EndEvent_0hadct6">
        <dc:Bounds x="694" y="240" width="36" height="36" />
      </bpmndi:BPMNShape>
      <bpmndi:BPMNEdge id="SequenceFlow_0piii2x_di" bpmnElement="SequenceFlow_0piii2x">
        <di:waypoint x="448" y="258" />
        <di:waypoint x="513" y="258" />
      </bpmndi:BPMNEdge>
      <bpmndi:BPMNEdge id="SequenceFlow_128iykz_di" bpmnElement="SequenceFlow_128iykz">
        <di:waypoint x="613" y="258" />
        <di:waypoint x="694" y="258" />
      </bpmndi:BPMNEdge>
    </bpmndi:BPMNPlane>
  </bpmndi:BPMNDiagram>
</bpmn2:definitions>
