<?xml version="1.0" encoding="UTF-8"?>
<bpmn2:definitions xmlns="http://www.omg.org/spec/BPMN/20100524/MODEL" xmlns:bpmn2="http://www.omg.org/spec/BPMN/20100524/MODEL" xmlns:xsi="http://www.w3.org/2001/XMLSchema-instance" xmlns:xsd="http://www.w3.org/2001/XMLSchema" xmlns:activiti="http://activiti.org/bpmn" xmlns:bpmndi="http://www.omg.org/spec/BPMN/20100524/DI" xmlns:omgdc="http://www.omg.org/spec/DD/20100524/DC" xmlns:omgdi="http://www.omg.org/spec/DD/20100524/DI" typeLanguage="http://www.w3.org/2001/XMLSchema" expressionLanguage="http://www.w3.org/1999/XPath" targetNamespace="http://bpmn.io/schema/bpmn" id="model-089dbe0b-705b-46bd-b22f-fe37346c81f2" name="candidategroupprocess" xsi:schemaLocation="http://www.omg.org/spec/BPMN/20100524/MODEL BPMN20.xsd">
  <bpmn2:process id="Process_Hve-FKNn" name="candidategroupprocess" isExecutable="true">
    <bpmn2:startEvent id="StartEvent_1">
      <bpmn2:outgoing>SequenceFlow_0piii2x</bpmn2:outgoing>
    </bpmn2:startEvent>
    <bpmn2:userTask id="UserTask_1wcv9q0" name="candidateGroupTask" activiti:candidateGroups="hr">
      <bpmn2:incoming>SequenceFlow_0piii2x</bpmn2:incoming>
      <bpmn2:outgoing>SequenceFlow_128iykz</bpmn2:outgoing>
    </bpmn2:userTask>
    <bpmn2:endEvent id="EndEvent_0hadct6">
      <bpmn2:incoming>SequenceFlow_128iykz</bpmn2:incoming>
    </bpmn2:endEvent>
    <bpmn2:sequenceFlow id="SequenceFlow_0piii2x" sourceRef="StartEvent_1" targetRef="UserTask_1wcv9q0"></bpmn2:sequenceFlow>
    <bpmn2:sequenceFlow id="SequenceFlow_128iykz" sourceRef="UserTask_1wcv9q0" targetRef="EndEvent_0hadct6"></bpmn2:sequenceFlow>
  </bpmn2:process>
  <bpmndi:BPMNDiagram id="BPMNDiagram_Process_Hve-FKNn">
    <bpmndi:BPMNPlane bpmnElement="Process_Hve-FKNn" id="BPMNPlane_Process_Hve-FKNn">
      <bpmndi:BPMNShape bpmnElement="StartEvent_1" id="BPMNShape_StartEvent_1">
        <omgdc:Bounds height="36.0" width="36.0" x="412.0" y="240.0"></omgdc:Bounds>
      </bpmndi:BPMNShape>
      <bpmndi:BPMNShape bpmnElement="UserTask_1wcv9q0" id="BPMNShape_UserTask_1wcv9q0">
        <omgdc:Bounds height="80.0" width="100.0" x="513.0" y="218.0"></omgdc:Bounds>
      </bpmndi:BPMNShape>
      <bpmndi:BPMNShape bpmnElement="EndEvent_0hadct6" id="BPMNShape_EndEvent_0hadct6">
        <omgdc:Bounds height="36.0" width="36.0" x="694.0" y="240.0"></omgdc:Bounds>
      </bpmndi:BPMNShape>
      <bpmndi:BPMNEdge bpmnElement="SequenceFlow_0piii2x" id="BPMNEdge_SequenceFlow_0piii2x">
        <omgdi:waypoint x="448.0" y="258.0"></omgdi:waypoint>
        <omgdi:waypoint x="513.0" y="258.0"></omgdi:waypoint>
      </bpmndi:BPMNEdge>
      <bpmndi:BPMNEdge bpmnElement="SequenceFlow_128iykz" id="BPMNEdge_SequenceFlow_128iykz">
        <omgdi:waypoint x="613.0" y="258.0"></omgdi:waypoint>
        <omgdi:waypoint x="694.0" y="258.0"></omgdi:waypoint>
      </bpmndi:BPMNEdge>
    </bpmndi:BPMNPlane>
  </bpmndi:BPMNDiagram>
</bpmn2:definitions>