<?xml version="1.0" encoding="UTF-8"?>
<bpmn2:definitions xmlns:xsi="http://www.w3.org/2001/XMLSchema-instance" xmlns:bpmn2="http://www.omg.org/spec/BPMN/20100524/MODEL" xmlns:bpmndi="http://www.omg.org/spec/BPMN/20100524/DI" xmlns:dc="http://www.omg.org/spec/DD/20100524/DC" xmlns:di="http://www.omg.org/spec/DD/20100524/DI" xmlns:activiti="http://activiti.org/bpmn" id="model-6c98e80e-764b-462b-b913-a04862a83c1a" name="candidateusersgroups" targetNamespace="http://bpmn.io/schema/bpmn" xsi:schemaLocation="http://www.omg.org/spec/BPMN/20100524/MODEL BPMN20.xsd">
  <bpmn2:process id="Process_kW_DOWwgL" name="candidateusersgroups" isExecutable="true">
    <bpmn2:documentation />
    <bpmn2:startEvent id="Event_1">
      <bpmn2:outgoing>SequenceFlow_1nxgqzl</bpmn2:outgoing>
    </bpmn2:startEvent>
    <bpmn2:sequenceFlow id="SequenceFlow_1nxgqzl" sourceRef="Event_1" targetRef="Task_0adwe7d" />
    <bpmn2:endEvent id="EndEvent_1qhc5em">
      <bpmn2:incoming>SequenceFlow_19agdw5</bpmn2:incoming>
    </bpmn2:endEvent>
    <bpmn2:sequenceFlow id="SequenceFlow_19agdw5" sourceRef="Task_0adwe7d" targetRef="EndEvent_1qhc5em" />
    <bpmn2:userTask id="Task_0adwe7d" name="candidate users and group" activiti:candidateUsers="testuser,salesuser" activiti:candidateGroups="hr">
      <bpmn2:incoming>SequenceFlow_1nxgqzl</bpmn2:incoming>
      <bpmn2:outgoing>SequenceFlow_19agdw5</bpmn2:outgoing>
    </bpmn2:userTask>
  </bpmn2:process>
  <bpmndi:BPMNDiagram id="BPMNDiagram_1">
    <bpmndi:BPMNPlane id="BPMNPlane_1" bpmnElement="Process_kW_DOWwgL">
      <bpmndi:BPMNShape id="_BPMNShape_Event_2" bpmnElement="Event_1">
        <dc:Bounds x="412" y="240" width="36" height="36" />
      </bpmndi:BPMNShape>
      <bpmndi:BPMNEdge id="SequenceFlow_1nxgqzl_di" bpmnElement="SequenceFlow_1nxgqzl">
        <di:waypoint x="448" y="258" />
        <di:waypoint x="500" y="258" />
      </bpmndi:BPMNEdge>
      <bpmndi:BPMNShape id="EndEvent_1qhc5em_di" bpmnElement="EndEvent_1qhc5em">
        <dc:Bounds x="652" y="240" width="36" height="36" />
      </bpmndi:BPMNShape>
      <bpmndi:BPMNEdge id="SequenceFlow_19agdw5_di" bpmnElement="SequenceFlow_19agdw5">
        <di:waypoint x="600" y="258" />
        <di:waypoint x="652" y="258" />
      </bpmndi:BPMNEdge>
      <bpmndi:BPMNShape id="UserTask_1fjwphh_di" bpmnElement="Task_0adwe7d">
        <dc:Bounds x="500" y="218" width="100" height="80" />
      </bpmndi:BPMNShape>
    </bpmndi:BPMNPlane>
  </bpmndi:BPMNDiagram>
</bpmn2:definitions>
