<?xml version="1.0" encoding="UTF-8"?>
<definitions xmlns="http://www.omg.org/spec/BPMN/20100524/MODEL" xmlns:xsi="http://www.w3.org/2001/XMLSchema-instance" xmlns:activiti="http://activiti.org/bpmn" xmlns:bpmndi="http://www.omg.org/spec/BPMN/20100524/DI" xmlns:omgdc="http://www.omg.org/spec/DD/20100524/DC" xmlns:omgdi="http://www.omg.org/spec/DD/20100524/DI" xmlns:xsd="http://www.w3.org/2001/XMLSchema" id="sample-diagram" targetNamespace="http://bpmn.io/schema/bpmn" xsi:schemaLocation="http://www.omg.org/spec/BPMN/20100524/MODEL BPMN20.xsd">
  <process id="process-26259e38-26e7-40e8-9813-45fb7b458670" name="candidateUserProcess" isExecutable="true">
    <startEvent id="StartEvent_1" />
    <sequenceFlow id="SequenceFlow_1pydxua" sourceRef="StartEvent_1" targetRef="Task_1a2br0r" />
    <userTask id="Task_1a2br0r" name="candidateUserTask" activiti:candidateUsers="admin.adf" />
    <endEvent id="EndEvent_0eyt284" />
    <sequenceFlow id="SequenceFlow_1m2ksxm" sourceRef="Task_1a2br0r" targetRef="EndEvent_0eyt284" />
  </process>
  <bpmndi:BPMNDiagram id="BPMNDiagram_process-26259e38-26e7-40e8-9813-45fb7b458670">
    <bpmndi:BPMNPlane id="BPMNPlane_process-26259e38-26e7-40e8-9813-45fb7b458670" bpmnElement="process-26259e38-26e7-40e8-9813-45fb7b458670">
      <bpmndi:BPMNShape id="BPMNShape_StartEvent_1" bpmnElement="StartEvent_1">
        <omgdc:Bounds x="412" y="240" width="36" height="36" />
      </bpmndi:BPMNShape>
      <bpmndi:BPMNShape id="BPMNShape_Task_1a2br0r" bpmnElement="Task_1a2br0r">
        <omgdc:Bounds x="498" y="218" width="100" height="80" />
      </bpmndi:BPMNShape>
      <bpmndi:BPMNShape id="BPMNShape_EndEvent_0eyt284" bpmnElement="EndEvent_0eyt284">
        <omgdc:Bounds x="648" y="240" width="36" height="36" />
      </bpmndi:BPMNShape>
      <bpmndi:BPMNEdge id="BPMNEdge_SequenceFlow_1pydxua" bpmnElement="SequenceFlow_1pydxua">
        <omgdi:waypoint x="448" y="258" />
        <omgdi:waypoint x="498" y="258" />
      </bpmndi:BPMNEdge>
      <bpmndi:BPMNEdge id="BPMNEdge_SequenceFlow_1m2ksxm" bpmnElement="SequenceFlow_1m2ksxm">
        <omgdi:waypoint x="598" y="258" />
        <omgdi:waypoint x="648" y="258" />
      </bpmndi:BPMNEdge>
    </bpmndi:BPMNPlane>
  </bpmndi:BPMNDiagram>
</definitions>
