{"id":"process-a5897cb7-3cc3-4e13-bf8c-2767d3d97be5","type":"PROCESS","name":"candidateuserprocess","extensions":{"constants":{},"mappings":{},"properties":{"546aa7ac-3ef2-442c-a2f0-c42b42a0e0a4":{"id":"546aa7ac-3ef2-442c-a2f0-c42b42a0e0a4","name":"nameString","type":"string","required":false,"value":"string"},"b79445d5-b8e3-491b-b821-2f62c0cdd4fd":{"id":"b79445d5-b8e3-491b-b821-2f62c0cdd4fd","name":"nameInteger","type":"integer","required":false,"value":11},"d0afee9c-fce7-4127-aaba-a60f2a90304d":{"id":"d0afee9c-fce7-4127-aaba-a60f2a90304d","name":"nameBoolean","type":"boolean","required":false,"value":false},"7ac3c9e9-ee8b-4cc2-8b59-e9403965abb6":{"id":"7ac3c9e9-ee8b-4cc2-8b59-e9403965abb6","name":"nameDate","type":"date","required":false,"value":"2019-09-13"}}}}