<?xml version="1.0" encoding="UTF-8"?>
<definitions xmlns="http://www.omg.org/spec/BPMN/20100524/MODEL" xmlns:xsi="http://www.w3.org/2001/XMLSchema-instance" xmlns:xsd="http://www.w3.org/2001/XMLSchema" xmlns:activiti="http://activiti.org/bpmn" xmlns:bpmndi="http://www.omg.org/spec/BPMN/20100524/DI" xmlns:omgdc="http://www.omg.org/spec/DD/20100524/DC" xmlns:omgdi="http://www.omg.org/spec/DD/20100524/DI" xmlns:bpmn2="http://www.omg.org/spec/BPMN/20100524/MODEL" xmlns:dc="http://www.omg.org/spec/DD/20100524/DC" xmlns:di="http://www.omg.org/spec/DD/20100524/DI" typeLanguage="http://www.w3.org/2001/XMLSchema" expressionLanguage="http://www.w3.org/1999/XPath" targetNamespace="http://bpmn.io/schema/bpmn" id="sample-diagram" xsi:schemaLocation="http://www.omg.org/spec/BPMN/20100524/MODEL BPMN20.xsd">
  <process id="process-9bc302db-fdd3-42be-bce8-5e6826a71791" name="candidateGroupProcess" isExecutable="true">
    <startEvent id="StartEvent_1">
      <outgoing>SequenceFlow_0piii2x</outgoing>
    </startEvent>
    <userTask id="UserTask_1wcv9q0" name="candidateGroupTask" activiti:candidateGroups="hr"></userTask>
    <endEvent id="EndEvent_0hadct6">
      <incoming>SequenceFlow_128iykz</incoming>
    </endEvent>
    <sequenceFlow id="SequenceFlow_0piii2x" sourceRef="StartEvent_1" targetRef="UserTask_1wcv9q0"></sequenceFlow>
    <sequenceFlow id="SequenceFlow_128iykz" sourceRef="UserTask_1wcv9q0" targetRef="EndEvent_0hadct6"></sequenceFlow>
  </process>
  <bpmndi:BPMNDiagram id="BPMNDiagram_process-9bc302db-fdd3-42be-bce8-5e6826a71791">
    <bpmndi:BPMNPlane bpmnElement="process-9bc302db-fdd3-42be-bce8-5e6826a71791" id="BPMNPlane_process-9bc302db-fdd3-42be-bce8-5e6826a71791">
      <bpmndi:BPMNShape bpmnElement="StartEvent_1" id="BPMNShape_StartEvent_1">
        <omgdc:Bounds height="36.0" width="36.0" x="412.0" y="240.0"></omgdc:Bounds>
      </bpmndi:BPMNShape>
      <bpmndi:BPMNShape bpmnElement="UserTask_1wcv9q0" id="BPMNShape_UserTask_1wcv9q0">
        <omgdc:Bounds height="80.0" width="100.0" x="513.0" y="218.0"></omgdc:Bounds>
      </bpmndi:BPMNShape>
      <bpmndi:BPMNShape bpmnElement="EndEvent_0hadct6" id="BPMNShape_EndEvent_0hadct6">
        <omgdc:Bounds height="36.0" width="36.0" x="694.0" y="240.0"></omgdc:Bounds>
      </bpmndi:BPMNShape>
      <bpmndi:BPMNEdge bpmnElement="SequenceFlow_0piii2x" id="BPMNEdge_SequenceFlow_0piii2x">
        <omgdi:waypoint x="448.0" y="258.0"></omgdi:waypoint>
        <omgdi:waypoint x="513.0" y="258.0"></omgdi:waypoint>
      </bpmndi:BPMNEdge>
      <bpmndi:BPMNEdge bpmnElement="SequenceFlow_128iykz" id="BPMNEdge_SequenceFlow_128iykz">
        <omgdi:waypoint x="613.0" y="258.0"></omgdi:waypoint>
        <omgdi:waypoint x="694.0" y="258.0"></omgdi:waypoint>
      </bpmndi:BPMNEdge>
    </bpmndi:BPMNPlane>
  </bpmndi:BPMNDiagram>
</definitions>