{"id":"process-13472558-7d4b-4d71-b59b-9b6dc67126d8","type":"PROCESS","name":"errorstartevent","extensions":{"Process_5Hw-93Ly":{"constants":{},"mappings":{},"properties":{},"assignments":{}},"SubProcess_12bfgzx":{"constants":{},"mappings":{},"properties":{},"assignments":{"Task_1c9otpe":{"type":"identity","assignment":"assignee","id":"Task_1c9otpe"}}},"SubProcess_0ap0x45":{"constants":{},"mappings":{},"properties":{},"assignments":{"Task_0prlhl5":{"type":"identity","assignment":"assignee","id":"Task_0prlhl5"}}}}}