<?xml version="1.0" encoding="UTF-8"?>
<bpmn2:definitions xmlns="http://www.omg.org/spec/BPMN/20100524/MODEL" xmlns:bpmn2="http://www.omg.org/spec/BPMN/20100524/MODEL" xmlns:xsi="http://www.w3.org/2001/XMLSchema-instance" xmlns:xsd="http://www.w3.org/2001/XMLSchema" xmlns:activiti="http://activiti.org/bpmn" xmlns:bpmndi="http://www.omg.org/spec/BPMN/20100524/DI" xmlns:omgdc="http://www.omg.org/spec/DD/20100524/DC" xmlns:omgdi="http://www.omg.org/spec/DD/20100524/DI" xmlns:dc="http://www.omg.org/spec/DD/20100524/DC" xmlns:di="http://www.omg.org/spec/DD/20100524/DI" typeLanguage="http://www.w3.org/2001/XMLSchema" expressionLanguage="http://www.w3.org/1999/XPath" targetNamespace="http://bpmn.io/schema/bpmn" id="model-fe3716c1-4cda-4ab7-8f21-96595773b435" name="errorboundaryevent" xsi:schemaLocation="http://www.omg.org/spec/BPMN/20100524/MODEL BPMN20.xsd">
  <bpmn2:process id="Process_U79QpUq3" name="errorboundaryevent" isExecutable="true">
    <bpmn2:startEvent id="Event_1">
      <bpmn2:outgoing>SequenceFlow_1yfxtvb</bpmn2:outgoing>
    </bpmn2:startEvent>
    <bpmn2:subProcess id="SubProcess_1ixe0kf" name="subProcess">
      <bpmn2:startEvent id="StartEvent_0f1h1zt">
        <bpmn2:outgoing>SequenceFlow_0e4qy1w</bpmn2:outgoing>
      </bpmn2:startEvent>
      <bpmn2:sequenceFlow id="SequenceFlow_0e4qy1w" sourceRef="StartEvent_0f1h1zt" targetRef="EndEvent_1eor0ur"></bpmn2:sequenceFlow>
      <bpmn2:endEvent id="EndEvent_1eor0ur">
        <bpmn2:incoming>SequenceFlow_0e4qy1w</bpmn2:incoming>
        <errorEventDefinition errorRef="Error_END_EVENT"></errorEventDefinition>
      </bpmn2:endEvent>
    </bpmn2:subProcess>
    <bpmn2:boundaryEvent id="IntermediateThrowEvent_13j6ie8" attachedToRef="SubProcess_1ixe0kf">
      <bpmn2:outgoing>SequenceFlow_066qozr</bpmn2:outgoing>
      <errorEventDefinition errorRef="Error_END_EVENT"></errorEventDefinition>
    </bpmn2:boundaryEvent>
    <bpmn2:userTask id="UserTask_08oeylq" name="User Task" activiti:assignee="hruser">
      <bpmn2:incoming>SequenceFlow_066qozr</bpmn2:incoming>
      <bpmn2:outgoing>SequenceFlow_0jeaji5</bpmn2:outgoing>
    </bpmn2:userTask>
    <bpmn2:endEvent id="EndEvent_1toptn3">
      <bpmn2:incoming>SequenceFlow_0jeaji5</bpmn2:incoming>
    </bpmn2:endEvent>
    <bpmn2:sequenceFlow id="SequenceFlow_0jeaji5" sourceRef="UserTask_08oeylq" targetRef="EndEvent_1toptn3"></bpmn2:sequenceFlow>
    <bpmn2:sequenceFlow id="SequenceFlow_066qozr" sourceRef="IntermediateThrowEvent_13j6ie8" targetRef="UserTask_08oeylq"></bpmn2:sequenceFlow>
    <bpmn2:endEvent id="EndEvent_0k4t1jc">
      <bpmn2:incoming>SequenceFlow_15y47or</bpmn2:incoming>
    </bpmn2:endEvent>
    <bpmn2:sequenceFlow id="SequenceFlow_1yfxtvb" sourceRef="Event_1" targetRef="SubProcess_1ixe0kf"></bpmn2:sequenceFlow>
    <bpmn2:sequenceFlow id="SequenceFlow_15y47or" sourceRef="SubProcess_1ixe0kf" targetRef="EndEvent_0k4t1jc"></bpmn2:sequenceFlow>
  </bpmn2:process>
  <error id="Error_END_EVENT" name="Error Boundary" errorCode="567"></error>
  <bpmndi:BPMNDiagram id="BPMNDiagram_Process_U79QpUq3">
    <bpmndi:BPMNPlane bpmnElement="Process_U79QpUq3" id="BPMNPlane_Process_U79QpUq3">
      <bpmndi:BPMNShape bpmnElement="Event_1" id="BPMNShape_Event_1">
        <omgdc:Bounds height="36.0" width="36.0" x="12.0" y="332.0"></omgdc:Bounds>
      </bpmndi:BPMNShape>
      <bpmndi:BPMNShape bpmnElement="SubProcess_1ixe0kf" id="BPMNShape_SubProcess_1ixe0kf" isExpanded="true">
        <omgdc:Bounds height="270.0" width="640.0" x="120.0" y="215.0"></omgdc:Bounds>
      </bpmndi:BPMNShape>
      <bpmndi:BPMNShape bpmnElement="StartEvent_0f1h1zt" id="BPMNShape_StartEvent_0f1h1zt">
        <omgdc:Bounds height="36.0" width="36.0" x="222.0" y="332.0"></omgdc:Bounds>
      </bpmndi:BPMNShape>
      <bpmndi:BPMNShape bpmnElement="EndEvent_1eor0ur" id="BPMNShape_EndEvent_1eor0ur">
        <omgdc:Bounds height="36.0" width="36.0" x="672.0" y="332.0"></omgdc:Bounds>
      </bpmndi:BPMNShape>
      <bpmndi:BPMNShape bpmnElement="IntermediateThrowEvent_13j6ie8" id="BPMNShape_IntermediateThrowEvent_13j6ie8">
        <omgdc:Bounds height="36.0" width="36.0" x="372.0" y="467.0"></omgdc:Bounds>
      </bpmndi:BPMNShape>
      <bpmndi:BPMNShape bpmnElement="EndEvent_0k4t1jc" id="BPMNShape_EndEvent_0k4t1jc">
        <omgdc:Bounds height="36.0" width="36.0" x="1022.0" y="332.0"></omgdc:Bounds>
      </bpmndi:BPMNShape>
      <bpmndi:BPMNShape bpmnElement="UserTask_08oeylq" id="BPMNShape_UserTask_08oeylq">
        <omgdc:Bounds height="80.0" width="100.0" x="440.0" y="560.0"></omgdc:Bounds>
      </bpmndi:BPMNShape>
      <bpmndi:BPMNShape bpmnElement="EndEvent_1toptn3" id="BPMNShape_EndEvent_1toptn3">
        <omgdc:Bounds height="36.0" width="36.0" x="572.0" y="582.0"></omgdc:Bounds>
      </bpmndi:BPMNShape>
      <bpmndi:BPMNEdge bpmnElement="SequenceFlow_1yfxtvb" id="BPMNEdge_SequenceFlow_1yfxtvb">
        <omgdi:waypoint x="48.0" y="350.0"></omgdi:waypoint>
        <omgdi:waypoint x="120.0" y="350.0"></omgdi:waypoint>
      </bpmndi:BPMNEdge>
      <bpmndi:BPMNEdge bpmnElement="SequenceFlow_0e4qy1w" id="BPMNEdge_SequenceFlow_0e4qy1w">
        <omgdi:waypoint x="258.0" y="350.0"></omgdi:waypoint>
        <omgdi:waypoint x="672.0" y="350.0"></omgdi:waypoint>
      </bpmndi:BPMNEdge>
      <bpmndi:BPMNEdge bpmnElement="SequenceFlow_15y47or" id="BPMNEdge_SequenceFlow_15y47or">
        <omgdi:waypoint x="760.0" y="350.0"></omgdi:waypoint>
        <omgdi:waypoint x="1022.0" y="350.0"></omgdi:waypoint>
      </bpmndi:BPMNEdge>
      <bpmndi:BPMNEdge bpmnElement="SequenceFlow_066qozr" id="BPMNEdge_SequenceFlow_066qozr">
        <omgdi:waypoint x="390.0" y="503.0"></omgdi:waypoint>
        <omgdi:waypoint x="390.0" y="600.0"></omgdi:waypoint>
        <omgdi:waypoint x="440.0" y="600.0"></omgdi:waypoint>
      </bpmndi:BPMNEdge>
      <bpmndi:BPMNEdge bpmnElement="SequenceFlow_0jeaji5" id="BPMNEdge_SequenceFlow_0jeaji5">
        <omgdi:waypoint x="540.0" y="600.0"></omgdi:waypoint>
        <omgdi:waypoint x="572.0" y="600.0"></omgdi:waypoint>
      </bpmndi:BPMNEdge>
    </bpmndi:BPMNPlane>
  </bpmndi:BPMNDiagram>
</bpmn2:definitions>