<?xml version="1.0" encoding="UTF-8"?>
<bpmn2:definitions xmlns="http://www.omg.org/spec/BPMN/20100524/MODEL" xmlns:bpmn2="http://www.omg.org/spec/BPMN/20100524/MODEL" xmlns:xsi="http://www.w3.org/2001/XMLSchema-instance" xmlns:xsd="http://www.w3.org/2001/XMLSchema" xmlns:activiti="http://activiti.org/bpmn" xmlns:bpmndi="http://www.omg.org/spec/BPMN/20100524/DI" xmlns:omgdc="http://www.omg.org/spec/DD/20100524/DC" xmlns:omgdi="http://www.omg.org/spec/DD/20100524/DI" xmlns:dc="http://www.omg.org/spec/DD/20100524/DC" xmlns:di="http://www.omg.org/spec/DD/20100524/DI" typeLanguage="http://www.w3.org/2001/XMLSchema" expressionLanguage="http://www.w3.org/1999/XPath" targetNamespace="http://bpmn.io/schema/bpmn" id="model-a53bf7c2-0e05-47fe-a9e7-f14e93671e1d" name="errorexclusivegate" xsi:schemaLocation="http://www.omg.org/spec/BPMN/20100524/MODEL BPMN20.xsd">
  <bpmn2:process id="Process_iicVGb7f" name="errorexclusivegate" isExecutable="true">
    <bpmn2:startEvent id="Event_1">
      <bpmn2:outgoing>SequenceFlow_1jvktq2</bpmn2:outgoing>
    </bpmn2:startEvent>
    <bpmn2:subProcess id="SubProcess_1csdqaw" name="SubProcess">
      <bpmn2:startEvent id="StartEvent_0bdwi5p">
        <bpmn2:outgoing>SequenceFlow_0jd90f7</bpmn2:outgoing>
      </bpmn2:startEvent>
      <bpmn2:sequenceFlow id="SequenceFlow_106dp2t" sourceRef="Gateway_0a5adfc" targetRef="EndEvent_0zj8hvt">
        <conditionExpression xsi:type="tFormalExpression"><![CDATA[${1==1}]]></conditionExpression>
      </bpmn2:sequenceFlow>
      <bpmn2:exclusiveGateway id="Gateway_0a5adfc">
        <bpmn2:incoming>SequenceFlow_0jd90f7</bpmn2:incoming>
        <bpmn2:outgoing>SequenceFlow_106dp2t</bpmn2:outgoing>
        <bpmn2:outgoing>SequenceFlow_04p2bim</bpmn2:outgoing>
      </bpmn2:exclusiveGateway>
      <bpmn2:sequenceFlow id="SequenceFlow_04p2bim" sourceRef="Gateway_0a5adfc" targetRef="EndEvent_0034fzn">
        <conditionExpression xsi:type="tFormalExpression"><![CDATA[${2==1}]]></conditionExpression>
      </bpmn2:sequenceFlow>
      <bpmn2:sequenceFlow id="SequenceFlow_0jd90f7" sourceRef="StartEvent_0bdwi5p" targetRef="Gateway_0a5adfc"></bpmn2:sequenceFlow>
      <bpmn2:endEvent id="EndEvent_0zj8hvt">
        <bpmn2:incoming>SequenceFlow_106dp2t</bpmn2:incoming>
        <errorEventDefinition errorRef="Error_OK"></errorEventDefinition>
      </bpmn2:endEvent>
      <bpmn2:endEvent id="EndEvent_0034fzn">
        <bpmn2:incoming>SequenceFlow_04p2bim</bpmn2:incoming>
        <errorEventDefinition errorRef="Error_NOT_OK"></errorEventDefinition>
      </bpmn2:endEvent>
    </bpmn2:subProcess>
    <bpmn2:endEvent id="EndEvent_15idq6x">
      <bpmn2:incoming>SequenceFlow_1xqr8ei</bpmn2:incoming>
    </bpmn2:endEvent>
    <bpmn2:sequenceFlow id="SequenceFlow_1jvktq2" sourceRef="Event_1" targetRef="SubProcess_1csdqaw"></bpmn2:sequenceFlow>
    <bpmn2:sequenceFlow id="SequenceFlow_1xqr8ei" sourceRef="SubProcess_1csdqaw" targetRef="EndEvent_15idq6x"></bpmn2:sequenceFlow>
    <bpmn2:boundaryEvent id="IntermediateThrowEvent_17zzfiq" attachedToRef="SubProcess_1csdqaw">
      <bpmn2:outgoing>SequenceFlow_19xmznj</bpmn2:outgoing>
      <errorEventDefinition errorRef="Error_OK"></errorEventDefinition>
    </bpmn2:boundaryEvent>
    <bpmn2:userTask id="UserTask_1vel0w4" name="User Task 1" activiti:assignee="hruser">
      <bpmn2:incoming>SequenceFlow_19xmznj</bpmn2:incoming>
      <bpmn2:outgoing>SequenceFlow_05cd6sp</bpmn2:outgoing>
    </bpmn2:userTask>
    <bpmn2:endEvent id="EndEvent_0r1xx6v">
      <bpmn2:incoming>SequenceFlow_05cd6sp</bpmn2:incoming>
    </bpmn2:endEvent>
    <bpmn2:sequenceFlow id="SequenceFlow_19xmznj" sourceRef="IntermediateThrowEvent_17zzfiq" targetRef="UserTask_1vel0w4"></bpmn2:sequenceFlow>
    <bpmn2:sequenceFlow id="SequenceFlow_05cd6sp" sourceRef="UserTask_1vel0w4" targetRef="EndEvent_0r1xx6v"></bpmn2:sequenceFlow>
    <bpmn2:boundaryEvent id="IntermediateThrowEvent_0jqr42f" attachedToRef="SubProcess_1csdqaw">
      <bpmn2:outgoing>SequenceFlow_0rcur8y</bpmn2:outgoing>
      <errorEventDefinition errorRef="Error_NOT_OK"></errorEventDefinition>
    </bpmn2:boundaryEvent>
    <bpmn2:userTask id="UserTask_1n6savx" name="User Task 2" activiti:assignee="hruser">
      <bpmn2:incoming>SequenceFlow_0rcur8y</bpmn2:incoming>
      <bpmn2:outgoing>SequenceFlow_1lkhkch</bpmn2:outgoing>
    </bpmn2:userTask>
    <bpmn2:sequenceFlow id="SequenceFlow_0rcur8y" sourceRef="IntermediateThrowEvent_0jqr42f" targetRef="UserTask_1n6savx"></bpmn2:sequenceFlow>
    <bpmn2:endEvent id="EndEvent_0o3klv8">
      <bpmn2:incoming>SequenceFlow_1lkhkch</bpmn2:incoming>
    </bpmn2:endEvent>
    <bpmn2:sequenceFlow id="SequenceFlow_1lkhkch" sourceRef="UserTask_1n6savx" targetRef="EndEvent_0o3klv8"></bpmn2:sequenceFlow>
  </bpmn2:process>
  <error id="Error_OK" name="Error OK" errorCode="200"></error>
  <error id="Error_NOT_OK" name="Error NOT OK" errorCode="500"></error>
  <bpmndi:BPMNDiagram id="BPMNDiagram_Process_iicVGb7f">
    <bpmndi:BPMNPlane bpmnElement="Process_iicVGb7f" id="BPMNPlane_Process_iicVGb7f">
      <bpmndi:BPMNShape bpmnElement="Event_1" id="BPMNShape_Event_1">
        <omgdc:Bounds height="36.0" width="36.0" x="182.0" y="252.0"></omgdc:Bounds>
      </bpmndi:BPMNShape>
      <bpmndi:BPMNShape bpmnElement="SubProcess_1csdqaw" id="BPMNShape_SubProcess_1csdqaw" isExpanded="true">
        <omgdc:Bounds height="290.0" width="350.0" x="470.0" y="170.0"></omgdc:Bounds>
      </bpmndi:BPMNShape>
      <bpmndi:BPMNShape bpmnElement="EndEvent_15idq6x" id="BPMNShape_EndEvent_15idq6x">
        <omgdc:Bounds height="36.0" width="36.0" x="872.0" y="252.0"></omgdc:Bounds>
      </bpmndi:BPMNShape>
      <bpmndi:BPMNShape bpmnElement="StartEvent_0bdwi5p" id="BPMNShape_StartEvent_0bdwi5p">
        <omgdc:Bounds height="36.0" width="36.0" x="492.0" y="252.0"></omgdc:Bounds>
      </bpmndi:BPMNShape>
      <bpmndi:BPMNShape bpmnElement="Gateway_0a5adfc" id="BPMNShape_Gateway_0a5adfc">
        <omgdc:Bounds height="50.0" width="50.0" x="595.0" y="245.0"></omgdc:Bounds>
      </bpmndi:BPMNShape>
      <bpmndi:BPMNShape bpmnElement="EndEvent_0zj8hvt" id="BPMNShape_EndEvent_0zj8hvt">
        <omgdc:Bounds height="36.0" width="36.0" x="702.0" y="252.0"></omgdc:Bounds>
      </bpmndi:BPMNShape>
      <bpmndi:BPMNShape bpmnElement="EndEvent_0034fzn" id="BPMNShape_EndEvent_0034fzn">
        <omgdc:Bounds height="36.0" width="36.0" x="702.0" y="362.0"></omgdc:Bounds>
      </bpmndi:BPMNShape>
      <bpmndi:BPMNShape bpmnElement="IntermediateThrowEvent_17zzfiq" id="BPMNShape_IntermediateThrowEvent_17zzfiq">
        <omgdc:Bounds height="36.0" width="36.0" x="602.0" y="442.0"></omgdc:Bounds>
      </bpmndi:BPMNShape>
      <bpmndi:BPMNShape bpmnElement="UserTask_1vel0w4" id="BPMNShape_UserTask_1vel0w4">
        <omgdc:Bounds height="80.0" width="100.0" x="610.0" y="520.0"></omgdc:Bounds>
      </bpmndi:BPMNShape>
      <bpmndi:BPMNShape bpmnElement="EndEvent_0r1xx6v" id="BPMNShape_EndEvent_0r1xx6v">
        <omgdc:Bounds height="36.0" width="36.0" x="762.0" y="542.0"></omgdc:Bounds>
      </bpmndi:BPMNShape>
      <bpmndi:BPMNShape bpmnElement="IntermediateThrowEvent_0jqr42f" id="BPMNShape_IntermediateThrowEvent_0jqr42f">
        <omgdc:Bounds height="36.0" width="36.0" x="472.0" y="442.0"></omgdc:Bounds>
      </bpmndi:BPMNShape>
      <bpmndi:BPMNShape bpmnElement="UserTask_1n6savx" id="BPMNShape_UserTask_1n6savx">
        <omgdc:Bounds height="80.0" width="100.0" x="400.0" y="520.0"></omgdc:Bounds>
      </bpmndi:BPMNShape>
      <bpmndi:BPMNShape bpmnElement="EndEvent_0o3klv8" id="BPMNShape_EndEvent_0o3klv8">
        <omgdc:Bounds height="36.0" width="36.0" x="552.0" y="542.0"></omgdc:Bounds>
      </bpmndi:BPMNShape>
      <bpmndi:BPMNEdge bpmnElement="SequenceFlow_1jvktq2" id="BPMNEdge_SequenceFlow_1jvktq2">
        <omgdi:waypoint x="218.0" y="270.0"></omgdi:waypoint>
        <omgdi:waypoint x="344.0" y="270.0"></omgdi:waypoint>
        <omgdi:waypoint x="344.0" y="315.0"></omgdi:waypoint>
        <omgdi:waypoint x="470.0" y="315.0"></omgdi:waypoint>
      </bpmndi:BPMNEdge>
      <bpmndi:BPMNEdge bpmnElement="SequenceFlow_1xqr8ei" id="BPMNEdge_SequenceFlow_1xqr8ei">
        <omgdi:waypoint x="820.0" y="315.0"></omgdi:waypoint>
        <omgdi:waypoint x="846.0" y="315.0"></omgdi:waypoint>
        <omgdi:waypoint x="846.0" y="270.0"></omgdi:waypoint>
        <omgdi:waypoint x="872.0" y="270.0"></omgdi:waypoint>
      </bpmndi:BPMNEdge>
      <bpmndi:BPMNEdge bpmnElement="SequenceFlow_106dp2t" id="BPMNEdge_SequenceFlow_106dp2t">
        <omgdi:waypoint x="645.0" y="270.0"></omgdi:waypoint>
        <omgdi:waypoint x="702.0" y="270.0"></omgdi:waypoint>
      </bpmndi:BPMNEdge>
      <bpmndi:BPMNEdge bpmnElement="SequenceFlow_0jd90f7" id="BPMNEdge_SequenceFlow_0jd90f7">
        <omgdi:waypoint x="528.0" y="270.0"></omgdi:waypoint>
        <omgdi:waypoint x="595.0" y="270.0"></omgdi:waypoint>
      </bpmndi:BPMNEdge>
      <bpmndi:BPMNEdge bpmnElement="SequenceFlow_04p2bim" id="BPMNEdge_SequenceFlow_04p2bim">
        <omgdi:waypoint x="620.0" y="295.0"></omgdi:waypoint>
        <omgdi:waypoint x="620.0" y="380.0"></omgdi:waypoint>
        <omgdi:waypoint x="702.0" y="380.0"></omgdi:waypoint>
      </bpmndi:BPMNEdge>
      <bpmndi:BPMNEdge bpmnElement="SequenceFlow_19xmznj" id="BPMNEdge_SequenceFlow_19xmznj">
        <omgdi:waypoint x="620.0" y="478.0"></omgdi:waypoint>
        <omgdi:waypoint x="620.0" y="499.0"></omgdi:waypoint>
        <omgdi:waypoint x="660.0" y="499.0"></omgdi:waypoint>
        <omgdi:waypoint x="660.0" y="520.0"></omgdi:waypoint>
      </bpmndi:BPMNEdge>
      <bpmndi:BPMNEdge bpmnElement="SequenceFlow_05cd6sp" id="BPMNEdge_SequenceFlow_05cd6sp">
        <omgdi:waypoint x="710.0" y="560.0"></omgdi:waypoint>
        <omgdi:waypoint x="762.0" y="560.0"></omgdi:waypoint>
      </bpmndi:BPMNEdge>
      <bpmndi:BPMNEdge bpmnElement="SequenceFlow_0rcur8y" id="BPMNEdge_SequenceFlow_0rcur8y">
        <omgdi:waypoint x="490.0" y="478.0"></omgdi:waypoint>
        <omgdi:waypoint x="490.0" y="499.0"></omgdi:waypoint>
        <omgdi:waypoint x="450.0" y="499.0"></omgdi:waypoint>
        <omgdi:waypoint x="450.0" y="520.0"></omgdi:waypoint>
      </bpmndi:BPMNEdge>
      <bpmndi:BPMNEdge bpmnElement="SequenceFlow_1lkhkch" id="BPMNEdge_SequenceFlow_1lkhkch">
        <omgdi:waypoint x="500.0" y="560.0"></omgdi:waypoint>
        <omgdi:waypoint x="552.0" y="560.0"></omgdi:waypoint>
      </bpmndi:BPMNEdge>
    </bpmndi:BPMNPlane>
  </bpmndi:BPMNDiagram>
</bpmn2:definitions>