<?xml version="1.0" encoding="UTF-8"?>
<bpmn2:definitions xmlns="http://www.omg.org/spec/BPMN/20100524/MODEL" xmlns:bpmn2="http://www.omg.org/spec/BPMN/20100524/MODEL" xmlns:xsi="http://www.w3.org/2001/XMLSchema-instance" xmlns:xsd="http://www.w3.org/2001/XMLSchema" xmlns:activiti="http://activiti.org/bpmn" xmlns:bpmndi="http://www.omg.org/spec/BPMN/20100524/DI" xmlns:omgdc="http://www.omg.org/spec/DD/20100524/DC" xmlns:omgdi="http://www.omg.org/spec/DD/20100524/DI" xmlns:dc="http://www.omg.org/spec/DD/20100524/DC" xmlns:di="http://www.omg.org/spec/DD/20100524/DI" typeLanguage="http://www.w3.org/2001/XMLSchema" expressionLanguage="http://www.w3.org/1999/XPath" targetNamespace="http://bpmn.io/schema/bpmn" id="model-2d012f50-9bee-4a9e-98cb-84d097b16850" name="errorstartevent" xsi:schemaLocation="http://www.omg.org/spec/BPMN/20100524/MODEL BPMN20.xsd">
  <bpmn2:process id="Process_5Hw-93Ly" name="errorstartevent" isExecutable="true">
    <bpmn2:startEvent id="Event_1">
      <bpmn2:outgoing>SequenceFlow_1ch26v5</bpmn2:outgoing>
    </bpmn2:startEvent>
    <bpmn2:subProcess id="SubProcess_193j9rl" name="parentSubProcess">
      <bpmn2:startEvent id="StartEvent_07u4kfj">
        <bpmn2:outgoing>SequenceFlow_0lj9m8d</bpmn2:outgoing>
      </bpmn2:startEvent>
      <bpmn2:sequenceFlow id="SequenceFlow_0lj9m8d" sourceRef="StartEvent_07u4kfj" targetRef="EndEvent_1q54293"></bpmn2:sequenceFlow>
      <bpmn2:subProcess id="SubProcess_0ap0x45" name="subProcess" triggeredByEvent="true">
        <bpmn2:sequenceFlow id="SequenceFlow_1qelmmc" sourceRef="StartEvent_0qehdin" targetRef="Task_0prlhl5"></bpmn2:sequenceFlow>
        <bpmn2:userTask id="Task_0prlhl5" name="User Task" activiti:assignee="hruser">
          <bpmn2:incoming>SequenceFlow_1qelmmc</bpmn2:incoming>
          <bpmn2:outgoing>SequenceFlow_1n9x4c2</bpmn2:outgoing>
        </bpmn2:userTask>
        <bpmn2:endEvent id="EndEvent_1r7pik4">
          <bpmn2:incoming>SequenceFlow_1n9x4c2</bpmn2:incoming>
        </bpmn2:endEvent>
        <bpmn2:sequenceFlow id="SequenceFlow_1n9x4c2" sourceRef="Task_0prlhl5" targetRef="EndEvent_1r7pik4"></bpmn2:sequenceFlow>
        <bpmn2:startEvent id="StartEvent_0qehdin" isInterrupting="true">
          <bpmn2:outgoing>SequenceFlow_1qelmmc</bpmn2:outgoing>
          <errorEventDefinition errorRef="Error_END_EVENT"></errorEventDefinition>
        </bpmn2:startEvent>
      </bpmn2:subProcess>
      <bpmn2:endEvent id="EndEvent_1q54293">
        <bpmn2:incoming>SequenceFlow_0lj9m8d</bpmn2:incoming>
        <errorEventDefinition errorRef="Error_END_EVENT"></errorEventDefinition>
      </bpmn2:endEvent>
    </bpmn2:subProcess>
    <bpmn2:endEvent id="EndEvent_0usyu2x">
      <bpmn2:incoming>SequenceFlow_1drh4f4</bpmn2:incoming>
    </bpmn2:endEvent>
    <bpmn2:sequenceFlow id="SequenceFlow_1drh4f4" sourceRef="SubProcess_193j9rl" targetRef="EndEvent_0usyu2x"></bpmn2:sequenceFlow>
    <bpmn2:sequenceFlow id="SequenceFlow_1ch26v5" sourceRef="Event_1" targetRef="SubProcess_193j9rl"></bpmn2:sequenceFlow>
  </bpmn2:process>
  <error id="Error_END_EVENT" name="Error End Event" errorCode="123"></error>
  <bpmndi:BPMNDiagram id="BPMNDiagram_Process_5Hw-93Ly">
    <bpmndi:BPMNPlane bpmnElement="Process_5Hw-93Ly" id="BPMNPlane_Process_5Hw-93Ly">
      <bpmndi:BPMNShape bpmnElement="Event_1" id="BPMNShape_Event_1">
        <omgdc:Bounds height="36.0" width="36.0" x="112.0" y="262.0"></omgdc:Bounds>
      </bpmndi:BPMNShape>
      <bpmndi:BPMNShape bpmnElement="SubProcess_193j9rl" id="BPMNShape_SubProcess_193j9rl" isExpanded="true">
        <omgdc:Bounds height="320.0" width="550.0" x="340.0" y="120.0"></omgdc:Bounds>
      </bpmndi:BPMNShape>
      <bpmndi:BPMNShape bpmnElement="EndEvent_0usyu2x" id="BPMNShape_EndEvent_0usyu2x">
        <omgdc:Bounds height="36.0" width="36.0" x="1042.0" y="262.0"></omgdc:Bounds>
      </bpmndi:BPMNShape>
      <bpmndi:BPMNShape bpmnElement="StartEvent_07u4kfj" id="BPMNShape_StartEvent_07u4kfj">
        <omgdc:Bounds height="36.0" width="36.0" x="372.0" y="262.0"></omgdc:Bounds>
      </bpmndi:BPMNShape>
      <bpmndi:BPMNShape bpmnElement="SubProcess_0ap0x45" id="BPMNShape_SubProcess_0ap0x45" isExpanded="true">
        <omgdc:Bounds height="200.0" width="350.0" x="440.0" y="180.0"></omgdc:Bounds>
      </bpmndi:BPMNShape>
      <bpmndi:BPMNShape bpmnElement="Task_0prlhl5" id="BPMNShape_Task_0prlhl5">
        <omgdc:Bounds height="80.0" width="100.0" x="550.0" y="240.0"></omgdc:Bounds>
      </bpmndi:BPMNShape>
      <bpmndi:BPMNShape bpmnElement="EndEvent_1r7pik4" id="BPMNShape_EndEvent_1r7pik4">
        <omgdc:Bounds height="36.0" width="36.0" x="702.0" y="262.0"></omgdc:Bounds>
      </bpmndi:BPMNShape>
      <bpmndi:BPMNShape bpmnElement="EndEvent_1q54293" id="BPMNShape_EndEvent_1q54293">
        <omgdc:Bounds height="36.0" width="36.0" x="822.0" y="262.0"></omgdc:Bounds>
      </bpmndi:BPMNShape>
      <bpmndi:BPMNShape bpmnElement="StartEvent_0qehdin" id="BPMNShape_StartEvent_0qehdin">
        <omgdc:Bounds height="36.0" width="36.0" x="462.0" y="262.0"></omgdc:Bounds>
      </bpmndi:BPMNShape>
      <bpmndi:BPMNEdge bpmnElement="SequenceFlow_1drh4f4" id="BPMNEdge_SequenceFlow_1drh4f4">
        <omgdi:waypoint x="890.0" y="280.0"></omgdi:waypoint>
        <omgdi:waypoint x="1042.0" y="280.0"></omgdi:waypoint>
      </bpmndi:BPMNEdge>
      <bpmndi:BPMNEdge bpmnElement="SequenceFlow_1ch26v5" id="BPMNEdge_SequenceFlow_1ch26v5">
        <omgdi:waypoint x="148.0" y="280.0"></omgdi:waypoint>
        <omgdi:waypoint x="340.0" y="280.0"></omgdi:waypoint>
      </bpmndi:BPMNEdge>
      <bpmndi:BPMNEdge bpmnElement="SequenceFlow_0lj9m8d" id="BPMNEdge_SequenceFlow_0lj9m8d">
        <omgdi:waypoint x="408.0" y="280.0"></omgdi:waypoint>
        <omgdi:waypoint x="822.0" y="280.0"></omgdi:waypoint>
      </bpmndi:BPMNEdge>
      <bpmndi:BPMNEdge bpmnElement="SequenceFlow_1qelmmc" id="BPMNEdge_SequenceFlow_1qelmmc">
        <omgdi:waypoint x="498.0" y="280.0"></omgdi:waypoint>
        <omgdi:waypoint x="550.0" y="280.0"></omgdi:waypoint>
      </bpmndi:BPMNEdge>
      <bpmndi:BPMNEdge bpmnElement="SequenceFlow_1n9x4c2" id="BPMNEdge_SequenceFlow_1n9x4c2">
        <omgdi:waypoint x="650.0" y="280.0"></omgdi:waypoint>
        <omgdi:waypoint x="702.0" y="280.0"></omgdi:waypoint>
      </bpmndi:BPMNEdge>
    </bpmndi:BPMNPlane>
  </bpmndi:BPMNDiagram>
</bpmn2:definitions>