<?xml version="1.0" encoding="UTF-8"?>
<bpmn2:definitions xmlns="http://www.omg.org/spec/BPMN/20100524/MODEL" xmlns:bpmn2="http://www.omg.org/spec/BPMN/20100524/MODEL" xmlns:xsi="http://www.w3.org/2001/XMLSchema-instance" xmlns:xsd="http://www.w3.org/2001/XMLSchema" xmlns:activiti="http://activiti.org/bpmn" xmlns:bpmndi="http://www.omg.org/spec/BPMN/20100524/DI" xmlns:omgdc="http://www.omg.org/spec/DD/20100524/DC" xmlns:omgdi="http://www.omg.org/spec/DD/20100524/DI" xmlns:dc="http://www.omg.org/spec/DD/20100524/DC" xmlns:di="http://www.omg.org/spec/DD/20100524/DI" typeLanguage="http://www.w3.org/2001/XMLSchema" expressionLanguage="http://www.w3.org/1999/XPath" targetNamespace="http://bpmn.io/schema/bpmn" id="model-4455ec4e-ac81-4fa3-ab81-c30b4e79e42b" name="paralleltasks" xsi:schemaLocation="http://www.omg.org/spec/BPMN/20100524/MODEL BPMN20.xsd">
  <bpmn2:process id="Process_2t2vp9k-q" name="paralleltasks" isExecutable="true">
    <bpmn2:startEvent id="Event_1">
      <bpmn2:outgoing>SequenceFlow_0a8dugz</bpmn2:outgoing>
      <bpmn2:outgoing>SequenceFlow_17hnfxp</bpmn2:outgoing>
    </bpmn2:startEvent>
    <bpmn2:sequenceFlow id="SequenceFlow_0a8dugz" sourceRef="Event_1" targetRef="Task_0p9aesf"></bpmn2:sequenceFlow>
    <bpmn2:sequenceFlow id="SequenceFlow_17hnfxp" sourceRef="Event_1" targetRef="Task_1vqykjo"></bpmn2:sequenceFlow>
    <bpmn2:endEvent id="EndEvent_1c3hub7">
      <bpmn2:incoming>SequenceFlow_0io2vro</bpmn2:incoming>
      <bpmn2:incoming>SequenceFlow_1e2yrsy</bpmn2:incoming>
    </bpmn2:endEvent>
    <bpmn2:sequenceFlow id="SequenceFlow_0io2vro" sourceRef="Task_0p9aesf" targetRef="EndEvent_1c3hub7"></bpmn2:sequenceFlow>
    <bpmn2:sequenceFlow id="SequenceFlow_1e2yrsy" sourceRef="Task_1vqykjo" targetRef="EndEvent_1c3hub7"></bpmn2:sequenceFlow>
    <bpmn2:userTask id="Task_0p9aesf" name="salesuser task" activiti:assignee="salesuser">
      <bpmn2:incoming>SequenceFlow_0a8dugz</bpmn2:incoming>
      <bpmn2:outgoing>SequenceFlow_0io2vro</bpmn2:outgoing>
    </bpmn2:userTask>
    <bpmn2:userTask id="Task_1vqykjo" name="hruser task" activiti:assignee="hruser">
      <bpmn2:incoming>SequenceFlow_17hnfxp</bpmn2:incoming>
      <bpmn2:outgoing>SequenceFlow_1e2yrsy</bpmn2:outgoing>
    </bpmn2:userTask>
  </bpmn2:process>
  <bpmndi:BPMNDiagram id="BPMNDiagram_Process_2t2vp9k-q">
    <bpmndi:BPMNPlane bpmnElement="Process_2t2vp9k-q" id="BPMNPlane_Process_2t2vp9k-q">
      <bpmndi:BPMNShape bpmnElement="Event_1" id="BPMNShape_Event_1">
        <omgdc:Bounds height="36.0" width="36.0" x="412.0" y="240.0"></omgdc:Bounds>
      </bpmndi:BPMNShape>
      <bpmndi:BPMNShape bpmnElement="EndEvent_1c3hub7" id="BPMNShape_EndEvent_1c3hub7">
        <omgdc:Bounds height="36.0" width="36.0" x="652.0" y="240.0"></omgdc:Bounds>
      </bpmndi:BPMNShape>
      <bpmndi:BPMNShape bpmnElement="Task_0p9aesf" id="BPMNShape_Task_0p9aesf">
        <omgdc:Bounds height="80.0" width="100.0" x="500.0" y="218.0"></omgdc:Bounds>
      </bpmndi:BPMNShape>
      <bpmndi:BPMNShape bpmnElement="Task_1vqykjo" id="BPMNShape_Task_1vqykjo">
        <omgdc:Bounds height="80.0" width="100.0" x="500.0" y="330.0"></omgdc:Bounds>
      </bpmndi:BPMNShape>
      <bpmndi:BPMNEdge bpmnElement="SequenceFlow_0a8dugz" id="BPMNEdge_SequenceFlow_0a8dugz">
        <omgdi:waypoint x="448.0" y="258.0"></omgdi:waypoint>
        <omgdi:waypoint x="500.0" y="258.0"></omgdi:waypoint>
      </bpmndi:BPMNEdge>
      <bpmndi:BPMNEdge bpmnElement="SequenceFlow_17hnfxp" id="BPMNEdge_SequenceFlow_17hnfxp">
        <omgdi:waypoint x="448.0" y="258.0"></omgdi:waypoint>
        <omgdi:waypoint x="470.0" y="258.0"></omgdi:waypoint>
        <omgdi:waypoint x="470.0" y="370.0"></omgdi:waypoint>
        <omgdi:waypoint x="500.0" y="370.0"></omgdi:waypoint>
      </bpmndi:BPMNEdge>
      <bpmndi:BPMNEdge bpmnElement="SequenceFlow_0io2vro" id="BPMNEdge_SequenceFlow_0io2vro">
        <omgdi:waypoint x="600.0" y="258.0"></omgdi:waypoint>
        <omgdi:waypoint x="652.0" y="258.0"></omgdi:waypoint>
      </bpmndi:BPMNEdge>
      <bpmndi:BPMNEdge bpmnElement="SequenceFlow_1e2yrsy" id="BPMNEdge_SequenceFlow_1e2yrsy">
        <omgdi:waypoint x="600.0" y="370.0"></omgdi:waypoint>
        <omgdi:waypoint x="630.0" y="370.0"></omgdi:waypoint>
        <omgdi:waypoint x="630.0" y="258.0"></omgdi:waypoint>
        <omgdi:waypoint x="652.0" y="258.0"></omgdi:waypoint>
      </bpmndi:BPMNEdge>
    </bpmndi:BPMNPlane>
  </bpmndi:BPMNDiagram>
</bpmn2:definitions>