<?xml version="1.0" encoding="UTF-8"?>
<bpmn2:definitions xmlns:activiti="http://activiti.org/bpmn" xmlns:xsi="http://www.w3.org/2001/XMLSchema-instance" xmlns:bpmn2="http://www.omg.org/spec/BPMN/20100524/MODEL" xmlns:bpmndi="http://www.omg.org/spec/BPMN/20100524/DI" xmlns:dc="http://www.omg.org/spec/DD/20100524/DC" xmlns:di="http://www.omg.org/spec/DD/20100524/DI" id="model-4455ec4e-ac81-4fa3-ab81-c30b4e79e42b" name="paralleltasks" targetNamespace="http://bpmn.io/schema/bpmn" xsi:schemaLocation="http://www.omg.org/spec/BPMN/20100524/MODEL BPMN20.xsd">
  <bpmn2:process id="Process_2t2vp9k-q" name="paralleltasks" isExecutable="true">
    <bpmn2:documentation />
    <bpmn2:startEvent id="Event_1">
      <bpmn2:outgoing>SequenceFlow_0a8dugz</bpmn2:outgoing>
      <bpmn2:outgoing>SequenceFlow_17hnfxp</bpmn2:outgoing>
    </bpmn2:startEvent>
    <bpmn2:sequenceFlow id="SequenceFlow_0a8dugz" sourceRef="Event_1" targetRef="Task_0p9aesf" />
    <bpmn2:sequenceFlow id="SequenceFlow_17hnfxp" sourceRef="Event_1" targetRef="Task_1vqykjo" />
    <bpmn2:endEvent id="EndEvent_1c3hub7">
      <bpmn2:incoming>SequenceFlow_0io2vro</bpmn2:incoming>
      <bpmn2:incoming>SequenceFlow_1e2yrsy</bpmn2:incoming>
    </bpmn2:endEvent>
    <bpmn2:sequenceFlow id="SequenceFlow_0io2vro" sourceRef="Task_0p9aesf" targetRef="EndEvent_1c3hub7" />
    <bpmn2:sequenceFlow id="SequenceFlow_1e2yrsy" sourceRef="Task_1vqykjo" targetRef="EndEvent_1c3hub7" />
    <bpmn2:userTask id="Task_0p9aesf" name="salesuser task" activiti:assignee="salesuser">
      <bpmn2:incoming>SequenceFlow_0a8dugz</bpmn2:incoming>
      <bpmn2:outgoing>SequenceFlow_0io2vro</bpmn2:outgoing>
    </bpmn2:userTask>
    <bpmn2:userTask id="Task_1vqykjo" name="hruser task" activiti:assignee="hruser">
      <bpmn2:incoming>SequenceFlow_17hnfxp</bpmn2:incoming>
      <bpmn2:outgoing>SequenceFlow_1e2yrsy</bpmn2:outgoing>
    </bpmn2:userTask>
  </bpmn2:process>
  <bpmndi:BPMNDiagram id="BPMNDiagram_1">
    <bpmndi:BPMNPlane id="BPMNPlane_1" bpmnElement="Process_2t2vp9k-q">
      <bpmndi:BPMNShape id="_BPMNShape_Event_2" bpmnElement="Event_1">
        <dc:Bounds x="412" y="240" width="36" height="36" />
      </bpmndi:BPMNShape>
      <bpmndi:BPMNEdge id="SequenceFlow_0a8dugz_di" bpmnElement="SequenceFlow_0a8dugz">
        <di:waypoint x="448" y="258" />
        <di:waypoint x="500" y="258" />
      </bpmndi:BPMNEdge>
      <bpmndi:BPMNEdge id="SequenceFlow_17hnfxp_di" bpmnElement="SequenceFlow_17hnfxp">
        <di:waypoint x="448" y="258" />
        <di:waypoint x="470" y="258" />
        <di:waypoint x="470" y="370" />
        <di:waypoint x="500" y="370" />
      </bpmndi:BPMNEdge>
      <bpmndi:BPMNShape id="EndEvent_1c3hub7_di" bpmnElement="EndEvent_1c3hub7">
        <dc:Bounds x="652" y="240" width="36" height="36" />
      </bpmndi:BPMNShape>
      <bpmndi:BPMNEdge id="SequenceFlow_0io2vro_di" bpmnElement="SequenceFlow_0io2vro">
        <di:waypoint x="600" y="258" />
        <di:waypoint x="652" y="258" />
      </bpmndi:BPMNEdge>
      <bpmndi:BPMNEdge id="SequenceFlow_1e2yrsy_di" bpmnElement="SequenceFlow_1e2yrsy">
        <di:waypoint x="600" y="370" />
        <di:waypoint x="630" y="370" />
        <di:waypoint x="630" y="258" />
        <di:waypoint x="652" y="258" />
      </bpmndi:BPMNEdge>
      <bpmndi:BPMNShape id="UserTask_0d4a8yo_di" bpmnElement="Task_0p9aesf">
        <dc:Bounds x="500" y="218" width="100" height="80" />
      </bpmndi:BPMNShape>
      <bpmndi:BPMNShape id="UserTask_0a6vtl3_di" bpmnElement="Task_1vqykjo">
        <dc:Bounds x="500" y="330" width="100" height="80" />
      </bpmndi:BPMNShape>
    </bpmndi:BPMNPlane>
  </bpmndi:BPMNDiagram>
</bpmn2:definitions>
