<?xml version="1.0" encoding="UTF-8"?>
<definitions xmlns="http://www.omg.org/spec/BPMN/20100524/MODEL" xmlns:xsi="http://www.w3.org/2001/XMLSchema-instance" xmlns:xsd="http://www.w3.org/2001/XMLSchema" xmlns:activiti="http://activiti.org/bpmn" xmlns:bpmndi="http://www.omg.org/spec/BPMN/20100524/DI" xmlns:omgdc="http://www.omg.org/spec/DD/20100524/DC" xmlns:omgdi="http://www.omg.org/spec/DD/20100524/DI" xmlns:bpmn2="http://www.omg.org/spec/BPMN/20100524/MODEL" xmlns:dc="http://www.omg.org/spec/DD/20100524/DC" xmlns:di="http://www.omg.org/spec/DD/20100524/DI" typeLanguage="http://www.w3.org/2001/XMLSchema" expressionLanguage="http://www.w3.org/1999/XPath" targetNamespace="http://bpmn.io/schema/bpmn" id="sample-diagram" xsi:schemaLocation="http://www.omg.org/spec/BPMN/20100524/MODEL BPMN20.xsd">
  <process id="process-b4f47484-792f-4f5c-8f17-107a273a951a" name="processwithstarteventform" isExecutable="true">
    <startEvent id="StartEvent_1" activiti:formKey="form-de8895be-d0d7-4434-beef-559b15305d72"></startEvent>
    <userTask id="UserTask_0qii8md" name="StartEventFormTask" activiti:candidateGroups="hr"></userTask>
    <endEvent id="EndEvent_1rqygop"></endEvent>
    <sequenceFlow id="SequenceFlow_1to7ma9" sourceRef="StartEvent_1" targetRef="UserTask_0qii8md"></sequenceFlow>
    <sequenceFlow id="SequenceFlow_13k3l5u" sourceRef="UserTask_0qii8md" targetRef="EndEvent_1rqygop"></sequenceFlow>
  </process>
  <bpmndi:BPMNDiagram id="BPMNDiagram_process-b4f47484-792f-4f5c-8f17-107a273a951a">
    <bpmndi:BPMNPlane bpmnElement="process-b4f47484-792f-4f5c-8f17-107a273a951a" id="BPMNPlane_process-b4f47484-792f-4f5c-8f17-107a273a951a">
      <bpmndi:BPMNShape bpmnElement="StartEvent_1" id="BPMNShape_StartEvent_1">
        <omgdc:Bounds height="36.0" width="36.0" x="412.0" y="240.0"></omgdc:Bounds>
      </bpmndi:BPMNShape>
      <bpmndi:BPMNShape bpmnElement="UserTask_0qii8md" id="BPMNShape_UserTask_0qii8md">
        <omgdc:Bounds height="80.0" width="100.0" x="503.0" y="218.0"></omgdc:Bounds>
      </bpmndi:BPMNShape>
      <bpmndi:BPMNShape bpmnElement="EndEvent_1rqygop" id="BPMNShape_EndEvent_1rqygop">
        <omgdc:Bounds height="36.0" width="36.0" x="649.0" y="240.0"></omgdc:Bounds>
      </bpmndi:BPMNShape>
      <bpmndi:BPMNEdge bpmnElement="SequenceFlow_1to7ma9" id="BPMNEdge_SequenceFlow_1to7ma9">
        <omgdi:waypoint x="448.0" y="258.0"></omgdi:waypoint>
        <omgdi:waypoint x="503.0" y="258.0"></omgdi:waypoint>
      </bpmndi:BPMNEdge>
      <bpmndi:BPMNEdge bpmnElement="SequenceFlow_13k3l5u" id="BPMNEdge_SequenceFlow_13k3l5u">
        <omgdi:waypoint x="603.0" y="258.0"></omgdi:waypoint>
        <omgdi:waypoint x="649.0" y="258.0"></omgdi:waypoint>
      </bpmndi:BPMNEdge>
    </bpmndi:BPMNPlane>
  </bpmndi:BPMNDiagram>
</definitions>