{"id":"process-280b13fa-af4f-4f49-9daa-c20689e4732b","type":"PROCESS","name":"processwithjsonfilemapping","extensions":{"Process_cGK2DwRI":{"constants":{},"mappings":{"UserTask_0y9qhpz":{"inputs":{"variables.inputjson":{"type":"variable","value":"processjson"}},"outputs":{"processfile":{"type":"variable","value":"inputfile"}}},"UserTask_03ga9ib":{"inputs":{"variables.outputjson":{"type":"variable","value":"processjson"},"outputfile":{"type":"variable","value":"processfile"}}}},"properties":{"ba070fd9-06a5-420a-b7bd-3eed34d68f26":{"id":"ba070fd9-06a5-420a-b7bd-3eed34d68f26","name":"processjson","type":"json","required":false,"value":{"test":"ciao"}},"3b89515f-9577-4757-9334-1fcddacfd500":{"id":"3b89515f-9577-4757-9334-1fcddacfd500","name":"processfile","type":"file","required":false}}}}}