<?xml version="1.0" encoding="UTF-8"?>
<bpmn2:definitions xmlns:xsi="http://www.w3.org/2001/XMLSchema-instance" xmlns:bpmn2="http://www.omg.org/spec/BPMN/20100524/MODEL" xmlns:bpmndi="http://www.omg.org/spec/BPMN/20100524/DI" xmlns:dc="http://www.omg.org/spec/DD/20100524/DC" xmlns:di="http://www.omg.org/spec/DD/20100524/DI" xmlns:activiti="http://activiti.org/bpmn" id="sample-diagram" targetNamespace="http://bpmn.io/schema/bpmn" xsi:schemaLocation="http://www.omg.org/spec/BPMN/20100524/MODEL BPMN20.xsd">
  <bpmn2:process id="process-ab968197-91f0-41ed-85c6-338dfc38859e" name="processwithjsonfilemapping" isExecutable="true">
    <bpmn2:documentation />
    <bpmn2:startEvent id="StartEvent_1">
      <bpmn2:outgoing>SequenceFlow_1xmu4os</bpmn2:outgoing>
    </bpmn2:startEvent>
    <bpmn2:sequenceFlow id="SequenceFlow_1xmu4os" sourceRef="StartEvent_1" targetRef="UserTask_0y9qhpz" />
    <bpmn2:sequenceFlow id="SequenceFlow_0ozqlms" sourceRef="UserTask_0y9qhpz" targetRef="UserTask_03ga9ib" />
    <bpmn2:endEvent id="EndEvent_1ar3a0p">
      <bpmn2:incoming>SequenceFlow_0p7ajtr</bpmn2:incoming>
    </bpmn2:endEvent>
    <bpmn2:sequenceFlow id="SequenceFlow_0p7ajtr" sourceRef="UserTask_03ga9ib" targetRef="EndEvent_1ar3a0p" />
    <bpmn2:userTask id="UserTask_0y9qhpz" name="firsttaskmapping" activiti:formKey="form-95f69585-7f44-4a59-9a45-bbd1804346fb" activiti:assignee="hruser">
      <bpmn2:incoming>SequenceFlow_1xmu4os</bpmn2:incoming>
      <bpmn2:outgoing>SequenceFlow_0ozqlms</bpmn2:outgoing>
    </bpmn2:userTask>
    <bpmn2:userTask id="UserTask_03ga9ib" name="secondtaskmapping" activiti:formKey="form-326eaf4f-abed-49e4-a8d2-f93ec6707ed5" activiti:assignee="hruser">
      <bpmn2:incoming>SequenceFlow_0ozqlms</bpmn2:incoming>
      <bpmn2:outgoing>SequenceFlow_0p7ajtr</bpmn2:outgoing>
    </bpmn2:userTask>
  </bpmn2:process>
  <bpmndi:BPMNDiagram id="BPMNDiagram_1">
    <bpmndi:BPMNPlane id="BPMNPlane_1" bpmnElement="process-ab968197-91f0-41ed-85c6-338dfc38859e">
      <bpmndi:BPMNShape id="_BPMNShape_StartEvent_2" bpmnElement="StartEvent_1">
        <dc:Bounds x="222" y="212" width="36" height="36" />
      </bpmndi:BPMNShape>
      <bpmndi:BPMNEdge id="SequenceFlow_1xmu4os_di" bpmnElement="SequenceFlow_1xmu4os">
        <di:waypoint x="258" y="230" />
        <di:waypoint x="310" y="230" />
      </bpmndi:BPMNEdge>
      <bpmndi:BPMNEdge id="SequenceFlow_0ozqlms_di" bpmnElement="SequenceFlow_0ozqlms">
        <di:waypoint x="410" y="230" />
        <di:waypoint x="470" y="230" />
      </bpmndi:BPMNEdge>
      <bpmndi:BPMNShape id="EndEvent_1ar3a0p_di" bpmnElement="EndEvent_1ar3a0p">
        <dc:Bounds x="632" y="212" width="36" height="36" />
      </bpmndi:BPMNShape>
      <bpmndi:BPMNEdge id="SequenceFlow_0p7ajtr_di" bpmnElement="SequenceFlow_0p7ajtr">
        <di:waypoint x="570" y="230" />
        <di:waypoint x="632" y="230" />
      </bpmndi:BPMNEdge>
      <bpmndi:BPMNShape id="UserTask_1hfjcpi_di" bpmnElement="UserTask_0y9qhpz">
        <dc:Bounds x="310" y="190" width="100" height="80" />
      </bpmndi:BPMNShape>
      <bpmndi:BPMNShape id="UserTask_1mof2ev_di" bpmnElement="UserTask_03ga9ib">
        <dc:Bounds x="470" y="190" width="100" height="80" />
      </bpmndi:BPMNShape>
    </bpmndi:BPMNPlane>
  </bpmndi:BPMNDiagram>
</bpmn2:definitions>
