<?xml version="1.0" encoding="UTF-8"?>
<definitions xmlns="http://www.omg.org/spec/BPMN/20100524/MODEL" xmlns:xsi="http://www.w3.org/2001/XMLSchema-instance" xmlns:activiti="http://activiti.org/bpmn" xmlns:bpmndi="http://www.omg.org/spec/BPMN/20100524/DI" xmlns:omgdc="http://www.omg.org/spec/DD/20100524/DC" xmlns:omgdi="http://www.omg.org/spec/DD/20100524/DI" xmlns:xsd="http://www.w3.org/2001/XMLSchema" id="sample-diagram" targetNamespace="http://bpmn.io/schema/bpmn" xsi:schemaLocation="http://www.omg.org/spec/BPMN/20100524/MODEL BPMN20.xsd">
  <process id="process-99b35df3-b090-485f-9a3c-3b40c599ef6b" name="processWithFormVisibility" isExecutable="true">
    <startEvent id="StartEvent_1" activiti:formKey="form-af539784-2069-4de6-beb2-3bc654ee82e3">
      <outgoing>SequenceFlow_01dw8nl</outgoing>
    </startEvent>
    <sequenceFlow id="SequenceFlow_01dw8nl" sourceRef="StartEvent_1" targetRef="Task_0fnc95v" />
    <endEvent id="EndEvent_10wxi5w">
      <incoming>SequenceFlow_00pm1bc</incoming>
    </endEvent>
    <sequenceFlow id="SequenceFlow_00pm1bc" sourceRef="Task_0fnc95v" targetRef="EndEvent_10wxi5w" />
    <userTask id="Task_0fnc95v" name="taskForm" activiti:assignee="hruser" activiti:candidateGroups="hr" />
  </process>
  <bpmndi:BPMNDiagram id="BPMNDiagram_process-99b35df3-b090-485f-9a3c-3b40c599ef6b">
    <bpmndi:BPMNPlane id="BPMNPlane_process-99b35df3-b090-485f-9a3c-3b40c599ef6b" bpmnElement="process-99b35df3-b090-485f-9a3c-3b40c599ef6b">
      <bpmndi:BPMNShape id="BPMNShape_StartEvent_1" bpmnElement="StartEvent_1">
        <omgdc:Bounds x="412" y="240" width="36" height="36" />
      </bpmndi:BPMNShape>
      <bpmndi:BPMNShape id="BPMNShape_EndEvent_10wxi5w" bpmnElement="EndEvent_10wxi5w">
        <omgdc:Bounds x="648" y="240" width="36" height="36" />
      </bpmndi:BPMNShape>
      <bpmndi:BPMNShape id="BPMNShape_Task_0fnc95v" bpmnElement="Task_0fnc95v">
        <omgdc:Bounds x="498" y="218" width="100" height="80" />
      </bpmndi:BPMNShape>
      <bpmndi:BPMNEdge id="BPMNEdge_SequenceFlow_01dw8nl" bpmnElement="SequenceFlow_01dw8nl">
        <omgdi:waypoint x="448" y="258" />
        <omgdi:waypoint x="498" y="258" />
      </bpmndi:BPMNEdge>
      <bpmndi:BPMNEdge id="BPMNEdge_SequenceFlow_00pm1bc" bpmnElement="SequenceFlow_00pm1bc">
        <omgdi:waypoint x="598" y="258" />
        <omgdi:waypoint x="648" y="258" />
      </bpmndi:BPMNEdge>
    </bpmndi:BPMNPlane>
  </bpmndi:BPMNDiagram>
</definitions>
