<?xml version="1.0" encoding="UTF-8"?>
<definitions xmlns="http://www.omg.org/spec/BPMN/20100524/MODEL" xmlns:xsi="http://www.w3.org/2001/XMLSchema-instance" xmlns:activiti="http://activiti.org/bpmn" xmlns:bpmndi="http://www.omg.org/spec/BPMN/20100524/DI" xmlns:omgdc="http://www.omg.org/spec/DD/20100524/DC" xmlns:omgdi="http://www.omg.org/spec/DD/20100524/DI" xmlns:xsd="http://www.w3.org/2001/XMLSchema" id="model-b602f65a-59d6-4a08-9c74-22cc74a07788" name="processwithjsonfilemapping" targetNamespace="http://bpmn.io/schema/bpmn" xsi:schemaLocation="http://www.omg.org/spec/BPMN/20100524/MODEL BPMN20.xsd">
  <process id="Process_cGK2DwRI" name="processwithjsonfilemapping" isExecutable="true">
    <startEvent id="StartEvent_1">
      <outgoing>SequenceFlow_1xmu4os</outgoing>
    </startEvent>
    <sequenceFlow id="SequenceFlow_1xmu4os" sourceRef="StartEvent_1" targetRef="UserTask_0y9qhpz" />
    <sequenceFlow id="SequenceFlow_0ozqlms" sourceRef="UserTask_0y9qhpz" targetRef="UserTask_03ga9ib" />
    <endEvent id="EndEvent_1ar3a0p">
      <incoming>SequenceFlow_0p7ajtr</incoming>
    </endEvent>
    <sequenceFlow id="SequenceFlow_0p7ajtr" sourceRef="UserTask_03ga9ib" targetRef="EndEvent_1ar3a0p" />
    <userTask id="UserTask_0y9qhpz" name="firsttaskmapping" activiti:formKey="form-b70fc829-8d8c-48c6-84ae-a75bbaf8793a" activiti:assignee="hruser" />
    <userTask id="UserTask_03ga9ib" name="secondtaskmapping" activiti:formKey="form-0efc6444-066b-4667-b4cf-addfc46fb56f" activiti:assignee="hruser" />
  </process>
  <bpmndi:BPMNDiagram id="BPMNDiagram_process-b602f65a-59d6-4a08-9c74-22cc74a07788">
    <bpmndi:BPMNPlane id="BPMNPlane_process-b602f65a-59d6-4a08-9c74-22cc74a07788" bpmnElement="Process_cGK2DwRI">
      <bpmndi:BPMNShape id="BPMNShape_StartEvent_1" bpmnElement="StartEvent_1">
        <omgdc:Bounds x="222" y="212" width="36" height="36" />
      </bpmndi:BPMNShape>
      <bpmndi:BPMNShape id="BPMNShape_EndEvent_1ar3a0p" bpmnElement="EndEvent_1ar3a0p">
        <omgdc:Bounds x="632" y="212" width="36" height="36" />
      </bpmndi:BPMNShape>
      <bpmndi:BPMNShape id="BPMNShape_UserTask_0y9qhpz" bpmnElement="UserTask_0y9qhpz">
        <omgdc:Bounds x="310" y="190" width="100" height="80" />
      </bpmndi:BPMNShape>
      <bpmndi:BPMNShape id="BPMNShape_UserTask_03ga9ib" bpmnElement="UserTask_03ga9ib">
        <omgdc:Bounds x="470" y="190" width="100" height="80" />
      </bpmndi:BPMNShape>
      <bpmndi:BPMNEdge id="BPMNEdge_SequenceFlow_1xmu4os" bpmnElement="SequenceFlow_1xmu4os">
        <omgdi:waypoint x="258" y="230" />
        <omgdi:waypoint x="310" y="230" />
      </bpmndi:BPMNEdge>
      <bpmndi:BPMNEdge id="BPMNEdge_SequenceFlow_0ozqlms" bpmnElement="SequenceFlow_0ozqlms">
        <omgdi:waypoint x="410" y="230" />
        <omgdi:waypoint x="470" y="230" />
      </bpmndi:BPMNEdge>
      <bpmndi:BPMNEdge id="BPMNEdge_SequenceFlow_0p7ajtr" bpmnElement="SequenceFlow_0p7ajtr">
        <omgdi:waypoint x="570" y="230" />
        <omgdi:waypoint x="632" y="230" />
      </bpmndi:BPMNEdge>
    </bpmndi:BPMNPlane>
  </bpmndi:BPMNDiagram>
</definitions>
