<?xml version="1.0" encoding="UTF-8"?>
<bpmn2:definitions xmlns="http://www.omg.org/spec/BPMN/20100524/MODEL" xmlns:bpmn2="http://www.omg.org/spec/BPMN/20100524/MODEL" xmlns:xsi="http://www.w3.org/2001/XMLSchema-instance" xmlns:xsd="http://www.w3.org/2001/XMLSchema" xmlns:activiti="http://activiti.org/bpmn" xmlns:bpmndi="http://www.omg.org/spec/BPMN/20100524/DI" xmlns:omgdc="http://www.omg.org/spec/DD/20100524/DC" xmlns:omgdi="http://www.omg.org/spec/DD/20100524/DI" xmlns:dc="http://www.omg.org/spec/DD/20100524/DC" xmlns:di="http://www.omg.org/spec/DD/20100524/DI" typeLanguage="http://www.w3.org/2001/XMLSchema" expressionLanguage="http://www.w3.org/1999/XPath" targetNamespace="http://bpmn.io/schema/bpmn" id="sample-diagram" xsi:schemaLocation="http://www.omg.org/spec/BPMN/20100524/MODEL BPMN20.xsd">
  <bpmn2:process id="process-678ff26e-1407-4399-a478-402bc58f954a" name="processwithjsonfilemapping" isExecutable="true">
    <bpmn2:startEvent id="StartEvent_1">
      <bpmn2:outgoing>SequenceFlow_1xmu4os</bpmn2:outgoing>
    </bpmn2:startEvent>
    <bpmn2:sequenceFlow id="SequenceFlow_1xmu4os" sourceRef="StartEvent_1" targetRef="UserTask_0y9qhpz"></bpmn2:sequenceFlow>
    <bpmn2:sequenceFlow id="SequenceFlow_0ozqlms" sourceRef="UserTask_0y9qhpz" targetRef="UserTask_03ga9ib"></bpmn2:sequenceFlow>
    <bpmn2:endEvent id="EndEvent_1ar3a0p">
      <bpmn2:incoming>SequenceFlow_0p7ajtr</bpmn2:incoming>
    </bpmn2:endEvent>
    <bpmn2:sequenceFlow id="SequenceFlow_0p7ajtr" sourceRef="UserTask_03ga9ib" targetRef="EndEvent_1ar3a0p"></bpmn2:sequenceFlow>
    <bpmn2:userTask id="UserTask_0y9qhpz" name="firsttaskmapping" activiti:assignee="hruser" activiti:formKey="form-8925f18b-4ada-49fc-8be0-a65b65bde40d"></bpmn2:userTask>
    <bpmn2:userTask id="UserTask_03ga9ib" name="secondtaskmapping" activiti:assignee="hruser" activiti:formKey="form-04da95e9-d5e4-404f-af20-e26d9a999266"></bpmn2:userTask>
  </bpmn2:process>
  <bpmndi:BPMNDiagram id="BPMNDiagram_process-678ff26e-1407-4399-a478-402bc58f954a">
    <bpmndi:BPMNPlane bpmnElement="process-678ff26e-1407-4399-a478-402bc58f954a" id="BPMNPlane_process-678ff26e-1407-4399-a478-402bc58f954a">
      <bpmndi:BPMNShape bpmnElement="StartEvent_1" id="BPMNShape_StartEvent_1">
        <omgdc:Bounds height="36.0" width="36.0" x="222.0" y="212.0"></omgdc:Bounds>
      </bpmndi:BPMNShape>
      <bpmndi:BPMNShape bpmnElement="EndEvent_1ar3a0p" id="BPMNShape_EndEvent_1ar3a0p">
        <omgdc:Bounds height="36.0" width="36.0" x="632.0" y="212.0"></omgdc:Bounds>
      </bpmndi:BPMNShape>
      <bpmndi:BPMNShape bpmnElement="UserTask_0y9qhpz" id="BPMNShape_UserTask_0y9qhpz">
        <omgdc:Bounds height="80.0" width="100.0" x="310.0" y="190.0"></omgdc:Bounds>
      </bpmndi:BPMNShape>
      <bpmndi:BPMNShape bpmnElement="UserTask_03ga9ib" id="BPMNShape_UserTask_03ga9ib">
        <omgdc:Bounds height="80.0" width="100.0" x="470.0" y="190.0"></omgdc:Bounds>
      </bpmndi:BPMNShape>
      <bpmndi:BPMNEdge bpmnElement="SequenceFlow_1xmu4os" id="BPMNEdge_SequenceFlow_1xmu4os">
        <omgdi:waypoint x="258.0" y="230.0"></omgdi:waypoint>
        <omgdi:waypoint x="310.0" y="230.0"></omgdi:waypoint>
      </bpmndi:BPMNEdge>
      <bpmndi:BPMNEdge bpmnElement="SequenceFlow_0ozqlms" id="BPMNEdge_SequenceFlow_0ozqlms">
        <omgdi:waypoint x="410.0" y="230.0"></omgdi:waypoint>
        <omgdi:waypoint x="470.0" y="230.0"></omgdi:waypoint>
      </bpmndi:BPMNEdge>
      <bpmndi:BPMNEdge bpmnElement="SequenceFlow_0p7ajtr" id="BPMNEdge_SequenceFlow_0p7ajtr">
        <omgdi:waypoint x="570.0" y="230.0"></omgdi:waypoint>
        <omgdi:waypoint x="632.0" y="230.0"></omgdi:waypoint>
      </bpmndi:BPMNEdge>
    </bpmndi:BPMNPlane>
  </bpmndi:BPMNDiagram>
</bpmn2:definitions>