{"id":"process-722cea14-a010-48a4-bd99-ded385784613","type":"PROCESS","name":"processwithjsonfilemapping","extensions":{"Process_cGK2DwRI":{"constants":{},"mappings":{"UserTask_0y9qhpz":{"inputs":{"variables.inputjson":{"type":"variable","value":"processjson"}},"outputs":{"processfile":{"type":"variable","value":"inputfile"}}},"UserTask_03ga9ib":{"inputs":{"variables.outputjson":{"type":"variable","value":"processjson"},"outputfile":{"type":"variable","value":"processfile"}}}},"properties":{"ba070fd9-06a5-420a-b7bd-3eed34d68f26":{"id":"ba070fd9-06a5-420a-b7bd-3eed34d68f26","name":"processjson","type":"json","required":false,"value":{"test":"ciao"}},"3b89515f-9577-4757-9334-1fcddacfd500":{"id":"3b89515f-9577-4757-9334-1fcddacfd500","name":"processfile","type":"file","required":false}},"assignments":{"UserTask_0y9qhpz":{"type":"identity","assignment":"candidates","id":"UserTask_0y9qhpz"},"UserTask_03ga9ib":{"type":"identity","assignment":"candidates","id":"UserTask_03ga9ib"}}}}}