<?xml version="1.0" encoding="UTF-8"?>
<bpmn2:definitions xmlns="http://www.omg.org/spec/BPMN/20100524/MODEL" xmlns:bpmn2="http://www.omg.org/spec/BPMN/20100524/MODEL" xmlns:xsi="http://www.w3.org/2001/XMLSchema-instance" xmlns:xsd="http://www.w3.org/2001/XMLSchema" xmlns:activiti="http://activiti.org/bpmn" xmlns:bpmndi="http://www.omg.org/spec/BPMN/20100524/DI" xmlns:omgdc="http://www.omg.org/spec/DD/20100524/DC" xmlns:omgdi="http://www.omg.org/spec/DD/20100524/DI" typeLanguage="http://www.w3.org/2001/XMLSchema" expressionLanguage="http://www.w3.org/1999/XPath" targetNamespace="http://bpmn.io/schema/bpmn" id="model-f1179987-703e-4b40-8acd-5abc70f2bf1c" name="processwithstarteventform" xsi:schemaLocation="http://www.omg.org/spec/BPMN/20100524/MODEL BPMN20.xsd">
  <bpmn2:process id="Process_jUEqd9mR" name="processwithstarteventform" isExecutable="true">
    <bpmn2:startEvent id="StartEvent_1" activiti:formKey="form-972dc155-de87-4d73-9ecd-62a512717267">
      <bpmn2:outgoing>SequenceFlow_1to7ma9</bpmn2:outgoing>
    </bpmn2:startEvent>
    <bpmn2:userTask id="UserTask_0qii8md" name="StartEventFormTask" activiti:candidateGroups="hr">
      <bpmn2:incoming>SequenceFlow_1to7ma9</bpmn2:incoming>
      <bpmn2:outgoing>SequenceFlow_13k3l5u</bpmn2:outgoing>
    </bpmn2:userTask>
    <bpmn2:endEvent id="EndEvent_1rqygop">
      <bpmn2:incoming>SequenceFlow_13k3l5u</bpmn2:incoming>
    </bpmn2:endEvent>
    <bpmn2:sequenceFlow id="SequenceFlow_1to7ma9" sourceRef="StartEvent_1" targetRef="UserTask_0qii8md"></bpmn2:sequenceFlow>
    <bpmn2:sequenceFlow id="SequenceFlow_13k3l5u" sourceRef="UserTask_0qii8md" targetRef="EndEvent_1rqygop"></bpmn2:sequenceFlow>
  </bpmn2:process>
  <bpmndi:BPMNDiagram id="BPMNDiagram_Process_jUEqd9mR">
    <bpmndi:BPMNPlane bpmnElement="Process_jUEqd9mR" id="BPMNPlane_Process_jUEqd9mR">
      <bpmndi:BPMNShape bpmnElement="StartEvent_1" id="BPMNShape_StartEvent_1">
        <omgdc:Bounds height="36.0" width="36.0" x="412.0" y="240.0"></omgdc:Bounds>
      </bpmndi:BPMNShape>
      <bpmndi:BPMNShape bpmnElement="UserTask_0qii8md" id="BPMNShape_UserTask_0qii8md">
        <omgdc:Bounds height="80.0" width="100.0" x="503.0" y="218.0"></omgdc:Bounds>
      </bpmndi:BPMNShape>
      <bpmndi:BPMNShape bpmnElement="EndEvent_1rqygop" id="BPMNShape_EndEvent_1rqygop">
        <omgdc:Bounds height="36.0" width="36.0" x="649.0" y="240.0"></omgdc:Bounds>
      </bpmndi:BPMNShape>
      <bpmndi:BPMNEdge bpmnElement="SequenceFlow_1to7ma9" id="BPMNEdge_SequenceFlow_1to7ma9">
        <omgdi:waypoint x="448.0" y="258.0"></omgdi:waypoint>
        <omgdi:waypoint x="503.0" y="258.0"></omgdi:waypoint>
      </bpmndi:BPMNEdge>
      <bpmndi:BPMNEdge bpmnElement="SequenceFlow_13k3l5u" id="BPMNEdge_SequenceFlow_13k3l5u">
        <omgdi:waypoint x="603.0" y="258.0"></omgdi:waypoint>
        <omgdi:waypoint x="649.0" y="258.0"></omgdi:waypoint>
      </bpmndi:BPMNEdge>
    </bpmndi:BPMNPlane>
  </bpmndi:BPMNDiagram>
</bpmn2:definitions>