<?xml version="1.0" encoding="UTF-8"?>
<bpmn2:definitions xmlns:xsi="http://www.w3.org/2001/XMLSchema-instance" xmlns:bpmn2="http://www.omg.org/spec/BPMN/20100524/MODEL" xmlns:bpmndi="http://www.omg.org/spec/BPMN/20100524/DI" xmlns:dc="http://www.omg.org/spec/DD/20100524/DC" xmlns:di="http://www.omg.org/spec/DD/20100524/DI" xmlns:activiti="http://activiti.org/bpmn" id="sample-diagram" targetNamespace="http://bpmn.io/schema/bpmn" xsi:schemaLocation="http://www.omg.org/spec/BPMN/20100524/MODEL BPMN20.xsd">
  <bpmn2:process id="process-1d838b99-fd9a-44b1-a45a-cdd2ffbc276c" name="processWithFormVisibility" isExecutable="true">
    <bpmn2:documentation />
    <bpmn2:startEvent id="StartEvent_1" activiti:formKey="form-af539784-2069-4de6-beb2-3bc654ee82e3">
      <bpmn2:outgoing>SequenceFlow_01dw8nl</bpmn2:outgoing>
    </bpmn2:startEvent>
    <bpmn2:sequenceFlow id="SequenceFlow_01dw8nl" sourceRef="StartEvent_1" targetRef="Task_0fnc95v" />
    <bpmn2:endEvent id="EndEvent_10wxi5w">
      <bpmn2:incoming>SequenceFlow_00pm1bc</bpmn2:incoming>
    </bpmn2:endEvent>
    <bpmn2:sequenceFlow id="SequenceFlow_00pm1bc" sourceRef="Task_0fnc95v" targetRef="EndEvent_10wxi5w" />
    <bpmn2:userTask id="Task_0fnc95v" name="taskForm" activiti:formKey="form-af539784-2069-4de6-beb2-3bc654ee82e3" activiti:assignee="hruser" activiti:candidateGroups="hr">
      <bpmn2:incoming>SequenceFlow_01dw8nl</bpmn2:incoming>
      <bpmn2:outgoing>SequenceFlow_00pm1bc</bpmn2:outgoing>
    </bpmn2:userTask>
  </bpmn2:process>
  <bpmndi:BPMNDiagram id="BPMNDiagram_1">
    <bpmndi:BPMNPlane id="BPMNPlane_1" bpmnElement="process-1d838b99-fd9a-44b1-a45a-cdd2ffbc276c">
      <bpmndi:BPMNShape id="_BPMNShape_StartEvent_2" bpmnElement="StartEvent_1">
        <dc:Bounds x="412" y="240" width="36" height="36" />
      </bpmndi:BPMNShape>
      <bpmndi:BPMNEdge id="SequenceFlow_01dw8nl_di" bpmnElement="SequenceFlow_01dw8nl">
        <di:waypoint x="448" y="258" />
        <di:waypoint x="498" y="258" />
      </bpmndi:BPMNEdge>
      <bpmndi:BPMNShape id="EndEvent_10wxi5w_di" bpmnElement="EndEvent_10wxi5w">
        <dc:Bounds x="648" y="240" width="36" height="36" />
      </bpmndi:BPMNShape>
      <bpmndi:BPMNEdge id="SequenceFlow_00pm1bc_di" bpmnElement="SequenceFlow_00pm1bc">
        <di:waypoint x="598" y="258" />
        <di:waypoint x="648" y="258" />
      </bpmndi:BPMNEdge>
      <bpmndi:BPMNShape id="UserTask_09uop18_di" bpmnElement="Task_0fnc95v">
        <dc:Bounds x="498" y="218" width="100" height="80" />
      </bpmndi:BPMNShape>
    </bpmndi:BPMNPlane>
  </bpmndi:BPMNDiagram>
</bpmn2:definitions>
