<?xml version="1.0" encoding="UTF-8"?>
<definitions xmlns="http://www.omg.org/spec/BPMN/20100524/MODEL" xmlns:xsi="http://www.w3.org/2001/XMLSchema-instance" xmlns:xsd="http://www.w3.org/2001/XMLSchema" xmlns:activiti="http://activiti.org/bpmn" xmlns:bpmndi="http://www.omg.org/spec/BPMN/20100524/DI" xmlns:omgdc="http://www.omg.org/spec/DD/20100524/DC" xmlns:omgdi="http://www.omg.org/spec/DD/20100524/DI" typeLanguage="http://www.w3.org/2001/XMLSchema" expressionLanguage="http://www.w3.org/1999/XPath" targetNamespace="http://bpmn.io/schema/bpmn" id="sample-diagram" xsi:schemaLocation="http://www.omg.org/spec/BPMN/20100524/MODEL BPMN20.xsd">
  <process id="process-5d54316b-502d-4aee-857f-8455c6f479e8" name="processwithformvisibility" isExecutable="true">
    <startEvent id="StartEvent_1" activiti:formKey="form-af539784-2069-4de6-beb2-3bc654ee82e3">
      <outgoing>SequenceFlow_01dw8nl</outgoing>
    </startEvent>
    <sequenceFlow id="SequenceFlow_01dw8nl" sourceRef="StartEvent_1" targetRef="Task_0fnc95v"></sequenceFlow>
    <endEvent id="EndEvent_10wxi5w">
      <incoming>SequenceFlow_00pm1bc</incoming>
    </endEvent>
    <sequenceFlow id="SequenceFlow_00pm1bc" sourceRef="Task_0fnc95v" targetRef="EndEvent_10wxi5w"></sequenceFlow>
    <userTask id="Task_0fnc95v" name="taskForm" activiti:assignee="hruser" activiti:candidateGroups="hr"></userTask>
  </process>
  <bpmndi:BPMNDiagram id="BPMNDiagram_process-5d54316b-502d-4aee-857f-8455c6f479e8">
    <bpmndi:BPMNPlane bpmnElement="process-5d54316b-502d-4aee-857f-8455c6f479e8" id="BPMNPlane_process-5d54316b-502d-4aee-857f-8455c6f479e8">
      <bpmndi:BPMNShape bpmnElement="StartEvent_1" id="BPMNShape_StartEvent_1">
        <omgdc:Bounds height="36.0" width="36.0" x="412.0" y="240.0"></omgdc:Bounds>
      </bpmndi:BPMNShape>
      <bpmndi:BPMNShape bpmnElement="EndEvent_10wxi5w" id="BPMNShape_EndEvent_10wxi5w">
        <omgdc:Bounds height="36.0" width="36.0" x="648.0" y="240.0"></omgdc:Bounds>
      </bpmndi:BPMNShape>
      <bpmndi:BPMNShape bpmnElement="Task_0fnc95v" id="BPMNShape_Task_0fnc95v">
        <omgdc:Bounds height="80.0" width="100.0" x="498.0" y="218.0"></omgdc:Bounds>
      </bpmndi:BPMNShape>
      <bpmndi:BPMNEdge bpmnElement="SequenceFlow_01dw8nl" id="BPMNEdge_SequenceFlow_01dw8nl">
        <omgdi:waypoint x="448.0" y="258.0"></omgdi:waypoint>
        <omgdi:waypoint x="498.0" y="258.0"></omgdi:waypoint>
      </bpmndi:BPMNEdge>
      <bpmndi:BPMNEdge bpmnElement="SequenceFlow_00pm1bc" id="BPMNEdge_SequenceFlow_00pm1bc">
        <omgdi:waypoint x="598.0" y="258.0"></omgdi:waypoint>
        <omgdi:waypoint x="648.0" y="258.0"></omgdi:waypoint>
      </bpmndi:BPMNEdge>
    </bpmndi:BPMNPlane>
  </bpmndi:BPMNDiagram>
</definitions>