<?xml version="1.0" encoding="UTF-8"?>
<bpmn2:definitions xmlns="http://www.omg.org/spec/BPMN/20100524/MODEL" xmlns:bpmn2="http://www.omg.org/spec/BPMN/20100524/MODEL" xmlns:xsi="http://www.w3.org/2001/XMLSchema-instance" xmlns:xsd="http://www.w3.org/2001/XMLSchema" xmlns:activiti="http://activiti.org/bpmn" xmlns:bpmndi="http://www.omg.org/spec/BPMN/20100524/DI" xmlns:omgdc="http://www.omg.org/spec/DD/20100524/DC" xmlns:omgdi="http://www.omg.org/spec/DD/20100524/DI" xmlns:dc="http://www.omg.org/spec/DD/20100524/DC" xmlns:di="http://www.omg.org/spec/DD/20100524/DI" typeLanguage="http://www.w3.org/2001/XMLSchema" expressionLanguage="http://www.w3.org/1999/XPath" targetNamespace="http://bpmn.io/schema/bpmn" id="sample-diagram" xsi:schemaLocation="http://www.omg.org/spec/BPMN/20100524/MODEL BPMN20.xsd">
  <bpmn2:process id="process-f8ee891f-ce21-4682-8567-7b06cdaa2705" name="uploadfileprocess" isExecutable="true">
    <bpmn2:startEvent id="StartEvent_1">
      <bpmn2:outgoing>SequenceFlow_1rashqa</bpmn2:outgoing>
    </bpmn2:startEvent>
    <bpmn2:sequenceFlow id="SequenceFlow_1rashqa" sourceRef="StartEvent_1" targetRef="Task_0p284lx"></bpmn2:sequenceFlow>
    <bpmn2:userTask id="Task_0p284lx" name="UploadFileTask" activiti:candidateGroups="hr" activiti:formKey="form-886988c2-a98e-428f-92ea-c059be2d0ec8"></bpmn2:userTask>
    <bpmn2:endEvent id="EndEvent_05fal43">
      <bpmn2:incoming>SequenceFlow_0jghf6z</bpmn2:incoming>
    </bpmn2:endEvent>
    <bpmn2:sequenceFlow id="SequenceFlow_0jghf6z" sourceRef="Task_0p284lx" targetRef="EndEvent_05fal43"></bpmn2:sequenceFlow>
  </bpmn2:process>
  <bpmndi:BPMNDiagram id="BPMNDiagram_process-f8ee891f-ce21-4682-8567-7b06cdaa2705">
    <bpmndi:BPMNPlane bpmnElement="process-f8ee891f-ce21-4682-8567-7b06cdaa2705" id="BPMNPlane_process-f8ee891f-ce21-4682-8567-7b06cdaa2705">
      <bpmndi:BPMNShape bpmnElement="StartEvent_1" id="BPMNShape_StartEvent_1">
        <omgdc:Bounds height="36.0" width="36.0" x="412.0" y="240.0"></omgdc:Bounds>
      </bpmndi:BPMNShape>
      <bpmndi:BPMNShape bpmnElement="Task_0p284lx" id="BPMNShape_Task_0p284lx">
        <omgdc:Bounds height="80.0" width="100.0" x="498.0" y="218.0"></omgdc:Bounds>
      </bpmndi:BPMNShape>
      <bpmndi:BPMNShape bpmnElement="EndEvent_05fal43" id="BPMNShape_EndEvent_05fal43">
        <omgdc:Bounds height="36.0" width="36.0" x="643.0" y="240.0"></omgdc:Bounds>
      </bpmndi:BPMNShape>
      <bpmndi:BPMNEdge bpmnElement="SequenceFlow_1rashqa" id="BPMNEdge_SequenceFlow_1rashqa">
        <omgdi:waypoint x="448.0" y="258.0"></omgdi:waypoint>
        <omgdi:waypoint x="498.0" y="258.0"></omgdi:waypoint>
      </bpmndi:BPMNEdge>
      <bpmndi:BPMNEdge bpmnElement="SequenceFlow_0jghf6z" id="BPMNEdge_SequenceFlow_0jghf6z">
        <omgdi:waypoint x="598.0" y="258.0"></omgdi:waypoint>
        <omgdi:waypoint x="643.0" y="258.0"></omgdi:waypoint>
      </bpmndi:BPMNEdge>
    </bpmndi:BPMNPlane>
  </bpmndi:BPMNDiagram>
</bpmn2:definitions>