<?xml version="1.0" encoding="UTF-8"?>
<definitions xmlns="http://www.omg.org/spec/BPMN/20100524/MODEL" xmlns:xsi="http://www.w3.org/2001/XMLSchema-instance" xmlns:xsd="http://www.w3.org/2001/XMLSchema" xmlns:activiti="http://activiti.org/bpmn" xmlns:bpmndi="http://www.omg.org/spec/BPMN/20100524/DI" xmlns:omgdc="http://www.omg.org/spec/DD/20100524/DC" xmlns:omgdi="http://www.omg.org/spec/DD/20100524/DI" xmlns:bpmn2="http://www.omg.org/spec/BPMN/20100524/MODEL" xmlns:dc="http://www.omg.org/spec/DD/20100524/DC" xmlns:di="http://www.omg.org/spec/DD/20100524/DI" typeLanguage="http://www.w3.org/2001/XMLSchema" expressionLanguage="http://www.w3.org/1999/XPath" targetNamespace="http://bpmn.io/schema/bpmn" id="sample-diagram" xsi:schemaLocation="http://www.omg.org/spec/BPMN/20100524/MODEL BPMN20.xsd">
  <process id="process-301aab96-67ba-44c7-864b-755bc49046e3" name="uploadFileProcess" isExecutable="true">
    <startEvent id="StartEvent_1">
      <outgoing>SequenceFlow_1rashqa</outgoing>
    </startEvent>
    <sequenceFlow id="SequenceFlow_1rashqa" sourceRef="StartEvent_1" targetRef="Task_0p284lx"></sequenceFlow>
    <userTask id="Task_0p284lx" name="UploadFileTask" activiti:candidateGroups="hr" activiti:formKey="form-c2902f1e-59c6-43bd-aa10-fe403f8d02ed"></userTask>
    <endEvent id="EndEvent_05fal43">
      <incoming>SequenceFlow_0jghf6z</incoming>
    </endEvent>
    <sequenceFlow id="SequenceFlow_0jghf6z" sourceRef="Task_0p284lx" targetRef="EndEvent_05fal43"></sequenceFlow>
  </process>
  <bpmndi:BPMNDiagram id="BPMNDiagram_process-301aab96-67ba-44c7-864b-755bc49046e3">
    <bpmndi:BPMNPlane bpmnElement="process-301aab96-67ba-44c7-864b-755bc49046e3" id="BPMNPlane_process-301aab96-67ba-44c7-864b-755bc49046e3">
      <bpmndi:BPMNShape bpmnElement="StartEvent_1" id="BPMNShape_StartEvent_1">
        <omgdc:Bounds height="36.0" width="36.0" x="412.0" y="240.0"></omgdc:Bounds>
      </bpmndi:BPMNShape>
      <bpmndi:BPMNShape bpmnElement="Task_0p284lx" id="BPMNShape_Task_0p284lx">
        <omgdc:Bounds height="80.0" width="100.0" x="498.0" y="218.0"></omgdc:Bounds>
      </bpmndi:BPMNShape>
      <bpmndi:BPMNShape bpmnElement="EndEvent_05fal43" id="BPMNShape_EndEvent_05fal43">
        <omgdc:Bounds height="36.0" width="36.0" x="643.0" y="240.0"></omgdc:Bounds>
      </bpmndi:BPMNShape>
      <bpmndi:BPMNEdge bpmnElement="SequenceFlow_1rashqa" id="BPMNEdge_SequenceFlow_1rashqa">
        <omgdi:waypoint x="448.0" y="258.0"></omgdi:waypoint>
        <omgdi:waypoint x="498.0" y="258.0"></omgdi:waypoint>
      </bpmndi:BPMNEdge>
      <bpmndi:BPMNEdge bpmnElement="SequenceFlow_0jghf6z" id="BPMNEdge_SequenceFlow_0jghf6z">
        <omgdi:waypoint x="598.0" y="258.0"></omgdi:waypoint>
        <omgdi:waypoint x="643.0" y="258.0"></omgdi:waypoint>
      </bpmndi:BPMNEdge>
    </bpmndi:BPMNPlane>
  </bpmndi:BPMNDiagram>
</definitions>