<?xml version="1.0" encoding="UTF-8"?>
<bpmn2:definitions xmlns:activiti="http://activiti.org/bpmn" xmlns:xsi="http://www.w3.org/2001/XMLSchema-instance" xmlns:bpmn2="http://www.omg.org/spec/BPMN/20100524/MODEL" xmlns:bpmndi="http://www.omg.org/spec/BPMN/20100524/DI" xmlns:dc="http://www.omg.org/spec/DD/20100524/DC" xmlns:di="http://www.omg.org/spec/DD/20100524/DI" id="sample-diagram" targetNamespace="http://bpmn.io/schema/bpmn" xsi:schemaLocation="http://www.omg.org/spec/BPMN/20100524/MODEL BPMN20.xsd">
  <bpmn2:process id="process-33afe233-ddfb-4a66-8faa-4de54648c085" name="uploadFileProcess" isExecutable="true">
    <bpmn2:documentation />
    <bpmn2:startEvent id="StartEvent_1">
      <bpmn2:outgoing>SequenceFlow_1rashqa</bpmn2:outgoing>
    </bpmn2:startEvent>
    <bpmn2:sequenceFlow id="SequenceFlow_1rashqa" sourceRef="StartEvent_1" targetRef="Task_0p284lx" />
    <bpmn2:userTask id="Task_0p284lx" name="UploadFileTask" activiti:formKey="form-c2902f1e-59c6-43bd-aa10-fe403f8d02ed" activiti:candidateGroups="hr">
      <bpmn2:incoming>SequenceFlow_1rashqa</bpmn2:incoming>
      <bpmn2:outgoing>SequenceFlow_0jghf6z</bpmn2:outgoing>
    </bpmn2:userTask>
    <bpmn2:endEvent id="EndEvent_05fal43">
      <bpmn2:incoming>SequenceFlow_0jghf6z</bpmn2:incoming>
    </bpmn2:endEvent>
    <bpmn2:sequenceFlow id="SequenceFlow_0jghf6z" sourceRef="Task_0p284lx" targetRef="EndEvent_05fal43" />
  </bpmn2:process>
  <bpmndi:BPMNDiagram id="BPMNDiagram_1">
    <bpmndi:BPMNPlane id="BPMNPlane_1" bpmnElement="process-33afe233-ddfb-4a66-8faa-4de54648c085">
      <bpmndi:BPMNShape id="_BPMNShape_StartEvent_2" bpmnElement="StartEvent_1">
        <dc:Bounds x="412" y="240" width="36" height="36" />
      </bpmndi:BPMNShape>
      <bpmndi:BPMNEdge id="SequenceFlow_1rashqa_di" bpmnElement="SequenceFlow_1rashqa">
        <di:waypoint x="448" y="258" />
        <di:waypoint x="498" y="258" />
      </bpmndi:BPMNEdge>
      <bpmndi:BPMNShape id="UserTask_02ars48_di" bpmnElement="Task_0p284lx">
        <dc:Bounds x="498" y="218" width="100" height="80" />
      </bpmndi:BPMNShape>
      <bpmndi:BPMNShape id="EndEvent_05fal43_di" bpmnElement="EndEvent_05fal43">
        <dc:Bounds x="643" y="240" width="36" height="36" />
      </bpmndi:BPMNShape>
      <bpmndi:BPMNEdge id="SequenceFlow_0jghf6z_di" bpmnElement="SequenceFlow_0jghf6z">
        <di:waypoint x="598" y="258" />
        <di:waypoint x="643" y="258" />
      </bpmndi:BPMNEdge>
    </bpmndi:BPMNPlane>
  </bpmndi:BPMNDiagram>
</bpmn2:definitions>
