<?xml version="1.0" encoding="UTF-8"?>
<definitions xmlns="http://www.omg.org/spec/BPMN/20100524/MODEL" xmlns:xsi="http://www.w3.org/2001/XMLSchema-instance" xmlns:activiti="http://activiti.org/bpmn" xmlns:bpmndi="http://www.omg.org/spec/BPMN/20100524/DI" xmlns:omgdc="http://www.omg.org/spec/DD/20100524/DC" xmlns:omgdi="http://www.omg.org/spec/DD/20100524/DI" xmlns:xsd="http://www.w3.org/2001/XMLSchema" id="model-5470e083-c026-4bde-a846-7df920239dc2" name="uploadfileprocess" targetNamespace="http://bpmn.io/schema/bpmn" xsi:schemaLocation="http://www.omg.org/spec/BPMN/20100524/MODEL BPMN20.xsd">
  <process id="Process_XfWX7761" name="uploadfileprocess" isExecutable="true">
    <startEvent id="StartEvent_1">
      <outgoing>SequenceFlow_1rashqa</outgoing>
    </startEvent>
    <sequenceFlow id="SequenceFlow_1rashqa" sourceRef="StartEvent_1" targetRef="Task_0p284lx" />
    <userTask id="Task_0p284lx" name="UploadFileTask" activiti:formKey="form-2e6b7c0c-f734-43e1-bfe2-e86c29500299" activiti:candidateGroups="hr" />
    <endEvent id="EndEvent_05fal43">
      <incoming>SequenceFlow_0jghf6z</incoming>
    </endEvent>
    <sequenceFlow id="SequenceFlow_0jghf6z" sourceRef="Task_0p284lx" targetRef="EndEvent_05fal43" />
  </process>
  <bpmndi:BPMNDiagram id="BPMNDiagram_Process_XfWX7761">
    <bpmndi:BPMNPlane id="BPMNPlane_Process_XfWX7761" bpmnElement="Process_XfWX7761">
      <bpmndi:BPMNShape id="BPMNShape_StartEvent_1" bpmnElement="StartEvent_1">
        <omgdc:Bounds x="412" y="240" width="36" height="36" />
      </bpmndi:BPMNShape>
      <bpmndi:BPMNShape id="BPMNShape_Task_0p284lx" bpmnElement="Task_0p284lx">
        <omgdc:Bounds x="498" y="218" width="100" height="80" />
      </bpmndi:BPMNShape>
      <bpmndi:BPMNShape id="BPMNShape_EndEvent_05fal43" bpmnElement="EndEvent_05fal43">
        <omgdc:Bounds x="643" y="240" width="36" height="36" />
      </bpmndi:BPMNShape>
      <bpmndi:BPMNEdge id="BPMNEdge_SequenceFlow_1rashqa" bpmnElement="SequenceFlow_1rashqa">
        <omgdi:waypoint x="448" y="258" />
        <omgdi:waypoint x="498" y="258" />
      </bpmndi:BPMNEdge>
      <bpmndi:BPMNEdge id="BPMNEdge_SequenceFlow_0jghf6z" bpmnElement="SequenceFlow_0jghf6z">
        <omgdi:waypoint x="598" y="258" />
        <omgdi:waypoint x="643" y="258" />
      </bpmndi:BPMNEdge>
    </bpmndi:BPMNPlane>
  </bpmndi:BPMNDiagram>
</definitions>
