{"formRepresentation":{"id":"form-f462d44b-910b-4484-ad23-1dc3670a7314","name":"attach-multiple-multiple","description":"Form with 2 attach file widgets of type multiple","version":0,"standAlone":true,"formDefinition":{"tabs":[],"fields":[{"id":"2c1a1281-e354-40c2-9fab-195335a7629f","name":"Label","type":"container","tab":null,"numberOfColumns":2,"fields":{"1":[{"id":"Attachfile07sqao","name":"Attach file multiple 1","type":"upload","readOnly":false,"required":false,"colspan":1,"visibilityCondition":null,"params":{"existingColspan":1,"maxColspan":2,"fileSource":{"serviceId":"alfresco-content","name":"Alfresco Content"},"multiple":true,"link":false}}],"2":[{"id":"Attachfile018wvc","name":"Attach file multiple 2","type":"upload","readOnly":false,"required":false,"colspan":1,"visibilityCondition":null,"params":{"existingColspan":1,"maxColspan":2,"fileSource":{"serviceId":"alfresco-content","name":"Alfresco Content"},"multiple":true,"link":false}}]}}],"outcomes":[],"metadata":{},"variables":[]}}}