{
  "formRepresentation": {
    "id": "form-2bf5f387-5256-418b-8e64-f2c5e72b2cc6",
    "name": "attach-file-invisible",
    "description": "This form has 2 attach file widgets with visibility condition not fulfilled",
    "version": 0,
    "standAlone": true,
    "formDefinition": {
      "tabs": [ ],
      "fields": [
        {
          "id": "38ba2d28-272f-4b51-9cf2-15bd8643c0d9",
          "name": "Label",
          "type": "container",
          "tab": null,
          "numberOfColumns": 2,
          "fields": {
            "1": [
              {
                "id": "Text0nmwr7",
                "name": "Text",
                "type": "text",
                "readOnly": false,
                "required": false,
                "colspan": 1,
                "placeholder": null,
                "minLength": 0,
                "maxLength": 0,
                "regexPattern": null,
                "visibilityCondition": null,
                "params": {
                  "existingColspan": 1,
                  "maxColspan": 2
                }
              }
            ],
            "2": [ ]
          }
        },
        {
          "id": "2bbeb36a-e912-4faa-919d-4df34c68dc1d",
          "name": "Label",
          "type": "container",
          "tab": null,
          "numberOfColumns": 2,
          "fields": {
            "1": [
              {
                "id": "Attachfile0l72dj",
                "name": "Attach file 1",
                "type": "upload",
                "readOnly": false,
                "required": false,
                "colspan": 1,
                "visibilityCondition": {
                  "leftType": "field",
                  "leftValue": "Text0nmwr7",
                  "operator": "!empty",
                  "rightValue": null,
                  "rightType": null,
                  "nextConditionOperator": "",
                  "nextCondition": null
                },
                "params": {
                  "existingColspan": 1,
                  "maxColspan": 2,
                  "fileSource": {
                    "serviceId": "alfresco-content",
                    "name": "Alfresco Content"
                  },
                  "multiple": false,
                  "link": false,
                  "menuOptions": {
                    "show": true,
                    "download": true,
                    "retrieveMetadata": false,
                    "remove": true
                  }
                }
              }
            ],
            "2": [
              {
                "id": "Attachfile0lccsg",
                "name": "Attach file 2",
                "type": "upload",
                "readOnly": false,
                "required": false,
                "colspan": 1,
                "visibilityCondition": {
                  "leftType": "field",
                  "leftValue": "Text0nmwr7",
                  "operator": "!empty",
                  "rightValue": null,
                  "rightType": null,
                  "nextConditionOperator": "",
                  "nextCondition": null
                },
                "params": {
                  "existingColspan": 1,
                  "maxColspan": 2,
                  "fileSource": {
                    "serviceId": "alfresco-content",
                    "name": "Alfresco Content"
                  },
                  "multiple": false,
                  "link": false,
                  "menuOptions": {
                    "show": true,
                    "download": true,
                    "retrieveMetadata": false,
                    "remove": true
                  }
                }
              }
            ]
          }
        }
      ],
      "outcomes": [ ],
      "metadata": {},
      "variables": [ ]
    },
    "key": "attach-file-invisible"
  }
}