{"formRepresentation":{"id":"form-346a83cb-697c-4d74-9c57-e59a1034f8d9","name":"attach-local-file","description":"This form has 2 attach file widget with file source local","version":0,"standAlone":true,"formDefinition":{"tabs":[],"fields":[{"id":"a797b0ad-1c18-4075-a2b6-99522266bfb1","name":"Label","type":"container","tab":null,"numberOfColumns":2,"fields":{"1":[{"id":"Attachfile0ku0bu","name":"Attach file 1","type":"upload","readOnly":false,"required":false,"colspan":1,"visibilityCondition":null,"params":{"existingColspan":1,"maxColspan":2,"fileSource":{"serviceId":"all-file-sources","name":"Alfresco Content and Local","destinationFolderPath":"-root-"},"multiple":false,"link":false}}],"2":[{"id":"Attachfile04mfeb","name":"Attach file 2","type":"upload","readOnly":false,"required":false,"colspan":1,"visibilityCondition":null,"params":{"existingColspan":1,"maxColspan":2,"fileSource":{"serviceId":"all-file-sources","name":"Alfresco Content and Local","destinationFolderPath":"-root-"},"multiple":false,"link":false}}]}}],"outcomes":[],"metadata":{},"variables":[]}}}