{
  "formRepresentation" : {
    "id" : "form-d9568e5e-24cb-4c13-a4ce-3cf722bc2583",
    "name" : "attach-multiple-single",
    "description" : "Form with 2 Attach file widgets, one of type multiple and of type single",
    "version" : 0,
    "standAlone" : true,
    "formDefinition" : {
      "tabs" : [ ],
      "fields" : [
        {
          "id" : "e4c9c9e2-429c-42d8-ad5c-9d0d50b3681f",
          "name" : "Label",
          "type" : "container",
          "tab" : null,
          "numberOfColumns" : 2,
          "fields" : {
            "1" : [
              {
                "id" : "Attachfile0whgiz",
                "name" : "Attach file multiple",
                "type" : "upload",
                "readOnly" : false,
                "required" : false,
                "colspan" : 1,
                "visibilityCondition" : null,
                "params" : {
                  "existingColspan" : 1,
                  "maxColspan" : 2,
                  "fileSource" : {
                    "serviceId" : "alfresco-content",
                    "name" : "Alfresco Content"
                  },
                  "multiple" : true,
                  "link" : false,
                  "menuOptions" : {
                    "show" : true,
                    "download" : true,
                    "retrieveMetadata" : false,
                    "remove" : true
                  }
                }
              }
            ],
            "2" : [
              {
                "id" : "Attachfile0jpfi9",
                "name" : "Attach file single",
                "type" : "upload",
                "readOnly" : false,
                "required" : false,
                "colspan" : 1,
                "visibilityCondition" : null,
                "params" : {
                  "existingColspan" : 1,
                  "maxColspan" : 2,
                  "fileSource" : {
                    "serviceId" : "alfresco-content",
                    "name" : "Alfresco Content"
                  },
                  "multiple" : false,
                  "link" : false,
                  "menuOptions" : {
                    "show" : true,
                    "download" : true,
                    "retrieveMetadata" : false,
                    "remove" : true
                  }
                }
              }
            ]
          }
        }
      ],
      "outcomes" : [ ],
      "metadata" : {},
      "variables" : [ ]
    },
    "key" : "attach-multiple-single"
  }
}