{
  "formRepresentation": {
    "id": "form-6875ba02-60c4-472c-ba2f-4234a0f99c81",
    "name": "attach-file-variables",
    "description": "AAE-10912",
    "version": 0,
    "standAlone": true,
    "formDefinition": {
      "tabs": [ ],
      "fields": [
        {
          "id": "1d5417fe-1c43-4982-ab7f-f82ca30272d9",
          "name": "Label",
          "type": "container",
          "tab": null,
          "numberOfColumns": 2,
          "fields": {
            "1": [
              {
                "id": "attachFileStringVariable",
                "name": "String",
                "type": "upload",
                "readOnly": false,
                "required": false,
                "colspan": 1,
                "rowspan": 1,
                "visibilityCondition": null,
                "params": {
                  "existingColspan": 1,
                  "maxColspan": 2,
                  "fileSource": {
                    "name": "Alfresco Content and Local",
                    "serviceId": "all-file-sources",
                    "destinationFolderPath": {
                      "id": "b66066cf-ee0b-4c23-a7ec-e2d683f14b4e",
                      "name": "string",
                      "type": "string",
                      "model": {
                        "$ref": "#/$defs/primitive/string"
                      },
                      "value": "-my-/e2e-pw-string-variable/"
                    }
                  },
                  "multiple": false,
                  "link": false,
                  "menuOptions": {
                    "show": true,
                    "download": true,
                    "retrieveMetadata": false,
                    "remove": true
                  },
                  "displayableCMProperties": [ ]
                }
              },
              {
                "id": "attachFileStaticPath",
                "name": "Static",
                "type": "upload",
                "readOnly": false,
                "required": false,
                "colspan": 1,
                "rowspan": 1,
                "visibilityCondition": null,
                "params": {
                  "existingColspan": 1,
                  "maxColspan": 2,
                  "fileSource": {
                    "name": "Alfresco Content and Local",
                    "serviceId": "all-file-sources",
                    "destinationFolderPath": {
                      "type": "value",
                      "value": "-my-/e2e-pw-static-path/"
                    }
                  },
                  "multiple": false,
                  "link": false,
                  "menuOptions": {
                    "show": true,
                    "download": true,
                    "retrieveMetadata": false,
                    "remove": true
                  },
                  "displayableCMProperties": [ ]
                }
              }
            ],
            "2": [
              {
                "id": "attachFileFolderVariable",
                "name": "Folder",
                "type": "upload",
                "readOnly": false,
                "required": false,
                "colspan": 1,
                "rowspan": 1,
                "visibilityCondition": null,
                "params": {
                  "existingColspan": 1,
                  "maxColspan": 2,
                  "fileSource": {
                    "name": "Alfresco Content and Local",
                    "serviceId": "all-file-sources",
                    "destinationFolderPath": {
                      "id": "37615bbb-beb7-4c4d-a9de-47dcabb1e16e",
                      "name": "folder",
                      "type": "folder",
                      "model": {
                        "$ref": "#/$defs/primitive/folder"
                      }
                    }
                  },
                  "multiple": false,
                  "link": false,
                  "menuOptions": {
                    "show": true,
                    "download": true,
                    "retrieveMetadata": false,
                    "remove": true
                  },
                  "displayableCMProperties": [ ]
                }
              },
              {
                "id": "attachFileIncorrectPath",
                "name": "Attach file",
                "type": "upload",
                "readOnly": false,
                "required": false,
                "colspan": 1,
                "rowspan": 1,
                "visibilityCondition": null,
                "params": {
                  "existingColspan": 1,
                  "maxColspan": 2,
                  "fileSource": {
                    "name": "Alfresco Content and Local",
                    "serviceId": "all-file-sources",
                    "destinationFolderPath": {
                      "id": "02dd980b-853a-4d68-9cb0-00cd805f6fc7",
                      "name": "incorrect",
                      "type": "string",
                      "model": {
                        "$ref": "#/$defs/primitive/string"
                      },
                      "value": "-my-/e2e-pw-incorrect"
                    }
                  },
                  "multiple": false,
                  "link": false,
                  "menuOptions": {
                    "show": true,
                    "download": true,
                    "retrieveMetadata": false,
                    "remove": true
                  },
                  "displayableCMProperties": [ ]
                }
              }
            ]
          }
        }
      ],
      "outcomes": [ ],
      "metadata": {},
      "variables": [
        {
          "id": "b66066cf-ee0b-4c23-a7ec-e2d683f14b4e",
          "name": "string",
          "type": "string",
          "model": {
            "$ref": "#/$defs/primitive/string"
          },
          "value": "-my-/e2e-pw-string-variable/"
        },
        {
          "id": "37615bbb-beb7-4c4d-a9de-47dcabb1e16e",
          "name": "folder",
          "type": "folder",
          "model": {
            "$ref": "#/$defs/primitive/folder"
          }
        },
        {
          "id": "02dd980b-853a-4d68-9cb0-00cd805f6fc7",
          "name": "incorrect",
          "type": "string",
          "model": {
            "$ref": "#/$defs/primitive/string"
          },
          "value": "-my-/e2e-pw-incorrect"
        }
      ]
    }
  }
}