{
  "formRepresentation" : {
    "id" : "form-0fa4b48d-ca03-424e-9b2d-f9733d3f06b9",
    "name" : "attach-local-with-viewers",
    "description" : "",
    "version" : 0,
    "standAlone" : true,
    "formDefinition" : {
      "tabs" : [ ],
      "fields" : [
        {
          "id" : "709919d3-3444-491a-b6d3-f768d041ca15",
          "name" : "Label",
          "type" : "container",
          "tab" : null,
          "numberOfColumns" : 2,
          "fields" : {
            "1" : [
              {
                "id" : "Attachfile0hahhe",
                "name" : "Attach file",
                "type" : "upload",
                "readOnly" : false,
                "required" : false,
                "colspan" : 1,
                "rowspan" : 1,
                "visibilityCondition" : null,
                "params" : {
                  "existingColspan" : 1,
                  "maxColspan" : 2,
                  "fileSource" : {
                    "name" : "Alfresco Content and Local",
                    "serviceId" : "all-file-sources",
                    "destinationFolderPath" : {
                      "type" : "value",
                      "value" : "-my-"
                    }
                  },
                  "multiple" : false,
                  "link" : false,
                  "menuOptions" : {
                    "show" : true,
                    "download" : true,
                    "retrieveMetadata" : false,
                    "remove" : true
                  },
                  "displayableCMProperties" : [ ]
                }
              }
            ],
            "2" : [ ]
          }
        },
        {
          "id" : "9daa2a33-3f28-43d0-acc7-53d445eb4a29",
          "name" : "Label",
          "type" : "container",
          "tab" : null,
          "numberOfColumns" : 2,
          "fields" : {
            "1" : [
              {
                "id" : "Metadataviewer098h6n",
                "name" : "Metadata viewer",
                "type" : "properties-viewer",
                "readOnly" : false,
                "required" : false,
                "colspan" : 1,
                "rowspan" : 1,
                "visibilityCondition" : null,
                "params" : {
                  "existingColspan" : 1,
                  "maxColspan" : 2,
                  "propertiesViewerOptions" : {
                    "displayDefaultProperties" : true,
                    "expanded" : true,
                    "preset" : "default",
                    "displayEmpty" : false,
                    "editable" : false,
                    "multi" : false,
                    "displayAspect" : null,
                    "copyToClipboardAction" : true,
                    "useChipsForMultiValueProperty" : true
                  },
                  "uploadWidget" : "Attachfile0hahhe"
                }
              }
            ],
            "2" : [
              {
                "id" : "Fileviewer0xjuv6",
                "name" : "File viewer",
                "type" : "file-viewer",
                "readOnly" : false,
                "required" : false,
                "colspan" : 1,
                "rowspan" : 1,
                "visibilityCondition" : null,
                "params" : {
                  "existingColspan" : 1,
                  "maxColspan" : 2,
                  "uploadWidget" : "Attachfile0hahhe"
                }
              }
            ]
          }
        }
      ],
      "outcomes" : [ ],
      "metadata" : {},
      "variables" : [ ]
    },
    "key" : "attach-local-with-viewers"
  }
}