{
  "formRepresentation": {
    "id": "form-6f29bb73-e0ea-44d9-8d8f-4029b2b8bc0c",
    "name": "attach-local-file",
    "description": "This form has 2 attach file widget with file source local",
    "version": 0,
    "standAlone": true,
    "formDefinition": {
      "tabs": [ ],
      "fields": [
        {
          "id": "a797b0ad-1c18-4075-a2b6-99522266bfb1",
          "name": "Label",
          "type": "container",
          "tab": null,
          "numberOfColumns": 2,
          "fields": {
            "1": [
              {
                "id": "Attachfile0ku0bu",
                "name": "Attach file 1",
                "type": "upload",
                "readOnly": false,
                "required": false,
                "colspan": 1,
                "visibilityCondition": null,
                "params": {
                  "existingColspan": 1,
                  "maxColspan": 2,
                  "fileSource": {
                    "name": "Alfresco Content and Local",
                    "serviceId": "all-file-sources",
                    "destinationFolderPath": {
                      "type": "value",
                      "value": "-root-"
                    }
                  },
                  "multiple": false,
                  "link": false,
                  "menuOptions": {
                    "show": true,
                    "download": true,
                    "retrieveMetadata": false,
                    "remove": true
                  },
                  "displayableCMProperties": [ ]
                }
              },
              {
                "id": "Attachfilelocalchildfolder",
                "name": "Attach file local child folder",
                "type": "upload",
                "readOnly": false,
                "required": false,
                "colspan": 1,
                "rowspan": 1,
                "visibilityCondition": null,
                "params": {
                  "existingColspan": 1,
                  "maxColspan": 2,
                  "fileSource": {
                    "name": "Alfresco Content and Local",
                    "serviceId": "all-file-sources",
                    "destinationFolderPath": {
                      "type": "value",
                      "value": "-my-/folder1/folder2"
                    }
                  },
                  "multiple": false,
                  "link": false,
                  "menuOptions": {
                    "show": true,
                    "download": true,
                    "retrieveMetadata": false,
                    "remove": true
                  },
                  "displayableCMProperties": [ ]
                }
              },
              {
                "id": "Attachfilelocalmultiple",
                "name": "Attach file local multiple",
                "type": "upload",
                "readOnly": false,
                "required": false,
                "colspan": 1,
                "rowspan": 1,
                "visibilityCondition": null,
                "params": {
                  "existingColspan": 1,
                  "maxColspan": 2,
                  "fileSource": {
                    "name": "Alfresco Content and Local",
                    "serviceId": "all-file-sources",
                    "destinationFolderPath": {
                      "type": "value",
                      "value": "-my-/folder1"
                    }
                  },
                  "multiple": true,
                  "link": false,
                  "menuOptions": {
                    "show": true,
                    "download": true,
                    "retrieveMetadata": false,
                    "remove": true
                  },
                  "displayableCMProperties": [ ]
                }
              },
              {
                "id": "Attachfileinvalidpath",
                "name": "Attach file invalid path",
                "type": "upload",
                "readOnly": false,
                "required": false,
                "colspan": 1,
                "rowspan": 1,
                "visibilityCondition": null,
                "params": {
                  "existingColspan": 1,
                  "maxColspan": 2,
                  "fileSource": {
                    "name": "Alfresco Content and Local",
                    "serviceId": "all-file-sources",
                    "destinationFolderPath": {
                      "type": "value",
                      "value": "-my-/invalidDestinationPath"
                    }
                  },
                  "multiple": false,
                  "link": false,
                  "menuOptions": {
                    "show": true,
                    "download": true,
                    "retrieveMetadata": false,
                    "remove": true
                  },
                  "displayableCMProperties": [ ]
                }
              }
            ],
            "2": [
              {
                "id": "Attachfile04mfeb",
                "name": "Attach file 2",
                "type": "upload",
                "readOnly": false,
                "required": false,
                "colspan": 1,
                "visibilityCondition": null,
                "params": {
                  "existingColspan": 1,
                  "maxColspan": 2,
                  "fileSource": {
                    "name": "Alfresco Content and Local",
                    "serviceId": "all-file-sources",
                    "destinationFolderPath": {
                      "type": "value",
                      "value": "-root-"
                    }
                  },
                  "multiple": false,
                  "link": false,
                  "menuOptions": {
                    "show": true,
                    "download": true,
                    "retrieveMetadata": false,
                    "remove": true
                  },
                  "displayableCMProperties": [ ]
                }
              },
              {
                "id": "Attachfilecontentservices",
                "name": "Attach file content services",
                "type": "upload",
                "readOnly": false,
                "required": false,
                "colspan": 1,
                "rowspan": 1,
                "visibilityCondition": null,
                "params": {
                  "existingColspan": 1,
                  "maxColspan": 2,
                  "fileSource": {
                    "name": "Alfresco Content",
                    "serviceId": "alfresco-content"
                  },
                  "multiple": false,
                  "link": false,
                  "menuOptions": {
                    "show": true,
                    "download": true,
                    "retrieveMetadata": false,
                    "remove": true
                  },
                  "displayableCMProperties": [ ]
                }
              },
              {
                "id": "Attach_file_from_site",
                "name": "Attach file from Site",
                "type": "upload",
                "readOnly": false,
                "required": false,
                "colspan": 1,
                "rowspan": 1,
                "visibilityCondition": null,
                "params": {
                  "existingColspan": 1,
                  "maxColspan": 2,
                  "fileSource": {
                    "name": "Alfresco Content and Local",
                    "serviceId": "all-file-sources",
                    "destinationFolderPath": {
                      "type": "value",
                      "value": "-root-/Sites/e2e-attach-file-lib/documentLibrary"
                    }
                  },
                  "multiple": true,
                  "link": false,
                  "menuOptions": {
                    "show": true,
                    "download": true,
                    "retrieveMetadata": false,
                    "remove": true
                  },
                  "displayableCMProperties": [ ]
                }
              }
            ]
          }
        }
      ],
      "outcomes": [ ],
      "metadata": {},
      "variables": [ ]
    },
    "key": "attach-local-file"
  }
}