{
  "formRepresentation": {
    "id": "form-a7696613-24a2-44ea-b018-546710495128",
    "name": "attach-file-visible",
    "description": "This form has 2 attach file widgets with visibility condition fulfilled",
    "version": 0,
    "standAlone": true,
    "formDefinition": {
      "tabs": [ ],
      "fields": [
        {
          "id": "1c8e78cc-f133-4a53-9745-5ede4061c5a9",
          "name": "Label",
          "type": "container",
          "tab": null,
          "numberOfColumns": 2,
          "fields": {
            "1": [
              {
                "id": "Text0t9anw",
                "name": "Text",
                "type": "text",
                "readOnly": false,
                "required": false,
                "colspan": 1,
                "placeholder": null,
                "minLength": 0,
                "maxLength": 0,
                "regexPattern": null,
                "visibilityCondition": null,
                "params": {
                  "existingColspan": 1,
                  "maxColspan": 2
                }
              }
            ],
            "2": [ ]
          }
        },
        {
          "id": "5124a853-7f9d-4686-b653-ea2dd1b79b47",
          "name": "Label",
          "type": "container",
          "tab": null,
          "numberOfColumns": 2,
          "fields": {
            "1": [
              {
                "id": "Attachfile0tccnd",
                "name": "Attach file 1",
                "type": "upload",
                "readOnly": false,
                "required": false,
                "colspan": 1,
                "visibilityCondition": {
                  "leftType": "field",
                  "leftValue": "Text0t9anw",
                  "operator": "empty",
                  "rightValue": null,
                  "rightType": null,
                  "nextConditionOperator": "",
                  "nextCondition": null
                },
                "params": {
                  "existingColspan": 1,
                  "maxColspan": 2,
                  "fileSource": {
                    "serviceId": "alfresco-content",
                    "name": "Alfresco Content"
                  },
                  "multiple": false,
                  "link": false,
                  "menuOptions": {
                    "show": true,
                    "download": true,
                    "retrieveMetadata": false,
                    "remove": true
                  }
                }
              }
            ],
            "2": [
              {
                "id": "Attachfile08cfo7",
                "name": "Attach file 2",
                "type": "upload",
                "readOnly": false,
                "required": false,
                "colspan": 1,
                "visibilityCondition": {
                  "leftType": "field",
                  "leftValue": "Text0t9anw",
                  "operator": "empty",
                  "rightValue": null,
                  "rightType": null,
                  "nextConditionOperator": "",
                  "nextCondition": null
                },
                "params": {
                  "existingColspan": 1,
                  "maxColspan": 2,
                  "fileSource": {
                    "serviceId": "alfresco-content",
                    "name": "Alfresco Content"
                  },
                  "multiple": false,
                  "link": false,
                  "menuOptions": {
                    "show": true,
                    "download": true,
                    "retrieveMetadata": false,
                    "remove": true
                  }
                }
              }
            ]
          }
        }
      ],
      "outcomes": [ ],
      "metadata": {},
      "variables": [ ]
    }
  }
}