{"formRepresentation":{"id":"form-c7ccb220-90b4-492f-b4eb-d89ec4978ea1","name":"attach-single-multiple","description":"Form with 2 attach file widgets, one of type single and one of type multiple","version":0,"standAlone":true,"formDefinition":{"tabs":[],"fields":[{"id":"93f866bb-0f8d-4ef1-bc01-8c544b733e74","name":"Label","type":"container","tab":null,"numberOfColumns":2,"fields":{"1":[{"id":"Attachfile0ciulc","name":"Attach file single","type":"upload","readOnly":false,"required":false,"colspan":1,"visibilityCondition":null,"params":{"existingColspan":1,"maxColspan":2,"fileSource":{"serviceId":"alfresco-content","name":"Alfresco Content"},"multiple":false,"link":false,"menuOptions":{"show":true,"download":true,"retrieveMetadata":false,"remove":true}}}],"2":[{"id":"Attachfile006uf2","name":"Attach file multiple","type":"upload","readOnly":false,"required":false,"colspan":1,"visibilityCondition":null,"params":{"existingColspan":1,"maxColspan":2,"fileSource":{"serviceId":"alfresco-content","name":"Alfresco Content"},"multiple":true,"link":false,"menuOptions":{"show":true,"download":true,"retrieveMetadata":false,"remove":true}}}]}}],"outcomes":[],"metadata":{},"variables":[]}}}