{"formRepresentation":{"id":"form-6b8ba68d-dbd2-4f26-a716-f4ceec649000","name":"attach-files","description":"This form has 2 attach file widgets","version":0,"standAlone":true,"formDefinition":{"tabs":[],"fields":[{"id":"22f1c655-a222-4293-9bb3-693e3b4aeab8","name":"Label","type":"container","tab":null,"numberOfColumns":2,"fields":{"1":[{"id":"Attachfile09lgsk","name":"Attach file 1","type":"upload","readOnly":false,"required":false,"colspan":1,"visibilityCondition":null,"params":{"existingColspan":1,"maxColspan":2,"fileSource":{"serviceId":"alfresco-content","name":"Alfresco Content"},"multiple":false,"link":false,"menuOptions":{"show":true,"download":true,"retrieveMetadata":false,"remove":true}}}],"2":[{"id":"Attachfile0wopvy","name":"Attach file 2","type":"upload","readOnly":false,"required":false,"colspan":1,"visibilityCondition":null,"params":{"existingColspan":1,"maxColspan":2,"fileSource":{"serviceId":"alfresco-content","name":"Alfresco Content"},"multiple":false,"link":false,"menuOptions":{"show":true,"download":true,"retrieveMetadata":false,"remove":true}}}]}}],"outcomes":[],"metadata":{},"variables":[]}}}