{
  "formRepresentation" : {
    "id" : "form-17aae973-2be1-4de3-95d7-525d2f8422a7",
    "name" : "big-form",
    "key" : "big-form-6kr68",
    "description" : "",
    "version" : 0,
    "standAlone" : true,
    "formDefinition" : {
      "tabs" : [ ],
      "fields" : [
        {
          "id" : "6b59ba36-5f3b-440b-bb9a-5b76ab51f453",
          "name" : "Label",
          "type" : "container",
          "tab" : null,
          "numberOfColumns" : 2,
          "fields" : {
            "1" : [
              {
                "id" : "Text01",
                "name" : "Text01",
                "type" : "text",
                "readOnly" : false,
                "required" : false,
                "colspan" : 1,
                "rowspan" : 1,
                "placeholder" : null,
                "minLength" : 0,
                "maxLength" : 0,
                "regexPattern" : null,
                "visibilityCondition" : null,
                "params" : {
                  "existingColspan" : 1,
                  "maxColspan" : 2
                }
              },
              {
                "id" : "Text02",
                "name" : "Text02",
                "type" : "text",
                "readOnly" : false,
                "required" : false,
                "colspan" : 1,
                "rowspan" : 1,
                "placeholder" : null,
                "minLength" : 0,
                "maxLength" : 0,
                "regexPattern" : null,
                "visibilityCondition" : null,
                "params" : {
                  "existingColspan" : 1,
                  "maxColspan" : 2
                }
              },
              {
                "id" : "Text03",
                "name" : "Text03",
                "type" : "text",
                "readOnly" : false,
                "required" : false,
                "colspan" : 1,
                "rowspan" : 1,
                "placeholder" : null,
                "minLength" : 0,
                "maxLength" : 0,
                "regexPattern" : null,
                "visibilityCondition" : null,
                "params" : {
                  "existingColspan" : 1,
                  "maxColspan" : 2
                }
              },
              {
                "id" : "Text04",
                "name" : "Text04",
                "type" : "text",
                "readOnly" : false,
                "required" : false,
                "colspan" : 1,
                "rowspan" : 1,
                "placeholder" : null,
                "minLength" : 0,
                "maxLength" : 0,
                "regexPattern" : null,
                "visibilityCondition" : null,
                "params" : {
                  "existingColspan" : 1,
                  "maxColspan" : 2
                }
              },
              {
                "id" : "Date01",
                "name" : "Date01",
                "type" : "date",
                "readOnly" : false,
                "required" : false,
                "colspan" : 1,
                "rowspan" : 1,
                "placeholder" : null,
                "minValue" : null,
                "maxValue" : null,
                "minDateRangeValue" : null,
                "maxDateRangeValue" : null,
                "visibilityCondition" : null,
                "params" : {
                  "existingColspan" : 1,
                  "maxColspan" : 2
                },
                "dateDisplayFormat" : "yyyy-MM-dd"
              },
              {
                "id" : "Date02",
                "name" : "Date02",
                "type" : "date",
                "readOnly" : false,
                "required" : false,
                "colspan" : 1,
                "rowspan" : 1,
                "placeholder" : null,
                "minValue" : null,
                "maxValue" : null,
                "minDateRangeValue" : null,
                "maxDateRangeValue" : null,
                "visibilityCondition" : null,
                "params" : {
                  "existingColspan" : 1,
                  "maxColspan" : 2
                },
                "dateDisplayFormat" : "yyyy-MM-dd"
              },
              {
                "id" : "Date03",
                "name" : "Date03",
                "type" : "date",
                "readOnly" : false,
                "required" : false,
                "colspan" : 1,
                "rowspan" : 1,
                "placeholder" : null,
                "minValue" : null,
                "maxValue" : null,
                "minDateRangeValue" : null,
                "maxDateRangeValue" : null,
                "visibilityCondition" : null,
                "params" : {
                  "existingColspan" : 1,
                  "maxColspan" : 2
                },
                "dateDisplayFormat" : "yyyy-MM-dd"
              },
              {
                "id" : "Date04",
                "name" : "Date04",
                "type" : "date",
                "readOnly" : false,
                "required" : false,
                "colspan" : 1,
                "rowspan" : 1,
                "placeholder" : null,
                "minValue" : null,
                "maxValue" : null,
                "minDateRangeValue" : null,
                "maxDateRangeValue" : null,
                "visibilityCondition" : null,
                "params" : {
                  "existingColspan" : 1,
                  "maxColspan" : 2
                },
                "dateDisplayFormat" : "yyyy-MM-dd"
              },
              {
                "id" : "Date05",
                "name" : "Date05",
                "type" : "date",
                "readOnly" : false,
                "required" : false,
                "colspan" : 1,
                "rowspan" : 1,
                "placeholder" : null,
                "minValue" : null,
                "maxValue" : null,
                "minDateRangeValue" : null,
                "maxDateRangeValue" : null,
                "visibilityCondition" : null,
                "params" : {
                  "existingColspan" : 1,
                  "maxColspan" : 2
                },
                "dateDisplayFormat" : "yyyy-MM-dd"
              },
              {
                "id" : "Date06",
                "name" : "Date06",
                "type" : "date",
                "readOnly" : false,
                "required" : false,
                "colspan" : 1,
                "rowspan" : 1,
                "placeholder" : null,
                "minValue" : null,
                "maxValue" : null,
                "minDateRangeValue" : null,
                "maxDateRangeValue" : null,
                "visibilityCondition" : null,
                "params" : {
                  "existingColspan" : 1,
                  "maxColspan" : 2
                },
                "dateDisplayFormat" : "yyyy-MM-dd"
              },
              {
                "id" : "Date07",
                "name" : "Date07",
                "type" : "date",
                "readOnly" : false,
                "required" : false,
                "colspan" : 1,
                "rowspan" : 1,
                "placeholder" : null,
                "minValue" : null,
                "maxValue" : null,
                "minDateRangeValue" : null,
                "maxDateRangeValue" : null,
                "visibilityCondition" : null,
                "params" : {
                  "existingColspan" : 1,
                  "maxColspan" : 2
                },
                "dateDisplayFormat" : "yyyy-MM-dd"
              },
              {
                "id" : "Dropdown01",
                "name" : "Dropdown01",
                "type" : "dropdown",
                "readOnly" : false,
                "required" : false,
                "colspan" : 1,
                "rowspan" : 1,
                "optionType" : "manual",
                "options" : [ ],
                "authName" : null,
                "restUrl" : null,
                "restResponsePath" : null,
                "restIdProperty" : null,
                "restLabelProperty" : null,
                "selectionType" : "single",
                "visibilityCondition" : null,
                "params" : {
                  "existingColspan" : 1,
                  "maxColspan" : 2
                },
                "rule" : null
              },
              {
                "id" : "Dropdown02",
                "name" : "Dropdown02",
                "type" : "dropdown",
                "readOnly" : false,
                "required" : false,
                "colspan" : 1,
                "rowspan" : 1,
                "optionType" : "manual",
                "options" : [ ],
                "authName" : null,
                "restUrl" : null,
                "restResponsePath" : null,
                "restIdProperty" : null,
                "restLabelProperty" : null,
                "selectionType" : "single",
                "visibilityCondition" : null,
                "params" : {
                  "existingColspan" : 1,
                  "maxColspan" : 2
                },
                "rule" : null
              },
              {
                "id" : "Dropdown03",
                "name" : "Dropdown03",
                "type" : "dropdown",
                "readOnly" : false,
                "required" : false,
                "colspan" : 1,
                "rowspan" : 1,
                "optionType" : "manual",
                "options" : [ ],
                "authName" : null,
                "restUrl" : null,
                "restResponsePath" : null,
                "restIdProperty" : null,
                "restLabelProperty" : null,
                "selectionType" : "single",
                "visibilityCondition" : null,
                "params" : {
                  "existingColspan" : 1,
                  "maxColspan" : 2
                },
                "rule" : null
              },
              {
                "id" : "Dropdown04",
                "name" : "Dropdown04",
                "type" : "dropdown",
                "readOnly" : false,
                "required" : false,
                "colspan" : 1,
                "rowspan" : 1,
                "optionType" : "manual",
                "options" : [ ],
                "authName" : null,
                "restUrl" : null,
                "restResponsePath" : null,
                "restIdProperty" : null,
                "restLabelProperty" : null,
                "selectionType" : "single",
                "visibilityCondition" : null,
                "params" : {
                  "existingColspan" : 1,
                  "maxColspan" : 2
                },
                "rule" : null
              },
              {
                "id" : "Dropdown05",
                "name" : "Dropdown05",
                "type" : "dropdown",
                "readOnly" : false,
                "required" : false,
                "colspan" : 1,
                "rowspan" : 1,
                "optionType" : "manual",
                "options" : [ ],
                "authName" : null,
                "restUrl" : null,
                "restResponsePath" : null,
                "restIdProperty" : null,
                "restLabelProperty" : null,
                "selectionType" : "single",
                "visibilityCondition" : null,
                "params" : {
                  "existingColspan" : 1,
                  "maxColspan" : 2
                },
                "rule" : null
              },
              {
                "id" : "Amount01",
                "name" : "Amount01",
                "type" : "amount",
                "readOnly" : false,
                "required" : false,
                "colspan" : 1,
                "rowspan" : 1,
                "placeholder" : "123",
                "minValue" : null,
                "maxValue" : null,
                "visibilityCondition" : null,
                "params" : {
                  "existingColspan" : 1,
                  "maxColspan" : 2
                },
                "enableFractions" : false,
                "currency" : "$"
              },
              {
                "id" : "Amount02",
                "name" : "Amount02",
                "type" : "amount",
                "readOnly" : false,
                "required" : false,
                "colspan" : 1,
                "rowspan" : 1,
                "placeholder" : "123",
                "minValue" : null,
                "maxValue" : null,
                "visibilityCondition" : null,
                "params" : {
                  "existingColspan" : 1,
                  "maxColspan" : 2
                },
                "enableFractions" : false,
                "currency" : "$"
              },
              {
                "id" : "Amount03",
                "name" : "Amount03",
                "type" : "amount",
                "readOnly" : false,
                "required" : false,
                "colspan" : 1,
                "rowspan" : 1,
                "placeholder" : "123",
                "minValue" : null,
                "maxValue" : null,
                "visibilityCondition" : null,
                "params" : {
                  "existingColspan" : 1,
                  "maxColspan" : 2
                },
                "enableFractions" : false,
                "currency" : "$"
              },
              {
                "id" : "Amount04",
                "name" : "Amount04",
                "type" : "amount",
                "readOnly" : false,
                "required" : false,
                "colspan" : 1,
                "rowspan" : 1,
                "placeholder" : "123",
                "minValue" : null,
                "maxValue" : null,
                "visibilityCondition" : null,
                "params" : {
                  "existingColspan" : 1,
                  "maxColspan" : 2
                },
                "enableFractions" : false,
                "currency" : "$"
              },
              {
                "id" : "Text05",
                "name" : "Text05",
                "type" : "text",
                "readOnly" : false,
                "required" : false,
                "colspan" : 1,
                "rowspan" : 1,
                "placeholder" : null,
                "minLength" : 0,
                "maxLength" : 0,
                "regexPattern" : null,
                "visibilityCondition" : null,
                "params" : {
                  "existingColspan" : 1,
                  "maxColspan" : 2
                }
              }
            ],
            "2" : [ ]
          }
        }
      ],
      "outcomes" : [ ],
      "metadata" : {},
      "variables" : [ ]
    }
  }
}