{
  "formRepresentation": {
    "id": "form-83f25273-255d-4784-8c7f-0a69a5e85dcd",
    "name": "booleanvisibility",
    "description": "",
    "version": 0,
    "standAlone": true,
    "formDefinition": {
      "tabs": [ ],
      "fields": [
        {
          "id": "edefdb94-8970-4462-a75a-e14d6b8d1a1a",
          "name": "Label",
          "type": "container",
          "tab": null,
          "numberOfColumns": 2,
          "fields": {
            "1": [
              {
                "id": "Checkbox1",
                "name": "Checkbox1",
                "type": "boolean",
                "required": true,
                "colspan": 1,
                "visibilityCondition": null,
                "params": {
                  "existingColspan": 1,
                  "maxColspan": 2
                }
              }
            ],
            "2": [
              {
                "id": "Checkbox2",
                "name": "Checkbox2",
                "type": "boolean",
                "required": false,
                "colspan": 1,
                "visibilityCondition": null,
                "params": {
                  "existingColspan": 1,
                  "maxColspan": 2
                }
              }
            ]
          }
        },
        {
          "id": "06ad580d-8266-4e2e-834a-acc3c50e66e8",
          "name": "Label",
          "type": "container",
          "tab": null,
          "numberOfColumns": 2,
          "fields": {
            "1": [
              {
                "id": "Checkbox3",
                "name": "Checkbox3",
                "type": "boolean",
                "required": false,
                "colspan": 1,
                "visibilityCondition": {
                  "leftType": "field",
                  "leftValue": "Checkbox1",
                  "operator": "==",
                  "rightValue": "true",
                  "rightType": "value",
                  "nextConditionOperator": "and",
                  "nextCondition": {
                    "leftType": "field",
                    "leftValue": "Checkbox2",
                    "operator": "==",
                    "rightValue": "true",
                    "rightType": "value",
                    "nextConditionOperator": "",
                    "nextCondition": null
                  }
                },
                "params": {
                  "existingColspan": 1,
                  "maxColspan": 2
                }
              }
            ],
            "2": [ ]
          }
        }
      ],
      "outcomes": [ ],
      "metadata": {},
      "variables": [ ]
    },
    "key": "booleanvisibility"
  }
}