{
  "formRepresentation": {
    "id": "form-d205410e-f664-45f3-a528-b6ed93c3a527",
    "name": "call-activ-user-task-form",
    "description": "",
    "version": 0,
    "standAlone": true,
    "formDefinition": {
      "tabs": [ ],
      "fields": [
        {
          "id": "198d17e9-9f01-4bad-8dc7-89c2ae257e4a",
          "name": "Label",
          "type": "container",
          "tab": null,
          "numberOfColumns": 2,
          "fields": {
            "1": [
              {
                "id": "Text01cdc6",
                "name": "Process_h2FeFgvCO - Simple &  Process_Cc6S3iztO - from Pool",
                "type": "text",
                "readOnly": false,
                "required": false,
                "colspan": 1,
                "rowspan": 1,
                "placeholder": "Put Process_h2FeFgvCO - Simple &  Process_Cc6S3iztO - from Pool",
                "minLength": 0,
                "maxLength": 0,
                "regexPattern": null,
                "visibilityCondition": null,
                "params": {
                  "existingColspan": 1,
                  "maxColspan": 2
                }
              }
            ],
            "2": [ ]
          }
        }
      ],
      "outcomes": [ ],
      "metadata": {},
      "variables": [ ]
    },
    "key": "call-activ-user-task-form"
  }
}