{"formRepresentation":{"id":"form-6b5df3dc-ddc2-4241-b57b-33b3b6646fcb","name":"called-form","description":"","version":0,"standAlone":true,"formDefinition":{"tabs":[],"fields":[{"id":"1982d168-5fbd-40dc-ac18-ce1fbd946ada","name":"Label","type":"container","tab":null,"numberOfColumns":2,"fields":{"1":[{"id":"CalledForm","name":"CalledForm","type":"text","readOnly":false,"required":false,"colspan":1,"rowspan":1,"placeholder":null,"minLength":0,"maxLength":0,"regexPattern":null,"visibilityCondition":null,"params":{"existingColspan":1,"maxColspan":2}}],"2":[]}}],"outcomes":[],"metadata":{},"variables":[]}}}