{
  "formRepresentation": {
    "id": "form-328aeb7d-3c04-47dc-92f4-c563b0b90cf3",
    "name": "cm-constraints",
    "description": "",
    "version": 0,
    "formDefinition": {
      "tabs": [ ],
      "fields": [
        {
          "id": "cmc089242152b04712816de9af9e5732c9",
          "name": "NodesSelector",
          "type": "container",
          "tab": null,
          "numberOfColumns": 1,
          "fields": {
            "1": [
              {
                "id": "content_form_nodes",
                "name": "Nodes",
                "type": "upload",
                "readOnly": false,
                "required": true,
                "colspan": 1,
                "rowspan": 1,
                "visibilityCondition": null,
                "params": {
                  "existingColspan": 1,
                  "maxColspan": 2,
                  "fileSource": {
                    "serviceId": "all-file-sources",
                    "name": "Alfresco Content and Local",
                    "destinationFolderPath": "-my-"
                  },
                  "multiple": false,
                  "menuOptions": {
                    "show": true,
                    "download": true,
                    "retrieveMetadata": false,
                    "remove": true
                  },
                  "link": false
                }
              }
            ]
          }
        },
        {
          "id": "cmd967b527ff9e4d25b09b2fcdea02aab2",
          "name": "MetadataPropertiesForm",
          "type": "container",
          "tab": null,
          "numberOfColumns": 2,
          "fields": {
            "1": [
              {
                "id": "testingproperties_text",
                "name": "text property",
                "required": false,
                "readOnly": false,
                "placeholder": "This is a text property",
                "colspan": 1,
                "rowspan": 1,
                "params": {
                  "existingColspan": 1,
                  "maxColspan": 2
                },
                "visibilityCondition": null,
                "type": "text",
                "minLength": 0,
                "maxLength": 100,
                "regexPattern": null
              },
              {
                "id": "testingproperties_mltext",
                "name": "mltext property",
                "required": false,
                "readOnly": false,
                "placeholder": "This is a mltext property",
                "colspan": 1,
                "rowspan": 1,
                "params": {
                  "existingColspan": 1,
                  "maxColspan": 2
                },
                "visibilityCondition": null,
                "type": "text",
                "minLength": 0,
                "maxLength": 0,
                "regexPattern": "[0-9]+(\\.[0-9]+)?(\\s)?K?m"
              },
              {
                "id": "testingproperties_int",
                "name": "int property",
                "required": false,
                "readOnly": false,
                "placeholder": "This is a int property",
                "colspan": 1,
                "rowspan": 1,
                "params": {
                  "existingColspan": 1,
                  "maxColspan": 2
                },
                "visibilityCondition": null,
                "type": "integer",
                "minValue": 0,
                "maxValue": 100
              },
              {
                "id": "testingproperties_long",
                "name": "long property",
                "required": false,
                "readOnly": false,
                "placeholder": "This is a long property",
                "colspan": 1,
                "rowspan": 1,
                "params": {
                  "existingColspan": 1,
                  "maxColspan": 2
                },
                "visibilityCondition": null,
                "type": "text",
                "minLength": 0,
                "maxLength": 0,
                "regexPattern": null
              },
              {
                "id": "testingproperties_float",
                "name": "float property",
                "required": false,
                "readOnly": false,
                "placeholder": "This is a float property",
                "colspan": 1,
                "rowspan": 1,
                "params": {
                  "existingColspan": 1,
                  "maxColspan": 2
                },
                "visibilityCondition": null,
                "type": "text",
                "minLength": 0,
                "maxLength": 0,
                "regexPattern": null
              },
              {
                "id": "testingproperties_double",
                "name": "double property",
                "required": false,
                "readOnly": false,
                "placeholder": "This is a double property",
                "colspan": 1,
                "rowspan": 1,
                "params": {
                  "existingColspan": 1,
                  "maxColspan": 2
                },
                "visibilityCondition": null,
                "type": "text",
                "minLength": 0,
                "maxLength": 0,
                "regexPattern": null
              },
              {
                "id": "testingproperties_date",
                "name": "date property",
                "required": false,
                "readOnly": false,
                "placeholder": "This is a date property",
                "colspan": 1,
                "rowspan": 1,
                "params": {
                  "existingColspan": 1,
                  "maxColspan": 2
                },
                "visibilityCondition": null,
                "type": "date",
                "minValue": null,
                "maxValue": null,
                "dateDisplayFormat": "YYYY-MM-DD"
              },
              {
                "id": "testingproperties_datetime",
                "name": "datetime property",
                "required": false,
                "readOnly": false,
                "placeholder": "This is a datetime property",
                "colspan": 1,
                "rowspan": 1,
                "params": {
                  "existingColspan": 1,
                  "maxColspan": 2
                },
                "visibilityCondition": null,
                "type": "datetime",
                "minValue": null,
                "maxValue": null,
                "dateDisplayFormat": "YYYY-MM-DD HH:mm"
              },
              {
                "id": "testingproperties_boolean",
                "name": "boolean property",
                "required": false,
                "readOnly": false,
                "colspan": 1,
                "rowspan": 1,
                "params": {
                  "existingColspan": 1,
                  "maxColspan": 2
                },
                "visibilityCondition": null,
                "type": "boolean"
              },
              {
                "id": "testingproperties_dropdown",
                "name": "dropdown property",
                "required": false,
                "readOnly": false,
                "colspan": 1,
                "rowspan": 1,
                "params": {
                  "existingColspan": 1,
                  "maxColspan": 2
                },
                "visibilityCondition": null,
                "type": "dropdown",
                "optionType": "manual",
                "options": [
                  {
                    "id": "empty",
                    "name": "Choose one..."
                  },
                  {
                    "id": "red",
                    "name": "red"
                  },
                  {
                    "id": "green",
                    "name": "green"
                  },
                  {
                    "id": "blue",
                    "name": "blue"
                  },
                  {
                    "id": "yellow",
                    "name": "yellow"
                  },
                  {
                    "id": "white",
                    "name": "white"
                  },
                  {
                    "id": "black",
                    "name": "black"
                  },
                  {
                    "id": "orange",
                    "name": "orange"
                  },
                  {
                    "id": "purple",
                    "name": "purple"
                  }
                ],
                "value": "empty",
                "restUrl": null,
                "restResponsePath": null,
                "restIdProperty": null,
                "restLabelProperty": null
              }
            ],
            "2": [
              {
                "id": "cm4383845d4bc2495ea4d360abe97f1a70",
                "name": "File viewer",
                "type": "file-viewer",
                "readOnly": false,
                "required": false,
                "colspan": 1,
                "rowspan": 10,
                "visibilityCondition": null,
                "params": {
                  "existingColspan": 1,
                  "maxColspan": 2,
                  "uploadWidget": "content_form_nodes"
                }
              }
            ]
          }
        }
      ],
      "metadata": {},
      "outcomes": [ ],
      "variables": [ ]
    },
    "contentForm": true,
    "contentType": "testingproperties:property-test",
    "updateMetadataOnSubmit": false,
    "key": "cm-constraints"
  }
}