{"formRepresentation":{"id":"form-f36d1959-9e9d-445b-ac5b-aa8b8f6edd71","name":"cm-default-values","description":"","version":0,"formDefinition":{"tabs":[],"fields":[{"id":"cmf52d349ad00e4d41a91a5cd19370a787","name":"NodesSelector","type":"container","tab":null,"numberOfColumns":1,"fields":{"1":[{"id":"content_form_nodes","name":"Nodes","type":"upload","readOnly":false,"required":true,"colspan":1,"rowspan":1,"visibilityCondition":null,"params":{"existingColspan":1,"maxColspan":2,"fileSource":{"serviceId":"all-file-sources","name":"Alfresco Content and Local","destinationFolderPath":"-my-"},"multiple":false,"menuOptions":{"show":true,"download":true,"retrieveMetadata":false,"remove":true},"link":false}}]}},{"id":"cm4f692b03127448dfa96922a1bab00bc8","name":"MetadataPropertiesForm","type":"container","tab":null,"numberOfColumns":2,"fields":{"1":[{"id":"testingproperties_textdefault","name":"text-default","required":false,"readOnly":false,"placeholder":"","colspan":1,"rowspan":1,"params":{"existingColspan":1,"maxColspan":2},"visibilityCondition":null,"type":"text","minLength":0,"maxLength":0,"regexPattern":null,"value":"text"},{"id":"testingproperties_mltextdefault","name":"mltext-default","required":false,"readOnly":false,"placeholder":"","colspan":1,"rowspan":1,"params":{"existingColspan":1,"maxColspan":2},"visibilityCondition":null,"type":"text","minLength":0,"maxLength":0,"regexPattern":null,"value":"mltext"},{"id":"testingproperties_intdefault","name":"int-default","required":false,"readOnly":false,"placeholder":"","colspan":1,"rowspan":1,"params":{"existingColspan":1,"maxColspan":2},"visibilityCondition":null,"type":"integer","minValue":null,"maxValue":null,"value":1},{"id":"testingproperties_longdefault","name":"long-default","required":false,"readOnly":false,"placeholder":"","colspan":1,"rowspan":1,"params":{"existingColspan":1,"maxColspan":2},"visibilityCondition":null,"type":"text","minLength":0,"maxLength":0,"regexPattern":null,"value":"2"},{"id":"testingproperties_floatdefault","name":"float-default","required":false,"readOnly":false,"placeholder":"","colspan":1,"rowspan":1,"params":{"existingColspan":1,"maxColspan":2},"visibilityCondition":null,"type":"text","minLength":0,"maxLength":0,"regexPattern":null,"value":"3.3"},{"id":"testingproperties_doubledefault","name":"double-default","required":false,"readOnly":false,"placeholder":"","colspan":1,"rowspan":1,"params":{"existingColspan":1,"maxColspan":2},"visibilityCondition":null,"type":"text","minLength":0,"maxLength":0,"regexPattern":null,"value":"4.4"},{"id":"testingproperties_datedefault","name":"date-default","required":false,"readOnly":false,"placeholder":"","colspan":1,"rowspan":1,"params":{"existingColspan":1,"maxColspan":2},"visibilityCondition":null,"type":"date","minValue":null,"maxValue":null,"dateDisplayFormat":"YYYY-MM-DD","value":"2020-10-06"},{"id":"testingproperties_datetimedefault","name":"datetime-default","required":false,"readOnly":false,"placeholder":"","colspan":1,"rowspan":1,"params":{"existingColspan":1,"maxColspan":2},"visibilityCondition":null,"type":"datetime","minValue":null,"maxValue":null,"dateDisplayFormat":"YYYY-MM-DD HH:mm","value":"2020-10-06T12:00:00"},{"id":"testingproperties_booleandefault","name":"boolean-default","required":false,"readOnly":false,"colspan":1,"rowspan":1,"params":{"existingColspan":1,"maxColspan":2},"visibilityCondition":null,"type":"boolean","value":true},{"id":"testingproperties_dropdowndefault","name":"dropdown-default","required":false,"readOnly":false,"colspan":1,"rowspan":1,"params":{"existingColspan":1,"maxColspan":2},"visibilityCondition":null,"type":"dropdown","optionType":"manual","options":[{"id":"empty","name":"Choose one..."},{"id":"red","name":"red"},{"id":"green","name":"green"},{"id":"blue","name":"blue"},{"id":"yellow","name":"yellow"},{"id":"white","name":"white"},{"id":"black","name":"black"},{"id":"orange","name":"orange"},{"id":"purple","name":"purple"}],"value":"white","restUrl":null,"restResponsePath":null,"restIdProperty":null,"restLabelProperty":null}],"2":[{"id":"cm2d7006e627cf48708278464fa9e2938c","name":"File viewer","type":"file-viewer","readOnly":false,"required":false,"colspan":1,"rowspan":10,"visibilityCondition":null,"params":{"existingColspan":1,"maxColspan":2,"uploadWidget":"content_form_nodes"}}]}}],"metadata":{},"outcomes":[],"variables":[]},"contentForm":true,"updateMetadataOnSubmit":false}}