{
  "formRepresentation": {
    "id": "form-3ef10c1f-1001-4179-bb8a-a588fe76b142",
    "name": "cm-update-metadata",
    "description": "",
    "version": 0,
    "formDefinition": {
      "tabs": [ ],
      "fields": [
        {
          "id": "cm79a16745d8114d04bb7348645c59416a",
          "name": "NodesSelector",
          "type": "container",
          "tab": null,
          "numberOfColumns": 1,
          "fields": {
            "1": [
              {
                "id": "content_form_nodes",
                "name": "Nodes",
                "type": "upload",
                "readOnly": false,
                "required": true,
                "colspan": 1,
                "rowspan": 1,
                "visibilityCondition": null,
                "params": {
                  "existingColspan": 1,
                  "maxColspan": 2,
                  "fileSource": {
                    "serviceId": "all-file-sources",
                    "name": "Alfresco Content and Local",
                    "destinationFolderPath": "-my-"
                  },
                  "multiple": false,
                  "menuOptions": {
                    "show": true,
                    "download": true,
                    "retrieveMetadata": false,
                    "remove": true
                  },
                  "link": false
                }
              }
            ]
          }
        },
        {
          "id": "cm7ef64949a61d440f8bc3289b5049ba43",
          "name": "MetadataPropertiesForm",
          "type": "container",
          "tab": null,
          "numberOfColumns": 2,
          "fields": {
            "1": [
              {
                "id": "testingproperties_textdefault",
                "name": "text-default",
                "required": false,
                "readOnly": false,
                "placeholder": "",
                "colspan": 1,
                "rowspan": 1,
                "params": {
                  "existingColspan": 1,
                  "maxColspan": 2
                },
                "visibilityCondition": null,
                "type": "text",
                "minLength": 0,
                "maxLength": 0,
                "regexPattern": null,
                "value": "text"
              },
              {
                "id": "testingproperties_mltextdefault",
                "name": "mltext-default",
                "required": false,
                "readOnly": false,
                "placeholder": "",
                "colspan": 1,
                "rowspan": 1,
                "params": {
                  "existingColspan": 1,
                  "maxColspan": 2
                },
                "visibilityCondition": null,
                "type": "text",
                "minLength": 0,
                "maxLength": 0,
                "regexPattern": null,
                "value": "mltext"
              },
              {
                "id": "testingproperties_intdefault",
                "name": "int-default",
                "required": false,
                "readOnly": false,
                "placeholder": "",
                "colspan": 1,
                "rowspan": 1,
                "params": {
                  "existingColspan": 1,
                  "maxColspan": 2
                },
                "visibilityCondition": null,
                "type": "integer",
                "minValue": null,
                "maxValue": null,
                "value": 1
              },
              {
                "id": "testingproperties_longdefault",
                "name": "long-default",
                "required": false,
                "readOnly": false,
                "placeholder": "",
                "colspan": 1,
                "rowspan": 1,
                "params": {
                  "existingColspan": 1,
                  "maxColspan": 2
                },
                "visibilityCondition": null,
                "type": "text",
                "minLength": 0,
                "maxLength": 0,
                "regexPattern": null,
                "value": "2"
              },
              {
                "id": "testingproperties_floatdefault",
                "name": "float-default",
                "required": false,
                "readOnly": false,
                "placeholder": "",
                "colspan": 1,
                "rowspan": 1,
                "params": {
                  "existingColspan": 1,
                  "maxColspan": 2
                },
                "visibilityCondition": null,
                "type": "text",
                "minLength": 0,
                "maxLength": 0,
                "regexPattern": null,
                "value": "3.3"
              },
              {
                "id": "testingproperties_doubledefault",
                "name": "double-default",
                "required": false,
                "readOnly": false,
                "placeholder": "",
                "colspan": 1,
                "rowspan": 1,
                "params": {
                  "existingColspan": 1,
                  "maxColspan": 2
                },
                "visibilityCondition": null,
                "type": "text",
                "minLength": 0,
                "maxLength": 0,
                "regexPattern": null,
                "value": "4.4"
              },
              {
                "id": "testingproperties_datedefault",
                "name": "date-default",
                "required": false,
                "readOnly": false,
                "placeholder": "",
                "colspan": 1,
                "rowspan": 1,
                "params": {
                  "existingColspan": 1,
                  "maxColspan": 2
                },
                "visibilityCondition": null,
                "type": "date",
                "minValue": null,
                "maxValue": null,
                "dateDisplayFormat": "YYYY-MM-DD",
                "value": "2020-10-06"
              },
              {
                "id": "testingproperties_datetimedefault",
                "name": "datetime-default",
                "required": false,
                "readOnly": false,
                "placeholder": "",
                "colspan": 1,
                "rowspan": 1,
                "params": {
                  "existingColspan": 1,
                  "maxColspan": 2
                },
                "visibilityCondition": null,
                "type": "datetime",
                "minValue": null,
                "maxValue": null,
                "dateDisplayFormat": "YYYY-MM-DD HH:mm",
                "value": "2020-10-06T12:00:00"
              },
              {
                "id": "testingproperties_booleandefault",
                "name": "boolean-default",
                "required": false,
                "readOnly": false,
                "colspan": 1,
                "rowspan": 1,
                "params": {
                  "existingColspan": 1,
                  "maxColspan": 2
                },
                "visibilityCondition": null,
                "type": "boolean",
                "value": true
              },
              {
                "id": "testingproperties_dropdowndefault",
                "name": "dropdown-default",
                "required": false,
                "readOnly": false,
                "colspan": 1,
                "rowspan": 1,
                "params": {
                  "existingColspan": 1,
                  "maxColspan": 2
                },
                "visibilityCondition": null,
                "type": "dropdown",
                "optionType": "manual",
                "options": [
                  {
                    "id": "empty",
                    "name": "Choose one..."
                  },
                  {
                    "id": "red",
                    "name": "red"
                  },
                  {
                    "id": "green",
                    "name": "green"
                  },
                  {
                    "id": "blue",
                    "name": "blue"
                  },
                  {
                    "id": "yellow",
                    "name": "yellow"
                  },
                  {
                    "id": "white",
                    "name": "white"
                  },
                  {
                    "id": "black",
                    "name": "black"
                  },
                  {
                    "id": "orange",
                    "name": "orange"
                  },
                  {
                    "id": "purple",
                    "name": "purple"
                  }
                ],
                "value": "white",
                "restUrl": null,
                "restResponsePath": null,
                "restIdProperty": null,
                "restLabelProperty": null
              }
            ],
            "2": [
              {
                "id": "cmadd7045c905541d1a36aadc0e6d45f96",
                "name": "File viewer",
                "type": "file-viewer",
                "readOnly": false,
                "required": false,
                "colspan": 1,
                "rowspan": 10,
                "visibilityCondition": null,
                "params": {
                  "existingColspan": 1,
                  "maxColspan": 2,
                  "uploadWidget": "content_form_nodes"
                }
              }
            ]
          }
        }
      ],
      "metadata": {},
      "outcomes": [ ],
      "variables": [ ]
    },
    "contentForm": true,
    "updateMetadataOnSubmit": true,
    "key": "cm-update-metadata"
  }
}