{"formRepresentation":{"id":"form-81b71fab-c077-4517-8a0a-c6a40e9af298","name":"correlation-key-form","description":"Form created to define the same unique correlation key for throw-catch message event used by the e2e tests","version":0,"standAlone":true,"formDefinition":{"tabs":[],"fields":[{"id":"f3ca01ad-e3fc-46da-ae60-1333f38fb5a5","name":"Label","type":"container","tab":null,"numberOfColumns":2,"fields":{"1":[{"id":"correlationKey","name":"Set Correlation Key","type":"text","readOnly":false,"required":false,"colspan":1,"placeholder":null,"minLength":0,"maxLength":0,"regexPattern":null,"visibilityCondition":null,"params":{"existingColspan":1,"maxColspan":2}}],"2":[]}}],"outcomes":[],"metadata":{},"variables":[]}}}