{
  "formRepresentation": {
    "id": "form-5eb46319-6c84-4942-81d3-b35463459526",
    "name": "data-table-form",
    "description": "",
    "version": 0,
    "standAlone": true,
    "formDefinition": {
      "tabs": [ ],
      "fields": [
        {
          "id": "c49658a1-de7f-41cf-a686-5938418207c4",
          "name": "Label",
          "type": "container",
          "tab": null,
          "numberOfColumns": 2,
          "fields": {
            "1": [
              {
                "id": "DataTable0yws77",
                "name": "Data Table",
                "type": "data-table",
                "readOnly": false,
                "colspan": 2,
                "rowspan": 1,
                "visibilityCondition": null,
                "params": {
                  "existingColspan": 1,
                  "maxColspan": 2
                },
                "schemaDefinition": [
                  {
                    "type": "number",
                    "key": "id",
                    "title": "No",
                    "sortable": true,
                    "draggable": true
                  },
                  {
                    "type": "number",
                    "key": "number",
                    "title": "Number",
                    "sortable": true,
                    "draggable": true,
                    "decimalConfig": {
                      "digitsInfo": "2.2-2",
                      "locale": "pl-PL"
                    }
                  },
                  {
                    "type": "text",
                    "key": "name",
                    "title": "Name",
                    "sortable": true,
                    "draggable": true
                  },
                  {
                    "type": "date",
                    "key": "date",
                    "title": "Date",
                    "sortable": true,
                    "draggable": true,
                    "dateConfig": {
                      "format": "mediumDate",
                      "locale": "en-US",
                      "tooltipFormat": ""
                    }
                  },
                  {
                    "type": "amount",
                    "key": "amount",
                    "title": "Amount",
                    "sortable": true,
                    "draggable": true,
                    "currencyConfig": {
                      "code": "EUR",
                      "display": "€",
                      "digitsInfo": "1.2-2",
                      "locale": "de-DE"
                    }
                  },
                  {
                    "type": "json",
                    "key": "data",
                    "title": "Testing results",
                    "sortable": true,
                    "draggable": true
                  },
                  {
                    "type": "boolean",
                    "key": "trust",
                    "title": "Is trustworthy",
                    "sortable": true,
                    "draggable": true
                  },
                  {
                    "type": "icon",
                    "key": "image",
                    "title": "Visual representation",
                    "sortable": true,
                    "draggable": true
                  }
                ],
                "variableConfig": {
                  "variableName": "datatable"
                }
              }
            ]
          }
        }
      ],
      "outcomes": [ ],
      "metadata": {},
      "variables": [
        {
          "id": "eec34ada-11cb-4c7b-8dc2-d45a564d99e6",
          "name": "datatable",
          "type": "json",
          "model": {
            "$ref": "#/$defs/primitive/json"
          },
          "value": [
            {
              "id": "1",
              "number": "1",
              "name": "test1",
              "date": "1-12-2023",
              "amount": "0.12",
              "data": "{ \"result\": \"positive\" }",
              "trust": "true",
              "image": "check_circle"
            },
            {
              "id": "2",
              "number": "2.2",
              "name": "test2",
              "date": "2-13-2023",
              "amount": "2.2",
              "data": "{ \"result\": \"negative\" }",
              "trust": "true",
              "image": "bookmark"
            },
            {
              "id": "3",
              "number": "3.33",
              "name": "test3",
              "date": "3-14-2023",
              "amount": "3",
              "data": "{ \"result\": \"positive\" }",
              "trust": "false",
              "image": "help"
            },
            {
              "id": "4",
              "number": "44.4",
              "name": "test4",
              "date": "4-4-2023",
              "amount": "14.45",
              "data": "{ \"result\": \"negative\" }",
              "trust": "false",
              "image": "delete"
            },
            {
              "id": "5",
              "number": "0.55",
              "name": "test5",
              "date": "5-25-2023",
              "amount": "5.56",
              "data": "{ \"result\": \"positive\" }",
              "trust": "true",
              "image": "done"
            }
          ]
        }
      ]
    }
  }
}