{
  "formRepresentation" : {
    "id" : "form-40c7b669-5494-446c-9236-c87546595737",
    "name" : "data-table-form",
    "description" : "",
    "version" : 0,
    "standAlone" : true,
    "formDefinition" : {
      "tabs" : [ ],
      "fields" : [
        {
          "id" : "c49658a1-de7f-41cf-a686-5938418207c4",
          "name" : "Label",
          "type" : "container",
          "tab" : null,
          "numberOfColumns" : 2,
          "fields" : {
            "1" : [
              {
                "id" : "DataTable0yws77",
                "name" : "Data Table",
                "type" : "data-table",
                "readOnly" : false,
                "colspan" : 2,
                "rowspan" : 1,
                "visibilityCondition" : null,
                "params" : {
                  "existingColspan" : 1,
                  "maxColspan" : 2
                },
                "schemaDefinition" : [
                  {
                    "type" : "number",
                    "key" : "entries.id",
                    "title" : "No",
                    "sortable" : true,
                    "draggable" : true
                  },
                  {
                    "type" : "number",
                    "key" : "entries.number",
                    "title" : "Number",
                    "sortable" : true,
                    "draggable" : true,
                    "decimalConfig" : {
                      "digitsInfo" : "2.2-2",
                      "locale" : "pl-PL"
                    }
                  },
                  {
                    "type" : "text",
                    "key" : "entries.properties.name",
                    "title" : "Name",
                    "sortable" : true,
                    "draggable" : true
                  },
                  {
                    "type" : "date",
                    "key" : "entries.properties.date",
                    "title" : "Date",
                    "sortable" : true,
                    "draggable" : true,
                    "dateConfig" : {
                      "format" : "mediumDate",
                      "locale" : "en-US",
                      "tooltipFormat" : ""
                    }
                  },
                  {
                    "type" : "amount",
                    "key" : "entries.properties.amount",
                    "title" : "Amount",
                    "sortable" : true,
                    "draggable" : true,
                    "currencyConfig" : {
                      "code" : "EUR",
                      "display" : "€",
                      "digitsInfo" : "1.2-2",
                      "locale" : "de-DE"
                    }
                  },
                  {
                    "type" : "json",
                    "key" : "entries.properties.additional.data",
                    "title" : "Testing results",
                    "sortable" : true,
                    "draggable" : true
                  },
                  {
                    "type" : "boolean",
                    "key" : "entries.properties.additional.trust",
                    "title" : "Is trustworthy",
                    "sortable" : true,
                    "draggable" : true
                  },
                  {
                    "type" : "icon",
                    "key" : "entries.properties.additional.icon[0].image",
                    "title" : "Visual representation",
                    "sortable" : true,
                    "draggable" : true
                  }
                ],
                "variableConfig" : {
                  "variableName" : "datatable",
                  "optionsPath" : "properties.[file.file[data]file]"
                }
              }
            ]
          }
        }
      ],
      "outcomes" : [ ],
      "metadata" : {},
      "variables" : [
        {
          "id" : "eec34ada-11cb-4c7b-8dc2-d45a564d99e6",
          "name" : "datatable",
          "type" : "json",
          "model" : {
            "$ref" : "#/$defs/primitive/json"
          },
          "value" : {
            "properties" : {
              "file.file[data]file" : [
                {
                  "entries" : {
                    "id" : "1",
                    "number" : "1",
                    "properties" : {
                      "name" : "test1",
                      "date" : "1-12-2023",
                      "amount" : "0.12",
                      "additional" : {
                        "data" : "{ \"result\": \"positive\" }",
                        "trust" : "true",
                        "icon" : [
                          {
                            "type" : "random icon",
                            "image" : "check_circle"
                          },
                          {
                            "type" : "bug icon",
                            "image" : "bug_report"
                          }
                        ]
                      }
                    }
                  }
                },
                {
                  "entries" : {
                    "id" : "2",
                    "number" : "2.2",
                    "properties" : {
                      "name" : "test2",
                      "date" : "2-13-2023",
                      "amount" : "2.2",
                      "additional" : {
                        "data" : "{ \"result\": \"negative\" }",
                        "trust" : "true",
                        "icon" : [
                          {
                            "type" : "random icon",
                            "image" : "bookmark"
                          },
                          {
                            "type" : "bug icon",
                            "image" : "bug_report"
                          }
                        ]
                      }
                    }
                  }
                },
                {
                  "entries" : {
                    "id" : "3",
                    "number" : "3.33",
                    "properties" : {
                      "name" : "test3",
                      "date" : "3-14-2023",
                      "amount" : "3",
                      "additional" : {
                        "data" : "{ \"result\": \"positive\" }",
                        "trust" : "false",
                        "icon" : [
                          {
                            "type" : "random icon",
                            "image" : "help"
                          },
                          {
                            "type" : "bug icon",
                            "image" : "bug_report"
                          }
                        ]
                      }
                    }
                  }
                },
                {
                  "entries" : {
                    "id" : "4",
                    "number" : "44.4",
                    "properties" : {
                      "name" : "test4",
                      "date" : "4-4-2023",
                      "amount" : "14.45",
                      "additional" : {
                        "data" : "{ \"result\": \"negative\" }",
                        "trust" : "false",
                        "icon" : [
                          {
                            "type" : "random icon",
                            "image" : "delete"
                          },
                          {
                            "type" : "bug icon",
                            "image" : "bug_report"
                          }
                        ]
                      }
                    }
                  }
                },
                {
                  "entries" : {
                    "id" : "5",
                    "number" : "0.55",
                    "properties" : {
                      "name" : "test5",
                      "date" : "5-25-2023",
                      "amount" : "5.56",
                      "additional" : {
                        "data" : "{ \"result\": \"positive\" }",
                        "trust" : "true",
                        "icon" : [
                          {
                            "type" : "random icon",
                            "image" : "done"
                          },
                          {
                            "type" : "bug icon",
                            "image" : "bug_report"
                          }
                        ]
                      }
                    }
                  }
                }
              ]
            }
          }
        }
      ]
    },
    "key" : "data-table-form"
  }
}