{"formRepresentation":{"id":"form-a243257a-a007-45aa-ba31-fefe777e5fde","name":"date-timer-form","description":"","version":0,"standAlone":true,"formDefinition":{"tabs":[],"fields":[{"id":"34a93792-ab60-4dc0-a1e3-e5e40c971954","name":"Label","type":"container","tab":null,"numberOfColumns":2,"fields":{"1":[{"id":"Date0rzbb6","name":"Date","type":"date","required":false,"colspan":1,"placeholder":null,"minValue":null,"maxValue":null,"visibilityCondition":null,"params":{"existingColspan":1,"maxColspan":2},"dateDisplayFormat":"YYYY-MM-DD"}],"2":[]}}],"outcomes":[],"metadata":{},"variables":[]}}}