{
  "formRepresentation" : {
    "id" : "form-d5011422-d15e-43ca-8f30-ac9690bb67cc",
    "name" : "display-external-property-task",
    "key" : "display-external-pro-jaei7",
    "description" : "",
    "version" : 0,
    "standAlone" : true,
    "formDefinition" : {
      "tabs" : [ ],
      "fields" : [
        {
          "id" : "fe6cbe4b-f901-420e-8c73-fd1724a90bc2",
          "name" : "Label",
          "type" : "container",
          "tab" : null,
          "numberOfColumns" : 2,
          "fields" : {
            "1" : [
              {
                "id" : "TextFirstName",
                "name" : "firstName mapped",
                "type" : "text",
                "readOnly" : false,
                "required" : false,
                "colspan" : 1,
                "rowspan" : 1,
                "placeholder" : null,
                "minLength" : 0,
                "maxLength" : 0,
                "regexPattern" : null,
                "visibilityCondition" : null,
                "params" : {
                  "existingColspan" : 1,
                  "maxColspan" : 2
                }
              }
            ],
            "2" : [
              {
                "id" : "DisplayExternalPropertyUsername",
                "name" : "username",
                "type" : "display-external-property",
                "readOnly" : true,
                "required" : false,
                "colspan" : 1,
                "rowspan" : 1,
                "visibilityCondition" : null,
                "params" : {
                  "existingColspan" : 1,
                  "maxColspan" : 2,
                  "externalPropertyLabel" : "Basic Username"
                },
                "externalProperty" : "username"
              }
            ]
          }
        }
      ],
      "outcomes" : [ ],
      "metadata" : {},
      "variables" : [ ]
    }
  }
}