{
  "formRepresentation" : {
    "id" : "form-eee98127-a5cd-4379-b875-d6ace2b6bece",
    "name" : "display-external-property-start",
    "key" : "display-external-pro-sien4",
    "description" : "",
    "version" : 0,
    "formDefinition" : {
      "tabs" : [ ],
      "fields" : [
        {
          "id" : "7dcecfdf-71a7-47ae-b7e5-948b6e5b4403",
          "name" : "Label",
          "type" : "container",
          "tab" : null,
          "numberOfColumns" : 2,
          "fields" : {
            "1" : [
              {
                "id" : "DisplayExternalPropertyFirstName",
                "name" : "firstName",
                "type" : "display-external-property",
                "readOnly" : true,
                "required" : false,
                "colspan" : 1,
                "rowspan" : 1,
                "visibilityCondition" : null,
                "params" : {
                  "existingColspan" : 1,
                  "maxColspan" : 2
                },
                "externalProperty" : "firstName"
              }
            ],
            "2" : [ ]
          }
        }
      ],
      "outcomes" : [ ],
      "metadata" : {},
      "variables" : [ ]
    }
  }
}