{"formRepresentation":{"id":"form-5dc3ae62-e728-47e7-9e73-faf7de2c8a22","name":"dropdownform","description":"","version":0,"formDefinition":{"tabs":[],"fields":[{"id":"0704f20a-ee36-4309-9feb-90ff52a2456d","name":"Label","type":"container","tab":null,"numberOfColumns":2,"fields":{"1":[{"id":"Dropdown097maj","name":"Dropdown","type":"dropdown","required":false,"colspan":1,"optionType":"rest","options":[],"restUrl":"https://jsonplaceholder.typicode.com/users","restResponsePath":null,"restIdProperty":"id","restLabelProperty":"name","visibilityCondition":null,"params":{"existingColspan":1,"maxColspan":2}}],"2":[]}}],"outcomes":[],"metadata":{},"variables":[]}}}