{
  "formRepresentation" : {
    "id" : "form-16030103-7b2a-4cbb-8dfe-040bb3982f3f",
    "name" : "dropdowns-and-radio-buttons",
    "key" : "dropdowns-and-radio--b5ehm",
    "description" : "",
    "version" : 0,
    "standAlone" : true,
    "formDefinition" : {
      "tabs" : [ ],
      "fields" : [
        {
          "id" : "062340fd-45f3-4452-b8ad-0c4d68f7da8f",
          "name" : "Label",
          "type" : "container",
          "tab" : null,
          "numberOfColumns" : 2,
          "fields" : {
            "1" : [
              {
                "id" : "Dropdown0fof9k",
                "name" : "Dropdown",
                "type" : "dropdown",
                "readOnly" : false,
                "required" : false,
                "colspan" : 1,
                "rowspan" : 1,
                "optionType" : "rest",
                "options" : [ ],
                "authName" : null,
                "restUrl" : "https://dummyjson.com/${varProducts}",
                "restResponsePath" : "products",
                "restIdProperty" : "id",
                "restLabelProperty" : "title",
                "selectionType" : "single",
                "visibilityCondition" : null,
                "params" : {
                  "existingColspan" : 1,
                  "maxColspan" : 2
                },
                "rule" : null,
                "variableConfig" : null
              }
            ],
            "2" : [
              {
                "id" : "Radiobuttons01pktn",
                "name" : "Radio buttons",
                "type" : "radio-buttons",
                "readOnly" : false,
                "required" : false,
                "colspan" : 1,
                "rowspan" : 1,
                "optionType" : "rest",
                "options" : [ ],
                "authName" : null,
                "restUrl" : "https://dummyjson.com/${varProducts}",
                "restResponsePath" : "products",
                "restIdProperty" : "id",
                "restLabelProperty" : "title",
                "alignmentType" : "vertical",
                "visibilityCondition" : null,
                "params" : {
                  "existingColspan" : 1,
                  "maxColspan" : 2
                }
              }
            ]
          }
        }
      ],
      "outcomes" : [ ],
      "metadata" : {},
      "variables" : [
        {
          "id" : "abe60fba-6bde-4e79-a99e-ab8ef1c82311",
          "name" : "varProducts",
          "type" : "string",
          "model" : {
            "$ref" : "#/$defs/primitive/string"
          },
          "value" : "products"
        }
      ]
    }
  }
}