{
  "formRepresentation": {
    "id": "form-a785fdfd-782f-40cc-a4ef-43288018fc08",
    "name": "dropdown-options",
    "description": "",
    "version": 0,
    "standAlone": true,
    "formDefinition": {
      "tabs": [ ],
      "fields": [
        {
          "id": "dca5a38c-5917-4428-b75c-59209b417f3c",
          "name": "Label",
          "type": "container",
          "tab": null,
          "numberOfColumns": 2,
          "fields": {
            "1": [
              {
                "id": "DropdownOptions",
                "name": "Dropdown-options",
                "type": "dropdown",
                "readOnly": false,
                "required": false,
                "colspan": 1,
                "optionType": "manual",
                "options": [
                  {
                    "id": "empty",
                    "name": "Choose one..."
                  },
                  {
                    "id": "option_1",
                    "name": "option1"
                  },
                  {
                    "id": "option_2",
                    "name": "option2"
                  },
                  {
                    "id": "option_3",
                    "name": "option3"
                  }
                ],
                "restUrl": null,
                "restResponsePath": null,
                "restIdProperty": null,
                "restLabelProperty": null,
                "visibilityCondition": null,
                "params": {
                  "existingColspan": 1,
                  "maxColspan": 2
                },
                "value": "empty"
              }
            ],
            "2": [ ]
          }
        }
      ],
      "outcomes": [ ],
      "metadata": {},
      "variables": [ ]
    },
    "key": "dropdown-options"
  }
}