{"formRepresentation":{"id":"form-98fa377d-86f1-4c6c-89a4-4735b93397f2","name":"dropdownform","description":"","version":0,"formDefinition":{"tabs":[],"fields":[{"id":"0704f20a-ee36-4309-9feb-90ff52a2456d","name":"Label","type":"container","tab":null,"numberOfColumns":2,"fields":{"1":[{"id":"Dropdown097maj","name":"Dropdown","type":"dropdown","required":false,"colspan":1,"optionType":"rest","options":[],"restUrl":"https://jsonplaceholder.typicode.com/users","restResponsePath":null,"restIdProperty":"id","restLabelProperty":"name","visibilityCondition":null,"params":{"existingColspan":1,"maxColspan":2}}],"2":[]}}],"outcomes":[],"metadata":{},"variables":[]}}}