{
  "formRepresentation" : {
    "id" : "form-93e11cb0-e447-40e3-9d43-00291ad628d9",
    "name" : "dropdownErrors",
    "key" : "dropdownerrors-rclmq",
    "description" : "Used for testing XAT-1209",
    "version" : 0,
    "standAlone" : true,
    "formDefinition" : {
      "tabs" : [ ],
      "fields" : [
        {
          "id" : "5d4b6345-817d-44f0-9bce-9f7618613a39",
          "name" : "Label",
          "type" : "container",
          "tab" : null,
          "numberOfColumns" : 2,
          "fields" : {
            "1" : [
              {
                "id" : "executorDropdown",
                "name" : "DropdownVAR",
                "type" : "dropdown",
                "readOnly" : false,
                "required" : false,
                "colspan" : 1,
                "rowspan" : 1,
                "optionType" : "variable",
                "options" : [ ],
                "authName" : null,
                "restUrl" : null,
                "restResponsePath" : null,
                "restIdProperty" : null,
                "restLabelProperty" : null,
                "selectionType" : "single",
                "visibilityCondition" : null,
                "params" : {
                  "existingColspan" : 1,
                  "maxColspan" : 2
                },
                "rule" : null,
                "variableConfig" : {
                  "variableName" : "jsonVar",
                  "optionsPath" : "response.people",
                  "optionsId" : "personId",
                  "optionsLabel" : "person"
                }
              }
            ],
            "2" : [ ]
          }
        }
      ],
      "outcomes" : [ ],
      "metadata" : {},
      "variables" : [
        {
          "id" : "c16be5d2-220e-41ea-bc18-222ea04e72ec",
          "name" : "jsonVar",
          "type" : "json",
          "model" : {
            "$ref" : "#/$defs/primitive/json"
          },
          "value" : {
            "response" : {
              "people" : [
                {
                  "personId" : "person-1-id",
                  "personFullName" : "Lionel Messi",
                  "toalGoals" : 999,
                  "shirtNumber" : 10
                },
                {
                  "personId" : "person-2-id",
                  "personFullName" : "Cristiano Ronaldo",
                  "toalGoals" : 15,
                  "shirtNumber" : 7
                },
                {
                  "personId" : "person-3-id",
                  "personFullName" : "Robert Lewandowski",
                  "toalGoals" : 500,
                  "shirtNumber" : 9
                }
              ]
            }
          }
        },
        {
          "id" : "21b877a9-5f6f-4e7e-a85c-4400b15beae4",
          "name" : "stringVar",
          "type" : "string",
          "model" : {
            "$ref" : "#/$defs/primitive/string"
          },
          "value" : "valueString"
        }
      ]
    }
  }
}