{"formRepresentation":{"id":"form-002b5112-aa98-4316-8b15-2dd51a8c646a","name":"exclusive-condition-form","description":"","version":0,"standAlone":true,"formDefinition":{"tabs":[],"fields":[{"id":"c336e5c8-9f4e-43f0-98dc-5dafa7e039ee","name":"Label","type":"container","tab":null,"numberOfColumns":2,"fields":{"1":[{"id":"exclusiveCondition","name":"Text","type":"text","required":false,"colspan":1,"placeholder":null,"minLength":0,"maxLength":0,"regexPattern":null,"visibilityCondition":null,"params":{"existingColspan":1,"maxColspan":2}}],"2":[]}}],"outcomes":[],"metadata":{},"variables":[]}}}