{
  "formRepresentation": {
    "id": "form-46f91ce9-a37f-4cb8-a8ba-e24f378ab6aa",
    "name": "exclusive-condition-form",
    "description": "",
    "version": 0,
    "standAlone": true,
    "formDefinition": {
      "tabs": [ ],
      "fields": [ {
        "id": "c336e5c8-9f4e-43f0-98dc-5dafa7e039ee",
        "name": "Label",
        "type": "container",
        "tab": null,
        "numberOfColumns": 2,
        "fields": {
          "1": [ {
            "id": "exclusiveCondition",
            "name": "Text",
            "type": "text",
            "required": false,
            "colspan": 1,
            "placeholder": null,
            "minLength": 0,
            "maxLength": 0,
            "regexPattern": null,
            "visibilityCondition": null,
            "params": {
              "existingColspan": 1,
              "maxColspan": 2
            }
          } ],
          "2": [ ]
        }
      } ],
      "outcomes": [ ],
      "metadata": {},
      "variables": [ ]
    }
  }
}