{"formRepresentation":{"id":"form-b4216b0f-8480-4c54-a6f5-7897c7678760","name":"form-with-single-input","description":"","version":0,"standAlone":true,"formDefinition":{"tabs":[],"fields":[{"id":"1ece7bed-fec5-48fc-8bf9-99381b0046e9","name":"Label","type":"container","tab":null,"numberOfColumns":2,"fields":{"1":[{"id":"Text08944l","name":"inTerxt","type":"text","readOnly":false,"required":false,"colspan":1,"rowspan":1,"placeholder":null,"minLength":0,"maxLength":0,"regexPattern":null,"visibilityCondition":null,"params":{"existingColspan":1,"maxColspan":2}}],"2":[]}}],"outcomes":[],"metadata":{},"variables":[]}}}