{
  "formRepresentation" : {
    "id" : "form-d923759d-be27-4a11-9ca8-a9000d300e4e",
    "name" : "form-invalid-path",
    "description" : "Used for testing XAT-1207",
    "version" : 0,
    "standAlone" : true,
    "formDefinition" : {
      "tabs" : [
        {
          "id" : "96eb0d68-2aa7-4ac2-add4-e3d8016d9fa5",
          "title" : "New Tab",
          "visibilityCondition" : null
        }
      ],
      "fields" : [
        {
          "id" : "d516bac8-fc2d-4128-a9cd-533310d53428",
          "name" : "Label",
          "type" : "container",
          "tab" : "96eb0d68-2aa7-4ac2-add4-e3d8016d9fa5",
          "numberOfColumns" : 2,
          "fields" : {
            "1" : [
              {
                "id" : "executorDropdown",
                "name" : "DropdownVAR",
                "type" : "dropdown",
                "readOnly" : false,
                "required" : false,
                "colspan" : 1,
                "rowspan" : 1,
                "optionType" : "variable",
                "options" : [ ],
                "authName" : null,
                "restUrl" : null,
                "restResponsePath" : null,
                "restIdProperty" : null,
                "restLabelProperty" : null,
                "selectionType" : "single",
                "visibilityCondition" : null,
                "params" : {
                  "existingColspan" : 1,
                  "maxColspan" : 2
                },
                "rule" : null,
                "variableConfig" : {
                  "variableName" : "jsonVar",
                  "optionsPath" : "response.peopl",
                  "optionsId" : "personId",
                  "optionsLabel" : "personFullName"
                }
              }
            ],
            "2" : [ ]
          }
        }
      ],
      "outcomes" : [
        {
          "id" : "6f7022f8-9da5-43b4-9057-1f7f90ea4b03",
          "name" : "New Outcome",
          "visibilityCondition" : null
        }
      ],
      "metadata" : {},
      "variables" : [
        {
          "id" : "6bdf5fb4-72f0-49b9-a8a7-bc9ed453fda0",
          "name" : "jsonVar",
          "type" : "json",
          "model" : {
            "$ref" : "#/$defs/primitive/json"
          },
          "value" : {
            "response" : {
              "people" : [
                {
                  "personId" : "person-1-id",
                  "personFullName" : "Lionel Messi",
                  "toalGoals" : 999,
                  "shirtNumber" : 10
                },
                {
                  "personId" : "person-2-id",
                  "personFullName" : "Cristiano Ronaldo",
                  "toalGoals" : 15,
                  "shirtNumber" : 7
                },
                {
                  "personId" : "person-3-id",
                  "personFullName" : "Robert Lewandowski",
                  "toalGoals" : 500,
                  "shirtNumber" : 9
                }
              ]
            }
          }
        },
        {
          "id" : "86ba54af-d4a6-4344-9294-270b387f453a",
          "name" : "stringVar",
          "type" : "string",
          "model" : {
            "$ref" : "#/$defs/primitive/string"
          },
          "value" : "valueString"
        }
      ]
    },
    "key" : "form-invalid-path-ickhr"
  }
}