{
  "formRepresentation" : {
    "id" : "form-8e2bafb2-09ed-4683-a0c2-2bd36a9bbaee",
    "name" : "form-with-styling",
    "key" : "form-with-styling-iqwlb",
    "description" : "",
    "version" : 0,
    "formDefinition" : {
      "tabs" : [ ],
      "fields" : [
        {
          "id" : "HeaderWithStyling",
          "name" : "Header with styling",
          "type" : "group",
          "tab" : null,
          "params" : {
            "allowCollapse" : false,
            "collapseByDefault" : false
          },
          "numberOfColumns" : 1,
          "fields" : {
            "1" : [ ]
          },
          "style" : "2edc552c-513e-49d0-ad03-af901093953f"
        },
        {
          "id" : "9babb921-15b3-480c-960f-0e3d3e839c2d",
          "name" : "Label",
          "type" : "container",
          "tab" : null,
          "numberOfColumns" : 2,
          "fields" : {
            "1" : [
              {
                "id" : "DisplayTextWithStyling",
                "name" : "Display text",
                "type" : "readonly-text",
                "readOnly" : false,
                "value" : "Display text as part of the form with styling",
                "colspan" : 1,
                "rowspan" : 1,
                "visibilityCondition" : null,
                "params" : {
                  "existingColspan" : 1,
                  "maxColspan" : 2
                },
                "style" : "f173bebb-34fb-4723-87b8-f7f7ac3ea3a4"
              }
            ],
            "2" : [
              {
                "id" : "RadioButtonWithStyling",
                "name" : "Radio buttons with styling",
                "type" : "radio-buttons",
                "readOnly" : false,
                "required" : false,
                "colspan" : 1,
                "rowspan" : 1,
                "optionType" : "manual",
                "options" : [
                  {
                    "id" : "Id_1",
                    "name" : "Label 1"
                  },
                  {
                    "id" : "Id_2",
                    "name" : "Label 2"
                  }
                ],
                "authName" : null,
                "restUrl" : null,
                "restResponsePath" : null,
                "restIdProperty" : null,
                "restLabelProperty" : null,
                "alignmentType" : "vertical",
                "visibilityCondition" : null,
                "params" : {
                  "existingColspan" : 1,
                  "maxColspan" : 2
                },
                "style" : "a5d6d205-4d04-4f14-91d9-07439c435ad6"
              }
            ]
          }
        }
      ],
      "outcomes" : [ ],
      "metadata" : {},
      "variables" : [ ],
      "theme" : {
        "widgets" : {
          "radio-buttons" : {
            "a5d6d205-4d04-4f14-91d9-07439c435ad6" : {
              "name" : "custom style radio button",
              "styles" : {
                "--adf-radio-buttons-font-size" : "20px",
                "--adf-radio-buttons-font-weight" : "bold",
                "--adf-radio-buttons-color" : "#04A003"
              }
            }
          },
          "group" : {
            "2edc552c-513e-49d0-ad03-af901093953f" : {
              "name" : "custom style header",
              "styles" : {
                "--adf-header-font-size" : "18px",
                "--adf-header-font-weight" : "bold",
                "--adf-header-color" : "#0A60CE"
              }
            }
          },
          "readonly-text" : {
            "f173bebb-34fb-4723-87b8-f7f7ac3ea3a4" : {
              "name" : "custom style display text",
              "styles" : {
                "--adf-readonly-text-font-size" : "22px",
                "--adf-readonly-text-font-weight" : "normal",
                "--adf-readonly-text-color" : "#9CA3AF"
              }
            }
          }
        }
      }
    }
  }
}