{"formRepresentation":{"id":"form-6f4991d8-63af-4e18-be8f-7679da62cde4","name":"form-visibility","description":"","version":0,"standAlone":true,"formDefinition":{"tabs":[],"fields":[{"id":"a22a1d9d-563b-4134-8e50-2c7364e8eed4","name":"Label","type":"container","tab":null,"numberOfColumns":2,"fields":{"1":[{"id":"Text","name":"Text","type":"text","required":false,"colspan":1,"placeholder":null,"minLength":0,"maxLength":0,"regexPattern":null,"visibilityCondition":null,"params":{"existingColspan":1,"maxColspan":2}}],"2":[{"id":"Multilinetext","name":"Multiline text","type":"multi-line-text","colspan":1,"placeholder":null,"minLength":0,"maxLength":0,"regexPattern":null,"required":false,"visibilityCondition":{"leftType":"field","leftValue":"Text","operator":"==","rightValue":"test","rightType":"value","nextConditionOperator":"","nextCondition":null},"params":{"existingColspan":1,"maxColspan":2}}]}}],"outcomes":[],"metadata":{},"variables":[]}}}