{
  "formRepresentation": {
    "id": "form-95737e88-102a-4de5-b897-666818212b43",
    "name": "form-with-json-widget",
    "description": "",
    "version": 0,
    "standAlone": true,
    "formDefinition": {
      "tabs": [ ],
      "fields": [
        {
          "id": "0e409a9c-f661-4584-a99f-e7fd2edfa607",
          "name": "Label",
          "type": "container",
          "tab": null,
          "numberOfColumns": 2,
          "fields": {
            "1": [
              {
                "id": "DisplayJsonWidgetId",
                "name": "Display Json value",
                "type": "readonly",
                "value": "{}",
                "readOnly": false,
                "colspan": 1,
                "visibilityCondition": null,
                "params": {
                  "existingColspan": 1,
                  "maxColspan": 2,
                  "field": {
                    "id": "73368888-15d5-484b-8ced-74c2f2e82eb2",
                    "name": "restResultForm",
                    "type": "json"
                  },
                  "responseVariable": true
                }
              }
            ],
            "2": [ ]
          }
        }
      ],
      "outcomes": [ ],
      "metadata": {},
      "variables": [
        {
          "id": "73368888-15d5-484b-8ced-74c2f2e82eb2",
          "name": "restResultForm",
          "type": "json",
          "value": {}
        }
      ]
    },
    "key": "form-with-json-widget"
  }
}