{
  "formRepresentation" : {
    "id" : "form-ce8c975b-83ef-44fc-ad6f-e043b6b2bc66",
    "name" : "form-with-all-widgets",
    "description" : "",
    "version" : 0,
    "standAlone" : true,
    "formDefinition" : {
      "tabs" : [ ],
      "fields" : [
        {
          "id" : "Header00z2o4",
          "name" : "Header",
          "type" : "group",
          "tab" : null,
          "params" : {
            "allowCollapse" : true,
            "collapseByDefault" : true
          },
          "numberOfColumns" : 2,
          "fields" : {
            "1" : [
              {
                "id" : "Displaytext02ru82",
                "name" : "Display text",
                "type" : "readonly-text",
                "readOnly" : false,
                "value" : "Display text as part of the form - header column 1",
                "colspan" : 1,
                "rowspan" : 1,
                "visibilityCondition" : null,
                "params" : {
                  "existingColspan" : 1,
                  "maxColspan" : 2
                }
              }
            ],
            "2" : [
              {
                "id" : "Displaytext0vi70v",
                "name" : "Display text",
                "type" : "readonly-text",
                "readOnly" : false,
                "value" : "Display text as part of the form - header column 2",
                "colspan" : 1,
                "rowspan" : 1,
                "visibilityCondition" : null,
                "params" : {
                  "existingColspan" : 1,
                  "maxColspan" : 2
                }
              }
            ]
          }
        },
        {
          "id" : "1c5d6ce6-4164-441a-81ac-f2cb47d3e490",
          "name" : "Label",
          "type" : "container",
          "tab" : null,
          "numberOfColumns" : 2,
          "fields" : {
            "1" : [
              {
                "id" : "DisplayTextId",
                "name" : "Display text",
                "type" : "readonly-text",
                "readOnly" : false,
                "value" : "Display all widgets",
                "colspan" : 1,
                "visibilityCondition" : null,
                "params" : {
                  "existingColspan" : 1,
                  "maxColspan" : 2
                }
              },
              {
                "id" : "TextId",
                "name" : "Text",
                "type" : "text",
                "readOnly" : false,
                "required" : false,
                "colspan" : 1,
                "placeholder" : null,
                "minLength" : 0,
                "maxLength" : 0,
                "regexPattern" : null,
                "visibilityCondition" : null,
                "params" : {
                  "existingColspan" : 1,
                  "maxColspan" : 2
                }
              },
              {
                "id" : "NumberId",
                "name" : "Number",
                "type" : "integer",
                "readOnly" : false,
                "colspan" : 1,
                "placeholder" : null,
                "minValue" : null,
                "maxValue" : null,
                "required" : false,
                "visibilityCondition" : null,
                "params" : {
                  "existingColspan" : 1,
                  "maxColspan" : 2
                }
              },
              {
                "id" : "DateAndTimeId",
                "name" : "Date and time",
                "type" : "datetime",
                "readOnly" : false,
                "required" : false,
                "colspan" : 1,
                "placeholder" : null,
                "minValue" : null,
                "maxValue" : null,
                "visibilityCondition" : null,
                "params" : {
                  "existingColspan" : 1,
                  "maxColspan" : 2
                },
                "dateDisplayFormat" : "YYYY-MM-DD HH:mm"
              },
              {
                "id" : "RadioButtonId",
                "name" : "Radio buttons",
                "type" : "radio-buttons",
                "readOnly" : false,
                "required" : false,
                "colspan" : 1,
                "optionType" : "manual",
                "options" : [
                  {
                    "id" : "option_1",
                    "name" : "Option 1"
                  },
                  {
                    "id" : "option_2",
                    "name" : "Option 2"
                  }
                ],
                "restUrl" : null,
                "restResponsePath" : null,
                "restIdProperty" : null,
                "restLabelProperty" : null,
                "visibilityCondition" : null,
                "params" : {
                  "existingColspan" : 1,
                  "maxColspan" : 2
                },
                "value" : "empty"
              },
              {
                "id" : "PeopleId",
                "name" : "People",
                "type" : "people",
                "readOnly" : false,
                "required" : false,
                "colspan" : 1,
                "optionType" : "single",
                "visibilityCondition" : null,
                "params" : {
                  "existingColspan" : 1,
                  "maxColspan" : 2
                }
              },
              {
                "id" : "HyperlinkId",
                "name" : "Hyperlink",
                "type" : "hyperlink",
                "colspan" : 1,
                "hyperlinkUrl" : null,
                "displayText" : null,
                "visibilityCondition" : null,
                "params" : {
                  "existingColspan" : 1,
                  "maxColspan" : 2
                }
              },
              {
                "id" : "DisplayValueId",
                "name" : "Display value",
                "type" : "readonly",
                "value" : "No field selected",
                "readOnly" : false,
                "colspan" : 1,
                "visibilityCondition" : null,
                "params" : {
                  "existingColspan" : 1,
                  "maxColspan" : 2,
                  "field" : {
                    "id" : "Displayvalue0zt8ry",
                    "name" : "Display value",
                    "type" : "text"
                  },
                  "responseVariable" : true
                }
              }
            ],
            "2" : [
              {
                "id" : "DropdownId",
                "name" : "Dropdown",
                "type" : "dropdown",
                "readOnly" : false,
                "required" : false,
                "colspan" : 1,
                "optionType" : "manual",
                "options" : [
                  {
                    "id" : "empty",
                    "name" : "Choose one..."
                  }
                ],
                "restUrl" : null,
                "restResponsePath" : null,
                "restIdProperty" : null,
                "restLabelProperty" : null,
                "visibilityCondition" : null,
                "params" : {
                  "existingColspan" : 1,
                  "maxColspan" : 2
                },
                "value" : "empty"
              },
              {
                "id" : "CheckboxId",
                "name" : "Checkbox",
                "type" : "boolean",
                "readOnly" : false,
                "required" : false,
                "colspan" : 1,
                "visibilityCondition" : null,
                "params" : {
                  "existingColspan" : 1,
                  "maxColspan" : 2
                }
              },
              {
                "id" : "MultilineTextId",
                "name" : "Multiline text",
                "type" : "multi-line-text",
                "readOnly" : false,
                "colspan" : 1,
                "placeholder" : null,
                "minLength" : 0,
                "maxLength" : 0,
                "regexPattern" : null,
                "required" : false,
                "visibilityCondition" : null,
                "params" : {
                  "existingColspan" : 1,
                  "maxColspan" : 2
                }
              },
              {
                "id" : "DateId",
                "name" : "Date",
                "type" : "date",
                "readOnly" : false,
                "required" : false,
                "colspan" : 1,
                "placeholder" : null,
                "minValue" : null,
                "maxValue" : null,
                "visibilityCondition" : null,
                "params" : {
                  "existingColspan" : 1,
                  "maxColspan" : 2
                },
                "dateDisplayFormat" : "YYYY-MM-DD"
              },
              {
                "id" : "AmountId",
                "name" : "Amount",
                "type" : "amount",
                "readOnly" : false,
                "required" : false,
                "colspan" : 1,
                "placeholder" : "123",
                "minValue" : null,
                "maxValue" : null,
                "visibilityCondition" : null,
                "params" : {
                  "existingColspan" : 1,
                  "maxColspan" : 2
                },
                "enableFractions" : false,
                "currency" : "$"
              },
              {
                "id" : "GroupId",
                "name" : "Group of people",
                "type" : "functional-group",
                "readOnly" : false,
                "required" : false,
                "colspan" : 1,
                "optionType" : "single",
                "visibilityCondition" : null,
                "params" : {
                  "existingColspan" : 1,
                  "maxColspan" : 2
                }
              },
              {
                "id" : "AttachFileId",
                "name" : "Attach file",
                "type" : "upload",
                "readOnly" : false,
                "required" : false,
                "colspan" : 1,
                "visibilityCondition" : null,
                "params" : {
                  "existingColspan" : 1,
                  "maxColspan" : 2,
                  "fileSource" : {
                    "serviceId" : "alfresco-content",
                    "name" : "Alfresco Content"
                  },
                  "multiple" : false,
                  "link" : false,
                  "menuOptions" : {
                    "show" : true,
                    "download" : true,
                    "retrieveMetadata" : false,
                    "remove" : true
                  },
                  "displayableCMProperties" : [ ]
                }
              }
            ]
          }
        }
      ],
      "outcomes" : [ ],
      "metadata" : {},
      "variables" : [ ]
    },
    "key" : "form-with-all-widgets"
  }
}