{
  "formRepresentation": {
    "id": "form-6df1ac06-0dcb-44bd-a3ea-cb034fe542d3",
    "name": "inputform",
    "description": "",
    "version": 0,
    "standAlone": true,
    "formDefinition": {
      "tabs": [ ],
      "fields": [ {
        "id": "51781bda-8b5f-4eac-9946-4485b910c98e",
        "name": "Label",
        "type": "container",
        "tab": null,
        "numberOfColumns": 2,
        "fields": {
          "1": [ {
            "id": "inputText",
            "name": "Text",
            "type": "text",
            "required": false,
            "colspan": 1,
            "placeholder": null,
            "minLength": 0,
            "maxLength": 0,
            "regexPattern": null,
            "visibilityCondition": null,
            "params": {
              "existingColspan": 1,
              "maxColspan": 2
            }
          } ],
          "2": [ ]
        }
      }, {
        "id": "3cb28c91-6316-4203-bf40-17afb76d5371",
        "name": "Label",
        "type": "container",
        "tab": null,
        "numberOfColumns": 2,
        "fields": {
          "1": [ {
            "id": "inputNumber",
            "name": "Number",
            "type": "integer",
            "colspan": 1,
            "placeholder": null,
            "minValue": null,
            "maxValue": null,
            "required": false,
            "visibilityCondition": null,
            "params": {
              "existingColspan": 1,
              "maxColspan": 2
            }
          } ],
          "2": [ ]
        }
      }, {
        "id": "db44f10e-395f-4d88-a4f4-46bdb3f0ff25",
        "name": "Label",
        "type": "container",
        "tab": null,
        "numberOfColumns": 2,
        "fields": {
          "1": [ {
            "id": "inputCheckbox",
            "name": "Checkbox",
            "type": "boolean",
            "required": false,
            "colspan": 1,
            "visibilityCondition": null,
            "params": {
              "existingColspan": 1,
              "maxColspan": 2
            }
          } ],
          "2": [ ]
        }
      }, {
        "id": "b888929f-700a-4612-89e9-679fcee7440b",
        "name": "Label",
        "type": "container",
        "tab": null,
        "numberOfColumns": 2,
        "fields": {
          "1": [ {
            "id": "inputDate",
            "name": "Date",
            "type": "date",
            "required": false,
            "colspan": 1,
            "placeholder": null,
            "minValue": null,
            "maxValue": null,
            "visibilityCondition": null,
            "params": {
              "existingColspan": 1,
              "maxColspan": 2
            },
            "dateDisplayFormat": "YYYY-MM-DD"
          } ],
          "2": [ ]
        }
      } ],
      "outcomes": [ ],
      "metadata": {},
      "variables": [ ]
    }
  }
}