{"formRepresentation":{"id":"form-eeffade0-40c4-41c4-a68e-8e44c57e5e81","name":"mealform","description":"","version":0,"standAlone":true,"formDefinition":{"tabs":[],"fields":[{"id":"fd27409a-bdc8-4657-8dab-114946881bdc","name":"Label","type":"container","tab":null,"numberOfColumns":2,"fields":{"1":[{"id":"meal","name":"meal","type":"text","readOnly":false,"required":false,"colspan":1,"placeholder":null,"minLength":0,"maxLength":0,"regexPattern":null,"visibilityCondition":null,"params":{"existingColspan":1,"maxColspan":2}}],"2":[]}}],"outcomes":[],"metadata":{},"variables":[]}}}