{"formRepresentation":{"id":"form-125ef40a-b984-45bb-932d-2a14eeb4f425","name":"multilingualform","description":"","version":0,"formDefinition":{"tabs":[],"fields":[{"id":"80f18b67-6850-47cd-88c8-0ab18ef5d527","name":"Label","type":"container","tab":null,"numberOfColumns":2,"fields":{"1":[{"id":"LIBRARYERRORSGENERIC","name":"LIBRARY.ERRORS.GENERIC","type":"boolean","required":false,"colspan":1,"visibilityCondition":null,"params":{"existingColspan":1,"maxColspan":2}},{"id":"LIBRARYERRORSGENERIC","name":"LIBRARY.ERRORS.GENERIC","type":"text","required":false,"colspan":1,"placeholder":null,"minLength":0,"maxLength":0,"regexPattern":null,"visibilityCondition":null,"params":{"existingColspan":1,"maxColspan":2}},{"id":"LIBRARYERRORSGENERIC","name":"LIBRARY.ERRORS.GENERIC","type":"multi-line-text","colspan":1,"placeholder":null,"minLength":0,"maxLength":0,"regexPattern":null,"required":false,"visibilityCondition":null,"params":{"existingColspan":1,"maxColspan":2}},{"id":"LIBRARYERRORSGENERIC","name":"LIBRARY.ERRORS.GENERIC","type":"integer","colspan":1,"placeholder":null,"minValue":null,"maxValue":null,"required":false,"visibilityCondition":null,"params":{"existingColspan":1,"maxColspan":2}},{"id":"LIBRARYERRORSGENERIC","name":"LIBRARY.ERRORS.GENERIC","type":"date","required":false,"colspan":1,"placeholder":null,"minValue":null,"maxValue":null,"visibilityCondition":null,"params":{"existingColspan":1,"maxColspan":2},"dateDisplayFormat":"D-M-YYYY"},{"id":"LIBRARYERRORSGENERIC","name":"LIBRARY.ERRORS.GENERIC","type":"readonly","value":"No field selected","colspan":1,"visibilityCondition":null,"params":{"existingColspan":1,"maxColspan":2,"field":{"id":"Displayvalue0uglci","name":"Display value","type":"text"},"responseVariable":true}}],"2":[{"id":"LIBRARYERRORSGENERIC","name":"LIBRARY.ERRORS.GENERIC","type":"readonly-text","value":"LIBRARY.ERRORS.GENERIC","colspan":1,"visibilityCondition":null,"params":{"existingColspan":1,"maxColspan":2}},{"id":"LIBRARYERRORSGENERIC","name":"LIBRARY.ERRORS.GENERIC","type":"hyperlink","colspan":1,"hyperlinkUrl":null,"displayText":null,"visibilityCondition":null,"params":{"existingColspan":1,"maxColspan":2}},{"id":"LIBRARYERRORSGENERIC","name":"LIBRARY.ERRORS.GENERIC","type":"dropdown","required":false,"colspan":1,"optionType":"manual","options":[],"restUrl":null,"restResponsePath":null,"restIdProperty":null,"restLabelProperty":null,"visibilityCondition":null,"params":{"existingColspan":1,"maxColspan":2}},{"id":"LIBRARYERRORSGENERIC","name":"LIBRARY.ERRORS.GENERIC","type":"amount","required":false,"colspan":1,"placeholder":"123","minValue":null,"maxValue":null,"visibilityCondition":null,"params":{"existingColspan":1,"maxColspan":2},"enableFractions":false,"currency":"$"},{"id":"LIBRARYERRORSGENERIC","name":"LIBRARY.ERRORS.GENERIC","type":"radio-buttons","required":false,"colspan":1,"optionType":"manual","options":[{"id":"option_1","name":"Option 1"},{"id":"option_2","name":"Option 2"}],"restUrl":null,"restResponsePath":null,"restIdProperty":null,"restLabelProperty":null,"visibilityCondition":null,"params":{"existingColspan":1,"maxColspan":2}},{"id":"LIBRARYERRORSGENERIC","name":"LIBRARY.ERRORS.GENERIC","type":"upload","required":false,"colspan":1,"visibilityCondition":null,"params":{"existingColspan":1,"maxColspan":2,"fileSource":{"serviceId":"alfresco-content","name":"Alfresco Content"},"multiple":false,"link":false}}]}},{"id":"LIBRARYERRORSGENERIC","name":"LIBRARY.ERRORS.GENERIC","type":"group","tab":null,"params":{"allowCollapse":false,"collapseByDefault":false},"numberOfColumns":1,"fields":{"1":[]}}],"outcomes":[],"metadata":{},"variables":[]}}}