{
  "formRepresentation" : {
    "id" : "form-2b379088-586d-4b7b-abeb-bddea9c2a327",
    "name" : "multiselect-dropdown",
    "description" : "",
    "version" : 0,
    "standAlone" : true,
    "formDefinition" : {
      "tabs" : [ ],
      "fields" : [
        {
          "id" : "ab1cd58e-05cb-44a2-8141-478558ef5c01",
          "name" : "Label",
          "type" : "container",
          "tab" : null,
          "numberOfColumns" : 2,
          "fields" : {
            "1" : [
              {
                "id" : "DropdownMultiselect",
                "name" : "Dropdown",
                "type" : "dropdown",
                "readOnly" : false,
                "required" : false,
                "colspan" : 1,
                "rowspan" : 1,
                "optionType" : "manual",
                "options" : [
                  {
                    "id" : "Option1",
                    "name" : "First"
                  },
                  {
                    "id" : "Option2",
                    "name" : "Second"
                  },
                  {
                    "id" : "Option3",
                    "name" : "Third"
                  },
                  {
                    "id" : "Option4",
                    "name" : "Fourth"
                  }
                ],
                "restUrl" : null,
                "restResponsePath" : null,
                "restIdProperty" : null,
                "restLabelProperty" : null,
                "selectionType" : "multiple",
                "visibilityCondition" : null,
                "params" : {
                  "existingColspan" : 1,
                  "maxColspan" : 2
                },
                "rule" : {
                  "ruleOn" : null,
                  "entries" : null
                }
              }
            ],
            "2" : [
              {
                "id" : "TextResult",
                "name" : "Text",
                "type" : "text",
                "readOnly" : false,
                "required" : false,
                "colspan" : 1,
                "rowspan" : 1,
                "placeholder" : null,
                "minLength" : 0,
                "maxLength" : 0,
                "regexPattern" : null,
                "visibilityCondition" : {
                  "leftType" : "field",
                  "leftValue" : "DropdownMultiselect_LABEL",
                  "operator" : "contains",
                  "rightValue" : [
                    "First",
                    "Third"
                  ],
                  "rightType" : "value",
                  "nextConditionOperator" : "",
                  "nextCondition" : null
                },
                "params" : {
                  "existingColspan" : 1,
                  "maxColspan" : 2
                },
                "value" : "I'm here, because First and Third option were ticked!"
              }
            ]
          }
        }
      ],
      "outcomes" : [ ],
      "metadata" : {},
      "variables" : [ ]
    },
    "key" : "multiselect-dropdown"
  }
}