{
  "formRepresentation": {
    "id": "form-67efe42c-dca0-49f7-b0a8-778f5ba3e4bd",
    "name": "outcomebuttons",
    "description": "",
    "version": 0,
    "standAlone": true,
    "formDefinition": {
      "tabs": [ ],
      "fields": [
        {
          "id": "2f6079ac-57d3-44e2-a99f-da1445c70836",
          "name": "Label",
          "type": "container",
          "tab": null,
          "numberOfColumns": 2,
          "fields": {
            "1": [
              {
                "id": "Text0qtqg5",
                "name": "Text",
                "type": "text",
                "required": false,
                "colspan": 1,
                "placeholder": null,
                "minLength": 0,
                "maxLength": 0,
                "regexPattern": null,
                "visibilityCondition": null,
                "params": {
                  "existingColspan": 1,
                  "maxColspan": 2
                }
              }
            ],
            "2": [ ]
          }
        }
      ],
      "outcomes": [
        {
          "id": "82329d0f-7765-44ad-9314-83a26498aac9",
          "name": "Accept"
        },
        {
          "id": "8e3e97e8-99c8-45ca-9210-1bba93f325dc",
          "name": "Reject"
        }
      ],
      "metadata": {},
      "variables": [ ]
    }
  }
}