{"formRepresentation":{"id":"form-72f178ec-85b8-43b1-85be-b8f532a8823b","name":"outcome-visibility","description":"","version":0,"standAlone":true,"formDefinition":{"tabs":[],"fields":[{"id":"4cb544d9-903a-4ce5-92ad-2ff5db63bcdb","name":"Label","type":"container","tab":null,"numberOfColumns":2,"fields":{"1":[{"id":"TextForOutcome","name":"Which is the best pet?","type":"text","readOnly":false,"required":false,"colspan":1,"placeholder":null,"minLength":0,"maxLength":0,"regexPattern":null,"visibilityCondition":null,"params":{"existingColspan":1,"maxColspan":2}}],"2":[]}}],"outcomes":[{"id":"ce8432c7-4f80-44fd-ab4e-e12a8d8defc1","name":"Valid answer","visibilityCondition":{"leftType":"field","leftValue":"TextForOutcome","operator":"==","rightValue":"cat","rightType":"value","nextConditionOperator":"or","nextCondition":{"leftType":"field","leftValue":"TextForOutcome","operator":"==","rightValue":"dog","rightType":"value","nextConditionOperator":""}}},{"id":"4e346eb2-0471-4e5a-9602-84fe6d6bcb4e","name":"Invalid answer","visibilityCondition":{"leftType":"field","leftValue":"TextForOutcome","operator":"!=","rightValue":"cat","rightType":"value","nextConditionOperator":"and","nextCondition":{"leftType":"field","leftValue":"TextForOutcome","operator":"!=","rightValue":"dog","rightType":"value","nextConditionOperator":"and","nextCondition":{"leftType":"field","leftValue":"TextForOutcome","operator":"!empty","rightValue":null,"rightType":null,"nextConditionOperator":""}}}},{"id":"9c58e4ee-3170-40f0-8d83-304ce970bbbe","name":"You should answer the question","visibilityCondition":{"leftType":"field","leftValue":"TextForOutcome","operator":"empty","rightValue":null,"rightType":null,"nextConditionOperator":"","nextCondition":null}}],"metadata":{},"variables":[]}}}