{
  "formRepresentation": {
    "id": "form-3a40f974-1aea-4de7-9dd5-49cb1e0662b0",
    "name": "outputform",
    "description": "",
    "version": 0,
    "standAlone": true,
    "formDefinition": {
      "tabs": [ ],
      "fields": [
        {
          "id": "be6b2c43-5b31-42f8-ba49-a12f34f6f359",
          "name": "Label",
          "type": "container",
          "tab": null,
          "numberOfColumns": 2,
          "fields": {
            "1": [
              {
                "id": "outputText",
                "name": "Text",
                "type": "text",
                "required": false,
                "colspan": 1,
                "placeholder": null,
                "minLength": 0,
                "maxLength": 0,
                "regexPattern": null,
                "visibilityCondition": null,
                "params": {
                  "existingColspan": 1,
                  "maxColspan": 2
                }
              }
            ],
            "2": [ ]
          }
        },
        {
          "id": "671bab0b-e63a-4035-8c1d-50a0387f8faf",
          "name": "Label",
          "type": "container",
          "tab": null,
          "numberOfColumns": 2,
          "fields": {
            "1": [
              {
                "id": "outputNumber",
                "name": "Number",
                "type": "integer",
                "colspan": 1,
                "placeholder": null,
                "minValue": null,
                "maxValue": null,
                "required": false,
                "visibilityCondition": null,
                "params": {
                  "existingColspan": 1,
                  "maxColspan": 2
                }
              }
            ],
            "2": [ ]
          }
        },
        {
          "id": "4d1e4eec-f7fb-47be-b482-93cfa4a9a8ac",
          "name": "Label",
          "type": "container",
          "tab": null,
          "numberOfColumns": 2,
          "fields": {
            "1": [
              {
                "id": "outputCheckbox",
                "name": "Checkbox",
                "type": "boolean",
                "required": false,
                "colspan": 1,
                "visibilityCondition": null,
                "params": {
                  "existingColspan": 1,
                  "maxColspan": 2
                }
              }
            ],
            "2": [ ]
          }
        },
        {
          "id": "6e1f024c-fb88-41fa-bd7b-6095c044deef",
          "name": "Label",
          "type": "container",
          "tab": null,
          "numberOfColumns": 2,
          "fields": {
            "1": [
              {
                "id": "outputDate",
                "name": "Date",
                "type": "date",
                "required": false,
                "colspan": 1,
                "placeholder": null,
                "minValue": null,
                "maxValue": null,
                "visibilityCondition": null,
                "params": {
                  "existingColspan": 1,
                  "maxColspan": 2
                },
                "dateDisplayFormat": "YYYY-MM-DD"
              }
            ],
            "2": [ ]
          }
        }
      ],
      "outcomes": [ ],
      "metadata": {},
      "variables": [ ]
    }
  }
}