{
  "formRepresentation" : {
    "id" : "form-c468fed2-3d45-4bb1-9f5e-6c27b135d71e",
    "name" : "pw-attach-file-form",
    "description" : "",
    "version" : 0,
    "standAlone" : true,
    "formDefinition" : {
      "tabs" : [ ],
      "fields" : [
        {
          "id" : "d2c60174-818c-4bcd-812e-cc2f78d388d7",
          "name" : "Label",
          "type" : "container",
          "tab" : null,
          "numberOfColumns" : 2,
          "fields" : {
            "1" : [
              {
                "id" : "Displaytext0u7syy",
                "name" : "Display text",
                "type" : "readonly-text",
                "readOnly" : false,
                "value" : "Upload file form Content and Local",
                "colspan" : 1,
                "visibilityCondition" : null,
                "params" : {
                  "existingColspan" : 1,
                  "maxColspan" : 2
                }
              }
            ],
            "2" : [ ]
          }
        },
        {
          "id" : "5da7c2d4-4cbe-457b-9be1-dc141aa7e74c",
          "name" : "Label",
          "type" : "container",
          "tab" : null,
          "numberOfColumns" : 2,
          "fields" : {
            "1" : [
              {
                "id" : "UploadSingleFileMyFolderId",
                "name" : "Upload single file -my- folder",
                "type" : "upload",
                "readOnly" : false,
                "required" : false,
                "colspan" : 1,
                "visibilityCondition" : null,
                "params" : {
                  "existingColspan" : 1,
                  "maxColspan" : 2,
                  "fileSource" : {
                    "name" : "Alfresco Content and Local",
                    "serviceId" : "all-file-sources",
                    "destinationFolderPath" : {
                      "type" : "value",
                      "value" : "-my-"
                    }
                  },
                  "multiple" : false,
                  "link" : false,
                  "menuOptions" : {
                    "show" : true,
                    "download" : true,
                    "retrieveMetadata" : false,
                    "remove" : true
                  },
                  "displayableCMProperties" : [ ]
                }
              },
              {
                "id" : "Attachfile0wts3b",
                "name" : "Upload single file -root- folder",
                "type" : "upload",
                "readOnly" : false,
                "required" : false,
                "colspan" : 1,
                "rowspan" : 1,
                "visibilityCondition" : null,
                "params" : {
                  "existingColspan" : 1,
                  "maxColspan" : 2,
                  "fileSource" : {
                    "name" : "Alfresco Content and Local",
                    "serviceId" : "all-file-sources",
                    "destinationFolderPath" : {
                      "type" : "value",
                      "value" : "-root-"
                    }
                  },
                  "multiple" : false,
                  "link" : false,
                  "menuOptions" : {
                    "show" : true,
                    "download" : true,
                    "retrieveMetadata" : false,
                    "remove" : true
                  },
                  "displayableCMProperties" : [ ]
                }
              },
              {
                "id" : "Attachfile0fbddj",
                "name" : "Upload single file - stringPath variable",
                "type" : "upload",
                "readOnly" : false,
                "required" : false,
                "colspan" : 1,
                "rowspan" : 1,
                "visibilityCondition" : null,
                "params" : {
                  "existingColspan" : 1,
                  "maxColspan" : 2,
                  "fileSource" : {
                    "name" : "Alfresco Content and Local",
                    "serviceId" : "all-file-sources",
                    "destinationFolderPath" : {
                      "id" : "58089ab3-0d0b-40ec-8206-5fb826e986e4",
                      "name" : "stringPath",
                      "type" : "string",
                      "model" : {
                        "$ref" : "#/$defs/primitive/string"
                      },
                      "value" : "-my-/e2e-pw-string-variable/"
                    }
                  },
                  "multiple" : false,
                  "link" : false,
                  "menuOptions" : {
                    "show" : true,
                    "download" : true,
                    "retrieveMetadata" : false,
                    "remove" : true
                  },
                  "displayableCMProperties" : [ ]
                }
              },
              {
                "id" : "Attachfile0oo8fe",
                "name" : "Upload single file - incorrect path variable",
                "type" : "upload",
                "readOnly" : false,
                "required" : false,
                "colspan" : 1,
                "rowspan" : 1,
                "visibilityCondition" : null,
                "params" : {
                  "existingColspan" : 1,
                  "maxColspan" : 2,
                  "fileSource" : {
                    "name" : "Alfresco Content and Local",
                    "serviceId" : "all-file-sources",
                    "destinationFolderPath" : {
                      "id" : "95868823-d894-409c-b175-a887023890f4",
                      "name" : "incorrectPath",
                      "type" : "string",
                      "model" : {
                        "$ref" : "#/$defs/primitive/string"
                      },
                      "value" : "-my-/e2e-pw-incorrect"
                    }
                  },
                  "multiple" : false,
                  "link" : false,
                  "menuOptions" : {
                    "show" : true,
                    "download" : true,
                    "retrieveMetadata" : false,
                    "remove" : true
                  },
                  "displayableCMProperties" : [ ]
                }
              }
            ],
            "2" : [
              {
                "id" : "UploadMultipleFilesMyFolderId",
                "name" : "Upload multiple files -my- folder",
                "type" : "upload",
                "readOnly" : false,
                "required" : false,
                "colspan" : 1,
                "visibilityCondition" : null,
                "params" : {
                  "existingColspan" : 1,
                  "maxColspan" : 2,
                  "fileSource" : {
                    "name" : "Alfresco Content and Local",
                    "serviceId" : "all-file-sources",
                    "destinationFolderPath" : {
                      "type" : "value",
                      "value" : "-my-"
                    }
                  },
                  "multiple" : true,
                  "link" : false,
                  "menuOptions" : {
                    "show" : true,
                    "download" : true,
                    "retrieveMetadata" : false,
                    "remove" : true
                  },
                  "displayableCMProperties" : [ ]
                }
              },
              {
                "id" : "UploadMultipleFIlesParentChildFolderId",
                "name" : "Upload multiple files - parent > child folder",
                "type" : "upload",
                "readOnly" : false,
                "required" : false,
                "colspan" : 1,
                "rowspan" : 1,
                "visibilityCondition" : null,
                "params" : {
                  "existingColspan" : 1,
                  "maxColspan" : 2,
                  "fileSource" : {
                    "name" : "Alfresco Content and Local",
                    "serviceId" : "all-file-sources",
                    "destinationFolderPath" : {
                      "type" : "value",
                      "value" : "-my-/e2e-pw-parent-folder/e2e-pw-child-folder"
                    }
                  },
                  "multiple" : true,
                  "link" : false,
                  "menuOptions" : {
                    "show" : true,
                    "download" : true,
                    "retrieveMetadata" : false,
                    "remove" : true
                  },
                  "displayableCMProperties" : [ ]
                }
              },
              {
                "id" : "Attachfile07ngd0",
                "name" : "Upload multiple files - site",
                "type" : "upload",
                "readOnly" : false,
                "required" : false,
                "colspan" : 1,
                "rowspan" : 1,
                "visibilityCondition" : null,
                "params" : {
                  "existingColspan" : 1,
                  "maxColspan" : 2,
                  "fileSource" : {
                    "name" : "Alfresco Content and Local",
                    "serviceId" : "all-file-sources",
                    "destinationFolderPath" : {
                      "type" : "value",
                      "value" : "-root-/Sites/e2e-attach-file-lib/documentLibrary"
                    }
                  },
                  "multiple" : true,
                  "link" : false,
                  "menuOptions" : {
                    "show" : true,
                    "download" : true,
                    "retrieveMetadata" : false,
                    "remove" : true
                  },
                  "displayableCMProperties" : [ ]
                }
              },
              {
                "id" : "Attachfile073335",
                "name" : "Upload multiple files - folder variable",
                "type" : "upload",
                "readOnly" : false,
                "required" : false,
                "colspan" : 1,
                "rowspan" : 1,
                "visibilityCondition" : null,
                "params" : {
                  "existingColspan" : 1,
                  "maxColspan" : 2,
                  "fileSource" : {
                    "name" : "Alfresco Content and Local",
                    "serviceId" : "all-file-sources",
                    "destinationFolderPath" : {
                      "id" : "d6141011-c2e5-42dc-a5ef-68300c992536",
                      "name" : "folder",
                      "type" : "folder",
                      "model" : {
                        "$ref" : "#/$defs/primitive/folder"
                      }
                    }
                  },
                  "multiple" : true,
                  "link" : false,
                  "menuOptions" : {
                    "show" : true,
                    "download" : true,
                    "retrieveMetadata" : false,
                    "remove" : true
                  },
                  "displayableCMProperties" : [ ]
                }
              }
            ]
          }
        },
        {
          "id" : "c44f2381-0362-4c1a-bea6-c5b9ee8bba9d",
          "name" : "Label",
          "type" : "container",
          "tab" : null,
          "numberOfColumns" : 2,
          "fields" : {
            "1" : [
              {
                "id" : "Displaytext0fuls6",
                "name" : "Display text",
                "type" : "readonly-text",
                "readOnly" : false,
                "value" : "Upload file form Content",
                "colspan" : 1,
                "rowspan" : 1,
                "visibilityCondition" : null,
                "params" : {
                  "existingColspan" : 1,
                  "maxColspan" : 2
                }
              }
            ],
            "2" : [ ]
          }
        },
        {
          "id" : "abcfcc38-4a10-431e-b746-e950f8da752d",
          "name" : "Label",
          "type" : "container",
          "tab" : null,
          "numberOfColumns" : 2,
          "fields" : {
            "1" : [
              {
                "id" : "UploadSingleFileContentId",
                "name" : "Upload sinle files form content",
                "type" : "upload",
                "readOnly" : false,
                "required" : false,
                "colspan" : 1,
                "visibilityCondition" : null,
                "params" : {
                  "existingColspan" : 1,
                  "maxColspan" : 2,
                  "fileSource" : {
                    "serviceId" : "alfresco-content",
                    "name" : "Alfresco Content"
                  },
                  "multiple" : false,
                  "link" : false,
                  "menuOptions" : {
                    "show" : true,
                    "download" : true,
                    "retrieveMetadata" : false,
                    "remove" : true
                  },
                  "displayableCMProperties" : [ ]
                }
              }
            ],
            "2" : [
              {
                "id" : "UploadMultipleFileContentId",
                "name" : "Upload multiple files form content",
                "type" : "upload",
                "readOnly" : false,
                "required" : false,
                "colspan" : 1,
                "visibilityCondition" : null,
                "params" : {
                  "existingColspan" : 1,
                  "maxColspan" : 2,
                  "fileSource" : {
                    "serviceId" : "alfresco-content",
                    "name" : "Alfresco Content"
                  },
                  "multiple" : true,
                  "link" : false,
                  "menuOptions" : {
                    "show" : true,
                    "download" : true,
                    "retrieveMetadata" : false,
                    "remove" : true
                  },
                  "displayableCMProperties" : [ ]
                }
              }
            ]
          }
        }
      ],
      "outcomes" : [ ],
      "metadata" : {},
      "variables" : [
        {
          "id" : "58089ab3-0d0b-40ec-8206-5fb826e986e4",
          "name" : "stringPath",
          "type" : "string",
          "model" : {
            "$ref" : "#/$defs/primitive/string"
          },
          "value" : "-my-/e2e-pw-string-variable/"
        },
        {
          "id" : "95868823-d894-409c-b175-a887023890f4",
          "name" : "incorrectPath",
          "type" : "string",
          "model" : {
            "$ref" : "#/$defs/primitive/string"
          },
          "value" : "-my-/e2e-pw-incorrect"
        },
        {
          "id" : "d6141011-c2e5-42dc-a5ef-68300c992536",
          "name" : "folder",
          "type" : "folder",
          "model" : {
            "$ref" : "#/$defs/primitive/folder"
          }
        }
      ]
    },
    "key" : "pw-attach-file-form"
  }
}