{
  "formRepresentation": {
    "id": "form-aaee2a6c-2b05-4be7-96ae-4a9976a27478",
    "name": "requirednumbervisibility",
    "description": "",
    "version": 0,
    "standAlone": true,
    "formDefinition": {
      "tabs": [ ],
      "fields": [ {
        "id": "894cfc97-4238-4d23-8f0e-5b2155b0e6dc",
        "name": "Label",
        "type": "container",
        "tab": null,
        "numberOfColumns": 2,
        "fields": {
          "1": [ {
            "id": "Number1",
            "name": "Number1",
            "type": "integer",
            "colspan": 1,
            "placeholder": null,
            "minValue": 2,
            "maxValue": 7,
            "required": true,
            "visibilityCondition": null,
            "params": {
              "existingColspan": 1,
              "maxColspan": 2
            }
          } ],
          "2": [ {
            "id": "Number2",
            "name": "Number2",
            "type": "integer",
            "colspan": 1,
            "placeholder": null,
            "minValue": null,
            "maxValue": null,
            "required": false,
            "visibilityCondition": {
              "leftType": "field",
              "leftValue": "Number1",
              "operator": "==",
              "rightValue": "numericValue",
              "rightType": "variable",
              "nextConditionOperator": "",
              "nextCondition": null
            },
            "params": {
              "existingColspan": 1,
              "maxColspan": 2
            }
          } ]
        }
      } ],
      "outcomes": [ ],
      "metadata": {},
      "variables": [ {
        "id": "7d282eba-bd83-42f5-a2e6-dc329155f82a",
        "name": "numericValue",
        "type": "integer",
        "value": 5
      } ]
    }
  }
}