{"formRepresentation":{"id":"form-7caa29a6-bae1-4a34-a382-b692c168f9be","name":"resultcollectionform","description":"","version":0,"standAlone":true,"formDefinition":{"tabs":[],"fields":[{"id":"fc54450d-30fd-498d-9cb2-ec9150c1f8b8","name":"Label","type":"container","tab":null,"numberOfColumns":2,"fields":{"1":[{"id":"result1","name":"result1","type":"text","readOnly":false,"required":false,"colspan":1,"placeholder":null,"minLength":0,"maxLength":0,"regexPattern":null,"visibilityCondition":null,"params":{"existingColspan":1,"maxColspan":2}},{"id":"result3","name":"result3","type":"text","readOnly":false,"required":false,"colspan":1,"placeholder":null,"minLength":0,"maxLength":0,"regexPattern":null,"visibilityCondition":null,"params":{"existingColspan":1,"maxColspan":2}}],"2":[{"id":"result2","name":"result2","type":"text","readOnly":false,"required":false,"colspan":1,"placeholder":null,"minLength":0,"maxLength":0,"regexPattern":null,"visibilityCondition":null,"params":{"existingColspan":1,"maxColspan":2}}]}}],"outcomes":[],"metadata":{},"variables":[]}}}