{"formRepresentation":{"id":"form-20fab189-0b96-4a09-87f5-00f1c9be1976","name":"search-dropdowns","description":"","version":0,"standAlone":true,"formDefinition":{"tabs":[],"fields":[{"id":"eda17db8-0f9a-47f7-a53f-22ac25d36b37","name":"Label","type":"container","tab":null,"numberOfColumns":2,"fields":{"1":[{"id":"DropdownMultipleSix","name":"DropdownMultipleSix","type":"dropdown","readOnly":false,"required":false,"colspan":1,"rowspan":1,"optionType":"manual","options":[{"id":"option_1","name":"Option 1"},{"id":"option_2","name":"Option 2"},{"id":"option_3","name":"Option 3"},{"id":"option_4","name":"Option 4"},{"id":"option_5","name":"Option 5"},{"id":"option_6","name":"Option 6"}],"restUrl":null,"restResponsePath":null,"restIdProperty":null,"restLabelProperty":null,"selectionType":"multiple","visibilityCondition":null,"params":{"existingColspan":1,"maxColspan":2},"rule":{"ruleOn":null,"entries":null},"tooltip":"Multipledropdown with 6 options"}],"2":[{"id":"DropdownMultipleFive","name":"DropdownMultipleFive","type":"dropdown","readOnly":false,"required":false,"colspan":1,"rowspan":1,"optionType":"manual","options":[{"id":"option_1","name":"Option 1"},{"id":"option_2","name":"Option 2"},{"id":"option_3","name":"Option 3"},{"id":"option_4","name":"Option 4"},{"id":"option_5","name":"Option 5"}],"restUrl":null,"restResponsePath":null,"restIdProperty":null,"restLabelProperty":null,"selectionType":"multiple","visibilityCondition":null,"params":{"existingColspan":1,"maxColspan":2},"rule":{"ruleOn":null,"entries":null},"tooltip":"Multipledropdown with 5 options"}]}},{"id":"101734d5-c368-45be-89a0-c04f2305bcfe","name":"Label","type":"container","tab":null,"numberOfColumns":2,"fields":{"1":[{"id":"DropdownSingleSix","name":"DropdownSingleSix","type":"dropdown","readOnly":false,"required":false,"colspan":1,"rowspan":1,"optionType":"manual","options":[{"id":"option_1","name":"Option 1"},{"id":"option_2","name":"Option 2"},{"id":"option_3","name":"Option 3"},{"id":"option_4","name":"Option 4"},{"id":"option_5","name":"Option 5"},{"id":"option_6","name":"Option 6"},{"id":"option_7","name":"Option 7"}],"restUrl":null,"restResponsePath":null,"restIdProperty":null,"restLabelProperty":null,"selectionType":"single","visibilityCondition":null,"params":{"existingColspan":1,"maxColspan":2},"rule":{"ruleOn":null,"entries":null},"tooltip":"Singledropdown with 6 options"}],"2":[{"id":"DropdownSingleFive","name":"DropdownSingleFive","type":"dropdown","readOnly":false,"required":false,"colspan":1,"rowspan":1,"optionType":"manual","options":[{"id":"option_1","name":"Option 1"},{"id":"option_2","name":"Option 2"},{"id":"option_3","name":"Option 3"},{"id":"option_4","name":"Option 4"},{"id":"option_5","name":"Option 5"}],"restUrl":null,"restResponsePath":null,"restIdProperty":null,"restLabelProperty":null,"selectionType":"single","visibilityCondition":null,"params":{"existingColspan":1,"maxColspan":2},"rule":null,"tooltip":"Singledropdown with 5 options"}]}},{"id":"726794b2-5732-4598-ae85-6ef3b3f8e7d3","name":"Label","type":"container","tab":null,"numberOfColumns":2,"fields":{"1":[{"id":"DropdownCountriesMultiple","name":"DropdownCountriesMultiple","type":"dropdown","readOnly":false,"required":false,"colspan":1,"rowspan":1,"optionType":"manual","options":[{"id":"option_0","name":"Afghanistan"},{"id":"option_1","name":"Åland Islands"},{"id":"option_2","name":"Albania"},{"id":"option_3","name":"Algeria"},{"id":"option_4","name":"American Samoa"},{"id":"option_5","name":"Andorra"},{"id":"option_6","name":"Angola"},{"id":"option_7","name":"Anguilla"},{"id":"option_8","name":"Antarctica"},{"id":"option_9","name":"Antigua and Barbuda"},{"id":"option_10","name":"Argentina"},{"id":"option_11","name":"Armenia"},{"id":"option_12","name":"Aruba"},{"id":"option_13","name":"Australia"},{"id":"option_14","name":"Austria"},{"id":"option_15","name":"Azerbaijan"},{"id":"option_16","name":"Bahamas"},{"id":"option_17","name":"Bahrain"},{"id":"option_18","name":"Bangladesh"},{"id":"option_19","name":"Barbados"},{"id":"option_20","name":"Belarus"},{"id":"option_21","name":"Belgium"},{"id":"option_22","name":"Belize"},{"id":"option_23","name":"Benin"},{"id":"option_24","name":"Bermuda"},{"id":"option_25","name":"Bhutan"},{"id":"option_26","name":"Bolivia (Plurinational State of)"},{"id":"option_27","name":"Bonaire, Sint Eustatius and Saba"},{"id":"option_28","name":"Bosnia and Herzegovina"},{"id":"option_29","name":"Botswana"},{"id":"option_30","name":"Bouvet Island"},{"id":"option_31","name":"Brazil"},{"id":"option_32","name":"British Indian Ocean Territory"},{"id":"option_33","name":"United States Minor Outlying Islands"},{"id":"option_34","name":"Virgin Islands (British)"},{"id":"option_35","name":"Virgin Islands (U.S.)"},{"id":"option_36","name":"Brunei Darussalam"},{"id":"option_37","name":"Bulgaria"},{"id":"option_38","name":"Burkina Faso"},{"id":"option_39","name":"Burundi"},{"id":"option_40","name":"Cambodia"},{"id":"option_41","name":"Cameroon"},{"id":"option_42","name":"Canada"},{"id":"option_43","name":"Cabo Verde"},{"id":"option_44","name":"Cayman Islands"},{"id":"option_45","name":"Central African Republic"},{"id":"option_46","name":"Chad"},{"id":"option_47","name":"Chile"},{"id":"option_48","name":"China"},{"id":"option_49","name":"Christmas Island"},{"id":"option_50","name":"Cocos (Keeling) Islands"},{"id":"option_51","name":"Colombia"},{"id":"option_52","name":"Comoros"},{"id":"option_53","name":"Congo"},{"id":"option_54","name":"Congo (Democratic Republic of the)"},{"id":"option_55","name":"Cook Islands"},{"id":"option_56","name":"Costa Rica"},{"id":"option_57","name":"Croatia"},{"id":"option_58","name":"Cuba"},{"id":"option_59","name":"Curaçao"},{"id":"option_60","name":"Cyprus"},{"id":"option_61","name":"Czech Republic"},{"id":"option_62","name":"Denmark"},{"id":"option_63","name":"Djibouti"},{"id":"option_64","name":"Dominica"},{"id":"option_65","name":"Dominican Republic"},{"id":"option_66","name":"Ecuador"},{"id":"option_67","name":"Egypt"},{"id":"option_68","name":"El Salvador"},{"id":"option_69","name":"Equatorial Guinea"},{"id":"option_70","name":"Eritrea"},{"id":"option_71","name":"Estonia"},{"id":"option_72","name":"Ethiopia"},{"id":"option_73","name":"Falkland Islands (Malvinas)"},{"id":"option_74","name":"Faroe Islands"},{"id":"option_75","name":"Fiji"},{"id":"option_76","name":"Finland"},{"id":"option_77","name":"France"},{"id":"option_78","name":"French Guiana"},{"id":"option_79","name":"French Polynesia"},{"id":"option_80","name":"French Southern Territories"},{"id":"option_81","name":"Gabon"},{"id":"option_82","name":"Gambia"},{"id":"option_83","name":"Georgia"},{"id":"option_84","name":"Germany"},{"id":"option_85","name":"Ghana"},{"id":"option_86","name":"Gibraltar"},{"id":"option_87","name":"Greece"},{"id":"option_88","name":"Greenland"},{"id":"option_89","name":"Grenada"},{"id":"option_90","name":"Guadeloupe"},{"id":"option_91","name":"Guam"},{"id":"option_92","name":"Guatemala"},{"id":"option_93","name":"Guernsey"},{"id":"option_94","name":"Guinea"},{"id":"option_95","name":"Guinea-Bissau"},{"id":"option_96","name":"Guyana"},{"id":"option_97","name":"Haiti"},{"id":"option_98","name":"Heard Island and McDonald Islands"},{"id":"option_99","name":"Holy See"},{"id":"option_100","name":"Honduras"},{"id":"option_101","name":"Hong Kong"},{"id":"option_102","name":"Hungary"},{"id":"option_103","name":"Iceland"},{"id":"option_104","name":"India"},{"id":"option_105","name":"Indonesia"},{"id":"option_106","name":"Côte d'Ivoire"},{"id":"option_107","name":"Iran (Islamic Republic of)"},{"id":"option_108","name":"Iraq"},{"id":"option_109","name":"Ireland"},{"id":"option_110","name":"Isle of Man"},{"id":"option_111","name":"Israel"},{"id":"option_112","name":"Italy"},{"id":"option_113","name":"Jamaica"},{"id":"option_114","name":"Japan"},{"id":"option_115","name":"Jersey"},{"id":"option_116","name":"Jordan"},{"id":"option_117","name":"Kazakhstan"},{"id":"option_118","name":"Kenya"},{"id":"option_119","name":"Kiribati"},{"id":"option_120","name":"Kuwait"},{"id":"option_121","name":"Kyrgyzstan"},{"id":"option_122","name":"Lao People's Democratic Republic"},{"id":"option_123","name":"Latvia"},{"id":"option_124","name":"Lebanon"},{"id":"option_125","name":"Lesotho"},{"id":"option_126","name":"Liberia"},{"id":"option_127","name":"Libya"},{"id":"option_128","name":"Liechtenstein"},{"id":"option_129","name":"Lithuania"},{"id":"option_130","name":"Luxembourg"},{"id":"option_131","name":"Macao"},{"id":"option_132","name":"Macedonia (the former Yugoslav Republic of)"},{"id":"option_133","name":"Madagascar"},{"id":"option_134","name":"Malawi"},{"id":"option_135","name":"Malaysia"},{"id":"option_136","name":"Maldives"},{"id":"option_137","name":"Mali"},{"id":"option_138","name":"Malta"},{"id":"option_139","name":"Marshall Islands"},{"id":"option_140","name":"Martinique"},{"id":"option_141","name":"Mauritania"},{"id":"option_142","name":"Mauritius"},{"id":"option_143","name":"Mayotte"},{"id":"option_144","name":"Mexico"},{"id":"option_145","name":"Micronesia (Federated States of)"},{"id":"option_146","name":"Moldova (Republic of)"},{"id":"option_147","name":"Monaco"},{"id":"option_148","name":"Mongolia"},{"id":"option_149","name":"Montenegro"},{"id":"option_150","name":"Montserrat"},{"id":"option_151","name":"Morocco"},{"id":"option_152","name":"Mozambique"},{"id":"option_153","name":"Myanmar"},{"id":"option_154","name":"Namibia"},{"id":"option_155","name":"Nauru"},{"id":"option_156","name":"Nepal"},{"id":"option_157","name":"Netherlands"},{"id":"option_158","name":"New Caledonia"},{"id":"option_159","name":"New Zealand"},{"id":"option_160","name":"Nicaragua"},{"id":"option_161","name":"Niger"},{"id":"option_162","name":"Nigeria"},{"id":"option_163","name":"Niue"},{"id":"option_164","name":"Norfolk Island"},{"id":"option_165","name":"Korea (Democratic People's Republic of)"},{"id":"option_166","name":"Northern Mariana Islands"},{"id":"option_167","name":"Norway"},{"id":"option_168","name":"Oman"},{"id":"option_169","name":"Pakistan"},{"id":"option_170","name":"Palau"},{"id":"option_171","name":"Palestine, State of"},{"id":"option_172","name":"Panama"},{"id":"option_173","name":"Papua New Guinea"},{"id":"option_174","name":"Paraguay"},{"id":"option_175","name":"Peru"},{"id":"option_176","name":"Philippines"},{"id":"option_177","name":"Pitcairn"},{"id":"option_178","name":"Poland"},{"id":"option_179","name":"Portugal"},{"id":"option_180","name":"Puerto Rico"},{"id":"option_181","name":"Qatar"},{"id":"option_182","name":"Republic of Kosovo"},{"id":"option_183","name":"Réunion"},{"id":"option_184","name":"Romania"},{"id":"option_185","name":"Russian Federation"},{"id":"option_186","name":"Rwanda"},{"id":"option_187","name":"Saint Barthélemy"},{"id":"option_188","name":"Saint Helena, Ascension and Tristan da Cunha"},{"id":"option_189","name":"Saint Kitts and Nevis"},{"id":"option_190","name":"Saint Lucia"},{"id":"option_191","name":"Saint Martin (French part)"},{"id":"option_192","name":"Saint Pierre and Miquelon"},{"id":"option_193","name":"Saint Vincent and the Grenadines"},{"id":"option_194","name":"Samoa"},{"id":"option_195","name":"San Marino"},{"id":"option_196","name":"Sao Tome and Principe"},{"id":"option_197","name":"Saudi Arabia"},{"id":"option_198","name":"Senegal"},{"id":"option_199","name":"Serbia"},{"id":"option_200","name":"Seychelles"},{"id":"option_201","name":"Sierra Leone"},{"id":"option_202","name":"Singapore"},{"id":"option_203","name":"Sint Maarten (Dutch part)"},{"id":"option_204","name":"Slovakia"},{"id":"option_205","name":"Slovenia"},{"id":"option_206","name":"Solomon Islands"},{"id":"option_207","name":"Somalia"},{"id":"option_208","name":"South Africa"},{"id":"option_209","name":"South Georgia and the South Sandwich Islands"},{"id":"option_210","name":"Korea (Republic of)"},{"id":"option_211","name":"South Sudan"},{"id":"option_212","name":"Spain"},{"id":"option_213","name":"Sri Lanka"},{"id":"option_214","name":"Sudan"},{"id":"option_215","name":"Suriname"},{"id":"option_216","name":"Svalbard and Jan Mayen"},{"id":"option_217","name":"Swaziland"},{"id":"option_218","name":"Sweden"},{"id":"option_219","name":"Switzerland"},{"id":"option_220","name":"Syrian Arab Republic"},{"id":"option_221","name":"Taiwan"},{"id":"option_222","name":"Tajikistan"},{"id":"option_223","name":"Tanzania, United Republic of"},{"id":"option_224","name":"Thailand"},{"id":"option_225","name":"Timor-Leste"},{"id":"option_226","name":"Togo"},{"id":"option_227","name":"Tokelau"},{"id":"option_228","name":"Tonga"},{"id":"option_229","name":"Trinidad and Tobago"},{"id":"option_230","name":"Tunisia"},{"id":"option_231","name":"Turkey"},{"id":"option_232","name":"Turkmenistan"},{"id":"option_233","name":"Turks and Caicos Islands"},{"id":"option_234","name":"Tuvalu"},{"id":"option_235","name":"Uganda"},{"id":"option_236","name":"Ukraine"},{"id":"option_237","name":"United Arab Emirates"},{"id":"option_238","name":"United Kingdom of Great Britain and Northern Ireland"},{"id":"option_239","name":"United States of America"},{"id":"option_240","name":"Uruguay"},{"id":"option_241","name":"Uzbekistan"},{"id":"option_242","name":"Vanuatu"},{"id":"option_243","name":"Venezuela (Bolivarian Republic of)"},{"id":"option_244","name":"Viet Nam"},{"id":"option_245","name":"Wallis and Futuna"},{"id":"option_246","name":"Western Sahara"},{"id":"option_247","name":"Yemen"},{"id":"option_248","name":"Zambia"},{"id":"option_249","name":"Zimbabwe"}],"restUrl":null,"restResponsePath":null,"restIdProperty":null,"restLabelProperty":null,"selectionType":"multiple","visibilityCondition":null,"params":{"existingColspan":1,"maxColspan":2},"rule":{"ruleOn":null,"entries":null}}],"2":[{"id":"DropdownCountriesSingle","name":"DropdownCountriesSingle","type":"dropdown","readOnly":false,"required":false,"colspan":1,"rowspan":1,"optionType":"manual","options":[{"id":"option_0","name":"Afghanistan"},{"id":"option_1","name":"Åland Islands"},{"id":"option_2","name":"Albania"},{"id":"option_3","name":"Algeria"},{"id":"option_4","name":"American Samoa"},{"id":"option_5","name":"Andorra"},{"id":"option_6","name":"Angola"},{"id":"option_7","name":"Anguilla"},{"id":"option_8","name":"Antarctica"},{"id":"option_9","name":"Antigua and Barbuda"},{"id":"option_10","name":"Argentina"},{"id":"option_11","name":"Armenia"},{"id":"option_12","name":"Aruba"},{"id":"option_13","name":"Australia"},{"id":"option_14","name":"Austria"},{"id":"option_15","name":"Azerbaijan"},{"id":"option_16","name":"Bahamas"},{"id":"option_17","name":"Bahrain"},{"id":"option_18","name":"Bangladesh"},{"id":"option_19","name":"Barbados"},{"id":"option_20","name":"Belarus"},{"id":"option_21","name":"Belgium"},{"id":"option_22","name":"Belize"},{"id":"option_23","name":"Benin"},{"id":"option_24","name":"Bermuda"},{"id":"option_25","name":"Bhutan"},{"id":"option_26","name":"Bolivia (Plurinational State of)"},{"id":"option_27","name":"Bonaire, Sint Eustatius and Saba"},{"id":"option_28","name":"Bosnia and Herzegovina"},{"id":"option_29","name":"Botswana"},{"id":"option_30","name":"Bouvet Island"},{"id":"option_31","name":"Brazil"},{"id":"option_32","name":"British Indian Ocean Territory"},{"id":"option_33","name":"United States Minor Outlying Islands"},{"id":"option_34","name":"Virgin Islands (British)"},{"id":"option_35","name":"Virgin Islands (U.S.)"},{"id":"option_36","name":"Brunei Darussalam"},{"id":"option_37","name":"Bulgaria"},{"id":"option_38","name":"Burkina Faso"},{"id":"option_39","name":"Burundi"},{"id":"option_40","name":"Cambodia"},{"id":"option_41","name":"Cameroon"},{"id":"option_42","name":"Canada"},{"id":"option_43","name":"Cabo Verde"},{"id":"option_44","name":"Cayman Islands"},{"id":"option_45","name":"Central African Republic"},{"id":"option_46","name":"Chad"},{"id":"option_47","name":"Chile"},{"id":"option_48","name":"China"},{"id":"option_49","name":"Christmas Island"},{"id":"option_50","name":"Cocos (Keeling) Islands"},{"id":"option_51","name":"Colombia"},{"id":"option_52","name":"Comoros"},{"id":"option_53","name":"Congo"},{"id":"option_54","name":"Congo (Democratic Republic of the)"},{"id":"option_55","name":"Cook Islands"},{"id":"option_56","name":"Costa Rica"},{"id":"option_57","name":"Croatia"},{"id":"option_58","name":"Cuba"},{"id":"option_59","name":"Curaçao"},{"id":"option_60","name":"Cyprus"},{"id":"option_61","name":"Czech Republic"},{"id":"option_62","name":"Denmark"},{"id":"option_63","name":"Djibouti"},{"id":"option_64","name":"Dominica"},{"id":"option_65","name":"Dominican Republic"},{"id":"option_66","name":"Ecuador"},{"id":"option_67","name":"Egypt"},{"id":"option_68","name":"El Salvador"},{"id":"option_69","name":"Equatorial Guinea"},{"id":"option_70","name":"Eritrea"},{"id":"option_71","name":"Estonia"},{"id":"option_72","name":"Ethiopia"},{"id":"option_73","name":"Falkland Islands (Malvinas)"},{"id":"option_74","name":"Faroe Islands"},{"id":"option_75","name":"Fiji"},{"id":"option_76","name":"Finland"},{"id":"option_77","name":"France"},{"id":"option_78","name":"French Guiana"},{"id":"option_79","name":"French Polynesia"},{"id":"option_80","name":"French Southern Territories"},{"id":"option_81","name":"Gabon"},{"id":"option_82","name":"Gambia"},{"id":"option_83","name":"Georgia"},{"id":"option_84","name":"Germany"},{"id":"option_85","name":"Ghana"},{"id":"option_86","name":"Gibraltar"},{"id":"option_87","name":"Greece"},{"id":"option_88","name":"Greenland"},{"id":"option_89","name":"Grenada"},{"id":"option_90","name":"Guadeloupe"},{"id":"option_91","name":"Guam"},{"id":"option_92","name":"Guatemala"},{"id":"option_93","name":"Guernsey"},{"id":"option_94","name":"Guinea"},{"id":"option_95","name":"Guinea-Bissau"},{"id":"option_96","name":"Guyana"},{"id":"option_97","name":"Haiti"},{"id":"option_98","name":"Heard Island and McDonald Islands"},{"id":"option_99","name":"Holy See"},{"id":"option_100","name":"Honduras"},{"id":"option_101","name":"Hong Kong"},{"id":"option_102","name":"Hungary"},{"id":"option_103","name":"Iceland"},{"id":"option_104","name":"India"},{"id":"option_105","name":"Indonesia"},{"id":"option_106","name":"Côte d'Ivoire"},{"id":"option_107","name":"Iran (Islamic Republic of)"},{"id":"option_108","name":"Iraq"},{"id":"option_109","name":"Ireland"},{"id":"option_110","name":"Isle of Man"},{"id":"option_111","name":"Israel"},{"id":"option_112","name":"Italy"},{"id":"option_113","name":"Jamaica"},{"id":"option_114","name":"Japan"},{"id":"option_115","name":"Jersey"},{"id":"option_116","name":"Jordan"},{"id":"option_117","name":"Kazakhstan"},{"id":"option_118","name":"Kenya"},{"id":"option_119","name":"Kiribati"},{"id":"option_120","name":"Kuwait"},{"id":"option_121","name":"Kyrgyzstan"},{"id":"option_122","name":"Lao People's Democratic Republic"},{"id":"option_123","name":"Latvia"},{"id":"option_124","name":"Lebanon"},{"id":"option_125","name":"Lesotho"},{"id":"option_126","name":"Liberia"},{"id":"option_127","name":"Libya"},{"id":"option_128","name":"Liechtenstein"},{"id":"option_129","name":"Lithuania"},{"id":"option_130","name":"Luxembourg"},{"id":"option_131","name":"Macao"},{"id":"option_132","name":"Macedonia (the former Yugoslav Republic of)"},{"id":"option_133","name":"Madagascar"},{"id":"option_134","name":"Malawi"},{"id":"option_135","name":"Malaysia"},{"id":"option_136","name":"Maldives"},{"id":"option_137","name":"Mali"},{"id":"option_138","name":"Malta"},{"id":"option_139","name":"Marshall Islands"},{"id":"option_140","name":"Martinique"},{"id":"option_141","name":"Mauritania"},{"id":"option_142","name":"Mauritius"},{"id":"option_143","name":"Mayotte"},{"id":"option_144","name":"Mexico"},{"id":"option_145","name":"Micronesia (Federated States of)"},{"id":"option_146","name":"Moldova (Republic of)"},{"id":"option_147","name":"Monaco"},{"id":"option_148","name":"Mongolia"},{"id":"option_149","name":"Montenegro"},{"id":"option_150","name":"Montserrat"},{"id":"option_151","name":"Morocco"},{"id":"option_152","name":"Mozambique"},{"id":"option_153","name":"Myanmar"},{"id":"option_154","name":"Namibia"},{"id":"option_155","name":"Nauru"},{"id":"option_156","name":"Nepal"},{"id":"option_157","name":"Netherlands"},{"id":"option_158","name":"New Caledonia"},{"id":"option_159","name":"New Zealand"},{"id":"option_160","name":"Nicaragua"},{"id":"option_161","name":"Niger"},{"id":"option_162","name":"Nigeria"},{"id":"option_163","name":"Niue"},{"id":"option_164","name":"Norfolk Island"},{"id":"option_165","name":"Korea (Democratic People's Republic of)"},{"id":"option_166","name":"Northern Mariana Islands"},{"id":"option_167","name":"Norway"},{"id":"option_168","name":"Oman"},{"id":"option_169","name":"Pakistan"},{"id":"option_170","name":"Palau"},{"id":"option_171","name":"Palestine, State of"},{"id":"option_172","name":"Panama"},{"id":"option_173","name":"Papua New Guinea"},{"id":"option_174","name":"Paraguay"},{"id":"option_175","name":"Peru"},{"id":"option_176","name":"Philippines"},{"id":"option_177","name":"Pitcairn"},{"id":"option_178","name":"Poland"},{"id":"option_179","name":"Portugal"},{"id":"option_180","name":"Puerto Rico"},{"id":"option_181","name":"Qatar"},{"id":"option_182","name":"Republic of Kosovo"},{"id":"option_183","name":"Réunion"},{"id":"option_184","name":"Romania"},{"id":"option_185","name":"Russian Federation"},{"id":"option_186","name":"Rwanda"},{"id":"option_187","name":"Saint Barthélemy"},{"id":"option_188","name":"Saint Helena, Ascension and Tristan da Cunha"},{"id":"option_189","name":"Saint Kitts and Nevis"},{"id":"option_190","name":"Saint Lucia"},{"id":"option_191","name":"Saint Martin (French part)"},{"id":"option_192","name":"Saint Pierre and Miquelon"},{"id":"option_193","name":"Saint Vincent and the Grenadines"},{"id":"option_194","name":"Samoa"},{"id":"option_195","name":"San Marino"},{"id":"option_196","name":"Sao Tome and Principe"},{"id":"option_197","name":"Saudi Arabia"},{"id":"option_198","name":"Senegal"},{"id":"option_199","name":"Serbia"},{"id":"option_200","name":"Seychelles"},{"id":"option_201","name":"Sierra Leone"},{"id":"option_202","name":"Singapore"},{"id":"option_203","name":"Sint Maarten (Dutch part)"},{"id":"option_204","name":"Slovakia"},{"id":"option_205","name":"Slovenia"},{"id":"option_206","name":"Solomon Islands"},{"id":"option_207","name":"Somalia"},{"id":"option_208","name":"South Africa"},{"id":"option_209","name":"South Georgia and the South Sandwich Islands"},{"id":"option_210","name":"Korea (Republic of)"},{"id":"option_211","name":"South Sudan"},{"id":"option_212","name":"Spain"},{"id":"option_213","name":"Sri Lanka"},{"id":"option_214","name":"Sudan"},{"id":"option_215","name":"Suriname"},{"id":"option_216","name":"Svalbard and Jan Mayen"},{"id":"option_217","name":"Swaziland"},{"id":"option_218","name":"Sweden"},{"id":"option_219","name":"Switzerland"},{"id":"option_220","name":"Syrian Arab Republic"},{"id":"option_221","name":"Taiwan"},{"id":"option_222","name":"Tajikistan"},{"id":"option_223","name":"Tanzania, United Republic of"},{"id":"option_224","name":"Thailand"},{"id":"option_225","name":"Timor-Leste"},{"id":"option_226","name":"Togo"},{"id":"option_227","name":"Tokelau"},{"id":"option_228","name":"Tonga"},{"id":"option_229","name":"Trinidad and Tobago"},{"id":"option_230","name":"Tunisia"},{"id":"option_231","name":"Turkey"},{"id":"option_232","name":"Turkmenistan"},{"id":"option_233","name":"Turks and Caicos Islands"},{"id":"option_234","name":"Tuvalu"},{"id":"option_235","name":"Uganda"},{"id":"option_236","name":"Ukraine"},{"id":"option_237","name":"United Arab Emirates"},{"id":"option_238","name":"United Kingdom of Great Britain and Northern Ireland"},{"id":"option_239","name":"United States of America"},{"id":"option_240","name":"Uruguay"},{"id":"option_241","name":"Uzbekistan"},{"id":"option_242","name":"Vanuatu"},{"id":"option_243","name":"Venezuela (Bolivarian Republic of)"},{"id":"option_244","name":"Viet Nam"},{"id":"option_245","name":"Wallis and Futuna"},{"id":"option_246","name":"Western Sahara"},{"id":"option_247","name":"Yemen"},{"id":"option_248","name":"Zambia"},{"id":"option_249","name":"Zimbabwe"}],"restUrl":null,"restResponsePath":null,"restIdProperty":null,"restLabelProperty":null,"selectionType":"single","visibilityCondition":null,"params":{"existingColspan":1,"maxColspan":2},"rule":null}]}}],"outcomes":[],"metadata":{},"variables":[]}}}