{
  "formRepresentation" : {
    "id" : "form-90bab222-b663-4f89-bb36-c2111ae2acd5",
    "name" : "section-start-from",
    "key" : "section-start-from-v45sw",
    "description" : "",
    "version" : 0,
    "formDefinition" : {
      "tabs" : [ ],
      "fields" : [
        {
          "id" : "GroupWithHeader",
          "name" : "Group",
          "type" : "group",
          "tab" : null,
          "params" : {
            "hideHeader" : false,
            "allowCollapse" : false,
            "collapseByDefault" : false
          },
          "numberOfColumns" : 1,
          "fields" : {
            "1" : [
              {
                "id" : "7fb091ce-f1c7-44fe-b977-7724e6015f39",
                "name" : "Section",
                "type" : "section",
                "numberOfColumns" : 2,
                "fields" : {
                  "1" : [
                    {
                      "id" : "IntegerSection1",
                      "name" : "Integer inside section 1",
                      "type" : "integer",
                      "readOnly" : false,
                      "colspan" : 1,
                      "rowspan" : 1,
                      "placeholder" : null,
                      "minValue" : null,
                      "maxValue" : null,
                      "required" : false,
                      "visibilityCondition" : {
                        "leftType" : "field",
                        "leftValue" : "TextSection3",
                        "operator" : "!=",
                        "rightValue" : "test",
                        "rightType" : "value",
                        "nextConditionOperator" : "",
                        "nextCondition" : null
                      },
                      "params" : {
                        "existingColspan" : 1,
                        "maxColspan" : 2
                      }
                    }
                  ],
                  "2" : [
                    {
                      "id" : "DisplayTextSection1",
                      "name" : "Display text inside section 1",
                      "type" : "readonly-text",
                      "readOnly" : false,
                      "value" : "Display text as part of the form",
                      "colspan" : 1,
                      "rowspan" : 1,
                      "visibilityCondition" : null,
                      "params" : {
                        "existingColspan" : 1,
                        "maxColspan" : 2
                      },
                      "style" : "7851f398-f17c-455f-b1a1-15a282892d09"
                    }
                  ]
                },
                "colspan" : 1
              },
              {
                "id" : "64fecca5-d6dd-4227-a3cb-f256e4ff8d03",
                "name" : "Section",
                "type" : "section",
                "numberOfColumns" : 3,
                "fields" : {
                  "1" : [
                    {
                      "id" : "PeopleSection2",
                      "name" : "People inside section 2",
                      "type" : "people",
                      "readOnly" : false,
                      "required" : false,
                      "colspan" : 1,
                      "rowspan" : 1,
                      "optionType" : "single",
                      "visibilityCondition" : null,
                      "params" : {
                        "existingColspan" : 1,
                        "maxColspan" : 2
                      },
                      "selectLoggedUser" : false
                    }
                  ],
                  "2" : [
                    {
                      "id" : "DateSection2",
                      "name" : "Date inside section 2",
                      "type" : "date",
                      "readOnly" : false,
                      "required" : false,
                      "colspan" : 1,
                      "rowspan" : 1,
                      "placeholder" : null,
                      "minValue" : null,
                      "maxValue" : null,
                      "minDateRangeValue" : null,
                      "maxDateRangeValue" : null,
                      "visibilityCondition" : null,
                      "params" : {
                        "existingColspan" : 1,
                        "maxColspan" : 2
                      },
                      "dateDisplayFormat" : "yyyy-MM-dd"
                    }
                  ],
                  "3" : [
                    {
                      "id" : "DateandtimeSection2",
                      "name" : "Date and time inside section 2",
                      "type" : "datetime",
                      "readOnly" : false,
                      "required" : false,
                      "colspan" : 1,
                      "rowspan" : 1,
                      "placeholder" : null,
                      "minValue" : null,
                      "maxValue" : null,
                      "visibilityCondition" : null,
                      "params" : {
                        "existingColspan" : 1,
                        "maxColspan" : 2
                      },
                      "dateDisplayFormat" : "yyyy-MM-dd HH:mm"
                    }
                  ]
                },
                "colspan" : 1,
                "visibilityCondition" : {
                  "leftType" : "field",
                  "leftValue" : "TextSection3",
                  "operator" : "!=",
                  "rightValue" : "test",
                  "rightType" : "value",
                  "nextConditionOperator" : "",
                  "nextCondition" : null
                }
              },
              {
                "id" : "48f72335-d7f8-4ecb-8bcf-95a33cf11e26",
                "name" : "Section",
                "type" : "section",
                "numberOfColumns" : 1,
                "fields" : {
                  "1" : [
                    {
                      "id" : "TextSection3",
                      "name" : "Text inside section 3",
                      "type" : "text",
                      "readOnly" : false,
                      "required" : false,
                      "colspan" : 1,
                      "rowspan" : 1,
                      "placeholder" : null,
                      "minLength" : 0,
                      "maxLength" : 0,
                      "regexPattern" : null,
                      "visibilityCondition" : null,
                      "params" : {
                        "existingColspan" : 1,
                        "maxColspan" : 2
                      }
                    }
                  ]
                },
                "colspan" : 1
              }
            ]
          }
        }
      ],
      "outcomes" : [ ],
      "metadata" : {},
      "variables" : [ ],
      "rules" : {
        "fields" : {
          "TextSection3" : {
            "fieldValueChanged" : [
              {
                "filter" : {
                  "conditions" : [
                    {
                      "left" : {
                        "type" : "VARIABLE",
                        "value" : {
                          "id" : "field.TextSection3",
                          "name" : "field.TextSection3",
                          "label" : "Text inside section 3",
                          "type" : "string"
                        }
                      },
                      "operator" : " eq ",
                      "right" : {
                        "display" : "\"test\"",
                        "type" : "VALUE",
                        "value" : "test"
                      }
                    }
                  ],
                  "operator" : "every"
                },
                "actions" : [
                  {
                    "target" : "field.DisplayTextSection1",
                    "payload" : {
                      "value" : "testing"
                    }
                  }
                ]
              }
            ]
          }
        }
      },
      "theme" : {
        "widgets" : {
          "readonly-text" : {
            "7851f398-f17c-455f-b1a1-15a282892d09" : {
              "name" : "red",
              "styles" : {
                "--adf-readonly-text-font-size" : "14px",
                "--adf-readonly-text-font-weight" : "normal",
                "--adf-readonly-text-color" : "#DA1500"
              }
            }
          }
        }
      }
    }
  }
}