{
  "formRepresentation" : {
    "id" : "form-df5645cb-954c-4dcd-9ef2-ed19ebe9e0bc",
    "name" : "tabs & outcomes",
    "key" : "tabs-outcomes-xpdnc",
    "description" : "",
    "version" : 0,
    "formDefinition" : {
      "tabs" : [
        {
          "id" : "c5b823bf-cb5c-4dd4-a62d-afaa0b36cb92",
          "title" : "New Tab 1",
          "visibilityCondition" : null
        },
        {
          "id" : "07eeaa1c-0e66-465d-b5ce-e084c52bd792",
          "title" : "New Tab 2",
          "visibilityCondition" : null
        },
        {
          "id" : "906c527a-690c-44e8-822f-a96bf7c42ccb",
          "title" : "New Tab 3",
          "visibilityCondition" : null
        },
        {
          "id" : "04e28b27-5a78-447c-a0d4-f8fdd9fb0769",
          "title" : "New Tab 4",
          "visibilityCondition" : null
        }
      ],
      "fields" : [
        {
          "id" : "437f0f62-507d-4380-8633-6b4f761d4a7e",
          "name" : "Label",
          "type" : "container",
          "tab" : "c5b823bf-cb5c-4dd4-a62d-afaa0b36cb92",
          "numberOfColumns" : 3,
          "fields" : {
            "1" : [
              {
                "id" : "Text0bgvc5",
                "name" : "Text",
                "type" : "text",
                "readOnly" : false,
                "required" : false,
                "colspan" : 1,
                "rowspan" : 1,
                "placeholder" : null,
                "minLength" : 0,
                "maxLength" : 0,
                "regexPattern" : null,
                "visibilityCondition" : null,
                "params" : {
                  "existingColspan" : 1,
                  "maxColspan" : 2
                }
              }
            ],
            "2" : [
              {
                "id" : "Date01tsje",
                "name" : "Date",
                "type" : "date",
                "readOnly" : false,
                "required" : false,
                "colspan" : 1,
                "rowspan" : 1,
                "placeholder" : null,
                "minValue" : null,
                "maxValue" : null,
                "minDateRangeValue" : null,
                "maxDateRangeValue" : null,
                "visibilityCondition" : null,
                "params" : {
                  "existingColspan" : 1,
                  "maxColspan" : 2
                },
                "dateDisplayFormat" : "yyyy-MM-dd"
              }
            ],
            "3" : [
              {
                "id" : "Text0u2i4o",
                "name" : "Text",
                "type" : "text",
                "readOnly" : false,
                "required" : false,
                "colspan" : 1,
                "rowspan" : 1,
                "placeholder" : null,
                "minLength" : 0,
                "maxLength" : 0,
                "regexPattern" : null,
                "visibilityCondition" : null,
                "params" : {
                  "existingColspan" : 1,
                  "maxColspan" : 2
                }
              }
            ]
          }
        },
        {
          "id" : "62ce71d0-fc75-47ac-a465-4f1ae044b517",
          "name" : "Label",
          "type" : "container",
          "tab" : "07eeaa1c-0e66-465d-b5ce-e084c52bd792",
          "numberOfColumns" : 2,
          "fields" : {
            "1" : [
              {
                "id" : "Date0rdixf",
                "name" : "Date",
                "type" : "date",
                "readOnly" : false,
                "required" : false,
                "colspan" : 1,
                "rowspan" : 1,
                "placeholder" : null,
                "minValue" : null,
                "maxValue" : null,
                "minDateRangeValue" : null,
                "maxDateRangeValue" : null,
                "visibilityCondition" : null,
                "params" : {
                  "existingColspan" : 1,
                  "maxColspan" : 2
                },
                "dateDisplayFormat" : "yyyy-MM-dd"
              }
            ],
            "2" : [
              {
                "id" : "Text0dg8u2",
                "name" : "Text",
                "type" : "text",
                "readOnly" : false,
                "required" : false,
                "colspan" : 1,
                "rowspan" : 1,
                "placeholder" : null,
                "minLength" : 0,
                "maxLength" : 0,
                "regexPattern" : null,
                "visibilityCondition" : null,
                "params" : {
                  "existingColspan" : 1,
                  "maxColspan" : 2
                }
              }
            ]
          }
        },
        {
          "id" : "d4d8bca2-8022-4f1e-81bb-ed2d4c4535d9",
          "name" : "Label",
          "type" : "container",
          "tab" : "906c527a-690c-44e8-822f-a96bf7c42ccb",
          "numberOfColumns" : 2,
          "fields" : {
            "1" : [
              {
                "id" : "Dropdown0boej8",
                "name" : "Dropdown",
                "type" : "dropdown",
                "readOnly" : false,
                "required" : false,
                "colspan" : 1,
                "rowspan" : 1,
                "optionType" : "manual",
                "options" : [ ],
                "authName" : null,
                "restUrl" : null,
                "restResponsePath" : null,
                "restIdProperty" : null,
                "restLabelProperty" : null,
                "selectionType" : "single",
                "visibilityCondition" : null,
                "params" : {
                  "existingColspan" : 1,
                  "maxColspan" : 2
                },
                "rule" : null
              }
            ],
            "2" : [
              {
                "id" : "Text0fvcbs",
                "name" : "Text",
                "type" : "text",
                "readOnly" : false,
                "required" : false,
                "colspan" : 1,
                "rowspan" : 1,
                "placeholder" : null,
                "minLength" : 0,
                "maxLength" : 0,
                "regexPattern" : null,
                "visibilityCondition" : null,
                "params" : {
                  "existingColspan" : 1,
                  "maxColspan" : 2
                }
              }
            ]
          }
        },
        {
          "id" : "b4322244-c5f2-4612-bad1-0ec2192e5a8f",
          "name" : "Label",
          "type" : "container",
          "tab" : "04e28b27-5a78-447c-a0d4-f8fdd9fb0769",
          "numberOfColumns" : 1,
          "fields" : {
            "1" : [
              {
                "id" : "Text0uefdq",
                "name" : "Text",
                "type" : "text",
                "readOnly" : false,
                "required" : false,
                "colspan" : 1,
                "rowspan" : 1,
                "placeholder" : null,
                "minLength" : 0,
                "maxLength" : 0,
                "regexPattern" : null,
                "visibilityCondition" : null,
                "params" : {
                  "existingColspan" : 1,
                  "maxColspan" : 2
                }
              }
            ]
          }
        },
        {
          "id" : "bb0fd33d-1312-453c-a8f6-45ad828bd238",
          "name" : "Label",
          "type" : "container",
          "tab" : "c5b823bf-cb5c-4dd4-a62d-afaa0b36cb92",
          "numberOfColumns" : 4,
          "fields" : {
            "1" : [
              {
                "id" : "Text09f501",
                "name" : "Text",
                "type" : "text",
                "readOnly" : false,
                "required" : false,
                "colspan" : 1,
                "rowspan" : 1,
                "placeholder" : null,
                "minLength" : 0,
                "maxLength" : 0,
                "regexPattern" : null,
                "visibilityCondition" : null,
                "params" : {
                  "existingColspan" : 1,
                  "maxColspan" : 2
                }
              }
            ],
            "2" : [ ],
            "3" : [ ],
            "4" : [
              {
                "id" : "Integer0pkl5g",
                "name" : "Integer",
                "type" : "integer",
                "readOnly" : false,
                "colspan" : 1,
                "rowspan" : 1,
                "placeholder" : null,
                "minValue" : null,
                "maxValue" : null,
                "required" : false,
                "visibilityCondition" : null,
                "params" : {
                  "existingColspan" : 1,
                  "maxColspan" : 2
                }
              }
            ]
          }
        }
      ],
      "outcomes" : [
        {
          "id" : "a8e3dc31-38ff-401e-9b4c-9845cfe4d4a1",
          "name" : "New Outcome 1",
          "visibilityCondition" : null
        },
        {
          "id" : "2e0c9d9b-9099-4be7-a259-80b90c44ad06",
          "name" : "New Outcome 2",
          "visibilityCondition" : null
        },
        {
          "id" : "0120388c-10ae-4e48-856e-e61fbaa629dd",
          "name" : "New Outcome 3",
          "visibilityCondition" : null
        },
        {
          "id" : "f7c70cf9-4c91-4675-b1e1-56a51813c36a",
          "name" : "New Outcome 4",
          "visibilityCondition" : null
        }
      ],
      "metadata" : {},
      "variables" : [ ]
    }
  }
}