{"formRepresentation":{"id":"form-a957c219-8522-433f-addb-cc485e5b3f37","name":"tabvisibilitywithfields","description":"","version":0,"standAlone":true,"formDefinition":{"tabs":[{"id":"3ef95ee4-f9ea-40d3-99ab-331eb682d73e","title":"tabWithFields","visibilityCondition":null},{"id":"99b3a989-240e-4e85-9b65-12a218a6b9cc","title":"tabBasicFieldValue","visibilityCondition":{"leftType":"field","leftValue":"TextOne","operator":"==","rightValue":"showTab","rightType":"value","nextConditionOperator":"","nextCondition":null}},{"id":"2983796f-f6d7-407c-8486-6344d342e9eb","title":"tabBasicFieldField","visibilityCondition":{"leftType":"field","leftValue":"TextOne","operator":"==","rightValue":"TextThree","rightType":"field","nextConditionOperator":"","nextCondition":null}},{"id":"628c19a9-4d19-4f3e-9826-c2c598b06051","title":"tabBasicFieldVar","visibilityCondition":{"leftType":"field","leftValue":"TextOne","operator":"==","rightValue":"varOne","rightType":"variable","nextConditionOperator":"","nextCondition":null}},{"id":"40654260-7ec9-4ece-84ad-370233fc207c","title":"tabMultipleConditions","visibilityCondition":{"leftType":"field","leftValue":"TextOne","operator":"==","rightValue":"showTab","rightType":"value","nextConditionOperator":"and","nextCondition":{"leftType":"field","leftValue":"TextThree","operator":"!=","rightValue":"showTab","rightType":"value","nextConditionOperator":"","nextCondition":null}}}],"fields":[{"id":"7e101935-634b-44e4-809f-1ec8856112be","name":"Label","type":"container","tab":"3ef95ee4-f9ea-40d3-99ab-331eb682d73e","numberOfColumns":2,"fields":{"1":[{"id":"TextOne","name":"TextOne","type":"text","required":false,"colspan":1,"placeholder":null,"minLength":0,"maxLength":0,"regexPattern":null,"visibilityCondition":null,"params":{"existingColspan":1,"maxColspan":2}}],"2":[{"id":"TextThree","name":"TextThree","type":"text","required":false,"colspan":1,"placeholder":null,"minLength":0,"maxLength":0,"regexPattern":null,"visibilityCondition":null,"params":{"existingColspan":1,"maxColspan":2}}]}},{"id":"4aa5eab4-fafc-4e06-85a1-1d5e1cb7aeb5","name":"Label","type":"container","tab":"99b3a989-240e-4e85-9b65-12a218a6b9cc","numberOfColumns":2,"fields":{"1":[{"id":"TextTwo","name":"TextTwo","type":"text","required":false,"colspan":1,"placeholder":null,"minLength":0,"maxLength":0,"regexPattern":null,"visibilityCondition":null,"params":{"existingColspan":1,"maxColspan":2}}],"2":[]}},{"id":"dea76988-f44c-4481-884c-d5d0c8369f0b","name":"Label","type":"container","tab":"2983796f-f6d7-407c-8486-6344d342e9eb","numberOfColumns":2,"fields":{"1":[{"id":"NumberOne","name":"NumberOne","type":"integer","colspan":1,"placeholder":null,"minValue":null,"maxValue":null,"required":false,"visibilityCondition":null,"params":{"existingColspan":1,"maxColspan":2}}],"2":[]}},{"id":"db1fe6ee-35fb-436b-a120-155225cbf499","name":"Label","type":"container","tab":"628c19a9-4d19-4f3e-9826-c2c598b06051","numberOfColumns":2,"fields":{"1":[{"id":"TextFour","name":"TextFour","type":"text","required":false,"colspan":1,"placeholder":null,"minLength":0,"maxLength":0,"regexPattern":null,"visibilityCondition":null,"params":{"existingColspan":1,"maxColspan":2}}],"2":[]}}],"outcomes":[],"metadata":{},"variables":[{"id":"34fdd054-16e7-4739-b805-696480f28212","name":"varOne","type":"string","value":"showTab"}]}}}