{
  "formRepresentation": {
    "id": "form-45112fe4-b283-4488-bb5a-151c7c363ba2",
    "name": "tabvisibilitywithvars",
    "description": "",
    "version": 0,
    "standAlone": true,
    "formDefinition": {
      "tabs": [
        {
          "id": "11137a18-9be3-406a-8093-53483c95aac2",
          "title": "tabWithFields",
          "visibilityCondition": null
        },
        {
          "id": "369ad992-23d0-47f5-bfa0-0946e37a50d7",
          "title": "tabBasicVarValue",
          "visibilityCondition": {
            "leftType": "variable",
            "leftValue": "varOne",
            "operator": "==",
            "rightValue": "other",
            "rightType": "value",
            "nextConditionOperator": "",
            "nextCondition": null
          }
        },
        {
          "id": "3c06fb7b-622d-41a8-a17a-2c19d421e972",
          "title": "tabBasicVarField",
          "visibilityCondition": {
            "leftType": "variable",
            "leftValue": "varOne",
            "operator": "==",
            "rightValue": "TextOne",
            "rightType": "field",
            "nextConditionOperator": "",
            "nextCondition": null
          }
        },
        {
          "id": "6d2ff6bd-e769-4db7-8413-c9619826e4e3",
          "title": "tabBasicVarVar",
          "visibilityCondition": {
            "leftType": "variable",
            "leftValue": "varOne",
            "operator": "==",
            "rightValue": "varTwo",
            "rightType": "variable",
            "nextConditionOperator": "",
            "nextCondition": null
          }
        }
      ],
      "fields": [
        {
          "id": "cba09f89-2886-4d43-a280-3bf50ecce677",
          "name": "Label",
          "type": "container",
          "tab": "11137a18-9be3-406a-8093-53483c95aac2",
          "numberOfColumns": 2,
          "fields": {
            "1": [
              {
                "id": "TextOne",
                "name": "TextOne",
                "type": "text",
                "required": false,
                "colspan": 1,
                "placeholder": null,
                "minLength": 0,
                "maxLength": 0,
                "regexPattern": null,
                "visibilityCondition": null,
                "params": {
                  "existingColspan": 1,
                  "maxColspan": 2
                }
              }
            ],
            "2": [ ]
          }
        },
        {
          "id": "9733c614-670a-4eeb-9b32-c909ff367b15",
          "name": "Label",
          "type": "container",
          "tab": "369ad992-23d0-47f5-bfa0-0946e37a50d7",
          "numberOfColumns": 2,
          "fields": {
            "1": [
              {
                "id": "TextTwo",
                "name": "TextTwo",
                "type": "text",
                "required": false,
                "colspan": 1,
                "placeholder": null,
                "minLength": 0,
                "maxLength": 0,
                "regexPattern": null,
                "visibilityCondition": null,
                "params": {
                  "existingColspan": 1,
                  "maxColspan": 2
                }
              }
            ],
            "2": [ ]
          }
        },
        {
          "id": "417f5c12-6f99-4283-bc49-1401d3907523",
          "name": "Label",
          "type": "container",
          "tab": "3c06fb7b-622d-41a8-a17a-2c19d421e972",
          "numberOfColumns": 2,
          "fields": {
            "1": [
              {
                "id": "NumberOne",
                "name": "NumberOne",
                "type": "integer",
                "colspan": 1,
                "placeholder": null,
                "minValue": null,
                "maxValue": null,
                "required": false,
                "visibilityCondition": null,
                "params": {
                  "existingColspan": 1,
                  "maxColspan": 2
                }
              }
            ],
            "2": [ ]
          }
        },
        {
          "id": "e68fb382-1c63-4e75-ad37-8ec7ecb1d6da",
          "name": "Label",
          "type": "container",
          "tab": "6d2ff6bd-e769-4db7-8413-c9619826e4e3",
          "numberOfColumns": 2,
          "fields": {
            "1": [
              {
                "id": "TextThree",
                "name": "TextThree",
                "type": "text",
                "required": false,
                "colspan": 1,
                "placeholder": null,
                "minLength": 0,
                "maxLength": 0,
                "regexPattern": null,
                "visibilityCondition": null,
                "params": {
                  "existingColspan": 1,
                  "maxColspan": 2
                }
              }
            ],
            "2": [ ]
          }
        }
      ],
      "outcomes": [ ],
      "metadata": {},
      "variables": [
        {
          "id": "39d17f8f-3cf9-4cbc-9418-262b11289b11",
          "name": "varOne",
          "type": "string",
          "value": "showTab"
        },
        {
          "id": "018470c8-b7a1-45b1-8a39-b91854b5d39a",
          "name": "varTwo",
          "type": "string",
          "value": "showTab"
        }
      ]
    },
    "key": "tabvisibilitywithvars"
  }
}