{
  "formRepresentation": {
    "id": "form-173e9b69-5b97-4f3f-8705-b234cda4729e",
    "name": "task-executor-dropdown",
    "description": "",
    "version": 0,
    "standAlone": true,
    "formDefinition": {
      "tabs": [ ],
      "fields": [
        {
          "id": "dc3eb680-69bc-4816-bfea-315142cc9637",
          "name": "Label",
          "type": "container",
          "tab": null,
          "numberOfColumns": 1,
          "fields": {
            "1": [
              {
                "id": "executorDropdown",
                "name": "Dropdown",
                "type": "dropdown",
                "readOnly": false,
                "required": true,
                "colspan": 1,
                "rowspan": 1,
                "optionType": "manual",
                "options": [
                  {
                    "id": "manual",
                    "name": "Manual mapping"
                  },
                  {
                    "id": "automatic",
                    "name": "Automatic input output mapping"
                  }
                ],
                "authName": null,
                "restUrl": null,
                "restResponsePath": null,
                "restIdProperty": null,
                "restLabelProperty": null,
                "selectionType": "single",
                "visibilityCondition": null,
                "params": {
                  "existingColspan": 1,
                  "maxColspan": 2
                },
                "rule": null
              }
            ]
          }
        }
      ],
      "outcomes": [ ],
      "metadata": {},
      "variables": [ ]
    }
  }
}