{
  "formRepresentation" : {
    "id" : "form-e325935d-12b0-494d-9238-c67456ad92bd",
    "name" : "section-task-from",
    "key" : "task-from-omxpl",
    "description" : "",
    "version" : 0,
    "formDefinition" : {
      "tabs" : [ ],
      "fields" : [
        {
          "id" : "GroupWithoutHeader",
          "name" : "Group",
          "type" : "group",
          "tab" : null,
          "params" : {
            "hideHeader" : true,
            "allowCollapse" : false,
            "collapseByDefault" : false
          },
          "numberOfColumns" : 1,
          "fields" : {
            "1" : [
              {
                "id" : "e31fef3e-8508-4c17-846b-1b510bf0a5e7",
                "name" : "Section",
                "type" : "section",
                "numberOfColumns" : 6,
                "fields" : {
                  "1" : [ ],
                  "2" : [ ],
                  "3" : [
                    {
                      "id" : "DisplayValueWithColspan",
                      "name" : "Display value",
                      "type" : "readonly",
                      "value" : "No field selected",
                      "readOnly" : false,
                      "colspan" : 2,
                      "rowspan" : 1,
                      "visibilityCondition" : null,
                      "params" : {
                        "existingColspan" : 1,
                        "maxColspan" : 2,
                        "field" : {
                          "id" : "Displayvalue0cxwmp",
                          "name" : "Display value",
                          "type" : "text"
                        },
                        "responseVariable" : true
                      }
                    }
                  ],
                  "4" : [ ],
                  "5" : [ ]
                },
                "colspan" : 1
              }
            ]
          }
        }
      ],
      "outcomes" : [ ],
      "metadata" : {},
      "variables" : [ ]
    }
  }
}