{
  "formRepresentation": {
    "id": "form-ffad8e53-c57c-4580-8512-ff249f3fb571",
    "name": "task-executor-input",
    "description": "",
    "version": 0,
    "standAlone": true,
    "formDefinition": {
      "tabs": [ ],
      "fields": [
        {
          "id": "20a79af5-9278-4c65-8800-5370f8993649",
          "name": "Label",
          "type": "container",
          "tab": null,
          "numberOfColumns": 2,
          "fields": {
            "1": [
              {
                "id": "executorManual",
                "name": "Manual mapping",
                "type": "text",
                "readOnly": false,
                "required": false,
                "colspan": 1,
                "rowspan": 1,
                "placeholder": null,
                "minLength": 0,
                "maxLength": 0,
                "regexPattern": null,
                "visibilityCondition": null,
                "params": {
                  "existingColspan": 1,
                  "maxColspan": 2
                }
              }
            ],
            "2": [
              {
                "id": "sys_task_assignee",
                "name": "Automatic mapping",
                "type": "text",
                "readOnly": false,
                "required": false,
                "colspan": 1,
                "rowspan": 1,
                "placeholder": null,
                "minLength": 0,
                "maxLength": 0,
                "regexPattern": null,
                "visibilityCondition": null,
                "params": {
                  "existingColspan": 1,
                  "maxColspan": 2
                }
              }
            ]
          }
        }
      ],
      "outcomes": [ ],
      "metadata": {},
      "variables": [ ]
    },
    "key": "task-executor-input"
  }
}