{
  "formRepresentation" : {
    "id" : "form-0b3e03e3-8efd-43a0-ae9c-83a76e96454c",
    "name" : "text-integer",
    "key" : "text-number-brnt5",
    "description" : "",
    "version" : 0,
    "standAlone" : true,
    "formDefinition" : {
      "tabs" : [ ],
      "fields" : [
        {
          "id" : "6cd0b47d-49ee-4292-b4e0-97b82ebf8de5",
          "name" : "Label",
          "type" : "container",
          "tab" : null,
          "numberOfColumns" : 2,
          "fields" : {
            "1" : [
              {
                "id" : "Text0my5lz",
                "name" : "Text",
                "type" : "text",
                "readOnly" : false,
                "required" : false,
                "colspan" : 1,
                "rowspan" : 1,
                "placeholder" : null,
                "minLength" : 0,
                "maxLength" : 0,
                "regexPattern" : null,
                "visibilityCondition" : null,
                "params" : {
                  "existingColspan" : 1,
                  "maxColspan" : 2
                }
              }
            ],
            "2" : [
              {
                "id" : "Integer0rkr6v",
                "name" : "Integer",
                "type" : "integer",
                "readOnly" : false,
                "colspan" : 1,
                "rowspan" : 1,
                "placeholder" : null,
                "minValue" : null,
                "maxValue" : null,
                "required" : false,
                "visibilityCondition" : null,
                "params" : {
                  "existingColspan" : 1,
                  "maxColspan" : 2
                }
              }
            ]
          }
        }
      ],
      "outcomes" : [ ],
      "metadata" : {},
      "variables" : [ ]
    }
  }
}