{"formRepresentation":{"id":"form-ce15b3e4-6020-4a61-9982-9a18a5b3e825","name":"upload-localfile-form","description":"","version":0,"standAlone":true,"formDefinition":{"tabs":[],"fields":[{"id":"d5516783-e4fb-4d48-bea0-43af9a214649","name":"Label","type":"container","tab":null,"numberOfColumns":2,"fields":{"1":[{"id":"UploadLocalFile","name":"Attach file","type":"upload","required":false,"colspan":1,"visibilityCondition":null,"params":{"existingColspan":1,"maxColspan":2,"fileSource":{"serviceId":"all-file-sources","name":"Alfresco Content and Local","destinationFolderPath":"-root-"},"multiple":false,"link":false}}],"2":[]}}],"outcomes":[],"metadata":{},"variables":[]}}}