{"formRepresentation":{"id":"form-5451def1-7c30-4208-8547-480643d27468","name":"upload-single-multiple","description":"","version":0,"standAlone":true,"formDefinition":{"tabs":[],"fields":[{"id":"d2c60174-818c-4bcd-812e-cc2f78d388d7","name":"Label","type":"container","tab":null,"numberOfColumns":2,"fields":{"1":[{"id":"Displaytext0u7syy","name":"Display text","type":"readonly-text","readOnly":false,"value":"Upload file form local system","colspan":1,"visibilityCondition":null,"params":{"existingColspan":1,"maxColspan":2}}],"2":[]}},{"id":"5da7c2d4-4cbe-457b-9be1-dc141aa7e74c","name":"Label","type":"container","tab":null,"numberOfColumns":2,"fields":{"1":[{"id":"UploadSingleFileFromLocalId","name":"Upload single file form local","type":"upload","readOnly":false,"required":false,"colspan":1,"visibilityCondition":null,"params":{"existingColspan":1,"maxColspan":2,"fileSource":{"serviceId":"local-file","name":"Local File"},"multiple":false,"link":false}}],"2":[{"id":"UploadMultipleFilesFromLocalId","name":"Upload multiple files form local","type":"upload","readOnly":false,"required":false,"colspan":1,"visibilityCondition":null,"params":{"existingColspan":1,"maxColspan":2,"fileSource":{"serviceId":"local-file","name":"Local File"},"multiple":true,"link":false}}]}},{"id":"da19f5fe-cf29-4567-a251-0aeb55b15406","name":"Label","type":"container","tab":null,"numberOfColumns":2,"fields":{"1":[{"id":"Displaytext0vag7k","name":"Display text","type":"readonly-text","readOnly":false,"value":"Upload file form content system","colspan":2,"visibilityCondition":null,"params":{"existingColspan":1,"maxColspan":2}}]}},{"id":"abcfcc38-4a10-431e-b746-e950f8da752d","name":"Label","type":"container","tab":null,"numberOfColumns":2,"fields":{"1":[{"id":"UploadSingleFileFromContentId","name":"Upload sinle files form content","type":"upload","readOnly":false,"required":false,"colspan":1,"visibilityCondition":null,"params":{"existingColspan":1,"maxColspan":2,"fileSource":{"serviceId":"alfresco-content","name":"Alfresco Content"},"multiple":false,"link":false}}],"2":[{"id":"UploadMultipleFileFromContentId","name":"Upload multiple files form content","type":"upload","readOnly":false,"required":false,"colspan":1,"visibilityCondition":null,"params":{"existingColspan":1,"maxColspan":2,"fileSource":{"serviceId":"alfresco-content","name":"Alfresco Content"},"multiple":true,"link":false}}]}}],"outcomes":[],"metadata":{},"variables":[]}}}