{"formRepresentation":{"id":"form-c9e9bfea-01c6-4da6-8b71-f9d6a01143f9","name":"upload-localfile-form","description":"","version":0,"standAlone":true,"formDefinition":{"tabs":[],"fields":[{"id":"d5516783-e4fb-4d48-bea0-43af9a214649","name":"Label","type":"container","tab":null,"numberOfColumns":2,"fields":{"1":[{"id":"UploadLocalFile","name":"Attach file","type":"upload","required":false,"colspan":1,"visibilityCondition":null,"params":{"existingColspan":1,"maxColspan":2,"fileSource":{"name":"Alfresco Content and Local","serviceId":"all-file-sources","destinationFolderPath":{"type":"value","value":"-root-"}},"multiple":false,"link":false,"menuOptions":{"show":true,"download":true,"retrieveMetadata":false,"remove":true}}}],"2":[]}}],"outcomes":[],"metadata":{},"variables":[]}}}