{
  "formRepresentation" : {
    "id" : "form-0357d4ef-bc50-4fb4-b0a2-d700f5f10b9f",
    "name" : "usertaskform",
    "description" : "",
    "version" : 0,
    "standAlone" : true,
    "formDefinition" : {
      "tabs" : [ ],
      "fields" : [
        {
          "id" : "969ac9be-2d03-476e-9c36-d17f00f32d9c",
          "name" : "Label",
          "type" : "container",
          "tab" : null,
          "numberOfColumns" : 2,
          "fields" : {
            "1" : [
              {
                "id" : "StringCorr",
                "name" : "Text",
                "type" : "text",
                "required" : false,
                "colspan" : 1,
                "placeholder" : null,
                "minLength" : 0,
                "maxLength" : 0,
                "regexPattern" : null,
                "visibilityCondition" : null,
                "params" : {
                  "existingColspan" : 1,
                  "maxColspan" : 2
                }
              }
            ],
            "2" : [ ]
          }
        },
        {
          "id" : "f928cf86-2acd-459f-a6e8-7e3b7c6d3d21",
          "name" : "Label",
          "type" : "container",
          "tab" : null,
          "numberOfColumns" : 2,
          "fields" : {
            "1" : [
              {
                "id" : "NumberCorr",
                "name" : "Number",
                "type" : "integer",
                "colspan" : 1,
                "placeholder" : null,
                "minValue" : null,
                "maxValue" : null,
                "required" : false,
                "visibilityCondition" : null,
                "params" : {
                  "existingColspan" : 1,
                  "maxColspan" : 2
                }
              }
            ],
            "2" : [ ]
          }
        },
        {
          "id" : "0edbf6ef-d7a9-446f-b5bc-9566d14967a3",
          "name" : "Label",
          "type" : "container",
          "tab" : null,
          "numberOfColumns" : 2,
          "fields" : {
            "1" : [
              {
                "id" : "DateCorr",
                "name" : "Date",
                "type" : "date",
                "required" : false,
                "colspan" : 1,
                "placeholder" : null,
                "minValue" : null,
                "maxValue" : null,
                "visibilityCondition" : null,
                "params" : {
                  "existingColspan" : 1,
                  "maxColspan" : 2
                },
                "dateDisplayFormat" : "YYYY-MM-DD"
              }
            ],
            "2" : [ ]
          }
        }
      ],
      "outcomes" : [ ],
      "metadata" : {},
      "variables" : [ ]
    },
    "key" : "usertaskform"
  }
}