<?xml version="1.0" encoding="UTF-8"?>
<definitions xmlns="http://www.omg.org/spec/BPMN/20100524/MODEL" xmlns:xsi="http://www.w3.org/2001/XMLSchema-instance" xmlns:activiti="http://activiti.org/bpmn" xmlns:bpmndi="http://www.omg.org/spec/BPMN/20100524/DI" xmlns:omgdc="http://www.omg.org/spec/DD/20100524/DC" xmlns:omgdi="http://www.omg.org/spec/DD/20100524/DI" xmlns:xsd="http://www.w3.org/2001/XMLSchema" id="sample-diagram" targetNamespace="http://bpmn.io/schema/bpmn" xsi:schemaLocation="http://www.omg.org/spec/BPMN/20100524/MODEL BPMN20.xsd">
  <process id="process-533011be-35a9-4365-ba96-bc3ddf711719" name="ProcessParent" isExecutable="true">
    <startEvent id="StartEvent_1" />
    <sequenceFlow id="SequenceFlow_1thkyni" sourceRef="StartEvent_1" targetRef="Task_0he2njf" />
    <callActivity id="Task_0he2njf" name="SubProcess Call" calledElement="process-901de687-2650-4a34-b37b-d34c4b3c5010" activiti:inheritVariables="false" />
    <endEvent id="EndEvent_1o4x3ew" />
    <sequenceFlow id="SequenceFlow_1vrrlnb" sourceRef="Task_0he2njf" targetRef="EndEvent_1o4x3ew" />
  </process>
  <bpmndi:BPMNDiagram id="BPMNDiagram_process-533011be-35a9-4365-ba96-bc3ddf711719">
    <bpmndi:BPMNPlane id="BPMNPlane_process-533011be-35a9-4365-ba96-bc3ddf711719" bpmnElement="process-533011be-35a9-4365-ba96-bc3ddf711719">
      <bpmndi:BPMNShape id="BPMNShape_StartEvent_1" bpmnElement="StartEvent_1">
        <omgdc:Bounds x="412" y="240" width="36" height="36" />
      </bpmndi:BPMNShape>
      <bpmndi:BPMNShape id="BPMNShape_Task_0he2njf" bpmnElement="Task_0he2njf">
        <omgdc:Bounds x="498" y="218" width="100" height="80" />
      </bpmndi:BPMNShape>
      <bpmndi:BPMNShape id="BPMNShape_EndEvent_1o4x3ew" bpmnElement="EndEvent_1o4x3ew">
        <omgdc:Bounds x="648" y="240" width="36" height="36" />
      </bpmndi:BPMNShape>
      <bpmndi:BPMNEdge id="BPMNEdge_SequenceFlow_1thkyni" bpmnElement="SequenceFlow_1thkyni">
        <omgdi:waypoint x="448" y="258" />
        <omgdi:waypoint x="498" y="258" />
      </bpmndi:BPMNEdge>
      <bpmndi:BPMNEdge id="BPMNEdge_SequenceFlow_1vrrlnb" bpmnElement="SequenceFlow_1vrrlnb">
        <omgdi:waypoint x="598" y="258" />
        <omgdi:waypoint x="648" y="258" />
      </bpmndi:BPMNEdge>
    </bpmndi:BPMNPlane>
  </bpmndi:BPMNDiagram>
</definitions>
