<?xml version="1.0" encoding="UTF-8"?>
<bpmn2:definitions xmlns:xsi="http://www.w3.org/2001/XMLSchema-instance" xmlns:bpmn2="http://www.omg.org/spec/BPMN/20100524/MODEL" xmlns:bpmndi="http://www.omg.org/spec/BPMN/20100524/DI" xmlns:dc="http://www.omg.org/spec/DD/20100524/DC" xmlns:di="http://www.omg.org/spec/DD/20100524/DI" id="sample-diagram" targetNamespace="http://bpmn.io/schema/bpmn" xsi:schemaLocation="http://www.omg.org/spec/BPMN/20100524/MODEL BPMN20.xsd">
  <bpmn2:process id="process-9c84bef7-df7f-44d1-b767-ec011522a60b" name="ProcessParent" isExecutable="true">
    <bpmn2:documentation />
    <bpmn2:startEvent id="StartEvent_1">
      <bpmn2:outgoing>SequenceFlow_1thkyni</bpmn2:outgoing>
    </bpmn2:startEvent>
    <bpmn2:sequenceFlow id="SequenceFlow_1thkyni" sourceRef="StartEvent_1" targetRef="Task_0he2njf" />
    <bpmn2:callActivity id="Task_0he2njf" name="SubProcess Call" calledElement="process-51aa3e9d-d66c-43e6-9d04-b7489f3078b4">
      <bpmn2:incoming>SequenceFlow_1thkyni</bpmn2:incoming>
      <bpmn2:outgoing>SequenceFlow_1vrrlnb</bpmn2:outgoing>
    </bpmn2:callActivity>
    <bpmn2:endEvent id="EndEvent_1o4x3ew">
      <bpmn2:incoming>SequenceFlow_1vrrlnb</bpmn2:incoming>
    </bpmn2:endEvent>
    <bpmn2:sequenceFlow id="SequenceFlow_1vrrlnb" sourceRef="Task_0he2njf" targetRef="EndEvent_1o4x3ew" />
  </bpmn2:process>
  <bpmndi:BPMNDiagram id="BPMNDiagram_1">
    <bpmndi:BPMNPlane id="BPMNPlane_1" bpmnElement="process-9c84bef7-df7f-44d1-b767-ec011522a60b">
      <bpmndi:BPMNShape id="_BPMNShape_StartEvent_2" bpmnElement="StartEvent_1">
        <dc:Bounds x="412" y="240" width="36" height="36" />
      </bpmndi:BPMNShape>
      <bpmndi:BPMNEdge id="SequenceFlow_1thkyni_di" bpmnElement="SequenceFlow_1thkyni">
        <di:waypoint x="448" y="258" />
        <di:waypoint x="498" y="258" />
      </bpmndi:BPMNEdge>
      <bpmndi:BPMNShape id="CallActivity_1193vh4_di" bpmnElement="Task_0he2njf">
        <dc:Bounds x="498" y="218" width="100" height="80" />
      </bpmndi:BPMNShape>
      <bpmndi:BPMNShape id="EndEvent_1o4x3ew_di" bpmnElement="EndEvent_1o4x3ew">
        <dc:Bounds x="648" y="240" width="36" height="36" />
      </bpmndi:BPMNShape>
      <bpmndi:BPMNEdge id="SequenceFlow_1vrrlnb_di" bpmnElement="SequenceFlow_1vrrlnb">
        <di:waypoint x="598" y="258" />
        <di:waypoint x="648" y="258" />
      </bpmndi:BPMNEdge>
    </bpmndi:BPMNPlane>
  </bpmndi:BPMNDiagram>
</bpmn2:definitions>
