<?xml version="1.0" encoding="UTF-8"?>
<definitions xmlns="http://www.omg.org/spec/BPMN/20100524/MODEL" xmlns:xsi="http://www.w3.org/2001/XMLSchema-instance" xmlns:bpmndi="http://www.omg.org/spec/BPMN/20100524/DI" xmlns:omgdc="http://www.omg.org/spec/DD/20100524/DC" xmlns:omgdi="http://www.omg.org/spec/DD/20100524/DI" xmlns:xsd="http://www.w3.org/2001/XMLSchema" id="sample-diagram" targetNamespace="http://bpmn.io/schema/bpmn" xsi:schemaLocation="http://www.omg.org/spec/BPMN/20100524/MODEL BPMN20.xsd">
  <process id="process-901de687-2650-4a34-b37b-d34c4b3c5010" name="ProcessChild" isExecutable="true">
    <startEvent id="StartEvent_1">
      <outgoing>SequenceFlow_03hr8h9</outgoing>
    </startEvent>
    <endEvent id="EndEvent_1bmbrnr">
      <incoming>SequenceFlow_03hr8h9</incoming>
    </endEvent>
    <sequenceFlow id="SequenceFlow_03hr8h9" sourceRef="StartEvent_1" targetRef="EndEvent_1bmbrnr" />
  </process>
  <bpmndi:BPMNDiagram id="BPMNDiagram_process-901de687-2650-4a34-b37b-d34c4b3c5010">
    <bpmndi:BPMNPlane id="BPMNPlane_process-901de687-2650-4a34-b37b-d34c4b3c5010" bpmnElement="process-901de687-2650-4a34-b37b-d34c4b3c5010">
      <bpmndi:BPMNShape id="BPMNShape_StartEvent_1" bpmnElement="StartEvent_1">
        <omgdc:Bounds x="412" y="240" width="36" height="36" />
      </bpmndi:BPMNShape>
      <bpmndi:BPMNShape id="EndEvent_1bmbrnr_di" bpmnElement="EndEvent_1bmbrnr">
        <omgdc:Bounds x="498" y="240" width="36" height="36" />
      </bpmndi:BPMNShape>
      <bpmndi:BPMNEdge id="SequenceFlow_03hr8h9_di" bpmnElement="SequenceFlow_03hr8h9">
        <omgdi:waypoint x="448" y="258" />
        <omgdi:waypoint x="498" y="258" />
      </bpmndi:BPMNEdge>
    </bpmndi:BPMNPlane>
  </bpmndi:BPMNDiagram>
</definitions>
