<?xml version="1.0" encoding="UTF-8"?>
<bpmn2:definitions xmlns:xsi="http://www.w3.org/2001/XMLSchema-instance" xmlns:bpmn2="http://www.omg.org/spec/BPMN/20100524/MODEL" xmlns:bpmndi="http://www.omg.org/spec/BPMN/20100524/DI" xmlns:dc="http://www.omg.org/spec/DD/20100524/DC" xmlns:di="http://www.omg.org/spec/DD/20100524/DI" id="sample-diagram" targetNamespace="http://bpmn.io/schema/bpmn" xsi:schemaLocation="http://www.omg.org/spec/BPMN/20100524/MODEL BPMN20.xsd">
  <bpmn2:process id="process-40856f7c-f0ff-4ffa-9cfe-30de1f0b88c5" name="processparent" isExecutable="true">
    <bpmn2:documentation />
    <bpmn2:startEvent id="StartEvent_1">
      <bpmn2:outgoing>SequenceFlow_0888o4f</bpmn2:outgoing>
    </bpmn2:startEvent>
    <bpmn2:sequenceFlow id="SequenceFlow_0888o4f" sourceRef="StartEvent_1" targetRef="Task_1xsnxlb" />
    <bpmn2:callActivity id="Task_1xsnxlb" name="SubProcess Call" calledElement="process-45cf8f9d-964d-43b4-a415-25016ae2ae74">
      <bpmn2:incoming>SequenceFlow_0888o4f</bpmn2:incoming>
      <bpmn2:outgoing>SequenceFlow_1qgxba5</bpmn2:outgoing>
    </bpmn2:callActivity>
    <bpmn2:endEvent id="EndEvent_0b8gnec">
      <bpmn2:incoming>SequenceFlow_1qgxba5</bpmn2:incoming>
    </bpmn2:endEvent>
    <bpmn2:sequenceFlow id="SequenceFlow_1qgxba5" sourceRef="Task_1xsnxlb" targetRef="EndEvent_0b8gnec" />
  </bpmn2:process>
  <bpmndi:BPMNDiagram id="BPMNDiagram_1">
    <bpmndi:BPMNPlane id="BPMNPlane_1" bpmnElement="process-40856f7c-f0ff-4ffa-9cfe-30de1f0b88c5">
      <bpmndi:BPMNShape id="_BPMNShape_StartEvent_2" bpmnElement="StartEvent_1">
        <dc:Bounds x="412" y="240" width="36" height="36" />
      </bpmndi:BPMNShape>
      <bpmndi:BPMNEdge id="SequenceFlow_0888o4f_di" bpmnElement="SequenceFlow_0888o4f">
        <di:waypoint x="448" y="258" />
        <di:waypoint x="498" y="258" />
      </bpmndi:BPMNEdge>
      <bpmndi:BPMNShape id="CallActivity_1c5zhxt_di" bpmnElement="Task_1xsnxlb">
        <dc:Bounds x="498" y="218" width="100" height="80" />
      </bpmndi:BPMNShape>
      <bpmndi:BPMNShape id="EndEvent_0b8gnec_di" bpmnElement="EndEvent_0b8gnec">
        <dc:Bounds x="648" y="240" width="36" height="36" />
      </bpmndi:BPMNShape>
      <bpmndi:BPMNEdge id="SequenceFlow_1qgxba5_di" bpmnElement="SequenceFlow_1qgxba5">
        <di:waypoint x="598" y="258" />
        <di:waypoint x="648" y="258" />
      </bpmndi:BPMNEdge>
    </bpmndi:BPMNPlane>
  </bpmndi:BPMNDiagram>
</bpmn2:definitions>
