<?xml version="1.0" encoding="UTF-8"?>
<definitions xmlns="http://www.omg.org/spec/BPMN/20100524/MODEL" xmlns:xsi="http://www.w3.org/2001/XMLSchema-instance" xmlns:bpmndi="http://www.omg.org/spec/BPMN/20100524/DI" xmlns:omgdc="http://www.omg.org/spec/DD/20100524/DC" xmlns:omgdi="http://www.omg.org/spec/DD/20100524/DI" xmlns:xsd="http://www.w3.org/2001/XMLSchema" id="model-45cf8f9d-964d-43b4-a415-25016ae2ae74" name="processchild" targetNamespace="http://bpmn.io/schema/bpmn" xsi:schemaLocation="http://www.omg.org/spec/BPMN/20100524/MODEL BPMN20.xsd">
  <process id="Process_XmWTFMqf" name="processchild" isExecutable="true">
    <startEvent id="StartEvent_1">
      <outgoing>SequenceFlow_1h1snms</outgoing>
    </startEvent>
    <endEvent id="EndEvent_0l56v3h">
      <incoming>SequenceFlow_1h1snms</incoming>
    </endEvent>
    <sequenceFlow id="SequenceFlow_1h1snms" sourceRef="StartEvent_1" targetRef="EndEvent_0l56v3h" />
  </process>
  <bpmndi:BPMNDiagram id="BPMNDiagram_process-45cf8f9d-964d-43b4-a415-25016ae2ae74">
    <bpmndi:BPMNPlane id="BPMNPlane_process-45cf8f9d-964d-43b4-a415-25016ae2ae74" bpmnElement="Process_XmWTFMqf">
      <bpmndi:BPMNShape id="BPMNShape_StartEvent_1" bpmnElement="StartEvent_1">
        <omgdc:Bounds x="412" y="240" width="36" height="36" />
      </bpmndi:BPMNShape>
      <bpmndi:BPMNShape id="BPMNShape_EndEvent_0l56v3h" bpmnElement="EndEvent_0l56v3h">
        <omgdc:Bounds x="498" y="240" width="36" height="36" />
      </bpmndi:BPMNShape>
      <bpmndi:BPMNEdge id="BPMNEdge_SequenceFlow_1h1snms" bpmnElement="SequenceFlow_1h1snms">
        <omgdi:waypoint x="448" y="258" />
        <omgdi:waypoint x="498" y="258" />
      </bpmndi:BPMNEdge>
    </bpmndi:BPMNPlane>
  </bpmndi:BPMNDiagram>
</definitions>
