<?xml version="1.0" encoding="UTF-8"?>
<definitions xmlns="http://www.omg.org/spec/BPMN/20100524/MODEL" xmlns:xsi="http://www.w3.org/2001/XMLSchema-instance" xmlns:xsd="http://www.w3.org/2001/XMLSchema" xmlns:activiti="http://activiti.org/bpmn" xmlns:bpmndi="http://www.omg.org/spec/BPMN/20100524/DI" xmlns:omgdc="http://www.omg.org/spec/DD/20100524/DC" xmlns:omgdi="http://www.omg.org/spec/DD/20100524/DI" xmlns:bpmn2="http://www.omg.org/spec/BPMN/20100524/MODEL" xmlns:dc="http://www.omg.org/spec/DD/20100524/DC" xmlns:di="http://www.omg.org/spec/DD/20100524/DI" typeLanguage="http://www.w3.org/2001/XMLSchema" expressionLanguage="http://www.w3.org/1999/XPath" targetNamespace="http://bpmn.io/schema/bpmn" id="sample-diagram" xsi:schemaLocation="http://www.omg.org/spec/BPMN/20100524/MODEL BPMN20.xsd">
  <process id="process-e86a5863-fdb4-4766-91a8-ac7ab00f9b96" name="ProcessParent" isExecutable="true">
    <startEvent id="StartEvent_1"></startEvent>
    <sequenceFlow id="SequenceFlow_1thkyni" sourceRef="StartEvent_1" targetRef="Task_0he2njf"></sequenceFlow>
    <callActivity id="Task_0he2njf" name="SubProcess Call" calledElement="process-51aa3e9d-d66c-43e6-9d04-b7489f3078b4" activiti:inheritVariables="false"></callActivity>
    <endEvent id="EndEvent_1o4x3ew"></endEvent>
    <sequenceFlow id="SequenceFlow_1vrrlnb" sourceRef="Task_0he2njf" targetRef="EndEvent_1o4x3ew"></sequenceFlow>
  </process>
  <bpmndi:BPMNDiagram id="BPMNDiagram_process-e86a5863-fdb4-4766-91a8-ac7ab00f9b96">
    <bpmndi:BPMNPlane bpmnElement="process-e86a5863-fdb4-4766-91a8-ac7ab00f9b96" id="BPMNPlane_process-e86a5863-fdb4-4766-91a8-ac7ab00f9b96">
      <bpmndi:BPMNShape bpmnElement="StartEvent_1" id="BPMNShape_StartEvent_1">
        <omgdc:Bounds height="36.0" width="36.0" x="412.0" y="240.0"></omgdc:Bounds>
      </bpmndi:BPMNShape>
      <bpmndi:BPMNShape bpmnElement="Task_0he2njf" id="BPMNShape_Task_0he2njf">
        <omgdc:Bounds height="80.0" width="100.0" x="498.0" y="218.0"></omgdc:Bounds>
      </bpmndi:BPMNShape>
      <bpmndi:BPMNShape bpmnElement="EndEvent_1o4x3ew" id="BPMNShape_EndEvent_1o4x3ew">
        <omgdc:Bounds height="36.0" width="36.0" x="648.0" y="240.0"></omgdc:Bounds>
      </bpmndi:BPMNShape>
      <bpmndi:BPMNEdge bpmnElement="SequenceFlow_1thkyni" id="BPMNEdge_SequenceFlow_1thkyni">
        <omgdi:waypoint x="448.0" y="258.0"></omgdi:waypoint>
        <omgdi:waypoint x="498.0" y="258.0"></omgdi:waypoint>
      </bpmndi:BPMNEdge>
      <bpmndi:BPMNEdge bpmnElement="SequenceFlow_1vrrlnb" id="BPMNEdge_SequenceFlow_1vrrlnb">
        <omgdi:waypoint x="598.0" y="258.0"></omgdi:waypoint>
        <omgdi:waypoint x="648.0" y="258.0"></omgdi:waypoint>
      </bpmndi:BPMNEdge>
    </bpmndi:BPMNPlane>
  </bpmndi:BPMNDiagram>
</definitions>