<?xml version="1.0" encoding="UTF-8"?>
<bpmn2:definitions xmlns="http://www.omg.org/spec/BPMN/20100524/MODEL" xmlns:bpmn2="http://www.omg.org/spec/BPMN/20100524/MODEL" xmlns:xsi="http://www.w3.org/2001/XMLSchema-instance" xmlns:xsd="http://www.w3.org/2001/XMLSchema" xmlns:activiti="http://activiti.org/bpmn" xmlns:bpmndi="http://www.omg.org/spec/BPMN/20100524/DI" xmlns:omgdc="http://www.omg.org/spec/DD/20100524/DC" xmlns:omgdi="http://www.omg.org/spec/DD/20100524/DI" typeLanguage="http://www.w3.org/2001/XMLSchema" expressionLanguage="http://www.w3.org/1999/XPath" targetNamespace="http://bpmn.io/schema/bpmn" id="model-40856f7c-f0ff-4ffa-9cfe-30de1f0b88c5" name="processparent" xsi:schemaLocation="http://www.omg.org/spec/BPMN/20100524/MODEL BPMN20.xsd">
  <bpmn2:process id="Process_6hubQFCC" name="processparent" isExecutable="true">
    <bpmn2:startEvent id="StartEvent_1">
      <bpmn2:outgoing>SequenceFlow_0888o4f</bpmn2:outgoing>
    </bpmn2:startEvent>
    <bpmn2:sequenceFlow id="SequenceFlow_0888o4f" sourceRef="StartEvent_1" targetRef="Task_1xsnxlb"></bpmn2:sequenceFlow>
    <bpmn2:callActivity id="Task_1xsnxlb" name="SubProcess Call" calledElement="Process_XmWTFMqf">
      <bpmn2:incoming>SequenceFlow_0888o4f</bpmn2:incoming>
      <bpmn2:outgoing>SequenceFlow_1qgxba5</bpmn2:outgoing>
    </bpmn2:callActivity>
    <bpmn2:endEvent id="EndEvent_0b8gnec">
      <bpmn2:incoming>SequenceFlow_1qgxba5</bpmn2:incoming>
    </bpmn2:endEvent>
    <bpmn2:sequenceFlow id="SequenceFlow_1qgxba5" sourceRef="Task_1xsnxlb" targetRef="EndEvent_0b8gnec"></bpmn2:sequenceFlow>
  </bpmn2:process>
  <bpmndi:BPMNDiagram id="BPMNDiagram_Process_6hubQFCC">
    <bpmndi:BPMNPlane bpmnElement="Process_6hubQFCC" id="BPMNPlane_Process_6hubQFCC">
      <bpmndi:BPMNShape bpmnElement="StartEvent_1" id="BPMNShape_StartEvent_1">
        <omgdc:Bounds height="36.0" width="36.0" x="412.0" y="240.0"></omgdc:Bounds>
      </bpmndi:BPMNShape>
      <bpmndi:BPMNShape bpmnElement="Task_1xsnxlb" id="BPMNShape_Task_1xsnxlb">
        <omgdc:Bounds height="80.0" width="100.0" x="498.0" y="218.0"></omgdc:Bounds>
      </bpmndi:BPMNShape>
      <bpmndi:BPMNShape bpmnElement="EndEvent_0b8gnec" id="BPMNShape_EndEvent_0b8gnec">
        <omgdc:Bounds height="36.0" width="36.0" x="648.0" y="240.0"></omgdc:Bounds>
      </bpmndi:BPMNShape>
      <bpmndi:BPMNEdge bpmnElement="SequenceFlow_0888o4f" id="BPMNEdge_SequenceFlow_0888o4f">
        <omgdi:waypoint x="448.0" y="258.0"></omgdi:waypoint>
        <omgdi:waypoint x="498.0" y="258.0"></omgdi:waypoint>
      </bpmndi:BPMNEdge>
      <bpmndi:BPMNEdge bpmnElement="SequenceFlow_1qgxba5" id="BPMNEdge_SequenceFlow_1qgxba5">
        <omgdi:waypoint x="598.0" y="258.0"></omgdi:waypoint>
        <omgdi:waypoint x="648.0" y="258.0"></omgdi:waypoint>
      </bpmndi:BPMNEdge>
    </bpmndi:BPMNPlane>
  </bpmndi:BPMNDiagram>
</bpmn2:definitions>