<?xml version="1.0" encoding="UTF-8"?>
<definitions xmlns="http://www.omg.org/spec/BPMN/20100524/MODEL" xmlns:xsi="http://www.w3.org/2001/XMLSchema-instance" xmlns:bpmndi="http://www.omg.org/spec/BPMN/20100524/DI" xmlns:omgdc="http://www.omg.org/spec/DD/20100524/DC" xmlns:omgdi="http://www.omg.org/spec/DD/20100524/DI" xmlns:xsd="http://www.w3.org/2001/XMLSchema" id="model-40856f7c-f0ff-4ffa-9cfe-30de1f0b88c5" name="processparent" targetNamespace="http://bpmn.io/schema/bpmn" xsi:schemaLocation="http://www.omg.org/spec/BPMN/20100524/MODEL BPMN20.xsd">
  <process id="Process_6hubQFCC" name="processparent" isExecutable="true">
    <startEvent id="StartEvent_1">
      <outgoing>SequenceFlow_0888o4f</outgoing>
    </startEvent>
    <sequenceFlow id="SequenceFlow_0888o4f" sourceRef="StartEvent_1" targetRef="Task_1xsnxlb" />
    <callActivity id="Task_1xsnxlb" name="SubProcess Call" calledElement="Process_XmWTFMqf" />
    <endEvent id="EndEvent_0b8gnec">
      <incoming>SequenceFlow_1qgxba5</incoming>
    </endEvent>
    <sequenceFlow id="SequenceFlow_1qgxba5" sourceRef="Task_1xsnxlb" targetRef="EndEvent_0b8gnec" />
  </process>
  <bpmndi:BPMNDiagram id="BPMNDiagram_process-40856f7c-f0ff-4ffa-9cfe-30de1f0b88c5">
    <bpmndi:BPMNPlane id="BPMNPlane_process-40856f7c-f0ff-4ffa-9cfe-30de1f0b88c5" bpmnElement="Process_6hubQFCC">
      <bpmndi:BPMNShape id="BPMNShape_StartEvent_1" bpmnElement="StartEvent_1">
        <omgdc:Bounds x="412" y="240" width="36" height="36" />
      </bpmndi:BPMNShape>
      <bpmndi:BPMNShape id="BPMNShape_Task_1xsnxlb" bpmnElement="Task_1xsnxlb">
        <omgdc:Bounds x="498" y="218" width="100" height="80" />
      </bpmndi:BPMNShape>
      <bpmndi:BPMNShape id="BPMNShape_EndEvent_0b8gnec" bpmnElement="EndEvent_0b8gnec">
        <omgdc:Bounds x="648" y="240" width="36" height="36" />
      </bpmndi:BPMNShape>
      <bpmndi:BPMNEdge id="BPMNEdge_SequenceFlow_0888o4f" bpmnElement="SequenceFlow_0888o4f">
        <omgdi:waypoint x="448" y="258" />
        <omgdi:waypoint x="498" y="258" />
      </bpmndi:BPMNEdge>
      <bpmndi:BPMNEdge id="BPMNEdge_SequenceFlow_1qgxba5" bpmnElement="SequenceFlow_1qgxba5">
        <omgdi:waypoint x="598" y="258" />
        <omgdi:waypoint x="648" y="258" />
      </bpmndi:BPMNEdge>
    </bpmndi:BPMNPlane>
  </bpmndi:BPMNDiagram>
</definitions>
