<?xml version='1.0' encoding='UTF-8'?>
<definitions xmlns="http://www.omg.org/spec/BPMN/20100524/MODEL" xmlns:xsi="http://www.w3.org/2001/XMLSchema-instance" xmlns:xsd="http://www.w3.org/2001/XMLSchema" xmlns:activiti="http://activiti.org/bpmn" xmlns:bpmndi="http://www.omg.org/spec/BPMN/20100524/DI" xmlns:omgdc="http://www.omg.org/spec/DD/20100524/DC" xmlns:omgdi="http://www.omg.org/spec/DD/20100524/DI" typeLanguage="http://www.w3.org/2001/XMLSchema" expressionLanguage="http://www.w3.org/1999/XPath" targetNamespace="http://www.activiti.org/test">
  <process id="startprocessfile" name="start process file" isExecutable="true">
    <startEvent id="start" activiti:formKey="6">
      <extensionElements>
        <modeler:form-reference-id xmlns:modeler="http://activiti.com/modeler"><![CDATA[6]]></modeler:form-reference-id>
        <modeler:form-reference-name xmlns:modeler="http://activiti.com/modeler"><![CDATA[Start process form with file]]></modeler:form-reference-name>
      </extensionElements>
    </startEvent>
    <endEvent id="end" activiti:async="true">
      <extensionElements>
        <activiti:executionListener event="start" class="com.activiti.runtime.activiti.ContentProcessorExecutionListener">
          <activiti:field name="externalContentHandler">
            <activiti:expression><![CDATA[${externalContentHandler}]]></activiti:expression>
          </activiti:field>
        </activiti:executionListener>
        <modeler:ignore-listener-on-import xmlns:modeler="http://activiti.com/modeler"><![CDATA[com.activiti.runtime.activiti.ContentProcessorExecutionListener]]></modeler:ignore-listener-on-import>
      </extensionElements>
    </endEvent>
    <sequenceFlow id="sequenceFlow1" sourceRef="start" targetRef="end"/>
  </process>
  <bpmndi:BPMNDiagram id="BPMNDiagram_startprocessfile">
    <bpmndi:BPMNPlane bpmnElement="startprocessfile" id="BPMNPlane_startprocessfile">
      <bpmndi:BPMNShape bpmnElement="start" id="BPMNShape_start">
        <omgdc:Bounds height="30.0" width="30.0" x="0.0" y="0.0"/>
      </bpmndi:BPMNShape>
      <bpmndi:BPMNShape bpmnElement="end" id="BPMNShape_end">
        <omgdc:Bounds height="30.0" width="30.0" x="80.0" y="0.0"/>
      </bpmndi:BPMNShape>
      <bpmndi:BPMNEdge bpmnElement="sequenceFlow1" id="BPMNEdge_sequenceFlow1">
        <omgdi:waypoint x="30.0" y="15.0"/>
        <omgdi:waypoint x="42.0" y="15.0"/>
        <omgdi:waypoint x="42.0" y="15.000000000000002"/>
        <omgdi:waypoint x="80.0" y="15.000000000000002"/>
      </bpmndi:BPMNEdge>
    </bpmndi:BPMNPlane>
  </bpmndi:BPMNDiagram>
</definitions>