<?xml version="1.0" encoding="UTF-8"?>
<model name="contentmodel1:contentmodel1" 
  xmlns="http://www.alfresco.org/model/dictionary/1.0">
  <description>
    <![CDATA[]]>
  </description>
  <author>modeler</author>
  <version>1.0</version>
  <imports>
    <import uri="http://www.alfresco.org/model/dictionary/1.0" prefix="d"/>
    <import uri="http://www.alfresco.org/model/content/1.0" prefix="cm"/></imports>
  <namespaces>
    <namespace uri="http://www.alfresco.org/model/contentmodel1" prefix="contentmodel1"/></namespaces>
  <types>
    <type name="contentmodel1:customType1">
      <title/>
      <description/>
      <parent>cm:content</parent>
      <properties>
        <property name="contentmodel1:text1">
          <type>d:text</type>
        </property>
        <property name="contentmodel1:int">
          <type>d:int</type>
        </property>
        <property name="contentmodel1:long">
          <type>d:long</type>
        </property>
        <property name="contentmodel1:mltext">
          <type>d:mltext</type>
        </property>
        <property name="contentmodel1:boolean">
          <type>d:boolean</type>
        </property>
        <property name="contentmodel1:float">
          <type>d:float</type>
        </property>
        <property name="contentmodel1:double">
          <type>d:double</type>
        </property>
        <property name="contentmodel1:date">
          <type>d:date</type>
        </property>
        <property name="contentmodel1:datetime">
          <type>d:datetime</type>
        </property>
      </properties>
    </type>
  </types>
  <aspects>
    <aspect name="contentmodel1:customAspect2">
      <title/>
      <description/>
      <parent/>
      <properties>
        <property name="contentmodel1:aspecttext">
          <type>d:text</type>
        </property>
        <property name="contentmodel1:aspectint">
          <type>d:int</type>
        </property>
        <property name="contentmodel1:aspectmltext">
          <type>d:mltext</type>
        </property>
        <property name="contentmodel1:aspectlong">
          <type>d:long</type>
        </property>
        <property name="contentmodel1:aspectdouble">
          <type>d:double</type>
        </property>
        <property name="contentmodel1:aspectboolean">
          <type>d:boolean</type>
        </property>
        <property name="contentmodel1:aspectdate">
          <type>d:date</type>
        </property>
        <property name="contentmodel1:aspectdatetime">
          <type>d:datetime</type>
        </property>
        <property name="contentmodel1:aspectfloat">
          <type>d:float</type>
        </property>
      </properties>
    </aspect>
  </aspects>
</model>