<?xml version="1.0" encoding="UTF-8"?>
<model name="contentmodel2:contentmodel2" 
  xmlns="http://www.alfresco.org/model/dictionary/1.0">
  <description>
    <![CDATA[]]>
  </description>
  <author>modeler</author>
  <version>1.0</version>
  <imports>
    <import uri="http://www.alfresco.org/model/dictionary/1.0" prefix="d"/>
    <import uri="http://www.alfresco.org/model/content/1.0" prefix="cm"/></imports>
  <namespaces>
    <namespace uri="http://www.alfresco.org/model/contentmodel2" prefix="contentmodel2"/></namespaces>
  <types>
    <type name="contentmodel2:customType2">
      <title/>
      <description/>
      <parent>cm:content</parent>
      <properties>
        <property name="contentmodel2:text">
          <title>text</title>
          <description>text</description>
          <type>d:text</type>
          <default>abcd</default>
        </property>
        <property name="contentmodel2:date">
          <type>d:date</type>
          <mandatory enforced="false">true</mandatory>
          <multiple>true</multiple>
        </property>
        <property name="contentmodel2:datetime">
          <type>d:datetime</type>
          <default>2020-11-04T22:00:00</default>
        </property>
      </properties>
    </type>
  </types>
</model>