<?xml version="1.0" encoding="UTF-8"?>
<model name="contentmodelalltypes:contentmodelalltypes" 
  xmlns="http://www.alfresco.org/model/dictionary/1.0">
  <description>
    <![CDATA[]]>
  </description>
  <author>modeler</author>
  <version>1.0</version>
  <imports>
    <import uri="http://www.alfresco.org/model/dictionary/1.0" prefix="d"/>
    <import uri="http://www.alfresco.org/model/content/1.0" prefix="cm"/></imports>
  <namespaces>
    <namespace uri="http://www.alfresco.org/model/contentmodel1" prefix="contentmodelalltypes"/></namespaces>
  <types>
    <type name="contentmodelalltypes:singleCustomType">
      <title/>
      <description/>
      <parent>cm:content</parent>
      <properties>
        <property name="contentmodelalltypes:customtypetext">
          <type>d:text</type>
        </property>
        <property name="contentmodelalltypes:customtypeint">
          <type>d:int</type>
        </property>
        <property name="contentmodelalltypes:customtypelong">
          <type>d:long</type>
        </property>
        <property name="contentmodelalltypes:customtypemltext">
          <type>d:mltext</type>
        </property>
        <property name="contentmodelalltypes:customtypeboolean">
          <type>d:boolean</type>
        </property>
        <property name="contentmodelalltypes:customtypefloat">
          <type>d:float</type>
        </property>
        <property name="contentmodelalltypes:customtypedouble">
          <type>d:double</type>
        </property>
        <property name="contentmodelalltypes:customtypedate">
          <type>d:date</type>
        </property>
        <property name="contentmodelalltypes:customtypedatetime">
          <type>d:datetime</type>
        </property>
      </properties>
    </type>
  </types>
  <aspects>
    <aspect name="contentmodelalltypes:singleCustomAspect">
      <title/>
      <description/>
      <parent/>
      <properties>
        <property name="contentmodelalltypes:aspecttext">
          <type>d:text</type>
        </property>
        <property name="contentmodelalltypes:aspectint">
          <type>d:int</type>
        </property>
        <property name="contentmodelalltypes:aspectmltext">
          <type>d:mltext</type>
        </property>
        <property name="contentmodelalltypes:aspectlong">
          <type>d:long</type>
        </property>
        <property name="contentmodelalltypes:aspectdouble">
          <type>d:double</type>
        </property>
        <property name="contentmodelalltypes:aspectboolean">
          <type>d:boolean</type>
        </property>
        <property name="contentmodelalltypes:aspectdate">
          <type>d:date</type>
        </property>
        <property name="contentmodelalltypes:aspectdatetime">
          <type>d:datetime</type>
        </property>
        <property name="contentmodelalltypes:aspectfloat">
          <type>d:float</type>
        </property>
      </properties>
    </aspect>
  </aspects>
</model>