{"name":"Assignee","description":"","definition":{"models":[{"id":4,"name":"simple","version":2,"modelType":0,"description":"","stencilSetId":null,"createdByFullName":"T d","createdBy":3,"lastUpdatedByFullName":"T d","lastUpdatedBy":3,"lastUpdated":"2020-02-26T17:28:28.027+0000"},{"id":3,"name":"candidate-task","version":2,"modelType":1,"description":"","stencilSetId":null,"createdByFullName":"T d","createdBy":3,"lastUpdatedByFullName":"T d","lastUpdatedBy":3,"lastUpdated":"2020-02-26T17:28:28.109+0000"}],"theme":"theme-1","icon":"glyphicon-asterisk","publishIdentityInfo":[]}}