{"name":"Assignee","description":"","definition":{"models":[{"id":14939,"name":"simple","version":5,"modelType":0,"description":"","stencilSetId":null,"createdByFullName":"Dharan g","createdBy":1299,"lastUpdatedByFullName":"Dharan g","lastUpdatedBy":1299,"lastUpdated":"2020-02-21T07:31:19.889+0000"},{"id":14935,"name":"candidate-task","version":5,"modelType":1,"description":"","stencilSetId":null,"createdByFullName":"Dharan g","createdBy":1299,"lastUpdatedByFullName":"Dharan g","lastUpdatedBy":1299,"lastUpdated":"2020-02-21T07:30:39.368+0000"}],"theme":"theme-1","icon":"glyphicon-asterisk","publishIdentityInfo":[]}}