<?xml version='1.0' encoding='UTF-8'?>
<definitions xmlns="http://www.omg.org/spec/BPMN/20100524/MODEL" xmlns:xsi="http://www.w3.org/2001/XMLSchema-instance" xmlns:xsd="http://www.w3.org/2001/XMLSchema" xmlns:activiti="http://activiti.org/bpmn" xmlns:bpmndi="http://www.omg.org/spec/BPMN/20100524/DI" xmlns:omgdc="http://www.omg.org/spec/DD/20100524/DC" xmlns:omgdi="http://www.omg.org/spec/DD/20100524/DI" typeLanguage="http://www.w3.org/2001/XMLSchema" expressionLanguage="http://www.w3.org/1999/XPath" targetNamespace="http://www.activiti.org/processdef" xmlns:modeler="http://activiti.com/modeler" modeler:version="1.0en" modeler:exportDateTime="20200310121052339" modeler:modelId="78884" modeler:modelVersion="4" modeler:modelLastUpdated="1583842250419">
  <process id="groupwidget-subgrouprestriction" name="group widget - subgroup restriction" isExecutable="true">
    <startEvent id="startEvent1">
      <extensionElements>
        <modeler:editor-resource-id><![CDATA[startEvent1]]></modeler:editor-resource-id>
      </extensionElements>
    </startEvent>
    <userTask id="sid-DE0A2EEF-F8AF-4E66-A7C6-52D0CBBF3459" activiti:assignee="$INITIATOR" activiti:formKey="77950">
      <extensionElements>
        <modeler:allow-send-email><![CDATA[true]]></modeler:allow-send-email>
        <modeler:form-reference-id><![CDATA[77950]]></modeler:form-reference-id>
        <modeler:form-reference-name><![CDATA[Group widget - subgroup restriction]]></modeler:form-reference-name>
        <modeler:activiti-idm-initiator><![CDATA[true]]></modeler:activiti-idm-initiator>
        <modeler:editor-resource-id><![CDATA[sid-DE0A2EEF-F8AF-4E66-A7C6-52D0CBBF3459]]></modeler:editor-resource-id>
      </extensionElements>
    </userTask>
    <sequenceFlow id="sid-810C03D2-2D03-460B-A191-D80E39358F82" sourceRef="startEvent1" targetRef="sid-DE0A2EEF-F8AF-4E66-A7C6-52D0CBBF3459">
      <extensionElements>
        <modeler:editor-resource-id><![CDATA[sid-810C03D2-2D03-460B-A191-D80E39358F82]]></modeler:editor-resource-id>
      </extensionElements>
    </sequenceFlow>
    <endEvent id="sid-0B5F3094-B73B-4183-A656-486DF306CA2B">
      <extensionElements>
        <modeler:editor-resource-id><![CDATA[sid-0B5F3094-B73B-4183-A656-486DF306CA2B]]></modeler:editor-resource-id>
      </extensionElements>
    </endEvent>
    <sequenceFlow id="sid-C5E006B9-932D-4644-9C5A-D5F4C87B3F2B" sourceRef="sid-DE0A2EEF-F8AF-4E66-A7C6-52D0CBBF3459" targetRef="sid-0B5F3094-B73B-4183-A656-486DF306CA2B">
      <extensionElements>
        <modeler:editor-resource-id><![CDATA[sid-C5E006B9-932D-4644-9C5A-D5F4C87B3F2B]]></modeler:editor-resource-id>
      </extensionElements>
    </sequenceFlow>
  </process>
  <bpmndi:BPMNDiagram id="BPMNDiagram_groupwidget-subgrouprestriction">
    <bpmndi:BPMNPlane bpmnElement="groupwidget-subgrouprestriction" id="BPMNPlane_groupwidget-subgrouprestriction">
      <bpmndi:BPMNShape bpmnElement="startEvent1" id="BPMNShape_startEvent1">
        <omgdc:Bounds height="30.0" width="30.0" x="90.0" y="105.0"/>
      </bpmndi:BPMNShape>
      <bpmndi:BPMNShape bpmnElement="sid-DE0A2EEF-F8AF-4E66-A7C6-52D0CBBF3459" id="BPMNShape_sid-DE0A2EEF-F8AF-4E66-A7C6-52D0CBBF3459">
        <omgdc:Bounds height="80.0" width="100.0" x="165.0" y="80.0"/>
      </bpmndi:BPMNShape>
      <bpmndi:BPMNShape bpmnElement="sid-0B5F3094-B73B-4183-A656-486DF306CA2B" id="BPMNShape_sid-0B5F3094-B73B-4183-A656-486DF306CA2B">
        <omgdc:Bounds height="28.0" width="28.0" x="310.0" y="106.0"/>
      </bpmndi:BPMNShape>
      <bpmndi:BPMNEdge bpmnElement="sid-810C03D2-2D03-460B-A191-D80E39358F82" id="BPMNEdge_sid-810C03D2-2D03-460B-A191-D80E39358F82">
        <omgdi:waypoint x="120.0" y="120.0"/>
        <omgdi:waypoint x="165.0" y="120.0"/>
      </bpmndi:BPMNEdge>
      <bpmndi:BPMNEdge bpmnElement="sid-C5E006B9-932D-4644-9C5A-D5F4C87B3F2B" id="BPMNEdge_sid-C5E006B9-932D-4644-9C5A-D5F4C87B3F2B">
        <omgdi:waypoint x="265.0" y="120.0"/>
        <omgdi:waypoint x="310.0" y="120.0"/>
      </bpmndi:BPMNEdge>
    </bpmndi:BPMNPlane>
  </bpmndi:BPMNDiagram>
</definitions>