{"resourceId":78883,"properties":{"process_id":"groupwidget","name":"group widget","documentation":"","process_author":"","process_version":"","process_namespace":"http://www.activiti.org/processdef","executionlisteners":"","eventlisteners":"","signaldefinitions":"","messagedefinitions":"","executionvariables":"","metadata":""},"stencil":{"id":"BPMNDiagram"},"childShapes":[{"resourceId":"startEvent1","properties":{"overrideid":"","name":"","documentation":"","executionlisteners":"","initiator":"","formkeydefinition":"","formreference":"","fieldstovariables":"","formproperties":""},"stencil":{"id":"StartNoneEvent"},"childShapes":[],"outgoing":[{"resourceId":"sid-4A83A5B3-119F-408C-B011-45A6DBB688F7"}],"bounds":{"lowerRight":{"x":130,"y":150},"upperLeft":{"x":100,"y":120}},"dockers":[]},{"resourceId":"sid-FD4BA623-3476-45B0-B95C-E6281A4FE747","properties":{"overrideid":"","name":"","documentation":"","asynchronousdefinition":"false","exclusivedefinition":"false","executionlisteners":"","multiinstance_type":"None","multiinstance_cardinality":"","multiinstance_collection":"","multiinstance_variable":"","multiinstance_condition":"","isforcompensation":"false","usertasksendemail":true,"usertaskassignment":"","formkeydefinition":"","formreference":{"id":77949,"name":"Group widget","referenceId":null,"variablesmapping":[]},"fieldstovariables":"","duedatedefinition":"","prioritydefinition":"","categorydefinition":"","formproperties":"","tasklisteners":"","emailtemplate":""},"stencil":{"id":"UserTask"},"childShapes":[],"outgoing":[{"resourceId":"sid-A3FCBFB7-CE94-485D-9A18-86079EC5D767"}],"bounds":{"lowerRight":{"x":275,"y":175},"upperLeft":{"x":175,"y":95}},"dockers":[]},{"resourceId":"sid-4A83A5B3-119F-408C-B011-45A6DBB688F7","properties":{"overrideid":"","name":"","documentation":"","conditionsequenceflow":"","executionlisteners":"","defaultflow":"false"},"stencil":{"id":"SequenceFlow"},"childShapes":[],"outgoing":[{"resourceId":"sid-FD4BA623-3476-45B0-B95C-E6281A4FE747"}],"bounds":{"lowerRight":{"x":174.15625,"y":135},"upperLeft":{"x":130.609375,"y":135}},"dockers":[{"x":15,"y":15},{"x":50,"y":40}],"target":{"resourceId":"sid-FD4BA623-3476-45B0-B95C-E6281A4FE747"}},{"resourceId":"sid-BFB38DFF-3DDE-4420-B380-ED825FED0E0D","properties":{"overrideid":"","name":"","documentation":"","executionlisteners":""},"stencil":{"id":"EndNoneEvent"},"childShapes":[],"outgoing":[],"bounds":{"lowerRight":{"x":348,"y":149},"upperLeft":{"x":320,"y":121}},"dockers":[]},{"resourceId":"sid-A3FCBFB7-CE94-485D-9A18-86079EC5D767","properties":{"overrideid":"","name":"","documentation":"","conditionsequenceflow":"","executionlisteners":"","defaultflow":"false"},"stencil":{"id":"SequenceFlow"},"childShapes":[],"outgoing":[{"resourceId":"sid-BFB38DFF-3DDE-4420-B380-ED825FED0E0D"}],"bounds":{"lowerRight":{"x":319.375,"y":135},"upperLeft":{"x":275.390625,"y":135}},"dockers":[{"x":50,"y":40},{"x":14,"y":14}],"target":{"resourceId":"sid-BFB38DFF-3DDE-4420-B380-ED825FED0E0D"}}],"bounds":{"lowerRight":{"x":1200,"y":1050},"upperLeft":{"x":0,"y":0}},"stencilset":{"url":"stencilsets/bpmn2.0/bpmn2.0.json","namespace":"http://b3mn.org/stencilset/bpmn2.0#"},"ssextensions":[]}