<?xml version='1.0' encoding='UTF-8'?>
<definitions xmlns="http://www.omg.org/spec/BPMN/20100524/MODEL" xmlns:xsi="http://www.w3.org/2001/XMLSchema-instance" xmlns:xsd="http://www.w3.org/2001/XMLSchema" xmlns:activiti="http://activiti.org/bpmn" xmlns:bpmndi="http://www.omg.org/spec/BPMN/20100524/DI" xmlns:omgdc="http://www.omg.org/spec/DD/20100524/DC" xmlns:omgdi="http://www.omg.org/spec/DD/20100524/DI" typeLanguage="http://www.w3.org/2001/XMLSchema" expressionLanguage="http://www.w3.org/1999/XPath" targetNamespace="http://www.activiti.org/processdef" xmlns:modeler="http://activiti.com/modeler" modeler:version="1.0en" modeler:exportDateTime="20200310121052343" modeler:modelId="78883" modeler:modelVersion="4" modeler:modelLastUpdated="1583842250448">
  <process id="groupwidget" name="group widget" isExecutable="true">
    <startEvent id="startEvent1">
      <extensionElements>
        <modeler:editor-resource-id><![CDATA[startEvent1]]></modeler:editor-resource-id>
      </extensionElements>
    </startEvent>
    <userTask id="sid-FD4BA623-3476-45B0-B95C-E6281A4FE747" activiti:assignee="$INITIATOR" activiti:formKey="77949">
      <extensionElements>
        <modeler:allow-send-email><![CDATA[true]]></modeler:allow-send-email>
        <modeler:form-reference-id><![CDATA[77949]]></modeler:form-reference-id>
        <modeler:form-reference-name><![CDATA[Group widget]]></modeler:form-reference-name>
        <modeler:activiti-idm-initiator><![CDATA[true]]></modeler:activiti-idm-initiator>
        <modeler:editor-resource-id><![CDATA[sid-FD4BA623-3476-45B0-B95C-E6281A4FE747]]></modeler:editor-resource-id>
      </extensionElements>
    </userTask>
    <sequenceFlow id="sid-4A83A5B3-119F-408C-B011-45A6DBB688F7" sourceRef="startEvent1" targetRef="sid-FD4BA623-3476-45B0-B95C-E6281A4FE747">
      <extensionElements>
        <modeler:editor-resource-id><![CDATA[sid-4A83A5B3-119F-408C-B011-45A6DBB688F7]]></modeler:editor-resource-id>
      </extensionElements>
    </sequenceFlow>
    <endEvent id="sid-BFB38DFF-3DDE-4420-B380-ED825FED0E0D">
      <extensionElements>
        <modeler:editor-resource-id><![CDATA[sid-BFB38DFF-3DDE-4420-B380-ED825FED0E0D]]></modeler:editor-resource-id>
      </extensionElements>
    </endEvent>
    <sequenceFlow id="sid-A3FCBFB7-CE94-485D-9A18-86079EC5D767" sourceRef="sid-FD4BA623-3476-45B0-B95C-E6281A4FE747" targetRef="sid-BFB38DFF-3DDE-4420-B380-ED825FED0E0D">
      <extensionElements>
        <modeler:editor-resource-id><![CDATA[sid-A3FCBFB7-CE94-485D-9A18-86079EC5D767]]></modeler:editor-resource-id>
      </extensionElements>
    </sequenceFlow>
  </process>
  <bpmndi:BPMNDiagram id="BPMNDiagram_groupwidget">
    <bpmndi:BPMNPlane bpmnElement="groupwidget" id="BPMNPlane_groupwidget">
      <bpmndi:BPMNShape bpmnElement="startEvent1" id="BPMNShape_startEvent1">
        <omgdc:Bounds height="30.0" width="30.0" x="100.0" y="120.0"/>
      </bpmndi:BPMNShape>
      <bpmndi:BPMNShape bpmnElement="sid-FD4BA623-3476-45B0-B95C-E6281A4FE747" id="BPMNShape_sid-FD4BA623-3476-45B0-B95C-E6281A4FE747">
        <omgdc:Bounds height="80.0" width="100.0" x="175.0" y="95.0"/>
      </bpmndi:BPMNShape>
      <bpmndi:BPMNShape bpmnElement="sid-BFB38DFF-3DDE-4420-B380-ED825FED0E0D" id="BPMNShape_sid-BFB38DFF-3DDE-4420-B380-ED825FED0E0D">
        <omgdc:Bounds height="28.0" width="28.0" x="320.0" y="121.0"/>
      </bpmndi:BPMNShape>
      <bpmndi:BPMNEdge bpmnElement="sid-4A83A5B3-119F-408C-B011-45A6DBB688F7" id="BPMNEdge_sid-4A83A5B3-119F-408C-B011-45A6DBB688F7">
        <omgdi:waypoint x="130.0" y="135.0"/>
        <omgdi:waypoint x="175.0" y="135.0"/>
      </bpmndi:BPMNEdge>
      <bpmndi:BPMNEdge bpmnElement="sid-A3FCBFB7-CE94-485D-9A18-86079EC5D767" id="BPMNEdge_sid-A3FCBFB7-CE94-485D-9A18-86079EC5D767">
        <omgdi:waypoint x="275.0" y="135.0"/>
        <omgdi:waypoint x="320.0" y="135.0"/>
      </bpmndi:BPMNEdge>
    </bpmndi:BPMNPlane>
  </bpmndi:BPMNDiagram>
</definitions>