{"resourceId":78884,"properties":{"process_id":"groupwidget-subgrouprestriction","name":"group widget - subgroup restriction","documentation":"","process_author":"","process_version":"","process_namespace":"http://www.activiti.org/processdef","executionlisteners":"","eventlisteners":"","signaldefinitions":"","messagedefinitions":"","executionvariables":"","metadata":""},"stencil":{"id":"BPMNDiagram"},"childShapes":[{"resourceId":"startEvent1","properties":{"overrideid":"","name":"","documentation":"","executionlisteners":"","initiator":"","formkeydefinition":"","formreference":"","fieldstovariables":"","formproperties":""},"stencil":{"id":"StartNoneEvent"},"childShapes":[],"outgoing":[{"resourceId":"sid-810C03D2-2D03-460B-A191-D80E39358F82"}],"bounds":{"lowerRight":{"x":120,"y":135},"upperLeft":{"x":90,"y":105}},"dockers":[]},{"resourceId":"sid-DE0A2EEF-F8AF-4E66-A7C6-52D0CBBF3459","properties":{"overrideid":"","name":"","documentation":"","asynchronousdefinition":"false","exclusivedefinition":"false","executionlisteners":"","multiinstance_type":"None","multiinstance_cardinality":"","multiinstance_collection":"","multiinstance_variable":"","multiinstance_condition":"","isforcompensation":"false","usertasksendemail":true,"usertaskassignment":"","formkeydefinition":"","formreference":{"id":77950,"name":"Group widget - subgroup restriction","referenceId":null,"variablesmapping":[]},"fieldstovariables":"","duedatedefinition":"","prioritydefinition":"","categorydefinition":"","formproperties":"","tasklisteners":"","emailtemplate":""},"stencil":{"id":"UserTask"},"childShapes":[],"outgoing":[{"resourceId":"sid-C5E006B9-932D-4644-9C5A-D5F4C87B3F2B"}],"bounds":{"lowerRight":{"x":265,"y":160},"upperLeft":{"x":165,"y":80}},"dockers":[]},{"resourceId":"sid-810C03D2-2D03-460B-A191-D80E39358F82","properties":{"overrideid":"","name":"","documentation":"","conditionsequenceflow":"","executionlisteners":"","defaultflow":"false"},"stencil":{"id":"SequenceFlow"},"childShapes":[],"outgoing":[{"resourceId":"sid-DE0A2EEF-F8AF-4E66-A7C6-52D0CBBF3459"}],"bounds":{"lowerRight":{"x":164.15625,"y":120},"upperLeft":{"x":120.609375,"y":120}},"dockers":[{"x":15,"y":15},{"x":50,"y":40}],"target":{"resourceId":"sid-DE0A2EEF-F8AF-4E66-A7C6-52D0CBBF3459"}},{"resourceId":"sid-0B5F3094-B73B-4183-A656-486DF306CA2B","properties":{"overrideid":"","name":"","documentation":"","executionlisteners":""},"stencil":{"id":"EndNoneEvent"},"childShapes":[],"outgoing":[],"bounds":{"lowerRight":{"x":338,"y":134},"upperLeft":{"x":310,"y":106}},"dockers":[]},{"resourceId":"sid-C5E006B9-932D-4644-9C5A-D5F4C87B3F2B","properties":{"overrideid":"","name":"","documentation":"","conditionsequenceflow":"","executionlisteners":"","defaultflow":"false"},"stencil":{"id":"SequenceFlow"},"childShapes":[],"outgoing":[{"resourceId":"sid-0B5F3094-B73B-4183-A656-486DF306CA2B"}],"bounds":{"lowerRight":{"x":309.375,"y":120},"upperLeft":{"x":265.390625,"y":120}},"dockers":[{"x":50,"y":40},{"x":14,"y":14}],"target":{"resourceId":"sid-0B5F3094-B73B-4183-A656-486DF306CA2B"}}],"bounds":{"lowerRight":{"x":1200,"y":1050},"upperLeft":{"x":0,"y":0}},"stencilset":{"url":"stencilsets/bpmn2.0/bpmn2.0.json","namespace":"http://b3mn.org/stencilset/bpmn2.0#"},"ssextensions":[]}