<?xml version='1.0' encoding='UTF-8'?>
<definitions xmlns="http://www.omg.org/spec/BPMN/20100524/MODEL" xmlns:xsi="http://www.w3.org/2001/XMLSchema-instance" xmlns:xsd="http://www.w3.org/2001/XMLSchema" xmlns:activiti="http://activiti.org/bpmn" xmlns:bpmndi="http://www.omg.org/spec/BPMN/20100524/DI" xmlns:omgdc="http://www.omg.org/spec/DD/20100524/DC" xmlns:omgdi="http://www.omg.org/spec/DD/20100524/DI" typeLanguage="http://www.w3.org/2001/XMLSchema" expressionLanguage="http://www.w3.org/1999/XPath" targetNamespace="http://www.activiti.org/processdef" xmlns:modeler="http://activiti.com/modeler" modeler:version="1.0en" modeler:exportDateTime="20200310121052335" modeler:modelId="78885" modeler:modelVersion="4" modeler:modelLastUpdated="1583842250388">
  <process id="peoplewidget-grouprestriction" name="people widget - group restriction" isExecutable="true">
    <startEvent id="startEvent1">
      <extensionElements>
        <modeler:editor-resource-id><![CDATA[startEvent1]]></modeler:editor-resource-id>
      </extensionElements>
    </startEvent>
    <userTask id="sid-AA04B7C0-7FE7-4F1B-B5AE-4A8D674EEFE6" activiti:assignee="$INITIATOR" activiti:formKey="77948">
      <extensionElements>
        <modeler:allow-send-email><![CDATA[true]]></modeler:allow-send-email>
        <modeler:form-reference-id><![CDATA[77948]]></modeler:form-reference-id>
        <modeler:form-reference-name><![CDATA[People widget - group restriction]]></modeler:form-reference-name>
        <modeler:activiti-idm-initiator><![CDATA[true]]></modeler:activiti-idm-initiator>
        <modeler:editor-resource-id><![CDATA[sid-AA04B7C0-7FE7-4F1B-B5AE-4A8D674EEFE6]]></modeler:editor-resource-id>
      </extensionElements>
    </userTask>
    <sequenceFlow id="sid-42EA356F-5AA5-4352-AC1C-C2C518878C22" sourceRef="startEvent1" targetRef="sid-AA04B7C0-7FE7-4F1B-B5AE-4A8D674EEFE6">
      <extensionElements>
        <modeler:editor-resource-id><![CDATA[sid-42EA356F-5AA5-4352-AC1C-C2C518878C22]]></modeler:editor-resource-id>
      </extensionElements>
    </sequenceFlow>
    <endEvent id="sid-88982412-7345-46E6-8E30-11CE10FF19E5">
      <extensionElements>
        <modeler:editor-resource-id><![CDATA[sid-88982412-7345-46E6-8E30-11CE10FF19E5]]></modeler:editor-resource-id>
      </extensionElements>
    </endEvent>
    <sequenceFlow id="sid-DF76063B-47A1-422D-B53E-28816F5996A0" sourceRef="sid-AA04B7C0-7FE7-4F1B-B5AE-4A8D674EEFE6" targetRef="sid-88982412-7345-46E6-8E30-11CE10FF19E5">
      <extensionElements>
        <modeler:editor-resource-id><![CDATA[sid-DF76063B-47A1-422D-B53E-28816F5996A0]]></modeler:editor-resource-id>
      </extensionElements>
    </sequenceFlow>
  </process>
  <bpmndi:BPMNDiagram id="BPMNDiagram_peoplewidget-grouprestriction">
    <bpmndi:BPMNPlane bpmnElement="peoplewidget-grouprestriction" id="BPMNPlane_peoplewidget-grouprestriction">
      <bpmndi:BPMNShape bpmnElement="startEvent1" id="BPMNShape_startEvent1">
        <omgdc:Bounds height="30.0" width="30.0" x="75.0" y="105.0"/>
      </bpmndi:BPMNShape>
      <bpmndi:BPMNShape bpmnElement="sid-AA04B7C0-7FE7-4F1B-B5AE-4A8D674EEFE6" id="BPMNShape_sid-AA04B7C0-7FE7-4F1B-B5AE-4A8D674EEFE6">
        <omgdc:Bounds height="80.0" width="100.0" x="150.0" y="80.0"/>
      </bpmndi:BPMNShape>
      <bpmndi:BPMNShape bpmnElement="sid-88982412-7345-46E6-8E30-11CE10FF19E5" id="BPMNShape_sid-88982412-7345-46E6-8E30-11CE10FF19E5">
        <omgdc:Bounds height="28.0" width="28.0" x="295.0" y="106.0"/>
      </bpmndi:BPMNShape>
      <bpmndi:BPMNEdge bpmnElement="sid-DF76063B-47A1-422D-B53E-28816F5996A0" id="BPMNEdge_sid-DF76063B-47A1-422D-B53E-28816F5996A0">
        <omgdi:waypoint x="250.0" y="120.0"/>
        <omgdi:waypoint x="295.0" y="120.0"/>
      </bpmndi:BPMNEdge>
      <bpmndi:BPMNEdge bpmnElement="sid-42EA356F-5AA5-4352-AC1C-C2C518878C22" id="BPMNEdge_sid-42EA356F-5AA5-4352-AC1C-C2C518878C22">
        <omgdi:waypoint x="105.0" y="120.0"/>
        <omgdi:waypoint x="150.0" y="120.0"/>
      </bpmndi:BPMNEdge>
    </bpmndi:BPMNPlane>
  </bpmndi:BPMNDiagram>
</definitions>