{"resourceId":78885,"properties":{"process_id":"peoplewidget-grouprestriction","name":"people widget - group restriction","documentation":"","process_author":"","process_version":"","process_namespace":"http://www.activiti.org/processdef","executionlisteners":"","eventlisteners":"","signaldefinitions":"","messagedefinitions":"","executionvariables":"","metadata":""},"stencil":{"id":"BPMNDiagram"},"childShapes":[{"resourceId":"startEvent1","properties":{"overrideid":"","name":"","documentation":"","executionlisteners":"","initiator":"","formkeydefinition":"","formreference":"","fieldstovariables":"","formproperties":""},"stencil":{"id":"StartNoneEvent"},"childShapes":[],"outgoing":[{"resourceId":"sid-42EA356F-5AA5-4352-AC1C-C2C518878C22"}],"bounds":{"lowerRight":{"x":105,"y":135},"upperLeft":{"x":75,"y":105}},"dockers":[]},{"resourceId":"sid-AA04B7C0-7FE7-4F1B-B5AE-4A8D674EEFE6","properties":{"overrideid":"","name":"","documentation":"","asynchronousdefinition":"false","exclusivedefinition":"false","executionlisteners":"","multiinstance_type":"None","multiinstance_cardinality":"","multiinstance_collection":"","multiinstance_variable":"","multiinstance_condition":"","isforcompensation":"false","usertasksendemail":true,"usertaskassignment":"","formkeydefinition":"","formreference":{"id":77948,"name":"People widget - group restriction","referenceId":null,"variablesmapping":[]},"fieldstovariables":"","duedatedefinition":"","prioritydefinition":"","categorydefinition":"","formproperties":"","tasklisteners":"","emailtemplate":""},"stencil":{"id":"UserTask"},"childShapes":[],"outgoing":[{"resourceId":"sid-DF76063B-47A1-422D-B53E-28816F5996A0"}],"bounds":{"lowerRight":{"x":250,"y":160},"upperLeft":{"x":150,"y":80}},"dockers":[]},{"resourceId":"sid-42EA356F-5AA5-4352-AC1C-C2C518878C22","properties":{"overrideid":"","name":"","documentation":"","conditionsequenceflow":"","executionlisteners":"","defaultflow":"false"},"stencil":{"id":"SequenceFlow"},"childShapes":[],"outgoing":[{"resourceId":"sid-AA04B7C0-7FE7-4F1B-B5AE-4A8D674EEFE6"}],"bounds":{"lowerRight":{"x":149.15625,"y":120},"upperLeft":{"x":105.609375,"y":120}},"dockers":[{"x":15,"y":15},{"x":50,"y":40}],"target":{"resourceId":"sid-AA04B7C0-7FE7-4F1B-B5AE-4A8D674EEFE6"}},{"resourceId":"sid-88982412-7345-46E6-8E30-11CE10FF19E5","properties":{"overrideid":"","name":"","documentation":"","executionlisteners":""},"stencil":{"id":"EndNoneEvent"},"childShapes":[],"outgoing":[],"bounds":{"lowerRight":{"x":323,"y":134},"upperLeft":{"x":295,"y":106}},"dockers":[]},{"resourceId":"sid-DF76063B-47A1-422D-B53E-28816F5996A0","properties":{"overrideid":"","name":"","documentation":"","conditionsequenceflow":"","executionlisteners":"","defaultflow":"false"},"stencil":{"id":"SequenceFlow"},"childShapes":[],"outgoing":[{"resourceId":"sid-88982412-7345-46E6-8E30-11CE10FF19E5"}],"bounds":{"lowerRight":{"x":294.375,"y":120},"upperLeft":{"x":250.390625,"y":120}},"dockers":[{"x":50,"y":40},{"x":14,"y":14}],"target":{"resourceId":"sid-88982412-7345-46E6-8E30-11CE10FF19E5"}}],"bounds":{"lowerRight":{"x":1200,"y":1050},"upperLeft":{"x":0,"y":0}},"stencilset":{"url":"stencilsets/bpmn2.0/bpmn2.0.json","namespace":"http://b3mn.org/stencilset/bpmn2.0#"},"ssextensions":[]}