{"name":"aspose","description":"Connector for the document generation","actions":{"895dbddf-4f54-4d80-ae53-8df3abdeec28":{"id":"895dbddf-4f54-4d80-ae53-8df3abdeec28","name":"GENERATE","description":"Document Generate Action","inputs":[{"id":"2270e68d-42e9-44b3-b531-a31dacb8f8fb","name":"metadata","description":"Metadata to be used by the template","type":"json","required":false},{"id":"7705dba2-bbe1-4569-a4de-986e0db1e10f","name":"outputFormat","description":"Format to save the document. At the moment only \"PDF\" and \"DOCX\" are supported. Default \"PDF\".","type":"string","required":false},{"id":"a422f829-0778-4560-b453-b4348ad33167","name":"template","description":"Template file to use for generating the document.","type":"file","required":true},{"id":"63a0cb65-1e11-46d5-8713-347f7d7f8a69","name":"outputFileName","description":"Output file name","type":"string","required":false},{"id":"d7a727ff-4d3f-4a9e-a58c-418a870d5035","name":"targetFolder","description":"The parent node target to save the document in ACS","type":"folder","required":false},{"id":"8ff65404-138b-4ac5-82f6-d384f573816a","name":"targetFolderId","description":"Node Id of the target folder to save the document in ACS","type":"string"},{"id":"06ad3d65-cfff-4d83-bdc7-29de0169a357","name":"targetFolderPath","description":"Location or relative path related ofthe target folder to save the document in ACS","type":"string","required":false},{"id":"a0946ad8-54c9-40d6-a2d1-085d0527fc59","name":"targetFile","description":"The node id to save the document in ACS","type":"file"},{"id":"e2eadc1f-29c4-4ba1-a5de-9872b39be0ca","name":"targetFileType","description":"Node type for the result","type":"content-type"},{"id":"d6c021fd-a571-4146-b692-2d63f5b1f018","name":"targetFileMetadata","description":"Metadata to assign to the result node in ACS","type":"content-metadata","required":false},{"id":"51be713b-aa11-4859-88ca-59da228879fe","name":"underscoreMetadata","description":"If underscoreMetadata is true, the received prefixed properties names contain underscore (_) instead of colon (:) for separating the namespace prefix from the property name.","type":"boolean"}],"outputs":[{"id":"e9326b82-c719-4998-b183-83461a7d4ee7","name":"file","description":"File of the generated document","type":"file"}]}},"errors":[{"name":"MISSING_INPUT","description":"A mandatory input variable was not provided","code":"MISSING_INPUT"},{"name":"INVALID_INPUT","description":"The input variable has an invalid type","code":"INVALID_INPUT"},{"name":"INVALID_RESULT_FORMAT","description":"The REST service result payload cannot be parsed","code":"INVALID_RESULT_FORMAT"},{"name":"TEMPLATE_READ_ERROR","description":"Cannot read the document template","code":"TEMPLATE_READ_ERROR"},{"name":"UNKNOWN_ERROR","description":"Unexpected runtime error","code":"UNKNOWN_ERROR"},{"name":"BAD_REQUEST","description":"The server could not understand the request due to invalid syntax","code":"BAD_REQUEST"},{"name":"UNAUTHORIZED","description":"The request has not been applied because it lacks valid authentication","code":"UNAUTHORIZED"},{"name":"FORBIDDEN","description":"The server understood the request but refuses to authorize it","code":"FORBIDDEN"},{"name":"NOT_FOUND","description":"The server could not find what was requested","code":"NOT_FOUND"},{"name":"METHOD_NOT_ALLOWED","description":"The request method is known by the server but is not supported","code":"METHOD_NOT_ALLOWED"},{"name":"NOT_ACCEPTABLE","description":"The server cannot produce a response matching the list of acceptable values","code":"NOT_ACCEPTABLE"},{"name":"REQUEST_TIMEOUT","description":"The server would like to shut down this unused connection","code":"REQUEST_TIMEOUT"},{"name":"CONFLICT","description":"The request conflicts with current state of the server","code":"CONFLICT"},{"name":"GONE","description":"No longer available","code":"GONE"},{"name":"UNPROCESSABLE_ENTITY","description":"The server understands the content type of the request entity, and the syntax of the request entity is correct, but it was unable to process the contained instructions","code":"UNPROCESSABLE_ENTITY"},{"name":"LOCKED","description":"The resource that is being accessed is locked","code":"LOCKED"},{"name":"FAILED_DEPENDENCY","description":"The request failed due to failure of a previous request","code":"FAILED_DEPENDENCY"},{"name":"INTERNAL_SERVER_ERROR","description":"The server has encountered a situation it doesn't know how to handle","code":"INTERNAL_SERVER_ERROR"},{"name":"NOT_IMPLEMENTED","description":"The request method is not supported by the server and cannot be handled","code":"NOT_IMPLEMENTED"},{"name":"BAD_GATEWAY","description":"The server got an invalid response","code":"BAD_GATEWAY"},{"name":"SERVICE_UNAVAILABLE","description":"The server is not ready to handle the request","code":"SERVICE_UNAVAILABLE"},{"name":"GATEWAY_TIMEOUT","description":"The server is acting as a gateway and cannot get a response in time","code":"GATEWAY_TIMEOUT"}],"template":"docgenConnector"}