{"name":"comprehend","description":"APS Connector that provides integration with text analysis service","actions":{"8b4d51b9-5b34-41d9-9989-cac5a1c6cf76":{"id":"8b4d51b9-5b34-41d9-9989-cac5a1c6cf76","name":"ENTITY","description":"Extract entities from text","inputs":[{"id":"84172abf-1a0e-473d-be12-3b25fa26ee36","name":"text","description":"Raw text to be analysed","type":"string","required":false},{"id":"ebc88acd-7d8a-4e6c-8c8e-872ae453627d","name":"maxEntities","description":"Maximum number of entities to be extracted","type":"integer","required":false},{"id":"0d7f78b3-dcfa-450b-8f09-5315e64986c2","name":"timeout","description":"Timeout time in milliseconds when calling the text analysis service","type":"integer","required":false},{"id":"d98f8a49-f3e4-4e80-82de-83d612be67b5","name":"confidenceLevel","description":"The confidence level in the analysis as a float between 0 and 1","type":"integer"},{"id":"d43b9cc4-2163-4188-96c9-b1125081c9c8","name":"mediaType","description":"The media type of the document referred by nodeId to be analysed.","type":"string"},{"id":"48b7606e-4a41-4cc0-b240-1af284062737","name":"file","description":"File to be analysed. If multiple files are passed, only the first one will be analysed.","type":"file","required":false}],"outputs":[{"id":"4078501e-e7d8-428d-8686-a0a6df62dfea","name":"awsResponse","description":"The result object containing the entities and other information analysed ","type":"json"},{"id":"87536810-ffca-405c-803d-97569953f653","name":"aisResponse","description":"The object containing the result of the text analysis written in AIS standard schema","type":"json"},{"id":"6e27dee3-6159-48f0-b58e-2ee7a42d7538","name":"entities","description":"The result object containing the entities detected","type":"json"}]}},"errors":[{"name":"MISSING_INPUT","description":"A mandatory input variable was not provided","code":"MISSING_INPUT"},{"name":"INVALID_INPUT","description":"The input variable has an invalid type","code":"INVALID_INPUT"},{"name":"INVALID_RESULT_FORMAT","description":"The REST service result payload cannot be parsed","code":"INVALID_RESULT_FORMAT"},{"name":"TEXT_SIZE_LIMIT_EXCEEDED","description":"The size of the input text exceeds the limit","code":"TEXT_SIZE_LIMIT_EXCEEDED"},{"name":"TOO_MANY_REQUEST","description":"The request throughput limit was exceeded","code":"TOO_MANY_REQUEST"},{"name":"UNSUPPORTED_LANGUAGE","description":"The language of the input text can't be processed","code":"UNSUPPORTED_LANGUAGE"},{"name":"CLIENT_EXECUTION_TIMEOUT","description":"The execution ends because of timeout","code":"CLIENT_EXECUTION_TIMEOUT"},{"name":"UNKNOWN_ERROR","description":"Unexpected runtime error","code":"UNKNOWN_ERROR"},{"name":"BAD_REQUEST","description":"The server could not understand the request due to invalid syntax","code":"BAD_REQUEST"},{"name":"UNAUTHORIZED","description":"The request has not been applied because it lacks valid authentication","code":"UNAUTHORIZED"},{"name":"FORBIDDEN","description":"The server understood the request but refuses to authorize it","code":"FORBIDDEN"},{"name":"NOT_FOUND","description":"The server could not find what was requested","code":"NOT_FOUND"},{"name":"METHOD_NOT_ALLOWED","description":"The request method is known by the server but is not supported","code":"METHOD_NOT_ALLOWED"},{"name":"NOT_ACCEPTABLE","description":"The server cannot produce a response matching the list of acceptable values","code":"NOT_ACCEPTABLE"},{"name":"REQUEST_TIMEOUT","description":"The server would like to shut down this unused connection","code":"REQUEST_TIMEOUT"},{"name":"CONFLICT","description":"The request conflicts with current state of the server","code":"CONFLICT"},{"name":"GONE","description":"No longer available","code":"GONE"},{"name":"UNPROCESSABLE_ENTITY","description":"The server understands the content type of the request entity, and the syntax of the request entity is correct, but it was unable to process the contained instructions","code":"UNPROCESSABLE_ENTITY"},{"name":"LOCKED","description":"The resource that is being accessed is locked","code":"LOCKED"},{"name":"FAILED_DEPENDENCY","description":"The request failed due to failure of a previous request","code":"FAILED_DEPENDENCY"},{"name":"INTERNAL_SERVER_ERROR","description":"The server has encountered a situation it doesn't know how to handle","code":"INTERNAL_SERVER_ERROR"},{"name":"NOT_IMPLEMENTED","description":"The request method is not supported by the server and cannot be handled","code":"NOT_IMPLEMENTED"},{"name":"BAD_GATEWAY","description":"The server got an invalid response","code":"BAD_GATEWAY"},{"name":"SERVICE_UNAVAILABLE","description":"The server is not ready to handle the request","code":"SERVICE_UNAVAILABLE"},{"name":"GATEWAY_TIMEOUT","description":"The server is acting as a gateway and cannot get a response in time","code":"GATEWAY_TIMEOUT"}],"config":[{"name":"AWS_ACCESS_KEY_ID","description":"AWS Access Key ID","value":"","required":true},{"name":"AWS_SECRET_KEY","description":"AWS Secret key","value":"","required":true},{"name":"AWS_S3_BUCKET","description":"AWS S3 Bucket","value":"aae-data","required":true},{"name":"AWS_REGION","description":"AWS Region","value":"","required":true},{"name":"AWS_COMPREHEND_ROLE_ARN","description":"AWS Comprehend Role ARN","value":"","required":true}],"template":"comprehendConnector"}