{"name":"rekognition","description":"Rekognition Connector","actions":{"b6f1ddfa-bfd1-42a1-8c86-6176e63f2ad9":{"id":"b6f1ddfa-bfd1-42a1-8c86-6176e63f2ad9","name":"LABEL","description":"Images Rekognition Action","inputs":[{"id":"c91dbed0-7dee-4930-8f1d-9e4b47c9903b","name":"maxLabels","description":"Max number of labels to return. Defaults to 10.","type":"integer"},{"id":"6e144858-8f0e-49a8-8863-23f8a37c15a3","name":"timeout","description":"Timeout for the remote call to Rekognition service in milliseconds","type":"integer","required":false},{"id":"4db3fb67-89af-496d-9396-1b1f818f3e67","name":"confidenceLevel","description":"Minimun confidence level for a label. ","type":"string","required":false},{"id":"63822e13-0a22-461a-af62-2f3ec6c0b82d","name":"file","description":"File to be analysed. If multiple files are passed, only the first one will be analysed.","type":"file","required":true},{"id":"981c8507-3ecf-47c2-b040-7b8da54c67a6","name":"mediaType","type":"string","description":"The media type of the document referred by nodeId to be analysed.","required":false}],"outputs":[{"id":"282aa172-52dd-4b89-9cbb-ecdcc41c58b9","name":"awsResponse","description":"The object containing the original result of the image analysis performed by the Rekognition service","type":"json"},{"id":"195f0e1a-1848-4f18-8c10-43d5fea39d04","name":"aisResponse","description":"The object containing the result of the image analysis written in AIS standard schema","type":"json"},{"id":"6d85b785-928c-442b-a886-ca778701f811","name":"labels","description":"List of labels/entities found in the analysis","type":"array"}]}},"errors":[{"name":"MISSING_INPUT","description":"A mandatory input variable was not provided","code":"MISSING_INPUT"},{"name":"INVALID_INPUT","description":"The input variable has an invalid type","code":"INVALID_INPUT"},{"name":"INVALID_RESULT_FORMAT","description":"The REST service result payload cannot be parsed","code":"INVALID_RESULT_FORMAT"},{"name":"PROVISIONED_THROUGHPUT_EXCEEDED","description":"The number of requests exceeded your throughput limit","code":"PROVISIONED_THROUGHPUT_EXCEEDED"},{"name":"ACCESS_DENIED","description":"The user is not authorized to perform the action","code":"ACCESS_DENIED"},{"name":"IMAGE_TOO_LARGE","description":"The input image size exceeds the allowed limit","code":"IMAGE_TOO_LARGE"},{"name":"INVALID_IMAGE_FORMAT","description":"The provided image format is not supported","code":"INVALID_IMAGE_FORMAT"},{"name":"LIMIT_EXCEEDED","description":"The service limit was exceeded","code":"LIMIT_EXCEEDED"},{"name":"THROTTLING_ERROR","description":"The service is temporarily unable to process the request","code":"THROTTLING_ERROR"},{"name":"UNKNOWN_ERROR","description":"Unexpected runtime error","code":"UNKNOWN_ERROR"},{"name":"BAD_REQUEST","description":"The server could not understand the request due to invalid syntax","code":"BAD_REQUEST"},{"name":"UNAUTHORIZED","description":"The request has not been applied because it lacks valid authentication","code":"UNAUTHORIZED"},{"name":"FORBIDDEN","description":"The server understood the request but refuses to authorize it","code":"FORBIDDEN"},{"name":"NOT_FOUND","description":"The server could not find what was requested","code":"NOT_FOUND"},{"name":"METHOD_NOT_ALLOWED","description":"The request method is known by the server but is not supported","code":"METHOD_NOT_ALLOWED"},{"name":"NOT_ACCEPTABLE","description":"The server cannot produce a response matching the list of acceptable values","code":"NOT_ACCEPTABLE"},{"name":"REQUEST_TIMEOUT","description":"The server would like to shut down this unused connection","code":"REQUEST_TIMEOUT"},{"name":"CONFLICT","description":"The request conflicts with current state of the server","code":"CONFLICT"},{"name":"GONE","description":"No longer available","code":"GONE"},{"name":"UNPROCESSABLE_ENTITY","description":"The server understands the content type of the request entity, and the syntax of the request entity is correct, but it was unable to process the contained instructions","code":"UNPROCESSABLE_ENTITY"},{"name":"LOCKED","description":"The resource that is being accessed is locked","code":"LOCKED"},{"name":"FAILED_DEPENDENCY","description":"The request failed due to failure of a previous request","code":"FAILED_DEPENDENCY"},{"name":"INTERNAL_SERVER_ERROR","description":"The server has encountered a situation it doesn't know how to handle","code":"INTERNAL_SERVER_ERROR"},{"name":"NOT_IMPLEMENTED","description":"The request method is not supported by the server and cannot be handled","code":"NOT_IMPLEMENTED"},{"name":"BAD_GATEWAY","description":"The server got an invalid response","code":"BAD_GATEWAY"},{"name":"SERVICE_UNAVAILABLE","description":"The server is not ready to handle the request","code":"SERVICE_UNAVAILABLE"},{"name":"GATEWAY_TIMEOUT","description":"The server is acting as a gateway and cannot get a response in time","code":"GATEWAY_TIMEOUT"}],"config":[{"name":"AWS_ACCESS_KEY_ID","description":"AWS Access Key ID","value":"","required":true},{"name":"AWS_SECRET_KEY","description":"AWS Secret key","value":"","required":true},{"name":"AWS_S3_BUCKET","description":"AWS S3 Bucket","value":"aae-data","required":true},{"name":"AWS_REGION","description":"AWS Region","value":"","required":true}],"template":"rekognitionConnector"}