{"name":"textract","description":"Textract Connector","actions":{"f8482f68-5806-4294-9366-1abc6f0bd009":{"id":"f8482f68-5806-4294-9366-1abc6f0bd009","name":"EXTRACT","description":"The text extraction connector is designed to provide a standard mechanism in AAE to to perform either text extraction or document analysis from JPEG or PNG images. By default it uses AWS Textract.","inputs":[{"id":"5b5f7a5f-6d5c-4b18-893d-51f260e02838","name":"confidenceLevel","description":"Minimum confidence level for a label. Defaults to 0.75","type":"string","required":false},{"id":"b04ca795-9751-45e9-abc6-61babee7f153","name":"outputFormat","description":"The output format of the process. Defaults to JSON. The options are: JSON or TXT","type":"string"},{"id":"fe1b819e-3073-4a25-bb6b-6801cf368413","name":"file","description":"File to be analysed. If multiple files are passed, only the first one will be analysed. They could be nodeId or uri.","type":"file","required":true},{"id":"cdc487fc-d4ba-43cc-8a6f-c692f58195bc","name":"timeout","description":"Timeout for the remote call to Textract service in milliseconds.","type":"integer","required":false}],"outputs":[{"id":"057dbe92-f2b9-4ab2-adf1-2d24d2c3ffd5","name":"awsResult","description":"Result of the textract image analysis as a JSON or TXT","type":"json"}]}},"errors":[{"name":"MISSING_INPUT","description":"A mandatory input variable was not provided","code":"MISSING_INPUT"},{"name":"INVALID_INPUT","description":"The input variable has an invalid type","code":"INVALID_INPUT"},{"name":"INVALID_RESULT_FORMAT","description":"The REST service result payload cannot be parsed","code":"INVALID_RESULT_FORMAT"},{"name":"PROVISIONED_THROUGHPUT_EXCEEDED","description":"The number of requests exceeded your throughput limit","code":"PROVISIONED_THROUGHPUT_EXCEEDED"},{"name":"ACCESS_DENIED","description":"The user is not authorized to perform the action","code":"ACCESS_DENIED"},{"name":"DOCUMENT_TOO_LARGE","description":"The input document size exceeds the allowed limit","code":"DOCUMENT_TOO_LARGE"},{"name":"UNSUPPORTED_DOCUMENT","description":"The provided document is not supported","code":"UNSUPPORTED_DOCUMENT"},{"name":"BAD_DOCUMENT","description":"The provided document can't be read","code":"BAD_DOCUMENT"},{"name":"THROTTLING_ERROR","description":"The service is temporarily unable to process the request","code":"THROTTLING_ERROR"},{"name":"UNKNOWN_ERROR","description":"Unexpected runtime error","code":"UNKNOWN_ERROR"},{"name":"BAD_REQUEST","description":"The server could not understand the request due to invalid syntax","code":"BAD_REQUEST"},{"name":"UNAUTHORIZED","description":"The request has not been applied because it lacks valid authentication","code":"UNAUTHORIZED"},{"name":"FORBIDDEN","description":"The server understood the request but refuses to authorize it","code":"FORBIDDEN"},{"name":"NOT_FOUND","description":"The server could not find what was requested","code":"NOT_FOUND"},{"name":"METHOD_NOT_ALLOWED","description":"The request method is known by the server but is not supported","code":"METHOD_NOT_ALLOWED"},{"name":"NOT_ACCEPTABLE","description":"The server cannot produce a response matching the list of acceptable values","code":"NOT_ACCEPTABLE"},{"name":"REQUEST_TIMEOUT","description":"The server would like to shut down this unused connection","code":"REQUEST_TIMEOUT"},{"name":"CONFLICT","description":"The request conflicts with current state of the server","code":"CONFLICT"},{"name":"GONE","description":"No longer available","code":"GONE"},{"name":"UNPROCESSABLE_ENTITY","description":"The server understands the content type of the request entity, and the syntax of the request entity is correct, but it was unable to process the contained instructions","code":"UNPROCESSABLE_ENTITY"},{"name":"LOCKED","description":"The resource that is being accessed is locked","code":"LOCKED"},{"name":"FAILED_DEPENDENCY","description":"The request failed due to failure of a previous request","code":"FAILED_DEPENDENCY"},{"name":"INTERNAL_SERVER_ERROR","description":"The server has encountered a situation it doesn't know how to handle","code":"INTERNAL_SERVER_ERROR"},{"name":"NOT_IMPLEMENTED","description":"The request method is not supported by the server and cannot be handled","code":"NOT_IMPLEMENTED"},{"name":"BAD_GATEWAY","description":"The server got an invalid response","code":"BAD_GATEWAY"},{"name":"SERVICE_UNAVAILABLE","description":"The server is not ready to handle the request","code":"SERVICE_UNAVAILABLE"},{"name":"GATEWAY_TIMEOUT","description":"The server is acting as a gateway and cannot get a response in time","code":"GATEWAY_TIMEOUT"}],"config":[{"name":"AWS_ACCESS_KEY_ID","description":"AWS Access Key ID","value":"","required":false,"secure":false},{"name":"AWS_SECRET_KEY","description":"AWS Secret key","value":"","required":true,"secure":false},{"name":"AWS_S3_BUCKET","description":"AWS S3 Bucket","value":"aae-data","required":true},{"name":"AWS_REGION","description":"AWS Region","value":"","required":true}],"template":"textractConnector"}