<?xml version='1.0' encoding='UTF-8'?>
<definitions xmlns="http://www.omg.org/spec/BPMN/20100524/MODEL" xmlns:xsi="http://www.w3.org/2001/XMLSchema-instance" xmlns:xsd="http://www.w3.org/2001/XMLSchema" xmlns:activiti="http://activiti.org/bpmn" xmlns:bpmndi="http://www.omg.org/spec/BPMN/20100524/DI" xmlns:omgdc="http://www.omg.org/spec/DD/20100524/DC" xmlns:omgdi="http://www.omg.org/spec/DD/20100524/DI" typeLanguage="http://www.w3.org/2001/XMLSchema" expressionLanguage="http://www.w3.org/1999/XPath" targetNamespace="http://www.activiti.org/processdef" xmlns:modeler="http://activiti.com/modeler" modeler:version="1.0en" modeler:exportDateTime="20180906135213128" modeler:modelId="385" modeler:modelVersion="1" modeler:modelLastUpdated="1536241912318">
  <process id="process" name="process" isExecutable="true">
    <startEvent id="startEvent1">
      <extensionElements>
        <modeler:editor-resource-id><![CDATA[startEvent1]]></modeler:editor-resource-id>
      </extensionElements>
    </startEvent>
    <userTask id="sid-2415B372-845C-403E-A4FD-AB6A5670B0F0" activiti:assignee="$INITIATOR">
      <extensionElements>
        <modeler:allow-send-email><![CDATA[true]]></modeler:allow-send-email>
        <modeler:activiti-idm-initiator><![CDATA[true]]></modeler:activiti-idm-initiator>
        <modeler:editor-resource-id><![CDATA[sid-2415B372-845C-403E-A4FD-AB6A5670B0F0]]></modeler:editor-resource-id>
      </extensionElements>
    </userTask>
    <sequenceFlow id="sid-25FC280B-4A73-4CF9-98C7-1DD958B76839" sourceRef="startEvent1" targetRef="sid-2415B372-845C-403E-A4FD-AB6A5670B0F0">
      <extensionElements>
        <modeler:editor-resource-id><![CDATA[sid-25FC280B-4A73-4CF9-98C7-1DD958B76839]]></modeler:editor-resource-id>
      </extensionElements>
    </sequenceFlow>
    <endEvent id="sid-EF9BDB8C-03A2-41E2-BEE9-AB161B3EC51E">
      <extensionElements>
        <modeler:editor-resource-id><![CDATA[sid-EF9BDB8C-03A2-41E2-BEE9-AB161B3EC51E]]></modeler:editor-resource-id>
      </extensionElements>
    </endEvent>
    <sequenceFlow id="sid-8EBDF489-FDE3-4405-AFA8-F13F98276088" sourceRef="sid-2415B372-845C-403E-A4FD-AB6A5670B0F0" targetRef="sid-EF9BDB8C-03A2-41E2-BEE9-AB161B3EC51E">
      <extensionElements>
        <modeler:editor-resource-id><![CDATA[sid-8EBDF489-FDE3-4405-AFA8-F13F98276088]]></modeler:editor-resource-id>
      </extensionElements>
    </sequenceFlow>
  </process>
  <bpmndi:BPMNDiagram id="BPMNDiagram_process">
    <bpmndi:BPMNPlane bpmnElement="process" id="BPMNPlane_process">
      <bpmndi:BPMNShape bpmnElement="startEvent1" id="BPMNShape_startEvent1">
        <omgdc:Bounds height="30.0" width="30.0" x="100.0" y="163.0"/>
      </bpmndi:BPMNShape>
      <bpmndi:BPMNShape bpmnElement="sid-2415B372-845C-403E-A4FD-AB6A5670B0F0" id="BPMNShape_sid-2415B372-845C-403E-A4FD-AB6A5670B0F0">
        <omgdc:Bounds height="80.0" width="100.0" x="175.0" y="138.0"/>
      </bpmndi:BPMNShape>
      <bpmndi:BPMNShape bpmnElement="sid-EF9BDB8C-03A2-41E2-BEE9-AB161B3EC51E" id="BPMNShape_sid-EF9BDB8C-03A2-41E2-BEE9-AB161B3EC51E">
        <omgdc:Bounds height="28.0" width="28.0" x="320.0" y="164.0"/>
      </bpmndi:BPMNShape>
      <bpmndi:BPMNEdge bpmnElement="sid-25FC280B-4A73-4CF9-98C7-1DD958B76839" id="BPMNEdge_sid-25FC280B-4A73-4CF9-98C7-1DD958B76839">
        <omgdi:waypoint x="130.0" y="178.0"/>
        <omgdi:waypoint x="175.0" y="178.0"/>
      </bpmndi:BPMNEdge>
      <bpmndi:BPMNEdge bpmnElement="sid-8EBDF489-FDE3-4405-AFA8-F13F98276088" id="BPMNEdge_sid-8EBDF489-FDE3-4405-AFA8-F13F98276088">
        <omgdi:waypoint x="275.0" y="178.0"/>
        <omgdi:waypoint x="320.0" y="178.0"/>
      </bpmndi:BPMNEdge>
    </bpmndi:BPMNPlane>
  </bpmndi:BPMNDiagram>
</definitions>