{"resourceId":21021,"properties":{"process_id":"ClaimReviewProcess","name":"Claim Review Process","documentation":"Claim Review Process","process_author":"","process_version":"","process_namespace":"http://www.activiti.org/processdef","executionlisteners":"","eventlisteners":"null","signaldefinitions":"","messagedefinitions":"","executionvariables":"","metadata":""},"stencil":{"id":"BPMNDiagram"},"childShapes":[{"resourceId":"startEvent1","properties":{"overrideid":"","name":"","documentation":"","executionlisteners":"","initiator":"","formkeydefinition":"","formreference":{"id":21022,"name":"Claim Review Form","referenceId":null,"variablesmapping":[]},"fieldstovariables":"","formproperties":""},"stencil":{"id":"StartNoneEvent"},"childShapes":[],"outgoing":[{"resourceId":"sid-54A72130-5C59-498B-A6AF-3C82568B7CF1"}],"bounds":{"lowerRight":{"x":52.86236699107485,"y":134.9999988079071},"upperLeft":{"x":22.86236699107485,"y":104.9999988079071}},"dockers":[]},{"resourceId":"sid-19CC6E4F-8758-490A-B0E1-5FA600C5E715","properties":{"overrideid":"","name":"Claim Data Review ${policyno}","documentation":"","asynchronousdefinition":"false","exclusivedefinition":"false","executionlisteners":"","multiinstance_type":"None","multiinstance_cardinality":"","multiinstance_collection":"","multiinstance_variable":"","multiinstance_condition":"","isforcompensation":"false","usertasksendemail":true,"usertaskassignment":"","formkeydefinition":"","formreference":{"id":21023,"name":"Display Data","referenceId":null,"variablesmapping":[]},"fieldstovariables":"","duedatedefinition":"","prioritydefinition":"","categorydefinition":"","formproperties":"","tasklisteners":"","emailtemplate":""},"stencil":{"id":"UserTask"},"childShapes":[],"outgoing":[{"resourceId":"sid-F2BC7766-2C95-4CFB-9DC1-3A0C98AD14E3"}],"bounds":{"lowerRight":{"x":211.11110912837782,"y":159.99999880790713},"upperLeft":{"x":111.11110912837779,"y":79.99999880790709}},"dockers":[]},{"resourceId":"sid-54A72130-5C59-498B-A6AF-3C82568B7CF1","properties":{"overrideid":"","name":"","documentation":"","conditionsequenceflow":"","executionlisteners":"","defaultflow":"false"},"stencil":{"id":"SequenceFlow"},"childShapes":[],"outgoing":[{"resourceId":"sid-19CC6E4F-8758-490A-B0E1-5FA600C5E715"}],"bounds":{"lowerRight":{"x":111.00418843304614,"y":119.9999988079071},"upperLeft":{"x":53.305578960290035,"y":119.9999988079071}},"dockers":[{"x":15,"y":15},{"x":50.000000000000014,"y":40.00000000000002}],"target":{"resourceId":"sid-19CC6E4F-8758-490A-B0E1-5FA600C5E715"}},{"resourceId":"sid-046EB4E0-2625-4830-B4A1-1D3DE5FD350E","properties":{"overrideid":"","name":"Claim Amount Verification ${policyno}","documentation":"","asynchronousdefinition":"false","exclusivedefinition":"false","executionlisteners":"","multiinstance_type":"None","multiinstance_cardinality":"","multiinstance_collection":"","multiinstance_variable":"","multiinstance_condition":"","isforcompensation":"false","usertasksendemail":true,"usertaskassignment":"","formkeydefinition":"","formreference":{"id":21023,"name":"Display Data","referenceId":null,"variablesmapping":[]},"fieldstovariables":"","duedatedefinition":"","prioritydefinition":"","categorydefinition":"","formproperties":"","tasklisteners":"","emailtemplate":""},"stencil":{"id":"UserTask"},"childShapes":[],"outgoing":[{"resourceId":"sid-4AF46358-8BDD-4FDA-BD1A-F4AE0D26C494"}],"bounds":{"lowerRight":{"x":453.9999525249039,"y":159.99999761581427},"upperLeft":{"x":353.9999525249039,"y":79.99999761581424}},"dockers":[]},{"resourceId":"sid-FDEF27D3-C67C-4B94-83C5-B3307E66E0D8","properties":{"overrideid":"","name":"Claim Approval By Business Head ${policyno}","documentation":"","asynchronousdefinition":"false","exclusivedefinition":"false","executionlisteners":"","multiinstance_type":"None","multiinstance_cardinality":"","multiinstance_collection":"","multiinstance_variable":"","multiinstance_condition":"","isforcompensation":"false","usertasksendemail":true,"usertaskassignment":"","formkeydefinition":"","formreference":{"id":21023,"name":"Display Data","referenceId":null,"variablesmapping":[]},"fieldstovariables":"","duedatedefinition":"","prioritydefinition":"","categorydefinition":"","formproperties":"","tasklisteners":"","emailtemplate":""},"stencil":{"id":"UserTask"},"childShapes":[],"outgoing":[{"resourceId":"sid-089DD9D0-16B4-4F7D-8A0E-AC01DEDEB28D"}],"bounds":{"lowerRight":{"x":968.7699327151632,"y":157.99999883770943},"upperLeft":{"x":868.7699327151632,"y":77.99999883770944}},"dockers":[]},{"resourceId":"sid-D26EE205-590A-4DA6-AB68-2701F52F189C","properties":{"overrideid":"","name":"","documentation":"","asynchronousdefinition":"false","exclusivedefinition":"false","sequencefloworder":""},"stencil":{"id":"ExclusiveGateway"},"childShapes":[],"outgoing":[{"resourceId":"sid-24CA5B14-C8E7-4467-BE4B-9634AD513C90"},{"resourceId":"sid-B186B32F-B832-4C6C-9066-8CEB7720BB9E"}],"bounds":{"lowerRight":{"x":550,"y":138},"upperLeft":{"x":510,"y":98}},"dockers":[]},{"resourceId":"sid-8C895C7A-01A2-4BE5-BD78-A6E1F8D46B9E","properties":{"overrideid":"","name":"","documentation":"","asynchronousdefinition":"false","exclusivedefinition":"false","sequencefloworder":""},"stencil":{"id":"ExclusiveGateway"},"childShapes":[],"outgoing":[{"resourceId":"sid-05EE398E-C630-48E7-BA26-EB2B99D9B8E1"},{"resourceId":"sid-ABDE827A-BAA1-4DB4-8525-E800637B0BD5"},{"resourceId":"sid-1659AD33-49DB-4F20-A5E2-3B866D2737C0"}],"bounds":{"lowerRight":{"x":1056.6666111184516,"y":137.9999973773957},"upperLeft":{"x":1016.6666111184516,"y":97.99999737739569}},"dockers":[]},{"resourceId":"sid-E3C5CE1F-98AA-4DC4-82E4-68C9B80FE54F","properties":{"overrideid":"","name":"Claim Approval By CEO ${policyno}","documentation":"","asynchronousdefinition":"false","exclusivedefinition":"false","executionlisteners":"","multiinstance_type":"None","multiinstance_cardinality":"","multiinstance_collection":"","multiinstance_variable":"","multiinstance_condition":"","isforcompensation":"false","usertasksendemail":true,"usertaskassignment":"","formkeydefinition":"","formreference":{"id":21023,"name":"Display Data","referenceId":null,"variablesmapping":[]},"fieldstovariables":"","duedatedefinition":"","prioritydefinition":"","categorydefinition":"","formproperties":"","tasklisteners":"","emailtemplate":""},"stencil":{"id":"UserTask"},"childShapes":[],"outgoing":[{"resourceId":"sid-0D3DB6F3-7F4C-48E3-A836-940C6AC9F9AD"}],"bounds":{"lowerRight":{"x":1199.9999398986527,"y":159.99999566376223},"upperLeft":{"x":1099.9999398986524,"y":79.99999566376222}},"dockers":[]},{"resourceId":"sid-A9B7EC63-209F-4993-9BDA-0C176932B358","properties":{"overrideid":"","name":"","documentation":"","asynchronousdefinition":"false","exclusivedefinition":"false","sequencefloworder":""},"stencil":{"id":"ExclusiveGateway"},"childShapes":[],"outgoing":[{"resourceId":"sid-D6D1DF91-6998-4621-9F23-B3D3BD73A786"},{"resourceId":"sid-67ED9A40-6978-4D65-AF35-D6150520391C"}],"bounds":{"lowerRight":{"x":1274.5678175180415,"y":139.99999731779104},"upperLeft":{"x":1234.5678175180415,"y":99.99999731779104}},"dockers":[]},{"resourceId":"sid-0D3DB6F3-7F4C-48E3-A836-940C6AC9F9AD","properties":{"overrideid":"","name":"","documentation":"","conditionsequenceflow":"","executionlisteners":"","defaultflow":"false"},"stencil":{"id":"SequenceFlow"},"childShapes":[],"outgoing":[{"resourceId":"sid-A9B7EC63-209F-4993-9BDA-0C176932B358"}],"bounds":{"lowerRight":{"x":1234.3676017875125,"y":120.40148821740253},"upperLeft":{"x":1200.2504962096345,"y":120.23913022934637}},"dockers":[{"x":50.000000000000114,"y":40.00000000000001},{"x":20.5,"y":20.500000000000004}],"target":{"resourceId":"sid-A9B7EC63-209F-4993-9BDA-0C176932B358"}},{"resourceId":"sid-6AB7C02A-4683-4F4B-9669-1B3D2ACFCBDE","properties":{"overrideid":"","name":"","documentation":"","executionlisteners":""},"stencil":{"id":"EndNoneEvent"},"childShapes":[],"outgoing":[],"bounds":{"lowerRight":{"x":1354.0172854823409,"y":133.99999685585504},"upperLeft":{"x":1326.0172854823409,"y":105.99999685585504}},"dockers":[]},{"resourceId":"sid-4AF46358-8BDD-4FDA-BD1A-F4AE0D26C494","properties":{"overrideid":"","name":"","documentation":"","conditionsequenceflow":"","executionlisteners":"","defaultflow":"false","showdiamondmarker":false},"stencil":{"id":"SequenceFlow"},"childShapes":[],"outgoing":[{"resourceId":"sid-D26EE205-590A-4DA6-AB68-2701F52F189C"}],"bounds":{"lowerRight":{"x":509.7973432772924,"y":119.99999761581425},"upperLeft":{"x":454.96871773177065,"y":119.14028702115957}},"dockers":[{"x":50,"y":40.000000000000014},{"x":481.9999762624519,"y":119.99999761581425},{"x":20.5,"y":20.5}],"target":{"resourceId":"sid-D26EE205-590A-4DA6-AB68-2701F52F189C"}},{"resourceId":"sid-089DD9D0-16B4-4F7D-8A0E-AC01DEDEB28D","properties":{"overrideid":"","name":"","documentation":"","conditionsequenceflow":"","executionlisteners":"","defaultflow":"false"},"stencil":{"id":"SequenceFlow"},"childShapes":[],"outgoing":[{"resourceId":"sid-8C895C7A-01A2-4BE5-BD78-A6E1F8D46B9E"}],"bounds":{"lowerRight":{"x":1015.8171909349658,"y":118.40983708693103},"upperLeft":{"x":969.7185224994712,"y":118.21515876309566}},"dockers":[{"x":50,"y":39.99999999999999},{"x":20.499999999999996,"y":20.500000000000004}],"target":{"resourceId":"sid-8C895C7A-01A2-4BE5-BD78-A6E1F8D46B9E"}},{"resourceId":"sid-ABDE827A-BAA1-4DB4-8525-E800637B0BD5","properties":{"overrideid":"","name":"","documentation":"","conditionsequenceflow":"","executionlisteners":"","defaultflow":true,"showdiamondmarker":false},"stencil":{"id":"SequenceFlow"},"childShapes":[],"outgoing":[{"resourceId":"sid-62B659CA-EAA5-412D-AF44-B825827E0881"}],"bounds":{"lowerRight":{"x":1037.1666111184513,"y":97.59606284457911},"upperLeft":{"x":647.8652109797231,"y":12.345679869040545}},"dockers":[{"x":20.499999999999996,"y":20.500000000000004},{"x":1037.1666111184513,"y":12.345679869040545},{"x":647.8652109797231,"y":12.345679869040545},{"x":53.443678069348266,"y":29.087102037359585}],"target":{"resourceId":"sid-62B659CA-EAA5-412D-AF44-B825827E0881"}},{"resourceId":"sid-D6D1DF91-6998-4621-9F23-B3D3BD73A786","properties":{"overrideid":"","name":"","documentation":"","conditionsequenceflow":{"expression":{"type":"variables","outcomeFormId":21023,"outcomeFormName":"Display Data","operator":"==","rightOutcomeFormId":21023,"rightOutcomeFormName":"Display Data","rightOutcomeName":"Approve"}},"executionlisteners":"","defaultflow":false},"stencil":{"id":"SequenceFlow"},"childShapes":[],"outgoing":[{"resourceId":"sid-6AB7C02A-4683-4F4B-9669-1B3D2ACFCBDE"}],"bounds":{"lowerRight":{"x":1325.7439484341282,"y":120.38473646120687},"upperLeft":{"x":1274.650496314023,"y":120.08400768356822}},"dockers":[{"x":20.5,"y":20.500000000000004},{"x":14,"y":14}],"target":{"resourceId":"sid-6AB7C02A-4683-4F4B-9669-1B3D2ACFCBDE"}},{"resourceId":"sid-67ED9A40-6978-4D65-AF35-D6150520391C","properties":{"overrideid":"","name":"","documentation":"","conditionsequenceflow":"","executionlisteners":"","defaultflow":true,"showdiamondmarker":false},"stencil":{"id":"SequenceFlow"},"childShapes":[],"outgoing":[{"resourceId":"sid-FDEF27D3-C67C-4B94-83C5-B3307E66E0D8"}],"bounds":{"lowerRight":{"x":1249.6622077608185,"y":264.74622669211067},"upperLeft":{"x":918.7699327151632,"y":135.7007873096413}},"dockers":[{"x":15.09439024277708,"y":20.00000119209287},{"x":1249.6622077608185,"y":264.74622669211067},{"x":918.7699327151632,"y":264.74622669211067},{"x":50,"y":39.99999999999999}],"target":{"resourceId":"sid-FDEF27D3-C67C-4B94-83C5-B3307E66E0D8"}},{"resourceId":"sid-D16D8484-044C-4E08-9B58-D7CC099E60BC","properties":{"overrideid":"","name":"","documentation":"","executionlisteners":""},"stencil":{"id":"EndNoneEvent"},"childShapes":[],"outgoing":[],"bounds":{"lowerRight":{"x":1050.6665958795313,"y":210.89893592859875},"upperLeft":{"x":1022.6665958795313,"y":182.89893592859875}},"dockers":[]},{"resourceId":"sid-1659AD33-49DB-4F20-A5E2-3B866D2737C0","properties":{"overrideid":"","name":"","documentation":"","conditionsequenceflow":{"expression":{"type":"variables","leftFormFieldId":"billamount","operator":"<","rightValue":1000}},"executionlisteners":"","defaultflow":"false"},"stencil":{"id":"SequenceFlow"},"childShapes":[],"outgoing":[{"resourceId":"sid-D16D8484-044C-4E08-9B58-D7CC099E60BC"}],"bounds":{"lowerRight":{"x":1037.0391359757432,"y":182.42413870285912},"upperLeft":{"x":1036.758913700753,"y":138.48721997001678}},"dockers":[{"x":20.499999999999996,"y":20.500000000000004},{"x":14,"y":14.000000000000002}],"target":{"resourceId":"sid-D16D8484-044C-4E08-9B58-D7CC099E60BC"}},{"resourceId":"sid-05EE398E-C630-48E7-BA26-EB2B99D9B8E1","properties":{"overrideid":"","name":"","documentation":"","conditionsequenceflow":{"expression":{"type":"variables","outcomeFormId":21023,"outcomeFormName":"Display Data","operator":"==","rightOutcomeFormId":21023,"rightOutcomeFormName":"Display Data","rightOutcomeName":"Approve"}},"executionlisteners":"","defaultflow":false},"stencil":{"id":"SequenceFlow"},"childShapes":[],"outgoing":[{"resourceId":"sid-E3C5CE1F-98AA-4DC4-82E4-68C9B80FE54F"}],"bounds":{"lowerRight":{"x":1099.973548899164,"y":118.97163223854312},"upperLeft":{"x":1056.8526277871565,"y":118.49999737739569}},"dockers":[{"x":20.499999999999996,"y":20.500000000000004},{"x":1077.030113345022,"y":118.49999737739569},{"x":50.000000000000114,"y":40.00000000000001}],"target":{"resourceId":"sid-E3C5CE1F-98AA-4DC4-82E4-68C9B80FE54F"}},{"resourceId":"sid-83F41F0B-D9D3-433D-81C8-47BD1AEEFFE0","properties":{"overrideid":"","name":"","documentation":"","asynchronousdefinition":"false","exclusivedefinition":"false","sequencefloworder":""},"stencil":{"id":"ExclusiveGateway"},"childShapes":[],"outgoing":[{"resourceId":"sid-7446062A-AE4B-4565-800A-6AC67F89F1C1"},{"resourceId":"sid-C338FDE6-C5E1-4953-A093-61636F88E876"}],"bounds":{"lowerRight":{"x":300.12115155814445,"y":139.9999988079071},"upperLeft":{"x":260.12115155814445,"y":99.9999988079071}},"dockers":[]},{"resourceId":"sid-F2BC7766-2C95-4CFB-9DC1-3A0C98AD14E3","properties":{"overrideid":"","name":"","documentation":"","conditionsequenceflow":"","executionlisteners":"","defaultflow":"false"},"stencil":{"id":"SequenceFlow"},"childShapes":[],"outgoing":[{"resourceId":"sid-83F41F0B-D9D3-433D-81C8-47BD1AEEFFE0"}],"bounds":{"lowerRight":{"x":260.01404397377314,"y":120.41378384569386},"upperLeft":{"x":211.59572732019086,"y":120.21121377012035}},"dockers":[{"x":50.00000000000003,"y":40.00000000000002},{"x":20.5,"y":20.5}],"target":{"resourceId":"sid-83F41F0B-D9D3-433D-81C8-47BD1AEEFFE0"}},{"resourceId":"sid-327F1961-2937-4626-BDBB-D3F75D04B50F","properties":{"overrideid":"","name":"","documentation":"","executionlisteners":""},"stencil":{"id":"EndNoneEvent"},"childShapes":[],"outgoing":[],"bounds":{"lowerRight":{"x":294.12114759263034,"y":233.7613029196736},"upperLeft":{"x":266.12114759263034,"y":205.7613029196736}},"dockers":[]},{"resourceId":"sid-7446062A-AE4B-4565-800A-6AC67F89F1C1","properties":{"overrideid":"","name":"","documentation":"","conditionsequenceflow":{"expression":{"type":"variables","outcomeFormId":21023,"outcomeFormName":"Display Data","operator":"==","rightOutcomeFormId":21023,"rightOutcomeFormName":"Display Data","rightOutcomeName":"Approve"}},"executionlisteners":"","defaultflow":false},"stencil":{"id":"SequenceFlow"},"childShapes":[],"outgoing":[{"resourceId":"sid-046EB4E0-2625-4830-B4A1-1D3DE5FD350E"}],"bounds":{"lowerRight":{"x":353.8412197262702,"y":120.41782108520695},"upperLeft":{"x":300.89908099764114,"y":120.20326937722439}},"dockers":[{"x":20.5,"y":20.5},{"x":50,"y":40.000000000000014}],"target":{"resourceId":"sid-046EB4E0-2625-4830-B4A1-1D3DE5FD350E"}},{"resourceId":"sid-C338FDE6-C5E1-4953-A093-61636F88E876","properties":{"overrideid":"","name":"","documentation":"","conditionsequenceflow":"","executionlisteners":"","defaultflow":true},"stencil":{"id":"SequenceFlow"},"childShapes":[],"outgoing":[{"resourceId":"sid-327F1961-2937-4626-BDBB-D3F75D04B50F"}],"bounds":{"lowerRight":{"x":280.52236362890574,"y":204.80269471565683},"upperLeft":{"x":280.19649783598555,"y":140.11148064216295}},"dockers":[{"x":20.5,"y":20.5},{"x":14,"y":14}],"target":{"resourceId":"sid-327F1961-2937-4626-BDBB-D3F75D04B50F"}},{"resourceId":"sid-62B659CA-EAA5-412D-AF44-B825827E0881","properties":{"overrideid":"","name":"Third Party Verification ${policyno}","documentation":"","asynchronousdefinition":"false","exclusivedefinition":"false","executionlisteners":"","multiinstance_type":"None","multiinstance_cardinality":"","multiinstance_collection":"","multiinstance_variable":"","multiinstance_condition":"","isforcompensation":"false","usertasksendemail":true,"usertaskassignment":"","formkeydefinition":"","formreference":{"id":21023,"name":"Display Data","referenceId":null,"variablesmapping":[]},"fieldstovariables":"","duedatedefinition":"","prioritydefinition":"","categorydefinition":"","formproperties":"","tasklisteners":"","emailtemplate":""},"stencil":{"id":"UserTask"},"childShapes":[],"outgoing":[{"resourceId":"sid-FE59D534-6F1E-46E1-AC11-DD4C7B6E7DFE"}],"bounds":{"lowerRight":{"x":694.4215329103748,"y":159.99999761581427},"upperLeft":{"x":594.4215329103748,"y":79.9999976158143}},"dockers":[]},{"resourceId":"sid-168A8BF9-9230-43B8-ACC9-CE0037458C8F","properties":{"overrideid":"","name":"","documentation":"","asynchronousdefinition":"false","exclusivedefinition":"false","sequencefloworder":""},"stencil":{"id":"ExclusiveGateway"},"childShapes":[],"outgoing":[{"resourceId":"sid-86836C67-77DC-4CA4-AAF5-ED404D1FD7CE"},{"resourceId":"sid-6721A17F-A95E-40D9-9C88-88837ACCC1AE"}],"bounds":{"lowerRight":{"x":809.1898565594109,"y":139.99999761581427},"upperLeft":{"x":769.1898565594109,"y":99.99999761581428}},"dockers":[]},{"resourceId":"sid-FE59D534-6F1E-46E1-AC11-DD4C7B6E7DFE","properties":{"overrideid":"","name":"","documentation":"","conditionsequenceflow":"","executionlisteners":"","defaultflow":"false"},"stencil":{"id":"SequenceFlow"},"childShapes":[],"outgoing":[{"resourceId":"sid-168A8BF9-9230-43B8-ACC9-CE0037458C8F"}],"bounds":{"lowerRight":{"x":768.2615044695731,"y":120.42624322961508},"upperLeft":{"x":695.3575132414231,"y":120.17531450201348}},"dockers":[{"x":50,"y":40},{"x":20.5,"y":20.499999999999993}],"target":{"resourceId":"sid-168A8BF9-9230-43B8-ACC9-CE0037458C8F"}},{"resourceId":"sid-86836C67-77DC-4CA4-AAF5-ED404D1FD7CE","properties":{"overrideid":"","name":"","documentation":"","conditionsequenceflow":{"expression":{"type":"variables","outcomeFormId":21023,"outcomeFormName":"Display Data","operator":"==","rightOutcomeFormId":21023,"rightOutcomeFormName":"Display Data","rightOutcomeName":"Approve"}},"executionlisteners":"","defaultflow":false},"stencil":{"id":"SequenceFlow"},"childShapes":[],"outgoing":[{"resourceId":"sid-FDEF27D3-C67C-4B94-83C5-B3307E66E0D8"}],"bounds":{"lowerRight":{"x":868.3566535651302,"y":120.12907110616445},"upperLeft":{"x":808.8415547654727,"y":118.97639380143153}},"dockers":[{"x":20.5,"y":20.499999999999993},{"x":50,"y":39.99999999999999}],"target":{"resourceId":"sid-FDEF27D3-C67C-4B94-83C5-B3307E66E0D8"}},{"resourceId":"sid-6721A17F-A95E-40D9-9C88-88837ACCC1AE","properties":{"overrideid":"","name":"","documentation":"","conditionsequenceflow":"","executionlisteners":"","defaultflow":true},"stencil":{"id":"SequenceFlow"},"childShapes":[],"outgoing":[{"resourceId":"sid-046EB4E0-2625-4830-B4A1-1D3DE5FD350E"}],"bounds":{"lowerRight":{"x":789.6898565594109,"y":269.7759351833173},"upperLeft":{"x":403.99995252490385,"y":140.15948981175214}},"dockers":[{"x":20.5,"y":20.499999999999993},{"x":789.6898565594109,"y":269.7759351833173},{"x":403.99995252490385,"y":269.7759351833173},{"x":50,"y":40.000000000000014}],"target":{"resourceId":"sid-046EB4E0-2625-4830-B4A1-1D3DE5FD350E"}},{"resourceId":"sid-B186B32F-B832-4C6C-9066-8CEB7720BB9E","properties":{"overrideid":"","name":"","documentation":"","conditionsequenceflow":{"expression":{"type":"variables","outcomeFormId":21023,"outcomeFormName":"Display Data","operator":"==","rightOutcomeFormId":21023,"rightOutcomeFormName":"Display Data","rightOutcomeName":"Approve"}},"executionlisteners":"","defaultflow":"false"},"stencil":{"id":"SequenceFlow"},"childShapes":[],"outgoing":[{"resourceId":"sid-62B659CA-EAA5-412D-AF44-B825827E0881"}],"bounds":{"lowerRight":{"x":593.7428148986207,"y":118.16859638534244},"upperLeft":{"x":549.0938197766072,"y":116.85209655761719}},"dockers":[{"x":20.5,"y":20.5},{"x":557.3125,"y":116.85209655761719},{"x":50,"y":39.999999999999986}],"target":{"resourceId":"sid-62B659CA-EAA5-412D-AF44-B825827E0881"}},{"resourceId":"sid-24CA5B14-C8E7-4467-BE4B-9634AD513C90","properties":{"overrideid":"","name":"","documentation":"","conditionsequenceflow":"","executionlisteners":"","defaultflow":true},"stencil":{"id":"SequenceFlow"},"childShapes":[],"outgoing":[{"resourceId":"sid-19CC6E4F-8758-490A-B0E1-5FA600C5E715"}],"bounds":{"lowerRight":{"x":530.5,"y":97.57949456267562},"upperLeft":{"x":161.1111091283778,"y":27.434832286517192}},"dockers":[{"x":20.5,"y":20.5},{"x":530.5,"y":27.434832286517192},{"x":161.1111091283778,"y":27.434832286517192},{"x":50.000000000000014,"y":40.00000000000002}],"target":{"resourceId":"sid-19CC6E4F-8758-490A-B0E1-5FA600C5E715"}}],"bounds":{"lowerRight":{"x":1454.0172854823409,"y":1050},"upperLeft":{"x":0,"y":0}},"stencilset":{"url":"stencilsets/bpmn2.0/bpmn2.0.json","namespace":"http://b3mn.org/stencilset/bpmn2.0#"},"ssextensions":[]}