<?xml version='1.0' encoding='UTF-8'?>
<definitions xmlns="http://www.omg.org/spec/BPMN/20100524/MODEL" xmlns:xsi="http://www.w3.org/2001/XMLSchema-instance" xmlns:xsd="http://www.w3.org/2001/XMLSchema" xmlns:activiti="http://activiti.org/bpmn" xmlns:bpmndi="http://www.omg.org/spec/BPMN/20100524/DI" xmlns:omgdc="http://www.omg.org/spec/DD/20100524/DC" xmlns:omgdi="http://www.omg.org/spec/DD/20100524/DI" typeLanguage="http://www.w3.org/2001/XMLSchema" expressionLanguage="http://www.w3.org/1999/XPath" targetNamespace="http://www.activiti.org/processdef" xmlns:modeler="http://activiti.com/modeler" modeler:version="1.0en" modeler:exportDateTime="20170620183327963" modeler:modelId="21021" modeler:modelVersion="27" modeler:modelLastUpdated="1497963552998">
  <process id="ClaimReviewProcess" name="Claim Review Process" isExecutable="true">
    <documentation>Claim Review Process</documentation>
    <startEvent id="startEvent1" activiti:formKey="21022">
      <extensionElements>
        <modeler:form-reference-id><![CDATA[21022]]></modeler:form-reference-id>
        <modeler:form-reference-name><![CDATA[Claim Review Form]]></modeler:form-reference-name>
        <modeler:editor-resource-id><![CDATA[startEvent1]]></modeler:editor-resource-id>
      </extensionElements>
    </startEvent>
    <userTask id="sid-19CC6E4F-8758-490A-B0E1-5FA600C5E715" name="Claim Data Review ${policyno}" activiti:assignee="$INITIATOR" activiti:formKey="21023">
      <extensionElements>
        <modeler:allow-send-email><![CDATA[true]]></modeler:allow-send-email>
        <modeler:form-reference-id><![CDATA[21023]]></modeler:form-reference-id>
        <modeler:form-reference-name><![CDATA[Display Data]]></modeler:form-reference-name>
        <modeler:activiti-idm-initiator><![CDATA[true]]></modeler:activiti-idm-initiator>
        <modeler:editor-resource-id><![CDATA[sid-19CC6E4F-8758-490A-B0E1-5FA600C5E715]]></modeler:editor-resource-id>
      </extensionElements>
    </userTask>
    <sequenceFlow id="sid-54A72130-5C59-498B-A6AF-3C82568B7CF1" sourceRef="startEvent1" targetRef="sid-19CC6E4F-8758-490A-B0E1-5FA600C5E715">
      <extensionElements>
        <modeler:editor-resource-id><![CDATA[sid-54A72130-5C59-498B-A6AF-3C82568B7CF1]]></modeler:editor-resource-id>
      </extensionElements>
    </sequenceFlow>
    <userTask id="sid-046EB4E0-2625-4830-B4A1-1D3DE5FD350E" name="Claim Amount Verification ${policyno}" activiti:assignee="$INITIATOR" activiti:formKey="21023">
      <extensionElements>
        <modeler:allow-send-email><![CDATA[true]]></modeler:allow-send-email>
        <modeler:form-reference-id><![CDATA[21023]]></modeler:form-reference-id>
        <modeler:form-reference-name><![CDATA[Display Data]]></modeler:form-reference-name>
        <modeler:activiti-idm-initiator><![CDATA[true]]></modeler:activiti-idm-initiator>
        <modeler:editor-resource-id><![CDATA[sid-046EB4E0-2625-4830-B4A1-1D3DE5FD350E]]></modeler:editor-resource-id>
      </extensionElements>
    </userTask>
    <userTask id="sid-FDEF27D3-C67C-4B94-83C5-B3307E66E0D8" name="Claim Approval By Business Head ${policyno}" activiti:assignee="$INITIATOR" activiti:formKey="21023">
      <extensionElements>
        <modeler:allow-send-email><![CDATA[true]]></modeler:allow-send-email>
        <modeler:form-reference-id><![CDATA[21023]]></modeler:form-reference-id>
        <modeler:form-reference-name><![CDATA[Display Data]]></modeler:form-reference-name>
        <modeler:activiti-idm-initiator><![CDATA[true]]></modeler:activiti-idm-initiator>
        <modeler:editor-resource-id><![CDATA[sid-FDEF27D3-C67C-4B94-83C5-B3307E66E0D8]]></modeler:editor-resource-id>
      </extensionElements>
    </userTask>
    <exclusiveGateway id="sid-D26EE205-590A-4DA6-AB68-2701F52F189C" default="sid-24CA5B14-C8E7-4467-BE4B-9634AD513C90">
      <extensionElements>
        <modeler:editor-resource-id><![CDATA[sid-D26EE205-590A-4DA6-AB68-2701F52F189C]]></modeler:editor-resource-id>
      </extensionElements>
    </exclusiveGateway>
    <exclusiveGateway id="sid-8C895C7A-01A2-4BE5-BD78-A6E1F8D46B9E" default="sid-ABDE827A-BAA1-4DB4-8525-E800637B0BD5">
      <extensionElements>
        <modeler:editor-resource-id><![CDATA[sid-8C895C7A-01A2-4BE5-BD78-A6E1F8D46B9E]]></modeler:editor-resource-id>
      </extensionElements>
    </exclusiveGateway>
    <userTask id="sid-E3C5CE1F-98AA-4DC4-82E4-68C9B80FE54F" name="Claim Approval By CEO ${policyno}" activiti:assignee="$INITIATOR" activiti:formKey="21023">
      <extensionElements>
        <modeler:allow-send-email><![CDATA[true]]></modeler:allow-send-email>
        <modeler:form-reference-id><![CDATA[21023]]></modeler:form-reference-id>
        <modeler:form-reference-name><![CDATA[Display Data]]></modeler:form-reference-name>
        <modeler:activiti-idm-initiator><![CDATA[true]]></modeler:activiti-idm-initiator>
        <modeler:editor-resource-id><![CDATA[sid-E3C5CE1F-98AA-4DC4-82E4-68C9B80FE54F]]></modeler:editor-resource-id>
      </extensionElements>
    </userTask>
    <exclusiveGateway id="sid-A9B7EC63-209F-4993-9BDA-0C176932B358" default="sid-67ED9A40-6978-4D65-AF35-D6150520391C">
      <extensionElements>
        <modeler:editor-resource-id><![CDATA[sid-A9B7EC63-209F-4993-9BDA-0C176932B358]]></modeler:editor-resource-id>
      </extensionElements>
    </exclusiveGateway>
    <sequenceFlow id="sid-0D3DB6F3-7F4C-48E3-A836-940C6AC9F9AD" sourceRef="sid-E3C5CE1F-98AA-4DC4-82E4-68C9B80FE54F" targetRef="sid-A9B7EC63-209F-4993-9BDA-0C176932B358">
      <extensionElements>
        <modeler:editor-resource-id><![CDATA[sid-0D3DB6F3-7F4C-48E3-A836-940C6AC9F9AD]]></modeler:editor-resource-id>
      </extensionElements>
    </sequenceFlow>
    <endEvent id="sid-6AB7C02A-4683-4F4B-9669-1B3D2ACFCBDE">
      <extensionElements>
        <modeler:editor-resource-id><![CDATA[sid-6AB7C02A-4683-4F4B-9669-1B3D2ACFCBDE]]></modeler:editor-resource-id>
      </extensionElements>
    </endEvent>
    <sequenceFlow id="sid-4AF46358-8BDD-4FDA-BD1A-F4AE0D26C494" sourceRef="sid-046EB4E0-2625-4830-B4A1-1D3DE5FD350E" targetRef="sid-D26EE205-590A-4DA6-AB68-2701F52F189C">
      <extensionElements>
        <modeler:editor-resource-id><![CDATA[sid-4AF46358-8BDD-4FDA-BD1A-F4AE0D26C494]]></modeler:editor-resource-id>
      </extensionElements>
    </sequenceFlow>
    <sequenceFlow id="sid-089DD9D0-16B4-4F7D-8A0E-AC01DEDEB28D" sourceRef="sid-FDEF27D3-C67C-4B94-83C5-B3307E66E0D8" targetRef="sid-8C895C7A-01A2-4BE5-BD78-A6E1F8D46B9E">
      <extensionElements>
        <modeler:editor-resource-id><![CDATA[sid-089DD9D0-16B4-4F7D-8A0E-AC01DEDEB28D]]></modeler:editor-resource-id>
      </extensionElements>
    </sequenceFlow>
    <sequenceFlow id="sid-ABDE827A-BAA1-4DB4-8525-E800637B0BD5" sourceRef="sid-8C895C7A-01A2-4BE5-BD78-A6E1F8D46B9E" targetRef="sid-62B659CA-EAA5-412D-AF44-B825827E0881">
      <extensionElements>
        <modeler:editor-resource-id><![CDATA[sid-ABDE827A-BAA1-4DB4-8525-E800637B0BD5]]></modeler:editor-resource-id>
      </extensionElements>
    </sequenceFlow>
    <sequenceFlow id="sid-D6D1DF91-6998-4621-9F23-B3D3BD73A786" sourceRef="sid-A9B7EC63-209F-4993-9BDA-0C176932B358" targetRef="sid-6AB7C02A-4683-4F4B-9669-1B3D2ACFCBDE">
      <extensionElements>
        <modeler:conditionDefinition modeler:index="0" modeler:outcomeFormId="21023" modeler:outcomeFormName="Display Data" modeler:rightOutcomeName="Approve" modeler:operator="=="/>
        <modeler:editor-resource-id><![CDATA[sid-D6D1DF91-6998-4621-9F23-B3D3BD73A786]]></modeler:editor-resource-id>
      </extensionElements>
      <conditionExpression xsi:type="tFormalExpression"><![CDATA[${(activiti_flowConditionsBean.exists(execution, 'form21023outcome') && form21023outcome == 'Approve')}]]></conditionExpression>
    </sequenceFlow>
    <sequenceFlow id="sid-67ED9A40-6978-4D65-AF35-D6150520391C" sourceRef="sid-A9B7EC63-209F-4993-9BDA-0C176932B358" targetRef="sid-FDEF27D3-C67C-4B94-83C5-B3307E66E0D8">
      <extensionElements>
        <modeler:editor-resource-id><![CDATA[sid-67ED9A40-6978-4D65-AF35-D6150520391C]]></modeler:editor-resource-id>
      </extensionElements>
    </sequenceFlow>
    <endEvent id="sid-D16D8484-044C-4E08-9B58-D7CC099E60BC">
      <extensionElements>
        <modeler:editor-resource-id><![CDATA[sid-D16D8484-044C-4E08-9B58-D7CC099E60BC]]></modeler:editor-resource-id>
      </extensionElements>
    </endEvent>
    <sequenceFlow id="sid-1659AD33-49DB-4F20-A5E2-3B866D2737C0" sourceRef="sid-8C895C7A-01A2-4BE5-BD78-A6E1F8D46B9E" targetRef="sid-D16D8484-044C-4E08-9B58-D7CC099E60BC">
      <extensionElements>
        <modeler:conditionDefinition modeler:index="0" modeler:leftFormFieldId="billamount" modeler:rightValue="1000" modeler:operator="&lt;"/>
        <modeler:editor-resource-id><![CDATA[sid-1659AD33-49DB-4F20-A5E2-3B866D2737C0]]></modeler:editor-resource-id>
      </extensionElements>
      <conditionExpression xsi:type="tFormalExpression"><![CDATA[${(activiti_flowConditionsBean.exists(execution, 'billamount') && billamount < 1000)}]]></conditionExpression>
    </sequenceFlow>
    <sequenceFlow id="sid-05EE398E-C630-48E7-BA26-EB2B99D9B8E1" sourceRef="sid-8C895C7A-01A2-4BE5-BD78-A6E1F8D46B9E" targetRef="sid-E3C5CE1F-98AA-4DC4-82E4-68C9B80FE54F">
      <extensionElements>
        <modeler:conditionDefinition modeler:index="0" modeler:outcomeFormId="21023" modeler:outcomeFormName="Display Data" modeler:rightOutcomeName="Approve" modeler:operator="=="/>
        <modeler:editor-resource-id><![CDATA[sid-05EE398E-C630-48E7-BA26-EB2B99D9B8E1]]></modeler:editor-resource-id>
      </extensionElements>
      <conditionExpression xsi:type="tFormalExpression"><![CDATA[${(activiti_flowConditionsBean.exists(execution, 'form21023outcome') && form21023outcome == 'Approve')}]]></conditionExpression>
    </sequenceFlow>
    <exclusiveGateway id="sid-83F41F0B-D9D3-433D-81C8-47BD1AEEFFE0" default="sid-C338FDE6-C5E1-4953-A093-61636F88E876">
      <extensionElements>
        <modeler:editor-resource-id><![CDATA[sid-83F41F0B-D9D3-433D-81C8-47BD1AEEFFE0]]></modeler:editor-resource-id>
      </extensionElements>
    </exclusiveGateway>
    <sequenceFlow id="sid-F2BC7766-2C95-4CFB-9DC1-3A0C98AD14E3" sourceRef="sid-19CC6E4F-8758-490A-B0E1-5FA600C5E715" targetRef="sid-83F41F0B-D9D3-433D-81C8-47BD1AEEFFE0">
      <extensionElements>
        <modeler:editor-resource-id><![CDATA[sid-F2BC7766-2C95-4CFB-9DC1-3A0C98AD14E3]]></modeler:editor-resource-id>
      </extensionElements>
    </sequenceFlow>
    <endEvent id="sid-327F1961-2937-4626-BDBB-D3F75D04B50F">
      <extensionElements>
        <modeler:editor-resource-id><![CDATA[sid-327F1961-2937-4626-BDBB-D3F75D04B50F]]></modeler:editor-resource-id>
      </extensionElements>
    </endEvent>
    <sequenceFlow id="sid-7446062A-AE4B-4565-800A-6AC67F89F1C1" sourceRef="sid-83F41F0B-D9D3-433D-81C8-47BD1AEEFFE0" targetRef="sid-046EB4E0-2625-4830-B4A1-1D3DE5FD350E">
      <extensionElements>
        <modeler:conditionDefinition modeler:index="0" modeler:outcomeFormId="21023" modeler:outcomeFormName="Display Data" modeler:rightOutcomeName="Approve" modeler:operator="=="/>
        <modeler:editor-resource-id><![CDATA[sid-7446062A-AE4B-4565-800A-6AC67F89F1C1]]></modeler:editor-resource-id>
      </extensionElements>
      <conditionExpression xsi:type="tFormalExpression"><![CDATA[${(activiti_flowConditionsBean.exists(execution, 'form21023outcome') && form21023outcome == 'Approve')}]]></conditionExpression>
    </sequenceFlow>
    <sequenceFlow id="sid-C338FDE6-C5E1-4953-A093-61636F88E876" sourceRef="sid-83F41F0B-D9D3-433D-81C8-47BD1AEEFFE0" targetRef="sid-327F1961-2937-4626-BDBB-D3F75D04B50F">
      <extensionElements>
        <modeler:editor-resource-id><![CDATA[sid-C338FDE6-C5E1-4953-A093-61636F88E876]]></modeler:editor-resource-id>
      </extensionElements>
    </sequenceFlow>
    <userTask id="sid-62B659CA-EAA5-412D-AF44-B825827E0881" name="Third Party Verification ${policyno}" activiti:assignee="$INITIATOR" activiti:formKey="21023">
      <extensionElements>
        <modeler:allow-send-email><![CDATA[true]]></modeler:allow-send-email>
        <modeler:form-reference-id><![CDATA[21023]]></modeler:form-reference-id>
        <modeler:form-reference-name><![CDATA[Display Data]]></modeler:form-reference-name>
        <modeler:activiti-idm-initiator><![CDATA[true]]></modeler:activiti-idm-initiator>
        <modeler:editor-resource-id><![CDATA[sid-62B659CA-EAA5-412D-AF44-B825827E0881]]></modeler:editor-resource-id>
      </extensionElements>
    </userTask>
    <exclusiveGateway id="sid-168A8BF9-9230-43B8-ACC9-CE0037458C8F" default="sid-6721A17F-A95E-40D9-9C88-88837ACCC1AE">
      <extensionElements>
        <modeler:editor-resource-id><![CDATA[sid-168A8BF9-9230-43B8-ACC9-CE0037458C8F]]></modeler:editor-resource-id>
      </extensionElements>
    </exclusiveGateway>
    <sequenceFlow id="sid-FE59D534-6F1E-46E1-AC11-DD4C7B6E7DFE" sourceRef="sid-62B659CA-EAA5-412D-AF44-B825827E0881" targetRef="sid-168A8BF9-9230-43B8-ACC9-CE0037458C8F">
      <extensionElements>
        <modeler:editor-resource-id><![CDATA[sid-FE59D534-6F1E-46E1-AC11-DD4C7B6E7DFE]]></modeler:editor-resource-id>
      </extensionElements>
    </sequenceFlow>
    <sequenceFlow id="sid-86836C67-77DC-4CA4-AAF5-ED404D1FD7CE" sourceRef="sid-168A8BF9-9230-43B8-ACC9-CE0037458C8F" targetRef="sid-FDEF27D3-C67C-4B94-83C5-B3307E66E0D8">
      <extensionElements>
        <modeler:conditionDefinition modeler:index="0" modeler:outcomeFormId="21023" modeler:outcomeFormName="Display Data" modeler:rightOutcomeName="Approve" modeler:operator="=="/>
        <modeler:editor-resource-id><![CDATA[sid-86836C67-77DC-4CA4-AAF5-ED404D1FD7CE]]></modeler:editor-resource-id>
      </extensionElements>
      <conditionExpression xsi:type="tFormalExpression"><![CDATA[${(activiti_flowConditionsBean.exists(execution, 'form21023outcome') && form21023outcome == 'Approve')}]]></conditionExpression>
    </sequenceFlow>
    <sequenceFlow id="sid-6721A17F-A95E-40D9-9C88-88837ACCC1AE" sourceRef="sid-168A8BF9-9230-43B8-ACC9-CE0037458C8F" targetRef="sid-046EB4E0-2625-4830-B4A1-1D3DE5FD350E">
      <extensionElements>
        <modeler:editor-resource-id><![CDATA[sid-6721A17F-A95E-40D9-9C88-88837ACCC1AE]]></modeler:editor-resource-id>
      </extensionElements>
    </sequenceFlow>
    <sequenceFlow id="sid-B186B32F-B832-4C6C-9066-8CEB7720BB9E" sourceRef="sid-D26EE205-590A-4DA6-AB68-2701F52F189C" targetRef="sid-62B659CA-EAA5-412D-AF44-B825827E0881">
      <extensionElements>
        <modeler:conditionDefinition modeler:index="0" modeler:outcomeFormId="21023" modeler:outcomeFormName="Display Data" modeler:rightOutcomeName="Approve" modeler:operator="=="/>
        <modeler:editor-resource-id><![CDATA[sid-B186B32F-B832-4C6C-9066-8CEB7720BB9E]]></modeler:editor-resource-id>
      </extensionElements>
      <conditionExpression xsi:type="tFormalExpression"><![CDATA[${(activiti_flowConditionsBean.exists(execution, 'form21023outcome') && form21023outcome == 'Approve')}]]></conditionExpression>
    </sequenceFlow>
    <sequenceFlow id="sid-24CA5B14-C8E7-4467-BE4B-9634AD513C90" sourceRef="sid-D26EE205-590A-4DA6-AB68-2701F52F189C" targetRef="sid-19CC6E4F-8758-490A-B0E1-5FA600C5E715">
      <extensionElements>
        <modeler:editor-resource-id><![CDATA[sid-24CA5B14-C8E7-4467-BE4B-9634AD513C90]]></modeler:editor-resource-id>
      </extensionElements>
    </sequenceFlow>
  </process>
  <bpmndi:BPMNDiagram id="BPMNDiagram_ClaimReviewProcess">
    <bpmndi:BPMNPlane bpmnElement="ClaimReviewProcess" id="BPMNPlane_ClaimReviewProcess">
      <bpmndi:BPMNShape bpmnElement="startEvent1" id="BPMNShape_startEvent1">
        <omgdc:Bounds height="30.0" width="30.0" x="22.86236699107485" y="104.9999988079071"/>
      </bpmndi:BPMNShape>
      <bpmndi:BPMNShape bpmnElement="sid-19CC6E4F-8758-490A-B0E1-5FA600C5E715" id="BPMNShape_sid-19CC6E4F-8758-490A-B0E1-5FA600C5E715">
        <omgdc:Bounds height="80.00000000000004" width="100.00000000000003" x="111.11110912837779" y="79.99999880790709"/>
      </bpmndi:BPMNShape>
      <bpmndi:BPMNShape bpmnElement="sid-046EB4E0-2625-4830-B4A1-1D3DE5FD350E" id="BPMNShape_sid-046EB4E0-2625-4830-B4A1-1D3DE5FD350E">
        <omgdc:Bounds height="80.00000000000003" width="100.0" x="353.9999525249039" y="79.99999761581424"/>
      </bpmndi:BPMNShape>
      <bpmndi:BPMNShape bpmnElement="sid-FDEF27D3-C67C-4B94-83C5-B3307E66E0D8" id="BPMNShape_sid-FDEF27D3-C67C-4B94-83C5-B3307E66E0D8">
        <omgdc:Bounds height="79.99999999999999" width="100.0" x="868.7699327151632" y="77.99999883770944"/>
      </bpmndi:BPMNShape>
      <bpmndi:BPMNShape bpmnElement="sid-D26EE205-590A-4DA6-AB68-2701F52F189C" id="BPMNShape_sid-D26EE205-590A-4DA6-AB68-2701F52F189C">
        <omgdc:Bounds height="40.0" width="40.0" x="510.0" y="98.0"/>
      </bpmndi:BPMNShape>
      <bpmndi:BPMNShape bpmnElement="sid-8C895C7A-01A2-4BE5-BD78-A6E1F8D46B9E" id="BPMNShape_sid-8C895C7A-01A2-4BE5-BD78-A6E1F8D46B9E">
        <omgdc:Bounds height="40.0" width="40.0" x="1016.6666111184516" y="97.99999737739569"/>
      </bpmndi:BPMNShape>
      <bpmndi:BPMNShape bpmnElement="sid-E3C5CE1F-98AA-4DC4-82E4-68C9B80FE54F" id="BPMNShape_sid-E3C5CE1F-98AA-4DC4-82E4-68C9B80FE54F">
        <omgdc:Bounds height="80.00000000000001" width="100.00000000000023" x="1099.9999398986524" y="79.99999566376222"/>
      </bpmndi:BPMNShape>
      <bpmndi:BPMNShape bpmnElement="sid-A9B7EC63-209F-4993-9BDA-0C176932B358" id="BPMNShape_sid-A9B7EC63-209F-4993-9BDA-0C176932B358">
        <omgdc:Bounds height="40.0" width="40.0" x="1234.5678175180415" y="99.99999731779104"/>
      </bpmndi:BPMNShape>
      <bpmndi:BPMNShape bpmnElement="sid-6AB7C02A-4683-4F4B-9669-1B3D2ACFCBDE" id="BPMNShape_sid-6AB7C02A-4683-4F4B-9669-1B3D2ACFCBDE">
        <omgdc:Bounds height="28.0" width="28.0" x="1326.0172854823409" y="105.99999685585504"/>
      </bpmndi:BPMNShape>
      <bpmndi:BPMNShape bpmnElement="sid-D16D8484-044C-4E08-9B58-D7CC099E60BC" id="BPMNShape_sid-D16D8484-044C-4E08-9B58-D7CC099E60BC">
        <omgdc:Bounds height="28.0" width="28.0" x="1022.6665958795313" y="182.89893592859875"/>
      </bpmndi:BPMNShape>
      <bpmndi:BPMNShape bpmnElement="sid-83F41F0B-D9D3-433D-81C8-47BD1AEEFFE0" id="BPMNShape_sid-83F41F0B-D9D3-433D-81C8-47BD1AEEFFE0">
        <omgdc:Bounds height="40.0" width="40.0" x="260.12115155814445" y="99.9999988079071"/>
      </bpmndi:BPMNShape>
      <bpmndi:BPMNShape bpmnElement="sid-327F1961-2937-4626-BDBB-D3F75D04B50F" id="BPMNShape_sid-327F1961-2937-4626-BDBB-D3F75D04B50F">
        <omgdc:Bounds height="28.0" width="28.0" x="266.12114759263034" y="205.7613029196736"/>
      </bpmndi:BPMNShape>
      <bpmndi:BPMNShape bpmnElement="sid-62B659CA-EAA5-412D-AF44-B825827E0881" id="BPMNShape_sid-62B659CA-EAA5-412D-AF44-B825827E0881">
        <omgdc:Bounds height="79.99999999999997" width="100.0" x="594.4215329103748" y="79.9999976158143"/>
      </bpmndi:BPMNShape>
      <bpmndi:BPMNShape bpmnElement="sid-168A8BF9-9230-43B8-ACC9-CE0037458C8F" id="BPMNShape_sid-168A8BF9-9230-43B8-ACC9-CE0037458C8F">
        <omgdc:Bounds height="39.999999999999986" width="40.0" x="769.1898565594109" y="99.99999761581428"/>
      </bpmndi:BPMNShape>
      <bpmndi:BPMNEdge bpmnElement="sid-C338FDE6-C5E1-4953-A093-61636F88E876" id="BPMNEdge_sid-C338FDE6-C5E1-4953-A093-61636F88E876">
        <omgdi:waypoint x="280.5249592709763" y="139.59619109507526"/>
        <omgdi:waypoint x="280.19166819249784" y="205.76148053347904"/>
      </bpmndi:BPMNEdge>
      <bpmndi:BPMNEdge bpmnElement="sid-54A72130-5C59-498B-A6AF-3C82568B7CF1" id="BPMNEdge_sid-54A72130-5C59-498B-A6AF-3C82568B7CF1">
        <omgdi:waypoint x="52.86236699107485" y="119.9999988079071"/>
        <omgdi:waypoint x="111.11110912837779" y="119.9999988079071"/>
      </bpmndi:BPMNEdge>
      <bpmndi:BPMNEdge bpmnElement="sid-0D3DB6F3-7F4C-48E3-A836-940C6AC9F9AD" id="BPMNEdge_sid-0D3DB6F3-7F4C-48E3-A836-940C6AC9F9AD">
        <omgdi:waypoint x="1199.9999398986527" y="120.23793787091334"/>
        <omgdi:waypoint x="1234.9721855374905" y="120.40436533724007"/>
      </bpmndi:BPMNEdge>
      <bpmndi:BPMNEdge bpmnElement="sid-4AF46358-8BDD-4FDA-BD1A-F4AE0D26C494" id="BPMNEdge_sid-4AF46358-8BDD-4FDA-BD1A-F4AE0D26C494">
        <omgdi:waypoint x="453.9999525249039" y="119.99999761581425"/>
        <omgdi:waypoint x="481.9999762624519" y="119.99999761581425"/>
        <omgdi:waypoint x="511.09999879008586" y="119.09999879008586"/>
      </bpmndi:BPMNEdge>
      <bpmndi:BPMNEdge bpmnElement="sid-F2BC7766-2C95-4CFB-9DC1-3A0C98AD14E3" id="BPMNEdge_sid-F2BC7766-2C95-4CFB-9DC1-3A0C98AD14E3">
        <omgdi:waypoint x="211.11110912837782" y="120.20918624932813"/>
        <omgdi:waypoint x="260.53712503571126" y="120.41597228547391"/>
      </bpmndi:BPMNEdge>
      <bpmndi:BPMNEdge bpmnElement="sid-24CA5B14-C8E7-4467-BE4B-9634AD513C90" id="BPMNEdge_sid-24CA5B14-C8E7-4467-BE4B-9634AD513C90">
        <omgdi:waypoint x="530.5" y="98.5"/>
        <omgdi:waypoint x="530.5" y="27.434832286517192"/>
        <omgdi:waypoint x="161.1111091283778" y="27.434832286517192"/>
        <omgdi:waypoint x="161.1111091283778" y="79.99999880790709"/>
      </bpmndi:BPMNEdge>
      <bpmndi:BPMNEdge bpmnElement="sid-67ED9A40-6978-4D65-AF35-D6150520391C" id="BPMNEdge_sid-67ED9A40-6978-4D65-AF35-D6150520391C">
        <omgdi:waypoint x="1249.6622077608185" y="135.09438756056812"/>
        <omgdi:waypoint x="1249.6622077608185" y="264.74622669211067"/>
        <omgdi:waypoint x="918.7699327151632" y="264.74622669211067"/>
        <omgdi:waypoint x="918.7699327151632" y="157.99999883770943"/>
      </bpmndi:BPMNEdge>
      <bpmndi:BPMNEdge bpmnElement="sid-FE59D534-6F1E-46E1-AC11-DD4C7B6E7DFE" id="BPMNEdge_sid-FE59D534-6F1E-46E1-AC11-DD4C7B6E7DFE">
        <omgdi:waypoint x="694.4215329103748" y="120.17209294514704"/>
        <omgdi:waypoint x="769.6207806749361" y="120.43092173133941"/>
      </bpmndi:BPMNEdge>
      <bpmndi:BPMNEdge bpmnElement="sid-B186B32F-B832-4C6C-9066-8CEB7720BB9E" id="BPMNEdge_sid-B186B32F-B832-4C6C-9066-8CEB7720BB9E">
        <omgdi:waypoint x="549.3419676160115" y="117.34196761601153"/>
        <omgdi:waypoint x="557.3125" y="116.85209655761719"/>
        <omgdi:waypoint x="594.4215329103748" y="118.19312354488072"/>
      </bpmndi:BPMNEdge>
      <bpmndi:BPMNEdge bpmnElement="sid-089DD9D0-16B4-4F7D-8A0E-AC01DEDEB28D" id="BPMNEdge_sid-089DD9D0-16B4-4F7D-8A0E-AC01DEDEB28D">
        <omgdi:waypoint x="968.7699327151632" y="118.21115279339014"/>
        <omgdi:waypoint x="1017.0817913355256" y="118.4151775944697"/>
      </bpmndi:BPMNEdge>
      <bpmndi:BPMNEdge bpmnElement="sid-ABDE827A-BAA1-4DB4-8525-E800637B0BD5" id="BPMNEdge_sid-ABDE827A-BAA1-4DB4-8525-E800637B0BD5">
        <omgdi:waypoint x="1037.1666111184516" y="98.49999737739564"/>
        <omgdi:waypoint x="1037.1666111184513" y="12.345679869040545"/>
        <omgdi:waypoint x="647.8652109797231" y="12.345679869040545"/>
        <omgdi:waypoint x="647.8652109797231" y="79.9999976158143"/>
      </bpmndi:BPMNEdge>
      <bpmndi:BPMNEdge bpmnElement="sid-86836C67-77DC-4CA4-AAF5-ED404D1FD7CE" id="BPMNEdge_sid-86836C67-77DC-4CA4-AAF5-ED404D1FD7CE">
        <omgdi:waypoint x="809.0651129012307" y="120.12474127399456"/>
        <omgdi:waypoint x="868.7699327151632" y="118.96838948813337"/>
      </bpmndi:BPMNEdge>
      <bpmndi:BPMNEdge bpmnElement="sid-7446062A-AE4B-4565-800A-6AC67F89F1C1" id="BPMNEdge_sid-7446062A-AE4B-4565-800A-6AC67F89F1C1">
        <omgdi:waypoint x="299.69846369552846" y="120.42268667052308"/>
        <omgdi:waypoint x="353.9999525249039" y="120.20262610149209"/>
      </bpmndi:BPMNEdge>
      <bpmndi:BPMNEdge bpmnElement="sid-6721A17F-A95E-40D9-9C88-88837ACCC1AE" id="BPMNEdge_sid-6721A17F-A95E-40D9-9C88-88837ACCC1AE">
        <omgdi:waypoint x="789.6898565594109" y="139.49999761581427"/>
        <omgdi:waypoint x="789.6898565594109" y="269.7759351833173"/>
        <omgdi:waypoint x="403.99995252490385" y="269.7759351833173"/>
        <omgdi:waypoint x="403.9999525249039" y="159.99999761581427"/>
      </bpmndi:BPMNEdge>
      <bpmndi:BPMNEdge bpmnElement="sid-D6D1DF91-6998-4621-9F23-B3D3BD73A786" id="BPMNEdge_sid-D6D1DF91-6998-4621-9F23-B3D3BD73A786">
        <omgdi:waypoint x="1274.180310930466" y="120.38750390536642"/>
        <omgdi:waypoint x="1326.0175279792686" y="120.0823974333545"/>
      </bpmndi:BPMNEdge>
      <bpmndi:BPMNEdge bpmnElement="sid-1659AD33-49DB-4F20-A5E2-3B866D2737C0" id="BPMNEdge_sid-1659AD33-49DB-4F20-A5E2-3B866D2737C0">
        <omgdi:waypoint x="1037.0446544965173" y="137.62195399932997"/>
        <omgdi:waypoint x="1036.7558837079848" y="182.89922065707663"/>
      </bpmndi:BPMNEdge>
      <bpmndi:BPMNEdge bpmnElement="sid-05EE398E-C630-48E7-BA26-EB2B99D9B8E1" id="BPMNEdge_sid-05EE398E-C630-48E7-BA26-EB2B99D9B8E1">
        <omgdi:waypoint x="1056.1666111184516" y="118.49999737739569"/>
        <omgdi:waypoint x="1077.030113345022" y="118.49999737739569"/>
        <omgdi:waypoint x="1099.9999398986524" y="118.97217474297102"/>
      </bpmndi:BPMNEdge>
    </bpmndi:BPMNPlane>
  </bpmndi:BPMNDiagram>
</definitions>