<?xml version="1.0" encoding="UTF-8"?>
<bpmn2:definitions xmlns="http://www.omg.org/spec/BPMN/20100524/MODEL" xmlns:bpmn2="http://www.omg.org/spec/BPMN/20100524/MODEL" xmlns:xsi="http://www.w3.org/2001/XMLSchema-instance" xmlns:xsd="http://www.w3.org/2001/XMLSchema" xmlns:activiti="http://activiti.org/bpmn" xmlns:bpmndi="http://www.omg.org/spec/BPMN/20100524/DI" xmlns:omgdc="http://www.omg.org/spec/DD/20100524/DC" xmlns:omgdi="http://www.omg.org/spec/DD/20100524/DI" typeLanguage="http://www.w3.org/2001/XMLSchema" expressionLanguage="http://www.w3.org/1999/XPath" targetNamespace="http://bpmn.io/schema/bpmn" id="model-6d7228c1-b1ce-4d17-a846-7c9b69c613f1" name="aspose" xsi:schemaLocation="http://www.omg.org/spec/BPMN/20100524/MODEL BPMN20.xsd">
  <bpmn2:process id="Process_xQ50gsw2J" name="aspose" isExecutable="true">
    <bpmn2:startEvent id="Event_1">
      <bpmn2:outgoing>SequenceFlow_1nefchm</bpmn2:outgoing>
    </bpmn2:startEvent>
    <bpmn2:serviceTask id="ServiceTask_11m850l" name="aspose" implementation="aspose.GENERATE">
      <bpmn2:incoming>SequenceFlow_1nefchm</bpmn2:incoming>
      <bpmn2:outgoing>SequenceFlow_0t3qepz</bpmn2:outgoing>
    </bpmn2:serviceTask>
    <bpmn2:sequenceFlow id="SequenceFlow_1nefchm" sourceRef="Event_1" targetRef="ServiceTask_11m850l"></bpmn2:sequenceFlow>
    <bpmn2:endEvent id="EndEvent_11uz3pv">
      <bpmn2:incoming>SequenceFlow_0t3qepz</bpmn2:incoming>
      <bpmn2:incoming>SequenceFlow_1k2pbj0</bpmn2:incoming>
    </bpmn2:endEvent>
    <bpmn2:sequenceFlow id="SequenceFlow_0t3qepz" sourceRef="ServiceTask_11m850l" targetRef="EndEvent_11uz3pv"></bpmn2:sequenceFlow>
    <bpmn2:boundaryEvent id="IntermediateThrowEvent_1bz7qa1" attachedToRef="ServiceTask_11m850l">
      <bpmn2:outgoing>SequenceFlow_1k2pbj0</bpmn2:outgoing>
      <errorEventDefinition></errorEventDefinition>
    </bpmn2:boundaryEvent>
    <bpmn2:sequenceFlow id="SequenceFlow_1k2pbj0" sourceRef="IntermediateThrowEvent_1bz7qa1" targetRef="EndEvent_11uz3pv"></bpmn2:sequenceFlow>
  </bpmn2:process>
  <bpmndi:BPMNDiagram id="BPMNDiagram_Process_xQ50gsw2J">
    <bpmndi:BPMNPlane bpmnElement="Process_xQ50gsw2J" id="BPMNPlane_Process_xQ50gsw2J">
      <bpmndi:BPMNShape bpmnElement="Event_1" id="BPMNShape_Event_1">
        <omgdc:Bounds height="36.0" width="36.0" x="412.0" y="240.0"></omgdc:Bounds>
      </bpmndi:BPMNShape>
      <bpmndi:BPMNShape bpmnElement="ServiceTask_11m850l" id="BPMNShape_ServiceTask_11m850l">
        <omgdc:Bounds height="80.0" width="100.0" x="500.0" y="218.0"></omgdc:Bounds>
      </bpmndi:BPMNShape>
      <bpmndi:BPMNShape bpmnElement="EndEvent_11uz3pv" id="BPMNShape_EndEvent_11uz3pv">
        <omgdc:Bounds height="36.0" width="36.0" x="652.0" y="240.0"></omgdc:Bounds>
      </bpmndi:BPMNShape>
      <bpmndi:BPMNShape bpmnElement="IntermediateThrowEvent_1bz7qa1" id="BPMNShape_IntermediateThrowEvent_1bz7qa1">
        <omgdc:Bounds height="36.0" width="36.0" x="532.0" y="280.0"></omgdc:Bounds>
      </bpmndi:BPMNShape>
      <bpmndi:BPMNEdge bpmnElement="SequenceFlow_1nefchm" id="BPMNEdge_SequenceFlow_1nefchm">
        <omgdi:waypoint x="448.0" y="258.0"></omgdi:waypoint>
        <omgdi:waypoint x="500.0" y="258.0"></omgdi:waypoint>
      </bpmndi:BPMNEdge>
      <bpmndi:BPMNEdge bpmnElement="SequenceFlow_0t3qepz" id="BPMNEdge_SequenceFlow_0t3qepz">
        <omgdi:waypoint x="600.0" y="258.0"></omgdi:waypoint>
        <omgdi:waypoint x="652.0" y="258.0"></omgdi:waypoint>
      </bpmndi:BPMNEdge>
      <bpmndi:BPMNEdge bpmnElement="SequenceFlow_1k2pbj0" id="BPMNEdge_SequenceFlow_1k2pbj0">
        <omgdi:waypoint x="550.0" y="316.0"></omgdi:waypoint>
        <omgdi:waypoint x="550.0" y="336.0"></omgdi:waypoint>
        <omgdi:waypoint x="670.0" y="336.0"></omgdi:waypoint>
        <omgdi:waypoint x="670.0" y="276.0"></omgdi:waypoint>
      </bpmndi:BPMNEdge>
    </bpmndi:BPMNPlane>
  </bpmndi:BPMNDiagram>
</bpmn2:definitions>