<?xml version="1.0" encoding="UTF-8"?>
<bpmn2:definitions xmlns="http://www.omg.org/spec/BPMN/20100524/MODEL" xmlns:bpmn2="http://www.omg.org/spec/BPMN/20100524/MODEL" xmlns:xsi="http://www.w3.org/2001/XMLSchema-instance" xmlns:xsd="http://www.w3.org/2001/XMLSchema" xmlns:activiti="http://activiti.org/bpmn" xmlns:bpmndi="http://www.omg.org/spec/BPMN/20100524/DI" xmlns:omgdc="http://www.omg.org/spec/DD/20100524/DC" xmlns:omgdi="http://www.omg.org/spec/DD/20100524/DI" xmlns:dc="http://www.omg.org/spec/DD/20100524/DC" xmlns:di="http://www.omg.org/spec/DD/20100524/DI" typeLanguage="http://www.w3.org/2001/XMLSchema" expressionLanguage="http://www.w3.org/1999/XPath" targetNamespace="http://bpmn.io/schema/bpmn" id="model-9e4cf184-24f9-494f-a82b-d190bfa678f7" name="aspose-service" xsi:schemaLocation="http://www.omg.org/spec/BPMN/20100524/MODEL BPMN20.xsd">
  <bpmn2:process id="Process_rhdvl5l98" name="aspose-service" isExecutable="true">
    <bpmn2:startEvent id="Event_1">
      <bpmn2:outgoing>SequenceFlow_1sw0qrh</bpmn2:outgoing>
    </bpmn2:startEvent>
    <bpmn2:serviceTask id="ServiceTask_1eppvtr" name="aspose service" implementation="docgen-service.GENERATE">
      <bpmn2:incoming>SequenceFlow_1sw0qrh</bpmn2:incoming>
      <bpmn2:outgoing>SequenceFlow_0hs4eyi</bpmn2:outgoing>
    </bpmn2:serviceTask>
    <bpmn2:sequenceFlow id="SequenceFlow_1sw0qrh" sourceRef="Event_1" targetRef="ServiceTask_1eppvtr"></bpmn2:sequenceFlow>
    <bpmn2:endEvent id="EndEvent_1ippj6f">
      <bpmn2:incoming>SequenceFlow_0hs4eyi</bpmn2:incoming>
      <bpmn2:incoming>SequenceFlow_11xpis2</bpmn2:incoming>
    </bpmn2:endEvent>
    <bpmn2:sequenceFlow id="SequenceFlow_0hs4eyi" sourceRef="ServiceTask_1eppvtr" targetRef="EndEvent_1ippj6f"></bpmn2:sequenceFlow>
    <bpmn2:boundaryEvent id="IntermediateThrowEvent_1nytg3p" attachedToRef="ServiceTask_1eppvtr">
      <bpmn2:outgoing>SequenceFlow_11xpis2</bpmn2:outgoing>
      <errorEventDefinition></errorEventDefinition>
    </bpmn2:boundaryEvent>
    <bpmn2:sequenceFlow id="SequenceFlow_11xpis2" sourceRef="IntermediateThrowEvent_1nytg3p" targetRef="EndEvent_1ippj6f"></bpmn2:sequenceFlow>
  </bpmn2:process>
  <bpmndi:BPMNDiagram id="BPMNDiagram_Process_rhdvl5l98">
    <bpmndi:BPMNPlane bpmnElement="Process_rhdvl5l98" id="BPMNPlane_Process_rhdvl5l98">
      <bpmndi:BPMNShape bpmnElement="Event_1" id="BPMNShape_Event_1">
        <omgdc:Bounds height="36.0" width="36.0" x="412.0" y="240.0"></omgdc:Bounds>
      </bpmndi:BPMNShape>
      <bpmndi:BPMNShape bpmnElement="ServiceTask_1eppvtr" id="BPMNShape_ServiceTask_1eppvtr">
        <omgdc:Bounds height="80.0" width="100.0" x="490.0" y="218.0"></omgdc:Bounds>
      </bpmndi:BPMNShape>
      <bpmndi:BPMNShape bpmnElement="EndEvent_1ippj6f" id="BPMNShape_EndEvent_1ippj6f">
        <omgdc:Bounds height="36.0" width="36.0" x="652.0" y="240.0"></omgdc:Bounds>
      </bpmndi:BPMNShape>
      <bpmndi:BPMNShape bpmnElement="IntermediateThrowEvent_1nytg3p" id="BPMNShape_IntermediateThrowEvent_1nytg3p">
        <omgdc:Bounds height="36.0" width="36.0" x="522.0" y="280.0"></omgdc:Bounds>
      </bpmndi:BPMNShape>
      <bpmndi:BPMNEdge bpmnElement="SequenceFlow_1sw0qrh" id="BPMNEdge_SequenceFlow_1sw0qrh">
        <omgdi:waypoint x="448.0" y="258.0"></omgdi:waypoint>
        <omgdi:waypoint x="490.0" y="258.0"></omgdi:waypoint>
      </bpmndi:BPMNEdge>
      <bpmndi:BPMNEdge bpmnElement="SequenceFlow_0hs4eyi" id="BPMNEdge_SequenceFlow_0hs4eyi">
        <omgdi:waypoint x="590.0" y="258.0"></omgdi:waypoint>
        <omgdi:waypoint x="652.0" y="258.0"></omgdi:waypoint>
      </bpmndi:BPMNEdge>
      <bpmndi:BPMNEdge bpmnElement="SequenceFlow_11xpis2" id="BPMNEdge_SequenceFlow_11xpis2">
        <omgdi:waypoint x="540.0" y="316.0"></omgdi:waypoint>
        <omgdi:waypoint x="540.0" y="336.0"></omgdi:waypoint>
        <omgdi:waypoint x="670.0" y="336.0"></omgdi:waypoint>
        <omgdi:waypoint x="670.0" y="276.0"></omgdi:waypoint>
      </bpmndi:BPMNEdge>
    </bpmndi:BPMNPlane>
  </bpmndi:BPMNDiagram>
</bpmn2:definitions>