<?xml version="1.0" encoding="UTF-8"?>
<bpmn2:definitions xmlns="http://www.omg.org/spec/BPMN/20100524/MODEL" xmlns:bpmn2="http://www.omg.org/spec/BPMN/20100524/MODEL" xmlns:xsi="http://www.w3.org/2001/XMLSchema-instance" xmlns:xsd="http://www.w3.org/2001/XMLSchema" xmlns:activiti="http://activiti.org/bpmn" xmlns:bpmndi="http://www.omg.org/spec/BPMN/20100524/DI" xmlns:omgdc="http://www.omg.org/spec/DD/20100524/DC" xmlns:omgdi="http://www.omg.org/spec/DD/20100524/DI" xmlns:dc="http://www.omg.org/spec/DD/20100524/DC" xmlns:di="http://www.omg.org/spec/DD/20100524/DI" typeLanguage="http://www.w3.org/2001/XMLSchema" expressionLanguage="http://www.w3.org/1999/XPath" targetNamespace="http://bpmn.io/schema/bpmn" id="model-291139fc-fd74-40c7-9860-f045266e89e7" name="calendar" xsi:schemaLocation="http://www.omg.org/spec/BPMN/20100524/MODEL BPMN20.xsd">
  <bpmn2:process id="Process_bPRRti6oM" name="calendar" isExecutable="true">
    <bpmn2:startEvent id="Event_1">
      <bpmn2:outgoing>SequenceFlow_05sy48b</bpmn2:outgoing>
    </bpmn2:startEvent>
    <bpmn2:serviceTask id="ServiceTask_00fk7zo" name="create_calendar_event" implementation="calendar.CREATE_CALENDAR_EVENT">
      <bpmn2:incoming>SequenceFlow_0worxxq</bpmn2:incoming>
      <bpmn2:outgoing>SequenceFlow_16g15bj</bpmn2:outgoing>
    </bpmn2:serviceTask>
    <bpmn2:exclusiveGateway id="Gateway_0dal2wj">
      <bpmn2:incoming>SequenceFlow_05sy48b</bpmn2:incoming>
      <bpmn2:outgoing>SequenceFlow_0worxxq</bpmn2:outgoing>
      <bpmn2:outgoing>SequenceFlow_0avsi3f</bpmn2:outgoing>
      <bpmn2:outgoing>SequenceFlow_0kxorih</bpmn2:outgoing>
    </bpmn2:exclusiveGateway>
    <bpmn2:sequenceFlow id="SequenceFlow_0worxxq" name="create_calendar_event" sourceRef="Gateway_0dal2wj" targetRef="ServiceTask_00fk7zo">
      <conditionExpression xsi:type="tFormalExpression"><![CDATA[${(action eq 'CREATE_CALENDAR_EVENT')}]]></conditionExpression>
    </bpmn2:sequenceFlow>
    <bpmn2:sequenceFlow id="SequenceFlow_05sy48b" sourceRef="Event_1" targetRef="Gateway_0dal2wj"></bpmn2:sequenceFlow>
    <bpmn2:endEvent id="EndEvent_02h14rs">
      <bpmn2:incoming>SequenceFlow_16g15bj</bpmn2:incoming>
    </bpmn2:endEvent>
    <bpmn2:sequenceFlow id="SequenceFlow_16g15bj" sourceRef="ServiceTask_00fk7zo" targetRef="EndEvent_02h14rs"></bpmn2:sequenceFlow>
    <bpmn2:serviceTask id="ServiceTask_0ls401y" name="get_schedule_availability" implementation="calendar.GET_SCHEDULE_AVAILABILITY">
      <bpmn2:incoming>SequenceFlow_0avsi3f</bpmn2:incoming>
      <bpmn2:outgoing>SequenceFlow_1o5qiu6</bpmn2:outgoing>
    </bpmn2:serviceTask>
    <bpmn2:serviceTask id="ServiceTask_0q8409p" name="update_calendar_event" implementation="calendar.UPDATE_CALENDAR_EVENT">
      <bpmn2:incoming>SequenceFlow_0kxorih</bpmn2:incoming>
      <bpmn2:outgoing>SequenceFlow_1cpiicx</bpmn2:outgoing>
    </bpmn2:serviceTask>
    <bpmn2:sequenceFlow id="SequenceFlow_0avsi3f" name="get_schedule_availability" sourceRef="Gateway_0dal2wj" targetRef="ServiceTask_0ls401y">
      <conditionExpression xsi:type="tFormalExpression"><![CDATA[${(action eq 'GET_SCHEDULE_AVAILABILITY')}]]></conditionExpression>
    </bpmn2:sequenceFlow>
    <bpmn2:sequenceFlow id="SequenceFlow_0kxorih" name="update_calendar_event" sourceRef="Gateway_0dal2wj" targetRef="ServiceTask_0q8409p">
      <conditionExpression xsi:type="tFormalExpression"><![CDATA[${(action eq 'UPDATE_CALENDAR_EVENT')}]]></conditionExpression>
    </bpmn2:sequenceFlow>
    <bpmn2:endEvent id="EndEvent_0p2m9lz">
      <bpmn2:incoming>SequenceFlow_1o5qiu6</bpmn2:incoming>
    </bpmn2:endEvent>
    <bpmn2:sequenceFlow id="SequenceFlow_1o5qiu6" sourceRef="ServiceTask_0ls401y" targetRef="EndEvent_0p2m9lz"></bpmn2:sequenceFlow>
    <bpmn2:endEvent id="EndEvent_1ahhxap">
      <bpmn2:incoming>SequenceFlow_1cpiicx</bpmn2:incoming>
    </bpmn2:endEvent>
    <bpmn2:sequenceFlow id="SequenceFlow_1cpiicx" sourceRef="ServiceTask_0q8409p" targetRef="EndEvent_1ahhxap"></bpmn2:sequenceFlow>
  </bpmn2:process>
  <bpmndi:BPMNDiagram id="BPMNDiagram_Process_bPRRti6oM">
    <bpmndi:BPMNPlane bpmnElement="Process_bPRRti6oM" id="BPMNPlane_Process_bPRRti6oM">
      <bpmndi:BPMNShape bpmnElement="Event_1" id="BPMNShape_Event_1">
        <omgdc:Bounds height="36.0" width="36.0" x="322.0" y="240.0"></omgdc:Bounds>
      </bpmndi:BPMNShape>
      <bpmndi:BPMNShape bpmnElement="ServiceTask_00fk7zo" id="BPMNShape_ServiceTask_00fk7zo">
        <omgdc:Bounds height="80.0" width="100.0" x="580.0" y="100.0"></omgdc:Bounds>
      </bpmndi:BPMNShape>
      <bpmndi:BPMNShape bpmnElement="Gateway_0dal2wj" id="BPMNShape_Gateway_0dal2wj">
        <omgdc:Bounds height="50.0" width="50.0" x="405.0" y="233.0"></omgdc:Bounds>
      </bpmndi:BPMNShape>
      <bpmndi:BPMNShape bpmnElement="EndEvent_02h14rs" id="BPMNShape_EndEvent_02h14rs">
        <omgdc:Bounds height="36.0" width="36.0" x="752.0" y="122.0"></omgdc:Bounds>
      </bpmndi:BPMNShape>
      <bpmndi:BPMNShape bpmnElement="ServiceTask_0ls401y" id="BPMNShape_ServiceTask_0ls401y">
        <omgdc:Bounds height="80.0" width="100.0" x="580.0" y="218.0"></omgdc:Bounds>
      </bpmndi:BPMNShape>
      <bpmndi:BPMNShape bpmnElement="ServiceTask_0q8409p" id="BPMNShape_ServiceTask_0q8409p">
        <omgdc:Bounds height="80.0" width="100.0" x="580.0" y="340.0"></omgdc:Bounds>
      </bpmndi:BPMNShape>
      <bpmndi:BPMNShape bpmnElement="EndEvent_0p2m9lz" id="BPMNShape_EndEvent_0p2m9lz">
        <omgdc:Bounds height="36.0" width="36.0" x="752.0" y="240.0"></omgdc:Bounds>
      </bpmndi:BPMNShape>
      <bpmndi:BPMNShape bpmnElement="EndEvent_1ahhxap" id="BPMNShape_EndEvent_1ahhxap">
        <omgdc:Bounds height="36.0" width="36.0" x="752.0" y="362.0"></omgdc:Bounds>
      </bpmndi:BPMNShape>
      <bpmndi:BPMNEdge bpmnElement="SequenceFlow_0worxxq" id="BPMNEdge_SequenceFlow_0worxxq">
        <omgdi:waypoint x="430.0" y="233.0"></omgdi:waypoint>
        <omgdi:waypoint x="430.0" y="140.0"></omgdi:waypoint>
        <omgdi:waypoint x="580.0" y="140.0"></omgdi:waypoint>
        <bpmndi:BPMNLabel>
          <omgdc:Bounds height="27.0" width="86.0" x="457.0" y="106.0"></omgdc:Bounds>
        </bpmndi:BPMNLabel>
      </bpmndi:BPMNEdge>
      <bpmndi:BPMNEdge bpmnElement="SequenceFlow_05sy48b" id="BPMNEdge_SequenceFlow_05sy48b">
        <omgdi:waypoint x="358.0" y="258.0"></omgdi:waypoint>
        <omgdi:waypoint x="405.0" y="258.0"></omgdi:waypoint>
      </bpmndi:BPMNEdge>
      <bpmndi:BPMNEdge bpmnElement="SequenceFlow_16g15bj" id="BPMNEdge_SequenceFlow_16g15bj">
        <omgdi:waypoint x="680.0" y="140.0"></omgdi:waypoint>
        <omgdi:waypoint x="752.0" y="140.0"></omgdi:waypoint>
      </bpmndi:BPMNEdge>
      <bpmndi:BPMNEdge bpmnElement="SequenceFlow_0avsi3f" id="BPMNEdge_SequenceFlow_0avsi3f">
        <omgdi:waypoint x="455.0" y="258.0"></omgdi:waypoint>
        <omgdi:waypoint x="580.0" y="258.0"></omgdi:waypoint>
        <bpmndi:BPMNLabel>
          <omgdc:Bounds height="27.0" width="90.0" x="467.0" y="226.0"></omgdc:Bounds>
        </bpmndi:BPMNLabel>
      </bpmndi:BPMNEdge>
      <bpmndi:BPMNEdge bpmnElement="SequenceFlow_0kxorih" id="BPMNEdge_SequenceFlow_0kxorih">
        <omgdi:waypoint x="430.0" y="283.0"></omgdi:waypoint>
        <omgdi:waypoint x="430.0" y="380.0"></omgdi:waypoint>
        <omgdi:waypoint x="580.0" y="380.0"></omgdi:waypoint>
        <bpmndi:BPMNLabel>
          <omgdc:Bounds height="27.0" width="83.0" x="458.0" y="336.0"></omgdc:Bounds>
        </bpmndi:BPMNLabel>
      </bpmndi:BPMNEdge>
      <bpmndi:BPMNEdge bpmnElement="SequenceFlow_1o5qiu6" id="BPMNEdge_SequenceFlow_1o5qiu6">
        <omgdi:waypoint x="680.0" y="258.0"></omgdi:waypoint>
        <omgdi:waypoint x="752.0" y="258.0"></omgdi:waypoint>
      </bpmndi:BPMNEdge>
      <bpmndi:BPMNEdge bpmnElement="SequenceFlow_1cpiicx" id="BPMNEdge_SequenceFlow_1cpiicx">
        <omgdi:waypoint x="680.0" y="380.0"></omgdi:waypoint>
        <omgdi:waypoint x="752.0" y="380.0"></omgdi:waypoint>
      </bpmndi:BPMNEdge>
    </bpmndi:BPMNPlane>
  </bpmndi:BPMNDiagram>
</bpmn2:definitions>