<?xml version="1.0" encoding="UTF-8"?>
<bpmn2:definitions xmlns="http://www.omg.org/spec/BPMN/20100524/MODEL" xmlns:bpmn2="http://www.omg.org/spec/BPMN/20100524/MODEL" xmlns:xsi="http://www.w3.org/2001/XMLSchema-instance" xmlns:xsd="http://www.w3.org/2001/XMLSchema" xmlns:activiti="http://activiti.org/bpmn" xmlns:bpmndi="http://www.omg.org/spec/BPMN/20100524/DI" xmlns:omgdc="http://www.omg.org/spec/DD/20100524/DC" xmlns:omgdi="http://www.omg.org/spec/DD/20100524/DI" typeLanguage="http://www.w3.org/2001/XMLSchema" expressionLanguage="http://www.w3.org/1999/XPath" targetNamespace="http://bpmn.io/schema/bpmn" id="model-72c23dc5-2e98-4521-94ae-41b26c33aa12" name="comprehend" xsi:schemaLocation="http://www.omg.org/spec/BPMN/20100524/MODEL BPMN20.xsd">
  <bpmn2:process id="Process_GQaVupgcW" name="comprehend" isExecutable="true">
    <bpmn2:startEvent id="Event_1">
      <bpmn2:outgoing>SequenceFlow_1d6ytn8</bpmn2:outgoing>
    </bpmn2:startEvent>
    <bpmn2:serviceTask id="ServiceTask_0pbz3mj" name="comprehend" implementation="comprehend.ENTITY">
      <bpmn2:incoming>SequenceFlow_1d6ytn8</bpmn2:incoming>
      <bpmn2:outgoing>SequenceFlow_0r1gy1x</bpmn2:outgoing>
    </bpmn2:serviceTask>
    <bpmn2:sequenceFlow id="SequenceFlow_1d6ytn8" sourceRef="Event_1" targetRef="ServiceTask_0pbz3mj"></bpmn2:sequenceFlow>
    <bpmn2:endEvent id="EndEvent_08harrh">
      <bpmn2:incoming>SequenceFlow_0r1gy1x</bpmn2:incoming>
      <bpmn2:incoming>SequenceFlow_0vak6dc</bpmn2:incoming>
    </bpmn2:endEvent>
    <bpmn2:sequenceFlow id="SequenceFlow_0r1gy1x" sourceRef="ServiceTask_0pbz3mj" targetRef="EndEvent_08harrh"></bpmn2:sequenceFlow>
    <bpmn2:boundaryEvent id="IntermediateThrowEvent_0io52vk" attachedToRef="ServiceTask_0pbz3mj">
      <bpmn2:outgoing>SequenceFlow_0vak6dc</bpmn2:outgoing>
      <errorEventDefinition></errorEventDefinition>
    </bpmn2:boundaryEvent>
    <bpmn2:sequenceFlow id="SequenceFlow_0vak6dc" sourceRef="IntermediateThrowEvent_0io52vk" targetRef="EndEvent_08harrh"></bpmn2:sequenceFlow>
  </bpmn2:process>
  <bpmndi:BPMNDiagram id="BPMNDiagram_Process_GQaVupgcW">
    <bpmndi:BPMNPlane bpmnElement="Process_GQaVupgcW" id="BPMNPlane_Process_GQaVupgcW">
      <bpmndi:BPMNShape bpmnElement="Event_1" id="BPMNShape_Event_1">
        <omgdc:Bounds height="36.0" width="36.0" x="412.0" y="240.0"></omgdc:Bounds>
      </bpmndi:BPMNShape>
      <bpmndi:BPMNShape bpmnElement="ServiceTask_0pbz3mj" id="BPMNShape_ServiceTask_0pbz3mj">
        <omgdc:Bounds height="80.0" width="100.0" x="500.0" y="218.0"></omgdc:Bounds>
      </bpmndi:BPMNShape>
      <bpmndi:BPMNShape bpmnElement="EndEvent_08harrh" id="BPMNShape_EndEvent_08harrh">
        <omgdc:Bounds height="36.0" width="36.0" x="642.0" y="240.0"></omgdc:Bounds>
      </bpmndi:BPMNShape>
      <bpmndi:BPMNShape bpmnElement="IntermediateThrowEvent_0io52vk" id="BPMNShape_IntermediateThrowEvent_0io52vk">
        <omgdc:Bounds height="36.0" width="36.0" x="532.0" y="280.0"></omgdc:Bounds>
      </bpmndi:BPMNShape>
      <bpmndi:BPMNEdge bpmnElement="SequenceFlow_1d6ytn8" id="BPMNEdge_SequenceFlow_1d6ytn8">
        <omgdi:waypoint x="448.0" y="258.0"></omgdi:waypoint>
        <omgdi:waypoint x="500.0" y="258.0"></omgdi:waypoint>
      </bpmndi:BPMNEdge>
      <bpmndi:BPMNEdge bpmnElement="SequenceFlow_0r1gy1x" id="BPMNEdge_SequenceFlow_0r1gy1x">
        <omgdi:waypoint x="600.0" y="258.0"></omgdi:waypoint>
        <omgdi:waypoint x="642.0" y="258.0"></omgdi:waypoint>
      </bpmndi:BPMNEdge>
      <bpmndi:BPMNEdge bpmnElement="SequenceFlow_0vak6dc" id="BPMNEdge_SequenceFlow_0vak6dc">
        <omgdi:waypoint x="550.0" y="316.0"></omgdi:waypoint>
        <omgdi:waypoint x="550.0" y="336.0"></omgdi:waypoint>
        <omgdi:waypoint x="660.0" y="336.0"></omgdi:waypoint>
        <omgdi:waypoint x="660.0" y="276.0"></omgdi:waypoint>
      </bpmndi:BPMNEdge>
    </bpmndi:BPMNPlane>
  </bpmndi:BPMNDiagram>
</bpmn2:definitions>