<?xml version="1.0" encoding="UTF-8"?>
<bpmn2:definitions xmlns="http://www.omg.org/spec/BPMN/20100524/MODEL" xmlns:bpmn2="http://www.omg.org/spec/BPMN/20100524/MODEL" xmlns:xsi="http://www.w3.org/2001/XMLSchema-instance" xmlns:xsd="http://www.w3.org/2001/XMLSchema" xmlns:activiti="http://activiti.org/bpmn" xmlns:bpmndi="http://www.omg.org/spec/BPMN/20100524/DI" xmlns:omgdc="http://www.omg.org/spec/DD/20100524/DC" xmlns:omgdi="http://www.omg.org/spec/DD/20100524/DI" typeLanguage="http://www.w3.org/2001/XMLSchema" expressionLanguage="http://www.w3.org/1999/XPath" targetNamespace="http://bpmn.io/schema/bpmn" id="model-9a77b0b8-5700-441a-89f5-2974d0c600eb" name="content-service" xsi:schemaLocation="http://www.omg.org/spec/BPMN/20100524/MODEL BPMN20.xsd">
  <bpmn2:process id="Process_f9iKhsNSh" name="content-service" isExecutable="true">
    <bpmn2:startEvent id="Event_1">
      <bpmn2:outgoing>SequenceFlow_0qxd886</bpmn2:outgoing>
    </bpmn2:startEvent>
    <bpmn2:exclusiveGateway id="ExclusiveGateway_0d2lqbp">
      <bpmn2:incoming>SequenceFlow_0qxd886</bpmn2:incoming>
      <bpmn2:outgoing>SequenceFlow_0o2hsw4</bpmn2:outgoing>
      <bpmn2:outgoing>SequenceFlow_0iy70p3</bpmn2:outgoing>
      <bpmn2:outgoing>SequenceFlow_1whl5iz</bpmn2:outgoing>
      <bpmn2:outgoing>SequenceFlow_0ollmmi</bpmn2:outgoing>
      <bpmn2:outgoing>SequenceFlow_1b7x7ht</bpmn2:outgoing>
      <bpmn2:outgoing>SequenceFlow_0d5elhs</bpmn2:outgoing>
      <bpmn2:outgoing>SequenceFlow_0ir8tqh</bpmn2:outgoing>
      <bpmn2:outgoing>SequenceFlow_1wj5n2t</bpmn2:outgoing>
      <bpmn2:outgoing>SequenceFlow_141ue2z</bpmn2:outgoing>
      <bpmn2:outgoing>SequenceFlow_1uzxmab</bpmn2:outgoing>
      <bpmn2:outgoing>SequenceFlow_0b5t1e0</bpmn2:outgoing>
      <bpmn2:outgoing>SequenceFlow_0imkv7g</bpmn2:outgoing>
      <bpmn2:outgoing>SequenceFlow_0l5fx6v</bpmn2:outgoing>
      <bpmn2:outgoing>SequenceFlow_1rumxg0</bpmn2:outgoing>
      <bpmn2:outgoing>SequenceFlow_18v4dng</bpmn2:outgoing>
      <bpmn2:outgoing>SequenceFlow_0g3qxd0</bpmn2:outgoing>
      <bpmn2:outgoing>SequenceFlow_1a319n1</bpmn2:outgoing>
      <bpmn2:outgoing>SequenceFlow_18picu6</bpmn2:outgoing>
      <bpmn2:outgoing>SequenceFlow_0xyq3zm</bpmn2:outgoing>
      <bpmn2:outgoing>SequenceFlow_1148irq</bpmn2:outgoing>
      <bpmn2:outgoing>SequenceFlow_00m75oj</bpmn2:outgoing>
      <bpmn2:outgoing>SequenceFlow_1xp85we</bpmn2:outgoing>
      <bpmn2:outgoing>SequenceFlow_0abnxzp</bpmn2:outgoing>
      <bpmn2:outgoing>SequenceFlow_1y7r0tq</bpmn2:outgoing>
      <bpmn2:outgoing>SequenceFlow_1v8wvln</bpmn2:outgoing>
    </bpmn2:exclusiveGateway>
    <bpmn2:sequenceFlow id="SequenceFlow_0qxd886" sourceRef="Event_1" targetRef="ExclusiveGateway_0d2lqbp"></bpmn2:sequenceFlow>
    <bpmn2:sequenceFlow id="SequenceFlow_0o2hsw4" name="select_file" sourceRef="ExclusiveGateway_0d2lqbp" targetRef="ServiceTask_1st7qe0">
      <conditionExpression xsi:type="tFormalExpression"><![CDATA[${action=='SELECT_FILE'}]]></conditionExpression>
    </bpmn2:sequenceFlow>
    <bpmn2:endEvent id="EndEvent_08lw204">
      <bpmn2:incoming>SequenceFlow_1yij36s</bpmn2:incoming>
    </bpmn2:endEvent>
    <bpmn2:sequenceFlow id="SequenceFlow_1yij36s" sourceRef="ServiceTask_1st7qe0" targetRef="EndEvent_08lw204"></bpmn2:sequenceFlow>
    <bpmn2:endEvent id="EndEvent_0h9melr">
      <bpmn2:incoming>SequenceFlow_07kt39x</bpmn2:incoming>
    </bpmn2:endEvent>
    <bpmn2:sequenceFlow id="SequenceFlow_07kt39x" sourceRef="ServiceTask_010evek" targetRef="EndEvent_0h9melr"></bpmn2:sequenceFlow>
    <bpmn2:sequenceFlow id="SequenceFlow_0iy70p3" name="select_folder" sourceRef="ExclusiveGateway_0d2lqbp" targetRef="ServiceTask_010evek">
      <conditionExpression xsi:type="tFormalExpression"><![CDATA[${action=='SELECT_FOLDER'}]]></conditionExpression>
    </bpmn2:sequenceFlow>
    <bpmn2:sequenceFlow id="SequenceFlow_1whl5iz" name="create_file" sourceRef="ExclusiveGateway_0d2lqbp" targetRef="ServiceTask_1bupf78">
      <conditionExpression xsi:type="tFormalExpression"><![CDATA[${action=='CREATE_FILE'}]]></conditionExpression>
    </bpmn2:sequenceFlow>
    <bpmn2:endEvent id="EndEvent_1dj0max">
      <bpmn2:incoming>SequenceFlow_1tr0hnm</bpmn2:incoming>
    </bpmn2:endEvent>
    <bpmn2:sequenceFlow id="SequenceFlow_1tr0hnm" sourceRef="ServiceTask_1bupf78" targetRef="EndEvent_1dj0max"></bpmn2:sequenceFlow>
    <bpmn2:sequenceFlow id="SequenceFlow_0ollmmi" name="create_folder" sourceRef="ExclusiveGateway_0d2lqbp" targetRef="ServiceTask_0plmufi">
      <conditionExpression xsi:type="tFormalExpression"><![CDATA[${action=='CREATE_FOLDER'}]]></conditionExpression>
    </bpmn2:sequenceFlow>
    <bpmn2:endEvent id="EndEvent_1e8q2vz">
      <bpmn2:incoming>SequenceFlow_1rb2uwf</bpmn2:incoming>
    </bpmn2:endEvent>
    <bpmn2:sequenceFlow id="SequenceFlow_1rb2uwf" sourceRef="ServiceTask_0plmufi" targetRef="EndEvent_1e8q2vz"></bpmn2:sequenceFlow>
    <bpmn2:sequenceFlow id="SequenceFlow_1b7x7ht" name="select_metadata" sourceRef="ExclusiveGateway_0d2lqbp" targetRef="ServiceTask_1nex2ni">
      <conditionExpression xsi:type="tFormalExpression"><![CDATA[${action=='SELECT_METADATA'}]]></conditionExpression>
    </bpmn2:sequenceFlow>
    <bpmn2:endEvent id="EndEvent_0hmh56w">
      <bpmn2:incoming>SequenceFlow_1bfc6jm</bpmn2:incoming>
    </bpmn2:endEvent>
    <bpmn2:sequenceFlow id="SequenceFlow_1bfc6jm" sourceRef="ServiceTask_1nex2ni" targetRef="EndEvent_0hmh56w"></bpmn2:sequenceFlow>
    <bpmn2:endEvent id="EndEvent_1kadj6s">
      <bpmn2:incoming>SequenceFlow_1p9q5lw</bpmn2:incoming>
    </bpmn2:endEvent>
    <bpmn2:sequenceFlow id="SequenceFlow_1p9q5lw" sourceRef="ServiceTask_1ehwm27" targetRef="EndEvent_1kadj6s"></bpmn2:sequenceFlow>
    <bpmn2:sequenceFlow id="SequenceFlow_0d5elhs" name="update_metadata" sourceRef="ExclusiveGateway_0d2lqbp" targetRef="ServiceTask_1ehwm27">
      <conditionExpression xsi:type="tFormalExpression"><![CDATA[${action=='UPDATE_METADATA'}]]></conditionExpression>
    </bpmn2:sequenceFlow>
    <bpmn2:endEvent id="EndEvent_092arq8">
      <bpmn2:incoming>SequenceFlow_0g9tzoa</bpmn2:incoming>
    </bpmn2:endEvent>
    <bpmn2:sequenceFlow id="SequenceFlow_0g9tzoa" sourceRef="ServiceTask_0vwnhth" targetRef="EndEvent_092arq8"></bpmn2:sequenceFlow>
    <bpmn2:sequenceFlow id="SequenceFlow_0ir8tqh" name="set_type" sourceRef="ExclusiveGateway_0d2lqbp" targetRef="ServiceTask_0vwnhth">
      <conditionExpression xsi:type="tFormalExpression"><![CDATA[${action=='SET_TYPE'}]]></conditionExpression>
    </bpmn2:sequenceFlow>
    <bpmn2:sequenceFlow id="SequenceFlow_1wj5n2t" name="read_file_content" sourceRef="ExclusiveGateway_0d2lqbp" targetRef="ServiceTask_03p0ga7">
      <conditionExpression xsi:type="tFormalExpression"><![CDATA[${action=='READ_FILE_CONTENT'}]]></conditionExpression>
    </bpmn2:sequenceFlow>
    <bpmn2:endEvent id="EndEvent_1x3jo5a">
      <bpmn2:incoming>SequenceFlow_0jqpwwm</bpmn2:incoming>
    </bpmn2:endEvent>
    <bpmn2:sequenceFlow id="SequenceFlow_0jqpwwm" sourceRef="ServiceTask_03p0ga7" targetRef="EndEvent_1x3jo5a"></bpmn2:sequenceFlow>
    <bpmn2:endEvent id="EndEvent_1gs3lx0">
      <bpmn2:incoming>SequenceFlow_1hw9nwd</bpmn2:incoming>
    </bpmn2:endEvent>
    <bpmn2:sequenceFlow id="SequenceFlow_1hw9nwd" sourceRef="ServiceTask_1fqhdfe" targetRef="EndEvent_1gs3lx0"></bpmn2:sequenceFlow>
    <bpmn2:sequenceFlow id="SequenceFlow_141ue2z" name="update_file_content" sourceRef="ExclusiveGateway_0d2lqbp" targetRef="ServiceTask_1fqhdfe">
      <conditionExpression xsi:type="tFormalExpression"><![CDATA[${action=='UPDATE_FILE_CONTENT'}]]></conditionExpression>
    </bpmn2:sequenceFlow>
    <bpmn2:endEvent id="EndEvent_0m64dvg">
      <bpmn2:incoming>SequenceFlow_0jdgb46</bpmn2:incoming>
    </bpmn2:endEvent>
    <bpmn2:sequenceFlow id="SequenceFlow_0jdgb46" sourceRef="ServiceTask_0zfayrk" targetRef="EndEvent_0m64dvg"></bpmn2:sequenceFlow>
    <bpmn2:sequenceFlow id="SequenceFlow_1uzxmab" name="copy_file" sourceRef="ExclusiveGateway_0d2lqbp" targetRef="ServiceTask_0zfayrk">
      <conditionExpression xsi:type="tFormalExpression"><![CDATA[${action=='COPY_FILE'}]]></conditionExpression>
    </bpmn2:sequenceFlow>
    <bpmn2:endEvent id="EndEvent_030q7u5">
      <bpmn2:incoming>SequenceFlow_13vflt3</bpmn2:incoming>
    </bpmn2:endEvent>
    <bpmn2:sequenceFlow id="SequenceFlow_13vflt3" sourceRef="ServiceTask_1l484ww" targetRef="EndEvent_030q7u5"></bpmn2:sequenceFlow>
    <bpmn2:sequenceFlow id="SequenceFlow_0b5t1e0" name="copy_folder" sourceRef="ExclusiveGateway_0d2lqbp" targetRef="ServiceTask_1l484ww">
      <conditionExpression xsi:type="tFormalExpression"><![CDATA[${action=='COPY_FOLDER'}]]></conditionExpression>
    </bpmn2:sequenceFlow>
    <bpmn2:endEvent id="EndEvent_1fdymto">
      <bpmn2:incoming>SequenceFlow_0x2iw3q</bpmn2:incoming>
    </bpmn2:endEvent>
    <bpmn2:sequenceFlow id="SequenceFlow_0x2iw3q" sourceRef="ServiceTask_05v2cze" targetRef="EndEvent_1fdymto"></bpmn2:sequenceFlow>
    <bpmn2:sequenceFlow id="SequenceFlow_0imkv7g" name="move_file" sourceRef="ExclusiveGateway_0d2lqbp" targetRef="ServiceTask_05v2cze">
      <conditionExpression xsi:type="tFormalExpression"><![CDATA[${action=='MOVE_FILE'}]]></conditionExpression>
    </bpmn2:sequenceFlow>
    <bpmn2:endEvent id="EndEvent_03lr340">
      <bpmn2:incoming>SequenceFlow_1bc0ovv</bpmn2:incoming>
    </bpmn2:endEvent>
    <bpmn2:sequenceFlow id="SequenceFlow_1bc0ovv" sourceRef="ServiceTask_0y18x7s" targetRef="EndEvent_03lr340"></bpmn2:sequenceFlow>
    <bpmn2:sequenceFlow id="SequenceFlow_0l5fx6v" name="move_folder" sourceRef="ExclusiveGateway_0d2lqbp" targetRef="ServiceTask_0y18x7s">
      <conditionExpression xsi:type="tFormalExpression"><![CDATA[${action=='MOVE_FOLDER'}]]></conditionExpression>
    </bpmn2:sequenceFlow>
    <bpmn2:endEvent id="EndEvent_1vnao58">
      <bpmn2:incoming>SequenceFlow_1iqv7j9</bpmn2:incoming>
    </bpmn2:endEvent>
    <bpmn2:sequenceFlow id="SequenceFlow_1iqv7j9" sourceRef="ServiceTask_1xtodv0" targetRef="EndEvent_1vnao58"></bpmn2:sequenceFlow>
    <bpmn2:sequenceFlow id="SequenceFlow_1rumxg0" name="delete_file" sourceRef="ExclusiveGateway_0d2lqbp" targetRef="ServiceTask_1xtodv0">
      <conditionExpression xsi:type="tFormalExpression"><![CDATA[${action=='DELETE_FILE'}]]></conditionExpression>
    </bpmn2:sequenceFlow>
    <bpmn2:endEvent id="EndEvent_1j2h3wb">
      <bpmn2:incoming>SequenceFlow_1b08y8z</bpmn2:incoming>
    </bpmn2:endEvent>
    <bpmn2:sequenceFlow id="SequenceFlow_1b08y8z" sourceRef="ServiceTask_0gjeb0z" targetRef="EndEvent_1j2h3wb"></bpmn2:sequenceFlow>
    <bpmn2:sequenceFlow id="SequenceFlow_18v4dng" name="delete_folder" sourceRef="ExclusiveGateway_0d2lqbp" targetRef="ServiceTask_0gjeb0z">
      <conditionExpression xsi:type="tFormalExpression"><![CDATA[${action=='DELETE_FOLDER'}]]></conditionExpression>
    </bpmn2:sequenceFlow>
    <bpmn2:sequenceFlow id="SequenceFlow_0g3qxd0" name="update_tag" sourceRef="ExclusiveGateway_0d2lqbp" targetRef="ServiceTask_0xqgws3">
      <conditionExpression xsi:type="tFormalExpression"><![CDATA[${action=='UPDATE_TAG'}]]></conditionExpression>
    </bpmn2:sequenceFlow>
    <bpmn2:endEvent id="EndEvent_1hnqtys">
      <bpmn2:incoming>SequenceFlow_1ye16wd</bpmn2:incoming>
    </bpmn2:endEvent>
    <bpmn2:sequenceFlow id="SequenceFlow_1ye16wd" sourceRef="ServiceTask_0xqgws3" targetRef="EndEvent_1hnqtys"></bpmn2:sequenceFlow>
    <bpmn2:endEvent id="EndEvent_0k0s0ug">
      <bpmn2:incoming>SequenceFlow_1vexlqr</bpmn2:incoming>
    </bpmn2:endEvent>
    <bpmn2:sequenceFlow id="SequenceFlow_1vexlqr" sourceRef="ServiceTask_18jb3zm" targetRef="EndEvent_0k0s0ug"></bpmn2:sequenceFlow>
    <bpmn2:sequenceFlow id="SequenceFlow_1a319n1" name="lock_node" sourceRef="ExclusiveGateway_0d2lqbp" targetRef="ServiceTask_18jb3zm">
      <conditionExpression xsi:type="tFormalExpression"><![CDATA[${action=='LOCK_NODE'}]]></conditionExpression>
    </bpmn2:sequenceFlow>
    <bpmn2:sequenceFlow id="SequenceFlow_18picu6" name="unlock_node" sourceRef="ExclusiveGateway_0d2lqbp" targetRef="ServiceTask_182xwpy">
      <conditionExpression xsi:type="tFormalExpression"><![CDATA[${action=='UNLOCK_NODE'}]]></conditionExpression>
    </bpmn2:sequenceFlow>
    <bpmn2:endEvent id="EndEvent_1lwmlgs">
      <bpmn2:incoming>SequenceFlow_1exek2n</bpmn2:incoming>
    </bpmn2:endEvent>
    <bpmn2:sequenceFlow id="SequenceFlow_1exek2n" sourceRef="ServiceTask_182xwpy" targetRef="EndEvent_1lwmlgs"></bpmn2:sequenceFlow>
    <bpmn2:endEvent id="EndEvent_0gwtdtq">
      <bpmn2:incoming>SequenceFlow_0s9g3om</bpmn2:incoming>
    </bpmn2:endEvent>
    <bpmn2:sequenceFlow id="SequenceFlow_0s9g3om" sourceRef="ServiceTask_157apc7" targetRef="EndEvent_0gwtdtq"></bpmn2:sequenceFlow>
    <bpmn2:sequenceFlow id="SequenceFlow_0xyq3zm" name="add_aspect" sourceRef="ExclusiveGateway_0d2lqbp" targetRef="ServiceTask_157apc7">
      <conditionExpression xsi:type="tFormalExpression"><![CDATA[${action=='ADD_ASPECT'}]]></conditionExpression>
    </bpmn2:sequenceFlow>
    <bpmn2:endEvent id="EndEvent_1hkm5l3">
      <bpmn2:incoming>SequenceFlow_1j0exsw</bpmn2:incoming>
    </bpmn2:endEvent>
    <bpmn2:sequenceFlow id="SequenceFlow_1j0exsw" sourceRef="ServiceTask_01utotf" targetRef="EndEvent_1hkm5l3"></bpmn2:sequenceFlow>
    <bpmn2:sequenceFlow id="SequenceFlow_1148irq" name="remove_aspect" sourceRef="ExclusiveGateway_0d2lqbp" targetRef="ServiceTask_01utotf">
      <conditionExpression xsi:type="tFormalExpression"><![CDATA[${action=='REMOVE_ASPECT'}]]></conditionExpression>
    </bpmn2:sequenceFlow>
    <bpmn2:endEvent id="EndEvent_10dredx">
      <bpmn2:incoming>SequenceFlow_1tyrms0</bpmn2:incoming>
    </bpmn2:endEvent>
    <bpmn2:sequenceFlow id="SequenceFlow_1tyrms0" sourceRef="ServiceTask_0qadg8y" targetRef="EndEvent_10dredx"></bpmn2:sequenceFlow>
    <bpmn2:sequenceFlow id="SequenceFlow_00m75oj" name="set_permission" sourceRef="ExclusiveGateway_0d2lqbp" targetRef="ServiceTask_0qadg8y">
      <conditionExpression xsi:type="tFormalExpression"><![CDATA[${action=='SET_PERMISSION'}]]></conditionExpression>
    </bpmn2:sequenceFlow>
    <bpmn2:subProcess id="SubProcess_0ev5sl3" name="subProcess" triggeredByEvent="true">
      <bpmn2:startEvent id="StartEvent_1rgvzrl" isInterrupting="true">
        <bpmn2:outgoing>SequenceFlow_15a6ah8</bpmn2:outgoing>
        <errorEventDefinition></errorEventDefinition>
      </bpmn2:startEvent>
      <bpmn2:endEvent id="EndEvent_1tsakmn">
        <bpmn2:incoming>SequenceFlow_15a6ah8</bpmn2:incoming>
      </bpmn2:endEvent>
      <bpmn2:sequenceFlow id="SequenceFlow_15a6ah8" sourceRef="StartEvent_1rgvzrl" targetRef="EndEvent_1tsakmn"></bpmn2:sequenceFlow>
    </bpmn2:subProcess>
    <bpmn2:endEvent id="EndEvent_0977wsk">
      <bpmn2:incoming>SequenceFlow_0tk65h0</bpmn2:incoming>
    </bpmn2:endEvent>
    <bpmn2:sequenceFlow id="SequenceFlow_0tk65h0" sourceRef="ServiceTask_0z5gnhp" targetRef="EndEvent_0977wsk"></bpmn2:sequenceFlow>
    <bpmn2:sequenceFlow id="SequenceFlow_1xp85we" name="add_security_marks" sourceRef="ExclusiveGateway_0d2lqbp" targetRef="ServiceTask_0z5gnhp">
      <conditionExpression xsi:type="tFormalExpression"><![CDATA[${action=='ADD_SECURITY_MARKS'}]]></conditionExpression>
    </bpmn2:sequenceFlow>
    <bpmn2:endEvent id="EndEvent_0c71fuv">
      <bpmn2:incoming>SequenceFlow_0wwi2fl</bpmn2:incoming>
    </bpmn2:endEvent>
    <bpmn2:sequenceFlow id="SequenceFlow_0wwi2fl" sourceRef="ServiceTask_14lv073" targetRef="EndEvent_0c71fuv"></bpmn2:sequenceFlow>
    <bpmn2:sequenceFlow id="SequenceFlow_0abnxzp" name="get_security_marks" sourceRef="ExclusiveGateway_0d2lqbp" targetRef="ServiceTask_14lv073">
      <conditionExpression xsi:type="tFormalExpression"><![CDATA[${action=='GET_SECURITY_MARKS'}]]></conditionExpression>
    </bpmn2:sequenceFlow>
    <bpmn2:endEvent id="EndEvent_1oe8ume">
      <bpmn2:incoming>SequenceFlow_1i2c0rf</bpmn2:incoming>
    </bpmn2:endEvent>
    <bpmn2:sequenceFlow id="SequenceFlow_1i2c0rf" sourceRef="ServiceTask_09j1msp" targetRef="EndEvent_1oe8ume"></bpmn2:sequenceFlow>
    <bpmn2:sequenceFlow id="SequenceFlow_1y7r0tq" name="execute_action" sourceRef="ExclusiveGateway_0d2lqbp" targetRef="ServiceTask_09j1msp">
      <conditionExpression xsi:type="tFormalExpression"><![CDATA[${action=='EXECUTE_ACTION'}]]></conditionExpression>
    </bpmn2:sequenceFlow>
    <bpmn2:serviceTask id="ServiceTask_1st7qe0" name="select_file" implementation="content-service.SELECT_FILE">
      <bpmn2:incoming>SequenceFlow_0o2hsw4</bpmn2:incoming>
      <bpmn2:outgoing>SequenceFlow_1yij36s</bpmn2:outgoing>
    </bpmn2:serviceTask>
    <bpmn2:serviceTask id="ServiceTask_010evek" name="select_folder" implementation="content-service.SELECT_FOLDER">
      <bpmn2:incoming>SequenceFlow_0iy70p3</bpmn2:incoming>
      <bpmn2:outgoing>SequenceFlow_07kt39x</bpmn2:outgoing>
    </bpmn2:serviceTask>
    <bpmn2:serviceTask id="ServiceTask_1bupf78" name="create_file" implementation="content-service.CREATE_FILE">
      <bpmn2:incoming>SequenceFlow_1whl5iz</bpmn2:incoming>
      <bpmn2:outgoing>SequenceFlow_1tr0hnm</bpmn2:outgoing>
    </bpmn2:serviceTask>
    <bpmn2:serviceTask id="ServiceTask_0plmufi" name="create_folder" implementation="content-service.CREATE_FOLDER">
      <bpmn2:incoming>SequenceFlow_0ollmmi</bpmn2:incoming>
      <bpmn2:outgoing>SequenceFlow_1rb2uwf</bpmn2:outgoing>
    </bpmn2:serviceTask>
    <bpmn2:serviceTask id="ServiceTask_1nex2ni" name="select_metadata" implementation="content-service.SELECT_METADATA">
      <bpmn2:incoming>SequenceFlow_1b7x7ht</bpmn2:incoming>
      <bpmn2:outgoing>SequenceFlow_1bfc6jm</bpmn2:outgoing>
    </bpmn2:serviceTask>
    <bpmn2:serviceTask id="ServiceTask_1ehwm27" name="update_metadata" implementation="content-service.UPDATE_METADATA">
      <bpmn2:incoming>SequenceFlow_0d5elhs</bpmn2:incoming>
      <bpmn2:outgoing>SequenceFlow_1p9q5lw</bpmn2:outgoing>
    </bpmn2:serviceTask>
    <bpmn2:serviceTask id="ServiceTask_0vwnhth" name="set_type" implementation="content-service.SET_TYPE">
      <bpmn2:incoming>SequenceFlow_0ir8tqh</bpmn2:incoming>
      <bpmn2:outgoing>SequenceFlow_0g9tzoa</bpmn2:outgoing>
    </bpmn2:serviceTask>
    <bpmn2:serviceTask id="ServiceTask_03p0ga7" name="read_file_content" implementation="content-service.READ_FILE_CONTENT">
      <bpmn2:incoming>SequenceFlow_1wj5n2t</bpmn2:incoming>
      <bpmn2:outgoing>SequenceFlow_0jqpwwm</bpmn2:outgoing>
    </bpmn2:serviceTask>
    <bpmn2:serviceTask id="ServiceTask_1fqhdfe" name="update_file_content" implementation="content-service.UPDATE_FILE_CONTENT">
      <bpmn2:incoming>SequenceFlow_141ue2z</bpmn2:incoming>
      <bpmn2:outgoing>SequenceFlow_1hw9nwd</bpmn2:outgoing>
    </bpmn2:serviceTask>
    <bpmn2:serviceTask id="ServiceTask_0zfayrk" name="copy_file" implementation="content-service.COPY_FILE">
      <bpmn2:incoming>SequenceFlow_1uzxmab</bpmn2:incoming>
      <bpmn2:outgoing>SequenceFlow_0jdgb46</bpmn2:outgoing>
    </bpmn2:serviceTask>
    <bpmn2:serviceTask id="ServiceTask_1l484ww" name="copy_folder" implementation="content-service.COPY_FOLDER">
      <bpmn2:incoming>SequenceFlow_0b5t1e0</bpmn2:incoming>
      <bpmn2:outgoing>SequenceFlow_13vflt3</bpmn2:outgoing>
    </bpmn2:serviceTask>
    <bpmn2:serviceTask id="ServiceTask_05v2cze" name="move_file" implementation="content-service.MOVE_FILE">
      <bpmn2:incoming>SequenceFlow_0imkv7g</bpmn2:incoming>
      <bpmn2:outgoing>SequenceFlow_0x2iw3q</bpmn2:outgoing>
    </bpmn2:serviceTask>
    <bpmn2:serviceTask id="ServiceTask_0y18x7s" name="move_folder" implementation="content-service.MOVE_FOLDER">
      <bpmn2:incoming>SequenceFlow_0l5fx6v</bpmn2:incoming>
      <bpmn2:outgoing>SequenceFlow_1bc0ovv</bpmn2:outgoing>
    </bpmn2:serviceTask>
    <bpmn2:serviceTask id="ServiceTask_1xtodv0" name="delete_file" implementation="content-service.DELETE_FILE">
      <bpmn2:incoming>SequenceFlow_1rumxg0</bpmn2:incoming>
      <bpmn2:outgoing>SequenceFlow_1iqv7j9</bpmn2:outgoing>
    </bpmn2:serviceTask>
    <bpmn2:serviceTask id="ServiceTask_0gjeb0z" name="delete_folder" implementation="content-service.DELETE_FOLDER">
      <bpmn2:incoming>SequenceFlow_18v4dng</bpmn2:incoming>
      <bpmn2:outgoing>SequenceFlow_1b08y8z</bpmn2:outgoing>
    </bpmn2:serviceTask>
    <bpmn2:serviceTask id="ServiceTask_0xqgws3" name="update_tag" implementation="content-service.UPDATE_TAG">
      <bpmn2:incoming>SequenceFlow_0g3qxd0</bpmn2:incoming>
      <bpmn2:outgoing>SequenceFlow_1ye16wd</bpmn2:outgoing>
    </bpmn2:serviceTask>
    <bpmn2:serviceTask id="ServiceTask_18jb3zm" name="lock_node" implementation="content-service.LOCK_NODE">
      <bpmn2:incoming>SequenceFlow_1a319n1</bpmn2:incoming>
      <bpmn2:outgoing>SequenceFlow_1vexlqr</bpmn2:outgoing>
    </bpmn2:serviceTask>
    <bpmn2:serviceTask id="ServiceTask_182xwpy" name="unlock_node" implementation="content-service.UNLOCK_NODE">
      <bpmn2:incoming>SequenceFlow_18picu6</bpmn2:incoming>
      <bpmn2:outgoing>SequenceFlow_1exek2n</bpmn2:outgoing>
    </bpmn2:serviceTask>
    <bpmn2:serviceTask id="ServiceTask_157apc7" name="add_aspect" implementation="content-service.ADD_ASPECT">
      <bpmn2:incoming>SequenceFlow_0xyq3zm</bpmn2:incoming>
      <bpmn2:outgoing>SequenceFlow_0s9g3om</bpmn2:outgoing>
    </bpmn2:serviceTask>
    <bpmn2:serviceTask id="ServiceTask_01utotf" name="remove_aspect" implementation="content-service.REMOVE_ASPECT">
      <bpmn2:incoming>SequenceFlow_1148irq</bpmn2:incoming>
      <bpmn2:outgoing>SequenceFlow_1j0exsw</bpmn2:outgoing>
    </bpmn2:serviceTask>
    <bpmn2:serviceTask id="ServiceTask_0qadg8y" name="set_permission" implementation="content-service.SET_PERMISSIONS">
      <bpmn2:incoming>SequenceFlow_00m75oj</bpmn2:incoming>
      <bpmn2:outgoing>SequenceFlow_1tyrms0</bpmn2:outgoing>
    </bpmn2:serviceTask>
    <bpmn2:serviceTask id="ServiceTask_19zjobe" name="declare_record" implementation="content-service.DECLARE_RECORD">
      <bpmn2:incoming>SequenceFlow_1v8wvln</bpmn2:incoming>
      <bpmn2:outgoing>SequenceFlow_055ogit</bpmn2:outgoing>
    </bpmn2:serviceTask>
    <bpmn2:sequenceFlow id="SequenceFlow_1v8wvln" name="declare_record" sourceRef="ExclusiveGateway_0d2lqbp" targetRef="ServiceTask_19zjobe">
      <conditionExpression xsi:type="tFormalExpression"><![CDATA[${(action eq "DECLARE_RECORD")}]]></conditionExpression>
    </bpmn2:sequenceFlow>
    <bpmn2:endEvent id="EndEvent_1h1r5mr">
      <bpmn2:incoming>SequenceFlow_055ogit</bpmn2:incoming>
    </bpmn2:endEvent>
    <bpmn2:sequenceFlow id="SequenceFlow_055ogit" sourceRef="ServiceTask_19zjobe" targetRef="EndEvent_1h1r5mr"></bpmn2:sequenceFlow>
    <bpmn2:serviceTask id="ServiceTask_0z5gnhp" name="add_security_marks" implementation="content-service.ADD_SECURITY_MARKS">
      <bpmn2:incoming>SequenceFlow_1xp85we</bpmn2:incoming>
      <bpmn2:outgoing>SequenceFlow_0tk65h0</bpmn2:outgoing>
    </bpmn2:serviceTask>
    <bpmn2:serviceTask id="ServiceTask_14lv073" name="get_security_marks" implementation="content-service.GET_SECURITY_MARKS">
      <bpmn2:incoming>SequenceFlow_0abnxzp</bpmn2:incoming>
      <bpmn2:outgoing>SequenceFlow_0wwi2fl</bpmn2:outgoing>
    </bpmn2:serviceTask>
    <bpmn2:serviceTask id="ServiceTask_09j1msp" name="execute_action" implementation="content-service.EXECUTE_ACTION">
      <bpmn2:incoming>SequenceFlow_1y7r0tq</bpmn2:incoming>
      <bpmn2:outgoing>SequenceFlow_1i2c0rf</bpmn2:outgoing>
    </bpmn2:serviceTask>
  </bpmn2:process>
  <error id="connector.comprehend_METHOD_NOT_ALLOWED" name="METHOD_NOT_ALLOWED" errorCode="METHOD_NOT_ALLOWED"></error>
  <error id="connector.comprehend_MISSING_INPUT" name="MISSING_INPUT" errorCode="MISSING_INPUT"></error>
  <error id="connector.docusign_UNKNOWN_ERROR" name="UNKNOWN_ERROR" errorCode="UNKNOWN_ERROR"></error>
  <error id="connector.rest_UNAUTHORIZED" name="UNAUTHORIZED" errorCode="UNAUTHORIZED"></error>
  <error id="connector.rest_BAD_REQUEST" name="BAD_REQUEST" errorCode="BAD_REQUEST"></error>
  <error id="connector.rest_CONFLICT" name="CONFLICT" errorCode="CONFLICT"></error>
  <error id="connector.rest_GONE" name="GONE" errorCode="GONE"></error>
  <error id="connector.content_UNPROCESSABLE_ENTITY" name="UNPROCESSABLE_ENTITY" errorCode="UNPROCESSABLE_ENTITY"></error>
  <error id="connector.content_LOCKED" name="LOCKED" errorCode="LOCKED"></error>
  <error id="connector.content_GATEWAY_TIMEOUT" name="GATEWAY_TIMEOUT" errorCode="GATEWAY_TIMEOUT"></error>
  <error id="connector.content_NOT_FOUND" name="NOT_FOUND" errorCode="NOT_FOUND"></error>
  <error id="connector.content_UNAUTHORIZED" name="UNAUTHORIZED" errorCode="UNAUTHORIZED"></error>
  <bpmndi:BPMNDiagram id="BPMNDiagram_Process_f9iKhsNSh">
    <bpmndi:BPMNPlane bpmnElement="Process_f9iKhsNSh" id="BPMNPlane_Process_f9iKhsNSh">
      <bpmndi:BPMNShape bpmnElement="Event_1" id="BPMNShape_Event_1">
        <omgdc:Bounds height="36.0" width="36.0" x="212.0" y="1002.0"></omgdc:Bounds>
      </bpmndi:BPMNShape>
      <bpmndi:BPMNShape bpmnElement="ExclusiveGateway_0d2lqbp" id="BPMNShape_ExclusiveGateway_0d2lqbp">
        <omgdc:Bounds height="50.0" width="50.0" x="295.0" y="995.0"></omgdc:Bounds>
      </bpmndi:BPMNShape>
      <bpmndi:BPMNShape bpmnElement="EndEvent_08lw204" id="BPMNShape_EndEvent_08lw204">
        <omgdc:Bounds height="36.0" width="36.0" x="622.0" y="-78.0"></omgdc:Bounds>
      </bpmndi:BPMNShape>
      <bpmndi:BPMNShape bpmnElement="EndEvent_0h9melr" id="BPMNShape_EndEvent_0h9melr">
        <omgdc:Bounds height="36.0" width="36.0" x="622.0" y="12.0"></omgdc:Bounds>
      </bpmndi:BPMNShape>
      <bpmndi:BPMNShape bpmnElement="EndEvent_1dj0max" id="BPMNShape_EndEvent_1dj0max">
        <omgdc:Bounds height="36.0" width="36.0" x="622.0" y="102.0"></omgdc:Bounds>
      </bpmndi:BPMNShape>
      <bpmndi:BPMNShape bpmnElement="EndEvent_1e8q2vz" id="BPMNShape_EndEvent_1e8q2vz">
        <omgdc:Bounds height="36.0" width="36.0" x="622.0" y="192.0"></omgdc:Bounds>
      </bpmndi:BPMNShape>
      <bpmndi:BPMNShape bpmnElement="EndEvent_0hmh56w" id="BPMNShape_EndEvent_0hmh56w">
        <omgdc:Bounds height="36.0" width="36.0" x="622.0" y="282.0"></omgdc:Bounds>
      </bpmndi:BPMNShape>
      <bpmndi:BPMNShape bpmnElement="EndEvent_1kadj6s" id="BPMNShape_EndEvent_1kadj6s">
        <omgdc:Bounds height="36.0" width="36.0" x="622.0" y="372.0"></omgdc:Bounds>
      </bpmndi:BPMNShape>
      <bpmndi:BPMNShape bpmnElement="EndEvent_092arq8" id="BPMNShape_EndEvent_092arq8">
        <omgdc:Bounds height="36.0" width="36.0" x="622.0" y="462.0"></omgdc:Bounds>
      </bpmndi:BPMNShape>
      <bpmndi:BPMNShape bpmnElement="EndEvent_1x3jo5a" id="BPMNShape_EndEvent_1x3jo5a">
        <omgdc:Bounds height="36.0" width="36.0" x="622.0" y="552.0"></omgdc:Bounds>
      </bpmndi:BPMNShape>
      <bpmndi:BPMNShape bpmnElement="EndEvent_1gs3lx0" id="BPMNShape_EndEvent_1gs3lx0">
        <omgdc:Bounds height="36.0" width="36.0" x="622.0" y="642.0"></omgdc:Bounds>
      </bpmndi:BPMNShape>
      <bpmndi:BPMNShape bpmnElement="EndEvent_0m64dvg" id="BPMNShape_EndEvent_0m64dvg">
        <omgdc:Bounds height="36.0" width="36.0" x="622.0" y="732.0"></omgdc:Bounds>
      </bpmndi:BPMNShape>
      <bpmndi:BPMNShape bpmnElement="EndEvent_030q7u5" id="BPMNShape_EndEvent_030q7u5">
        <omgdc:Bounds height="36.0" width="36.0" x="622.0" y="822.0"></omgdc:Bounds>
      </bpmndi:BPMNShape>
      <bpmndi:BPMNShape bpmnElement="EndEvent_1fdymto" id="BPMNShape_EndEvent_1fdymto">
        <omgdc:Bounds height="36.0" width="36.0" x="622.0" y="912.0"></omgdc:Bounds>
      </bpmndi:BPMNShape>
      <bpmndi:BPMNShape bpmnElement="EndEvent_03lr340" id="BPMNShape_EndEvent_03lr340">
        <omgdc:Bounds height="36.0" width="36.0" x="622.0" y="1002.0"></omgdc:Bounds>
      </bpmndi:BPMNShape>
      <bpmndi:BPMNShape bpmnElement="EndEvent_1vnao58" id="BPMNShape_EndEvent_1vnao58">
        <omgdc:Bounds height="36.0" width="36.0" x="622.0" y="1092.0"></omgdc:Bounds>
      </bpmndi:BPMNShape>
      <bpmndi:BPMNShape bpmnElement="EndEvent_1j2h3wb" id="BPMNShape_EndEvent_1j2h3wb">
        <omgdc:Bounds height="36.0" width="36.0" x="632.0" y="1182.0"></omgdc:Bounds>
      </bpmndi:BPMNShape>
      <bpmndi:BPMNShape bpmnElement="EndEvent_1hnqtys" id="BPMNShape_EndEvent_1hnqtys">
        <omgdc:Bounds height="36.0" width="36.0" x="622.0" y="1272.0"></omgdc:Bounds>
      </bpmndi:BPMNShape>
      <bpmndi:BPMNShape bpmnElement="EndEvent_0k0s0ug" id="BPMNShape_EndEvent_0k0s0ug">
        <omgdc:Bounds height="36.0" width="36.0" x="622.0" y="1362.0"></omgdc:Bounds>
      </bpmndi:BPMNShape>
      <bpmndi:BPMNShape bpmnElement="EndEvent_1lwmlgs" id="BPMNShape_EndEvent_1lwmlgs">
        <omgdc:Bounds height="36.0" width="36.0" x="622.0" y="1442.0"></omgdc:Bounds>
      </bpmndi:BPMNShape>
      <bpmndi:BPMNShape bpmnElement="EndEvent_0gwtdtq" id="BPMNShape_EndEvent_0gwtdtq">
        <omgdc:Bounds height="36.0" width="36.0" x="622.0" y="1522.0"></omgdc:Bounds>
      </bpmndi:BPMNShape>
      <bpmndi:BPMNShape bpmnElement="EndEvent_1hkm5l3" id="BPMNShape_EndEvent_1hkm5l3">
        <omgdc:Bounds height="36.0" width="36.0" x="622.0" y="1632.0"></omgdc:Bounds>
      </bpmndi:BPMNShape>
      <bpmndi:BPMNShape bpmnElement="EndEvent_10dredx" id="BPMNShape_EndEvent_10dredx">
        <omgdc:Bounds height="36.0" width="36.0" x="622.0" y="1722.0"></omgdc:Bounds>
      </bpmndi:BPMNShape>
      <bpmndi:BPMNShape bpmnElement="SubProcess_0ev5sl3" id="BPMNShape_SubProcess_0ev5sl3" isExpanded="true">
        <omgdc:Bounds height="200.0" width="350.0" x="760.0" y="1360.0"></omgdc:Bounds>
      </bpmndi:BPMNShape>
      <bpmndi:BPMNShape bpmnElement="StartEvent_1rgvzrl" id="BPMNShape_StartEvent_1rgvzrl">
        <omgdc:Bounds height="36.0" width="36.0" x="852.0" y="1442.0"></omgdc:Bounds>
      </bpmndi:BPMNShape>
      <bpmndi:BPMNShape bpmnElement="EndEvent_1tsakmn" id="BPMNShape_EndEvent_1tsakmn">
        <omgdc:Bounds height="36.0" width="36.0" x="962.0" y="1442.0"></omgdc:Bounds>
      </bpmndi:BPMNShape>
      <bpmndi:BPMNShape bpmnElement="EndEvent_0977wsk" id="BPMNShape_EndEvent_0977wsk">
        <omgdc:Bounds height="36.0" width="36.0" x="622.0" y="1922.0"></omgdc:Bounds>
      </bpmndi:BPMNShape>
      <bpmndi:BPMNShape bpmnElement="EndEvent_0c71fuv" id="BPMNShape_EndEvent_0c71fuv">
        <omgdc:Bounds height="36.0" width="36.0" x="622.0" y="2022.0"></omgdc:Bounds>
      </bpmndi:BPMNShape>
      <bpmndi:BPMNShape bpmnElement="EndEvent_1oe8ume" id="BPMNShape_EndEvent_1oe8ume">
        <omgdc:Bounds height="36.0" width="36.0" x="632.0" y="2122.0"></omgdc:Bounds>
      </bpmndi:BPMNShape>
      <bpmndi:BPMNShape bpmnElement="ServiceTask_1st7qe0" id="BPMNShape_ServiceTask_1st7qe0">
        <omgdc:Bounds height="80.0" width="100.0" x="450.0" y="-100.0"></omgdc:Bounds>
      </bpmndi:BPMNShape>
      <bpmndi:BPMNShape bpmnElement="ServiceTask_010evek" id="BPMNShape_ServiceTask_010evek">
        <omgdc:Bounds height="80.0" width="100.0" x="450.0" y="-10.0"></omgdc:Bounds>
      </bpmndi:BPMNShape>
      <bpmndi:BPMNShape bpmnElement="ServiceTask_1bupf78" id="BPMNShape_ServiceTask_1bupf78">
        <omgdc:Bounds height="80.0" width="100.0" x="450.0" y="80.0"></omgdc:Bounds>
      </bpmndi:BPMNShape>
      <bpmndi:BPMNShape bpmnElement="ServiceTask_0plmufi" id="BPMNShape_ServiceTask_0plmufi">
        <omgdc:Bounds height="80.0" width="100.0" x="450.0" y="170.0"></omgdc:Bounds>
      </bpmndi:BPMNShape>
      <bpmndi:BPMNShape bpmnElement="ServiceTask_1nex2ni" id="BPMNShape_ServiceTask_1nex2ni">
        <omgdc:Bounds height="80.0" width="100.0" x="450.0" y="260.0"></omgdc:Bounds>
      </bpmndi:BPMNShape>
      <bpmndi:BPMNShape bpmnElement="ServiceTask_1ehwm27" id="BPMNShape_ServiceTask_1ehwm27">
        <omgdc:Bounds height="80.0" width="100.0" x="450.0" y="350.0"></omgdc:Bounds>
      </bpmndi:BPMNShape>
      <bpmndi:BPMNShape bpmnElement="ServiceTask_0vwnhth" id="BPMNShape_ServiceTask_0vwnhth">
        <omgdc:Bounds height="80.0" width="100.0" x="450.0" y="440.0"></omgdc:Bounds>
      </bpmndi:BPMNShape>
      <bpmndi:BPMNShape bpmnElement="ServiceTask_03p0ga7" id="BPMNShape_ServiceTask_03p0ga7">
        <omgdc:Bounds height="80.0" width="100.0" x="450.0" y="530.0"></omgdc:Bounds>
      </bpmndi:BPMNShape>
      <bpmndi:BPMNShape bpmnElement="ServiceTask_1fqhdfe" id="BPMNShape_ServiceTask_1fqhdfe">
        <omgdc:Bounds height="80.0" width="100.0" x="450.0" y="620.0"></omgdc:Bounds>
      </bpmndi:BPMNShape>
      <bpmndi:BPMNShape bpmnElement="ServiceTask_0zfayrk" id="BPMNShape_ServiceTask_0zfayrk">
        <omgdc:Bounds height="80.0" width="100.0" x="450.0" y="710.0"></omgdc:Bounds>
      </bpmndi:BPMNShape>
      <bpmndi:BPMNShape bpmnElement="ServiceTask_1l484ww" id="BPMNShape_ServiceTask_1l484ww">
        <omgdc:Bounds height="80.0" width="100.0" x="450.0" y="800.0"></omgdc:Bounds>
      </bpmndi:BPMNShape>
      <bpmndi:BPMNShape bpmnElement="ServiceTask_05v2cze" id="BPMNShape_ServiceTask_05v2cze">
        <omgdc:Bounds height="80.0" width="100.0" x="450.0" y="890.0"></omgdc:Bounds>
      </bpmndi:BPMNShape>
      <bpmndi:BPMNShape bpmnElement="ServiceTask_0y18x7s" id="BPMNShape_ServiceTask_0y18x7s">
        <omgdc:Bounds height="80.0" width="100.0" x="450.0" y="980.0"></omgdc:Bounds>
      </bpmndi:BPMNShape>
      <bpmndi:BPMNShape bpmnElement="ServiceTask_1xtodv0" id="BPMNShape_ServiceTask_1xtodv0">
        <omgdc:Bounds height="80.0" width="100.0" x="450.0" y="1070.0"></omgdc:Bounds>
      </bpmndi:BPMNShape>
      <bpmndi:BPMNShape bpmnElement="ServiceTask_0gjeb0z" id="BPMNShape_ServiceTask_0gjeb0z">
        <omgdc:Bounds height="80.0" width="100.0" x="450.0" y="1160.0"></omgdc:Bounds>
      </bpmndi:BPMNShape>
      <bpmndi:BPMNShape bpmnElement="ServiceTask_0xqgws3" id="BPMNShape_ServiceTask_0xqgws3">
        <omgdc:Bounds height="80.0" width="100.0" x="450.0" y="1250.0"></omgdc:Bounds>
      </bpmndi:BPMNShape>
      <bpmndi:BPMNShape bpmnElement="ServiceTask_18jb3zm" id="BPMNShape_ServiceTask_18jb3zm">
        <omgdc:Bounds height="80.0" width="100.0" x="450.0" y="1340.0"></omgdc:Bounds>
      </bpmndi:BPMNShape>
      <bpmndi:BPMNShape bpmnElement="ServiceTask_182xwpy" id="BPMNShape_ServiceTask_182xwpy">
        <omgdc:Bounds height="80.0" width="100.0" x="450.0" y="1430.0"></omgdc:Bounds>
      </bpmndi:BPMNShape>
      <bpmndi:BPMNShape bpmnElement="ServiceTask_157apc7" id="BPMNShape_ServiceTask_157apc7">
        <omgdc:Bounds height="80.0" width="100.0" x="450.0" y="1520.0"></omgdc:Bounds>
      </bpmndi:BPMNShape>
      <bpmndi:BPMNShape bpmnElement="ServiceTask_01utotf" id="BPMNShape_ServiceTask_01utotf">
        <omgdc:Bounds height="80.0" width="100.0" x="450.0" y="1610.0"></omgdc:Bounds>
      </bpmndi:BPMNShape>
      <bpmndi:BPMNShape bpmnElement="ServiceTask_0qadg8y" id="BPMNShape_ServiceTask_0qadg8y">
        <omgdc:Bounds height="80.0" width="100.0" x="450.0" y="1700.0"></omgdc:Bounds>
      </bpmndi:BPMNShape>
      <bpmndi:BPMNShape bpmnElement="ServiceTask_19zjobe" id="BPMNShape_ServiceTask_19zjobe">
        <omgdc:Bounds height="80.0" width="100.0" x="450.0" y="1800.0"></omgdc:Bounds>
      </bpmndi:BPMNShape>
      <bpmndi:BPMNShape bpmnElement="EndEvent_1h1r5mr" id="BPMNShape_EndEvent_1h1r5mr">
        <omgdc:Bounds height="36.0" width="36.0" x="622.0" y="1822.0"></omgdc:Bounds>
      </bpmndi:BPMNShape>
      <bpmndi:BPMNShape bpmnElement="ServiceTask_0z5gnhp" id="BPMNShape_ServiceTask_0z5gnhp">
        <omgdc:Bounds height="80.0" width="100.0" x="450.0" y="1900.0"></omgdc:Bounds>
      </bpmndi:BPMNShape>
      <bpmndi:BPMNShape bpmnElement="ServiceTask_14lv073" id="BPMNShape_ServiceTask_14lv073">
        <omgdc:Bounds height="80.0" width="100.0" x="450.0" y="2000.0"></omgdc:Bounds>
      </bpmndi:BPMNShape>
      <bpmndi:BPMNShape bpmnElement="ServiceTask_09j1msp" id="BPMNShape_ServiceTask_09j1msp">
        <omgdc:Bounds height="80.0" width="100.0" x="450.0" y="2100.0"></omgdc:Bounds>
      </bpmndi:BPMNShape>
      <bpmndi:BPMNEdge bpmnElement="SequenceFlow_0qxd886" id="BPMNEdge_SequenceFlow_0qxd886">
        <omgdi:waypoint x="248.0" y="1020.0"></omgdi:waypoint>
        <omgdi:waypoint x="295.0" y="1020.0"></omgdi:waypoint>
      </bpmndi:BPMNEdge>
      <bpmndi:BPMNEdge bpmnElement="SequenceFlow_0o2hsw4" id="BPMNEdge_SequenceFlow_0o2hsw4">
        <omgdi:waypoint x="320.0" y="995.0"></omgdi:waypoint>
        <omgdi:waypoint x="320.0" y="-60.0"></omgdi:waypoint>
        <omgdi:waypoint x="450.0" y="-60.0"></omgdi:waypoint>
        <bpmndi:BPMNLabel>
          <omgdc:Bounds height="14.0" width="49.0" x="355.0" y="-87.0"></omgdc:Bounds>
        </bpmndi:BPMNLabel>
      </bpmndi:BPMNEdge>
      <bpmndi:BPMNEdge bpmnElement="SequenceFlow_1yij36s" id="BPMNEdge_SequenceFlow_1yij36s">
        <omgdi:waypoint x="550.0" y="-60.0"></omgdi:waypoint>
        <omgdi:waypoint x="622.0" y="-60.0"></omgdi:waypoint>
      </bpmndi:BPMNEdge>
      <bpmndi:BPMNEdge bpmnElement="SequenceFlow_07kt39x" id="BPMNEdge_SequenceFlow_07kt39x">
        <omgdi:waypoint x="550.0" y="30.0"></omgdi:waypoint>
        <omgdi:waypoint x="622.0" y="30.0"></omgdi:waypoint>
      </bpmndi:BPMNEdge>
      <bpmndi:BPMNEdge bpmnElement="SequenceFlow_0iy70p3" id="BPMNEdge_SequenceFlow_0iy70p3">
        <omgdi:waypoint x="320.0" y="995.0"></omgdi:waypoint>
        <omgdi:waypoint x="320.0" y="30.0"></omgdi:waypoint>
        <omgdi:waypoint x="450.0" y="30.0"></omgdi:waypoint>
        <bpmndi:BPMNLabel>
          <omgdc:Bounds height="14.0" width="63.0" x="348.0" y="13.0"></omgdc:Bounds>
        </bpmndi:BPMNLabel>
      </bpmndi:BPMNEdge>
      <bpmndi:BPMNEdge bpmnElement="SequenceFlow_1whl5iz" id="BPMNEdge_SequenceFlow_1whl5iz">
        <omgdi:waypoint x="320.0" y="995.0"></omgdi:waypoint>
        <omgdi:waypoint x="320.0" y="120.0"></omgdi:waypoint>
        <omgdi:waypoint x="450.0" y="120.0"></omgdi:waypoint>
        <bpmndi:BPMNLabel>
          <omgdc:Bounds height="14.0" width="51.0" x="354.0" y="103.0"></omgdc:Bounds>
        </bpmndi:BPMNLabel>
      </bpmndi:BPMNEdge>
      <bpmndi:BPMNEdge bpmnElement="SequenceFlow_1tr0hnm" id="BPMNEdge_SequenceFlow_1tr0hnm">
        <omgdi:waypoint x="550.0" y="120.0"></omgdi:waypoint>
        <omgdi:waypoint x="622.0" y="120.0"></omgdi:waypoint>
      </bpmndi:BPMNEdge>
      <bpmndi:BPMNEdge bpmnElement="SequenceFlow_0ollmmi" id="BPMNEdge_SequenceFlow_0ollmmi">
        <omgdi:waypoint x="320.0" y="995.0"></omgdi:waypoint>
        <omgdi:waypoint x="320.0" y="210.0"></omgdi:waypoint>
        <omgdi:waypoint x="450.0" y="210.0"></omgdi:waypoint>
        <bpmndi:BPMNLabel>
          <omgdc:Bounds height="14.0" width="65.0" x="347.0" y="193.0"></omgdc:Bounds>
        </bpmndi:BPMNLabel>
      </bpmndi:BPMNEdge>
      <bpmndi:BPMNEdge bpmnElement="SequenceFlow_1rb2uwf" id="BPMNEdge_SequenceFlow_1rb2uwf">
        <omgdi:waypoint x="550.0" y="210.0"></omgdi:waypoint>
        <omgdi:waypoint x="622.0" y="210.0"></omgdi:waypoint>
      </bpmndi:BPMNEdge>
      <bpmndi:BPMNEdge bpmnElement="SequenceFlow_1b7x7ht" id="BPMNEdge_SequenceFlow_1b7x7ht">
        <omgdi:waypoint x="320.0" y="995.0"></omgdi:waypoint>
        <omgdi:waypoint x="320.0" y="290.0"></omgdi:waypoint>
        <omgdi:waypoint x="450.0" y="290.0"></omgdi:waypoint>
        <bpmndi:BPMNLabel>
          <omgdc:Bounds height="14.0" width="81.0" x="339.0" y="273.0"></omgdc:Bounds>
        </bpmndi:BPMNLabel>
      </bpmndi:BPMNEdge>
      <bpmndi:BPMNEdge bpmnElement="SequenceFlow_1bfc6jm" id="BPMNEdge_SequenceFlow_1bfc6jm">
        <omgdi:waypoint x="550.0" y="300.0"></omgdi:waypoint>
        <omgdi:waypoint x="622.0" y="300.0"></omgdi:waypoint>
      </bpmndi:BPMNEdge>
      <bpmndi:BPMNEdge bpmnElement="SequenceFlow_1p9q5lw" id="BPMNEdge_SequenceFlow_1p9q5lw">
        <omgdi:waypoint x="550.0" y="390.0"></omgdi:waypoint>
        <omgdi:waypoint x="622.0" y="390.0"></omgdi:waypoint>
      </bpmndi:BPMNEdge>
      <bpmndi:BPMNEdge bpmnElement="SequenceFlow_0d5elhs" id="BPMNEdge_SequenceFlow_0d5elhs">
        <omgdi:waypoint x="320.0" y="995.0"></omgdi:waypoint>
        <omgdi:waypoint x="320.0" y="380.0"></omgdi:waypoint>
        <omgdi:waypoint x="450.0" y="380.0"></omgdi:waypoint>
        <bpmndi:BPMNLabel>
          <omgdc:Bounds height="14.0" width="86.0" x="337.0" y="363.0"></omgdc:Bounds>
        </bpmndi:BPMNLabel>
      </bpmndi:BPMNEdge>
      <bpmndi:BPMNEdge bpmnElement="SequenceFlow_0g9tzoa" id="BPMNEdge_SequenceFlow_0g9tzoa">
        <omgdi:waypoint x="550.0" y="480.0"></omgdi:waypoint>
        <omgdi:waypoint x="622.0" y="480.0"></omgdi:waypoint>
      </bpmndi:BPMNEdge>
      <bpmndi:BPMNEdge bpmnElement="SequenceFlow_0ir8tqh" id="BPMNEdge_SequenceFlow_0ir8tqh">
        <omgdi:waypoint x="320.0" y="1020.0"></omgdi:waypoint>
        <omgdi:waypoint x="320.0" y="480.0"></omgdi:waypoint>
        <omgdi:waypoint x="450.0" y="480.0"></omgdi:waypoint>
        <bpmndi:BPMNLabel>
          <omgdc:Bounds height="14.0" width="42.0" x="360.0" y="463.0"></omgdc:Bounds>
        </bpmndi:BPMNLabel>
      </bpmndi:BPMNEdge>
      <bpmndi:BPMNEdge bpmnElement="SequenceFlow_1wj5n2t" id="BPMNEdge_SequenceFlow_1wj5n2t">
        <omgdi:waypoint x="320.0" y="995.0"></omgdi:waypoint>
        <omgdi:waypoint x="320.0" y="570.0"></omgdi:waypoint>
        <omgdi:waypoint x="450.0" y="570.0"></omgdi:waypoint>
        <bpmndi:BPMNLabel>
          <omgdc:Bounds height="14.0" width="85.0" x="337.0" y="553.0"></omgdc:Bounds>
        </bpmndi:BPMNLabel>
      </bpmndi:BPMNEdge>
      <bpmndi:BPMNEdge bpmnElement="SequenceFlow_0jqpwwm" id="BPMNEdge_SequenceFlow_0jqpwwm">
        <omgdi:waypoint x="550.0" y="570.0"></omgdi:waypoint>
        <omgdi:waypoint x="622.0" y="570.0"></omgdi:waypoint>
      </bpmndi:BPMNEdge>
      <bpmndi:BPMNEdge bpmnElement="SequenceFlow_1hw9nwd" id="BPMNEdge_SequenceFlow_1hw9nwd">
        <omgdi:waypoint x="550.0" y="660.0"></omgdi:waypoint>
        <omgdi:waypoint x="622.0" y="660.0"></omgdi:waypoint>
      </bpmndi:BPMNEdge>
      <bpmndi:BPMNEdge bpmnElement="SequenceFlow_141ue2z" id="BPMNEdge_SequenceFlow_141ue2z">
        <omgdi:waypoint x="320.0" y="995.0"></omgdi:waypoint>
        <omgdi:waypoint x="320.0" y="650.0"></omgdi:waypoint>
        <omgdi:waypoint x="450.0" y="650.0"></omgdi:waypoint>
        <bpmndi:BPMNLabel>
          <omgdc:Bounds height="27.0" width="87.0" x="336.0" y="616.0"></omgdc:Bounds>
        </bpmndi:BPMNLabel>
      </bpmndi:BPMNEdge>
      <bpmndi:BPMNEdge bpmnElement="SequenceFlow_0jdgb46" id="BPMNEdge_SequenceFlow_0jdgb46">
        <omgdi:waypoint x="550.0" y="750.0"></omgdi:waypoint>
        <omgdi:waypoint x="622.0" y="750.0"></omgdi:waypoint>
      </bpmndi:BPMNEdge>
      <bpmndi:BPMNEdge bpmnElement="SequenceFlow_1uzxmab" id="BPMNEdge_SequenceFlow_1uzxmab">
        <omgdi:waypoint x="320.0" y="995.0"></omgdi:waypoint>
        <omgdi:waypoint x="320.0" y="750.0"></omgdi:waypoint>
        <omgdi:waypoint x="450.0" y="750.0"></omgdi:waypoint>
        <bpmndi:BPMNLabel>
          <omgdc:Bounds height="14.0" width="44.0" x="358.0" y="733.0"></omgdc:Bounds>
        </bpmndi:BPMNLabel>
      </bpmndi:BPMNEdge>
      <bpmndi:BPMNEdge bpmnElement="SequenceFlow_13vflt3" id="BPMNEdge_SequenceFlow_13vflt3">
        <omgdi:waypoint x="550.0" y="840.0"></omgdi:waypoint>
        <omgdi:waypoint x="622.0" y="840.0"></omgdi:waypoint>
      </bpmndi:BPMNEdge>
      <bpmndi:BPMNEdge bpmnElement="SequenceFlow_0b5t1e0" id="BPMNEdge_SequenceFlow_0b5t1e0">
        <omgdi:waypoint x="320.0" y="995.0"></omgdi:waypoint>
        <omgdi:waypoint x="320.0" y="840.0"></omgdi:waypoint>
        <omgdi:waypoint x="450.0" y="840.0"></omgdi:waypoint>
        <bpmndi:BPMNLabel>
          <omgdc:Bounds height="14.0" width="58.0" x="351.0" y="823.0"></omgdc:Bounds>
        </bpmndi:BPMNLabel>
      </bpmndi:BPMNEdge>
      <bpmndi:BPMNEdge bpmnElement="SequenceFlow_0x2iw3q" id="BPMNEdge_SequenceFlow_0x2iw3q">
        <omgdi:waypoint x="550.0" y="930.0"></omgdi:waypoint>
        <omgdi:waypoint x="622.0" y="930.0"></omgdi:waypoint>
      </bpmndi:BPMNEdge>
      <bpmndi:BPMNEdge bpmnElement="SequenceFlow_0imkv7g" id="BPMNEdge_SequenceFlow_0imkv7g">
        <omgdi:waypoint x="320.0" y="995.0"></omgdi:waypoint>
        <omgdi:waypoint x="320.0" y="930.0"></omgdi:waypoint>
        <omgdi:waypoint x="450.0" y="930.0"></omgdi:waypoint>
        <bpmndi:BPMNLabel>
          <omgdc:Bounds height="14.0" width="48.0" x="356.0" y="913.0"></omgdc:Bounds>
        </bpmndi:BPMNLabel>
      </bpmndi:BPMNEdge>
      <bpmndi:BPMNEdge bpmnElement="SequenceFlow_1bc0ovv" id="BPMNEdge_SequenceFlow_1bc0ovv">
        <omgdi:waypoint x="550.0" y="1020.0"></omgdi:waypoint>
        <omgdi:waypoint x="622.0" y="1020.0"></omgdi:waypoint>
      </bpmndi:BPMNEdge>
      <bpmndi:BPMNEdge bpmnElement="SequenceFlow_0l5fx6v" id="BPMNEdge_SequenceFlow_0l5fx6v">
        <omgdi:waypoint x="345.0" y="1020.0"></omgdi:waypoint>
        <omgdi:waypoint x="450.0" y="1020.0"></omgdi:waypoint>
        <bpmndi:BPMNLabel>
          <omgdc:Bounds height="14.0" width="61.0" x="351.0" y="1003.0"></omgdc:Bounds>
        </bpmndi:BPMNLabel>
      </bpmndi:BPMNEdge>
      <bpmndi:BPMNEdge bpmnElement="SequenceFlow_1iqv7j9" id="BPMNEdge_SequenceFlow_1iqv7j9">
        <omgdi:waypoint x="550.0" y="1110.0"></omgdi:waypoint>
        <omgdi:waypoint x="622.0" y="1110.0"></omgdi:waypoint>
      </bpmndi:BPMNEdge>
      <bpmndi:BPMNEdge bpmnElement="SequenceFlow_1rumxg0" id="BPMNEdge_SequenceFlow_1rumxg0">
        <omgdi:waypoint x="320.0" y="1045.0"></omgdi:waypoint>
        <omgdi:waypoint x="320.0" y="1110.0"></omgdi:waypoint>
        <omgdi:waypoint x="450.0" y="1110.0"></omgdi:waypoint>
        <bpmndi:BPMNLabel>
          <omgdc:Bounds height="14.0" width="51.0" x="354.0" y="1093.0"></omgdc:Bounds>
        </bpmndi:BPMNLabel>
      </bpmndi:BPMNEdge>
      <bpmndi:BPMNEdge bpmnElement="SequenceFlow_1b08y8z" id="BPMNEdge_SequenceFlow_1b08y8z">
        <omgdi:waypoint x="550.0" y="1200.0"></omgdi:waypoint>
        <omgdi:waypoint x="632.0" y="1200.0"></omgdi:waypoint>
      </bpmndi:BPMNEdge>
      <bpmndi:BPMNEdge bpmnElement="SequenceFlow_18v4dng" id="BPMNEdge_SequenceFlow_18v4dng">
        <omgdi:waypoint x="320.0" y="1045.0"></omgdi:waypoint>
        <omgdi:waypoint x="320.0" y="1200.0"></omgdi:waypoint>
        <omgdi:waypoint x="450.0" y="1200.0"></omgdi:waypoint>
        <bpmndi:BPMNLabel>
          <omgdc:Bounds height="14.0" width="64.0" x="348.0" y="1183.0"></omgdc:Bounds>
        </bpmndi:BPMNLabel>
      </bpmndi:BPMNEdge>
      <bpmndi:BPMNEdge bpmnElement="SequenceFlow_0g3qxd0" id="BPMNEdge_SequenceFlow_0g3qxd0">
        <omgdi:waypoint x="320.0" y="1045.0"></omgdi:waypoint>
        <omgdi:waypoint x="320.0" y="1290.0"></omgdi:waypoint>
        <omgdi:waypoint x="450.0" y="1290.0"></omgdi:waypoint>
        <bpmndi:BPMNLabel>
          <omgdc:Bounds height="14.0" width="56.0" x="352.0" y="1273.0"></omgdc:Bounds>
        </bpmndi:BPMNLabel>
      </bpmndi:BPMNEdge>
      <bpmndi:BPMNEdge bpmnElement="SequenceFlow_1ye16wd" id="BPMNEdge_SequenceFlow_1ye16wd">
        <omgdi:waypoint x="550.0" y="1290.0"></omgdi:waypoint>
        <omgdi:waypoint x="622.0" y="1290.0"></omgdi:waypoint>
      </bpmndi:BPMNEdge>
      <bpmndi:BPMNEdge bpmnElement="SequenceFlow_1vexlqr" id="BPMNEdge_SequenceFlow_1vexlqr">
        <omgdi:waypoint x="550.0" y="1380.0"></omgdi:waypoint>
        <omgdi:waypoint x="622.0" y="1380.0"></omgdi:waypoint>
      </bpmndi:BPMNEdge>
      <bpmndi:BPMNEdge bpmnElement="SequenceFlow_1a319n1" id="BPMNEdge_SequenceFlow_1a319n1">
        <omgdi:waypoint x="320.0" y="1045.0"></omgdi:waypoint>
        <omgdi:waypoint x="320.0" y="1380.0"></omgdi:waypoint>
        <omgdi:waypoint x="450.0" y="1380.0"></omgdi:waypoint>
        <bpmndi:BPMNLabel>
          <omgdc:Bounds height="14.0" width="51.0" x="354.0" y="1363.0"></omgdc:Bounds>
        </bpmndi:BPMNLabel>
      </bpmndi:BPMNEdge>
      <bpmndi:BPMNEdge bpmnElement="SequenceFlow_18picu6" id="BPMNEdge_SequenceFlow_18picu6">
        <omgdi:waypoint x="320.0" y="1045.0"></omgdi:waypoint>
        <omgdi:waypoint x="320.0" y="1470.0"></omgdi:waypoint>
        <omgdi:waypoint x="450.0" y="1470.0"></omgdi:waypoint>
        <bpmndi:BPMNLabel>
          <omgdc:Bounds height="14.0" width="63.0" x="348.0" y="1453.0"></omgdc:Bounds>
        </bpmndi:BPMNLabel>
      </bpmndi:BPMNEdge>
      <bpmndi:BPMNEdge bpmnElement="SequenceFlow_1exek2n" id="BPMNEdge_SequenceFlow_1exek2n">
        <omgdi:waypoint x="550.0" y="1460.0"></omgdi:waypoint>
        <omgdi:waypoint x="622.0" y="1460.0"></omgdi:waypoint>
      </bpmndi:BPMNEdge>
      <bpmndi:BPMNEdge bpmnElement="SequenceFlow_0s9g3om" id="BPMNEdge_SequenceFlow_0s9g3om">
        <omgdi:waypoint x="550.0" y="1540.0"></omgdi:waypoint>
        <omgdi:waypoint x="622.0" y="1540.0"></omgdi:waypoint>
      </bpmndi:BPMNEdge>
      <bpmndi:BPMNEdge bpmnElement="SequenceFlow_0xyq3zm" id="BPMNEdge_SequenceFlow_0xyq3zm">
        <omgdi:waypoint x="320.0" y="1045.0"></omgdi:waypoint>
        <omgdi:waypoint x="320.0" y="1560.0"></omgdi:waypoint>
        <omgdi:waypoint x="450.0" y="1560.0"></omgdi:waypoint>
        <bpmndi:BPMNLabel>
          <omgdc:Bounds height="14.0" width="57.0" x="351.0" y="1543.0"></omgdc:Bounds>
        </bpmndi:BPMNLabel>
      </bpmndi:BPMNEdge>
      <bpmndi:BPMNEdge bpmnElement="SequenceFlow_1j0exsw" id="BPMNEdge_SequenceFlow_1j0exsw">
        <omgdi:waypoint x="550.0" y="1650.0"></omgdi:waypoint>
        <omgdi:waypoint x="622.0" y="1650.0"></omgdi:waypoint>
      </bpmndi:BPMNEdge>
      <bpmndi:BPMNEdge bpmnElement="SequenceFlow_1148irq" id="BPMNEdge_SequenceFlow_1148irq">
        <omgdi:waypoint x="320.0" y="1045.0"></omgdi:waypoint>
        <omgdi:waypoint x="320.0" y="1650.0"></omgdi:waypoint>
        <omgdi:waypoint x="450.0" y="1650.0"></omgdi:waypoint>
        <bpmndi:BPMNLabel>
          <omgdc:Bounds height="14.0" width="76.0" x="342.0" y="1633.0"></omgdc:Bounds>
        </bpmndi:BPMNLabel>
      </bpmndi:BPMNEdge>
      <bpmndi:BPMNEdge bpmnElement="SequenceFlow_1tyrms0" id="BPMNEdge_SequenceFlow_1tyrms0">
        <omgdi:waypoint x="550.0" y="1740.0"></omgdi:waypoint>
        <omgdi:waypoint x="622.0" y="1740.0"></omgdi:waypoint>
      </bpmndi:BPMNEdge>
      <bpmndi:BPMNEdge bpmnElement="SequenceFlow_00m75oj" id="BPMNEdge_SequenceFlow_00m75oj">
        <omgdi:waypoint x="320.0" y="1045.0"></omgdi:waypoint>
        <omgdi:waypoint x="320.0" y="1740.0"></omgdi:waypoint>
        <omgdi:waypoint x="450.0" y="1740.0"></omgdi:waypoint>
        <bpmndi:BPMNLabel>
          <omgdc:Bounds height="14.0" width="74.0" x="343.0" y="1723.0"></omgdc:Bounds>
        </bpmndi:BPMNLabel>
      </bpmndi:BPMNEdge>
      <bpmndi:BPMNEdge bpmnElement="SequenceFlow_15a6ah8" id="BPMNEdge_SequenceFlow_15a6ah8">
        <omgdi:waypoint x="888.0" y="1460.0"></omgdi:waypoint>
        <omgdi:waypoint x="962.0" y="1460.0"></omgdi:waypoint>
      </bpmndi:BPMNEdge>
      <bpmndi:BPMNEdge bpmnElement="SequenceFlow_0tk65h0" id="BPMNEdge_SequenceFlow_0tk65h0">
        <omgdi:waypoint x="550.0" y="1940.0"></omgdi:waypoint>
        <omgdi:waypoint x="622.0" y="1940.0"></omgdi:waypoint>
      </bpmndi:BPMNEdge>
      <bpmndi:BPMNEdge bpmnElement="SequenceFlow_1xp85we" id="BPMNEdge_SequenceFlow_1xp85we">
        <omgdi:waypoint x="320.0" y="1045.0"></omgdi:waypoint>
        <omgdi:waypoint x="320.0" y="1940.0"></omgdi:waypoint>
        <omgdi:waypoint x="450.0" y="1940.0"></omgdi:waypoint>
        <bpmndi:BPMNLabel>
          <omgdc:Bounds height="27.0" width="84.0" x="338.0" y="1906.0"></omgdc:Bounds>
        </bpmndi:BPMNLabel>
      </bpmndi:BPMNEdge>
      <bpmndi:BPMNEdge bpmnElement="SequenceFlow_0wwi2fl" id="BPMNEdge_SequenceFlow_0wwi2fl">
        <omgdi:waypoint x="550.0" y="2040.0"></omgdi:waypoint>
        <omgdi:waypoint x="622.0" y="2040.0"></omgdi:waypoint>
      </bpmndi:BPMNEdge>
      <bpmndi:BPMNEdge bpmnElement="SequenceFlow_0abnxzp" id="BPMNEdge_SequenceFlow_0abnxzp">
        <omgdi:waypoint x="320.0" y="1045.0"></omgdi:waypoint>
        <omgdi:waypoint x="320.0" y="2040.0"></omgdi:waypoint>
        <omgdi:waypoint x="450.0" y="2040.0"></omgdi:waypoint>
        <bpmndi:BPMNLabel>
          <omgdc:Bounds height="27.0" width="85.0" x="337.0" y="2006.0"></omgdc:Bounds>
        </bpmndi:BPMNLabel>
      </bpmndi:BPMNEdge>
      <bpmndi:BPMNEdge bpmnElement="SequenceFlow_1i2c0rf" id="BPMNEdge_SequenceFlow_1i2c0rf">
        <omgdi:waypoint x="550.0" y="2140.0"></omgdi:waypoint>
        <omgdi:waypoint x="632.0" y="2140.0"></omgdi:waypoint>
      </bpmndi:BPMNEdge>
      <bpmndi:BPMNEdge bpmnElement="SequenceFlow_1y7r0tq" id="BPMNEdge_SequenceFlow_1y7r0tq">
        <omgdi:waypoint x="320.0" y="1045.0"></omgdi:waypoint>
        <omgdi:waypoint x="320.0" y="2140.0"></omgdi:waypoint>
        <omgdi:waypoint x="450.0" y="2140.0"></omgdi:waypoint>
        <bpmndi:BPMNLabel>
          <omgdc:Bounds height="14.0" width="74.0" x="343.0" y="2123.0"></omgdc:Bounds>
        </bpmndi:BPMNLabel>
      </bpmndi:BPMNEdge>
      <bpmndi:BPMNEdge bpmnElement="SequenceFlow_1v8wvln" id="BPMNEdge_SequenceFlow_1v8wvln">
        <omgdi:waypoint x="320.0" y="1045.0"></omgdi:waypoint>
        <omgdi:waypoint x="320.0" y="1840.0"></omgdi:waypoint>
        <omgdi:waypoint x="450.0" y="1840.0"></omgdi:waypoint>
        <bpmndi:BPMNLabel>
          <omgdc:Bounds height="14.0" width="74.0" x="345.0" y="1813.0"></omgdc:Bounds>
        </bpmndi:BPMNLabel>
      </bpmndi:BPMNEdge>
      <bpmndi:BPMNEdge bpmnElement="SequenceFlow_055ogit" id="BPMNEdge_SequenceFlow_055ogit">
        <omgdi:waypoint x="550.0" y="1840.0"></omgdi:waypoint>
        <omgdi:waypoint x="622.0" y="1840.0"></omgdi:waypoint>
      </bpmndi:BPMNEdge>
    </bpmndi:BPMNPlane>
  </bpmndi:BPMNDiagram>
</bpmn2:definitions>