{"id":"process-674eb172-3394-4622-8b2f-d68fd14005c6","type":"PROCESS","name":"content-service","extensions":{"Process_f9iKhsNSh":{"constants":{},"mappings":{"ServiceTask_1st7qe0":{"mappingType":"MAP_ALL"},"ServiceTask_010evek":{"mappingType":"MAP_ALL"},"ServiceTask_1bupf78":{"mappingType":"MAP_ALL"},"ServiceTask_0plmufi":{"mappingType":"MAP_ALL"},"ServiceTask_1nex2ni":{"mappingType":"MAP_ALL"},"ServiceTask_1ehwm27":{"mappingType":"MAP_ALL"},"ServiceTask_0vwnhth":{"mappingType":"MAP_ALL"},"ServiceTask_03p0ga7":{"mappingType":"MAP_ALL"},"ServiceTask_1fqhdfe":{"mappingType":"MAP_ALL"},"ServiceTask_0zfayrk":{"mappingType":"MAP_ALL"},"ServiceTask_1l484ww":{"mappingType":"MAP_ALL"},"ServiceTask_05v2cze":{"mappingType":"MAP_ALL"},"ServiceTask_0y18x7s":{"mappingType":"MAP_ALL"},"ServiceTask_1xtodv0":{"mappingType":"MAP_ALL"},"ServiceTask_0gjeb0z":{"mappingType":"MAP_ALL"},"ServiceTask_0xqgws3":{"mappingType":"MAP_ALL"},"ServiceTask_18jb3zm":{"mappingType":"MAP_ALL"},"ServiceTask_182xwpy":{"mappingType":"MAP_ALL"},"ServiceTask_157apc7":{"mappingType":"MAP_ALL"},"ServiceTask_01utotf":{"mappingType":"MAP_ALL"},"ServiceTask_0qadg8y":{"mappingType":"MAP_ALL"},"ServiceTask_19zjobe":{"mappingType":"MAP_ALL"},"ServiceTask_0z5gnhp":{"mappingType":"MAP_ALL"},"ServiceTask_14lv073":{"mappingType":"MAP_ALL"},"ServiceTask_09j1msp":{"mappingType":"MAP_ALL"}},"properties":{"eda9ebfe-5ed0-4bfb-a506-814f2138aa17":{"id":"eda9ebfe-5ed0-4bfb-a506-814f2138aa17","name":"action","type":"string","value":"","required":false}},"assignments":{}}}}