<?xml version="1.0" encoding="UTF-8"?>
<bpmn2:definitions xmlns="http://www.omg.org/spec/BPMN/20100524/MODEL" xmlns:bpmn2="http://www.omg.org/spec/BPMN/20100524/MODEL" xmlns:xsi="http://www.w3.org/2001/XMLSchema-instance" xmlns:xsd="http://www.w3.org/2001/XMLSchema" xmlns:activiti="http://activiti.org/bpmn" xmlns:bpmndi="http://www.omg.org/spec/BPMN/20100524/DI" xmlns:omgdc="http://www.omg.org/spec/DD/20100524/DC" xmlns:omgdi="http://www.omg.org/spec/DD/20100524/DI" typeLanguage="http://www.w3.org/2001/XMLSchema" expressionLanguage="http://www.w3.org/1999/XPath" targetNamespace="http://bpmn.io/schema/bpmn" id="model-9a77b0b8-5700-441a-89f5-2974d0c600eb" name="content" xsi:schemaLocation="http://www.omg.org/spec/BPMN/20100524/MODEL BPMN20.xsd">
  <bpmn2:process id="Process_5i6rqYF9Q" name="content" isExecutable="true">
    <bpmn2:startEvent id="Event_1">
      <bpmn2:outgoing>SequenceFlow_0qxd886</bpmn2:outgoing>
    </bpmn2:startEvent>
    <bpmn2:serviceTask id="ServiceTask_1wub52a" name="select_file" implementation="content.SELECT_FILE">
      <bpmn2:incoming>SequenceFlow_0o2hsw4</bpmn2:incoming>
      <bpmn2:outgoing>SequenceFlow_1yij36s</bpmn2:outgoing>
    </bpmn2:serviceTask>
    <bpmn2:exclusiveGateway id="ExclusiveGateway_0d2lqbp">
      <bpmn2:incoming>SequenceFlow_0qxd886</bpmn2:incoming>
      <bpmn2:outgoing>SequenceFlow_0o2hsw4</bpmn2:outgoing>
      <bpmn2:outgoing>SequenceFlow_0iy70p3</bpmn2:outgoing>
      <bpmn2:outgoing>SequenceFlow_1whl5iz</bpmn2:outgoing>
      <bpmn2:outgoing>SequenceFlow_0ollmmi</bpmn2:outgoing>
      <bpmn2:outgoing>SequenceFlow_1b7x7ht</bpmn2:outgoing>
      <bpmn2:outgoing>SequenceFlow_0d5elhs</bpmn2:outgoing>
      <bpmn2:outgoing>SequenceFlow_0ir8tqh</bpmn2:outgoing>
      <bpmn2:outgoing>SequenceFlow_1wj5n2t</bpmn2:outgoing>
      <bpmn2:outgoing>SequenceFlow_141ue2z</bpmn2:outgoing>
      <bpmn2:outgoing>SequenceFlow_1uzxmab</bpmn2:outgoing>
      <bpmn2:outgoing>SequenceFlow_0b5t1e0</bpmn2:outgoing>
      <bpmn2:outgoing>SequenceFlow_0imkv7g</bpmn2:outgoing>
      <bpmn2:outgoing>SequenceFlow_0l5fx6v</bpmn2:outgoing>
      <bpmn2:outgoing>SequenceFlow_1rumxg0</bpmn2:outgoing>
      <bpmn2:outgoing>SequenceFlow_18v4dng</bpmn2:outgoing>
      <bpmn2:outgoing>SequenceFlow_0g3qxd0</bpmn2:outgoing>
      <bpmn2:outgoing>SequenceFlow_1a319n1</bpmn2:outgoing>
      <bpmn2:outgoing>SequenceFlow_18picu6</bpmn2:outgoing>
      <bpmn2:outgoing>SequenceFlow_0xyq3zm</bpmn2:outgoing>
      <bpmn2:outgoing>SequenceFlow_1148irq</bpmn2:outgoing>
      <bpmn2:outgoing>SequenceFlow_00m75oj</bpmn2:outgoing>
      <bpmn2:outgoing>SequenceFlow_1xp85we</bpmn2:outgoing>
      <bpmn2:outgoing>SequenceFlow_0abnxzp</bpmn2:outgoing>
      <bpmn2:outgoing>SequenceFlow_1y7r0tq</bpmn2:outgoing>
    </bpmn2:exclusiveGateway>
    <bpmn2:sequenceFlow id="SequenceFlow_0qxd886" sourceRef="Event_1" targetRef="ExclusiveGateway_0d2lqbp"></bpmn2:sequenceFlow>
    <bpmn2:sequenceFlow id="SequenceFlow_0o2hsw4" name="select_file" sourceRef="ExclusiveGateway_0d2lqbp" targetRef="ServiceTask_1wub52a">
      <conditionExpression xsi:type="tFormalExpression"><![CDATA[${action=='SELECT_FILE'}]]></conditionExpression>
    </bpmn2:sequenceFlow>
    <bpmn2:endEvent id="EndEvent_08lw204">
      <bpmn2:incoming>SequenceFlow_1yij36s</bpmn2:incoming>
    </bpmn2:endEvent>
    <bpmn2:sequenceFlow id="SequenceFlow_1yij36s" sourceRef="ServiceTask_1wub52a" targetRef="EndEvent_08lw204"></bpmn2:sequenceFlow>
    <bpmn2:serviceTask id="ServiceTask_0rh3wxq" name="select_folder" implementation="content.SELECT_FOLDER">
      <bpmn2:incoming>SequenceFlow_0iy70p3</bpmn2:incoming>
      <bpmn2:outgoing>SequenceFlow_07kt39x</bpmn2:outgoing>
    </bpmn2:serviceTask>
    <bpmn2:endEvent id="EndEvent_0h9melr">
      <bpmn2:incoming>SequenceFlow_07kt39x</bpmn2:incoming>
    </bpmn2:endEvent>
    <bpmn2:sequenceFlow id="SequenceFlow_07kt39x" sourceRef="ServiceTask_0rh3wxq" targetRef="EndEvent_0h9melr"></bpmn2:sequenceFlow>
    <bpmn2:sequenceFlow id="SequenceFlow_0iy70p3" name="select_folder" sourceRef="ExclusiveGateway_0d2lqbp" targetRef="ServiceTask_0rh3wxq">
      <conditionExpression xsi:type="tFormalExpression"><![CDATA[${action=='SELECT_FOLDER'}]]></conditionExpression>
    </bpmn2:sequenceFlow>
    <bpmn2:serviceTask id="ServiceTask_0dwfzin" name="create_file" implementation="content.CREATE_FILE">
      <bpmn2:incoming>SequenceFlow_1whl5iz</bpmn2:incoming>
      <bpmn2:outgoing>SequenceFlow_1tr0hnm</bpmn2:outgoing>
    </bpmn2:serviceTask>
    <bpmn2:sequenceFlow id="SequenceFlow_1whl5iz" name="create_file" sourceRef="ExclusiveGateway_0d2lqbp" targetRef="ServiceTask_0dwfzin">
      <conditionExpression xsi:type="tFormalExpression"><![CDATA[${action=='CREATE_FILE'}]]></conditionExpression>
    </bpmn2:sequenceFlow>
    <bpmn2:endEvent id="EndEvent_1dj0max">
      <bpmn2:incoming>SequenceFlow_1tr0hnm</bpmn2:incoming>
    </bpmn2:endEvent>
    <bpmn2:sequenceFlow id="SequenceFlow_1tr0hnm" sourceRef="ServiceTask_0dwfzin" targetRef="EndEvent_1dj0max"></bpmn2:sequenceFlow>
    <bpmn2:serviceTask id="ServiceTask_0sxruza" name="create_folder" implementation="content.CREATE_FOLDER">
      <bpmn2:incoming>SequenceFlow_0ollmmi</bpmn2:incoming>
      <bpmn2:outgoing>SequenceFlow_1rb2uwf</bpmn2:outgoing>
    </bpmn2:serviceTask>
    <bpmn2:sequenceFlow id="SequenceFlow_0ollmmi" name="create_folder" sourceRef="ExclusiveGateway_0d2lqbp" targetRef="ServiceTask_0sxruza">
      <conditionExpression xsi:type="tFormalExpression"><![CDATA[${action=='CREATE_FOLDER'}]]></conditionExpression>
    </bpmn2:sequenceFlow>
    <bpmn2:endEvent id="EndEvent_1e8q2vz">
      <bpmn2:incoming>SequenceFlow_1rb2uwf</bpmn2:incoming>
    </bpmn2:endEvent>
    <bpmn2:sequenceFlow id="SequenceFlow_1rb2uwf" sourceRef="ServiceTask_0sxruza" targetRef="EndEvent_1e8q2vz"></bpmn2:sequenceFlow>
    <bpmn2:serviceTask id="ServiceTask_184risz" name="select_metadata" implementation="content.SELECT_METADATA">
      <bpmn2:incoming>SequenceFlow_1b7x7ht</bpmn2:incoming>
      <bpmn2:outgoing>SequenceFlow_1bfc6jm</bpmn2:outgoing>
    </bpmn2:serviceTask>
    <bpmn2:sequenceFlow id="SequenceFlow_1b7x7ht" name="select_metadata" sourceRef="ExclusiveGateway_0d2lqbp" targetRef="ServiceTask_184risz">
      <conditionExpression xsi:type="tFormalExpression"><![CDATA[${action=='SELECT_METADATA'}]]></conditionExpression>
    </bpmn2:sequenceFlow>
    <bpmn2:endEvent id="EndEvent_0hmh56w">
      <bpmn2:incoming>SequenceFlow_1bfc6jm</bpmn2:incoming>
    </bpmn2:endEvent>
    <bpmn2:sequenceFlow id="SequenceFlow_1bfc6jm" sourceRef="ServiceTask_184risz" targetRef="EndEvent_0hmh56w"></bpmn2:sequenceFlow>
    <bpmn2:serviceTask id="ServiceTask_0c2h2xc" name="update_metadata" implementation="content.UPDATE_METADATA">
      <bpmn2:incoming>SequenceFlow_0d5elhs</bpmn2:incoming>
      <bpmn2:outgoing>SequenceFlow_1p9q5lw</bpmn2:outgoing>
    </bpmn2:serviceTask>
    <bpmn2:endEvent id="EndEvent_1kadj6s">
      <bpmn2:incoming>SequenceFlow_1p9q5lw</bpmn2:incoming>
    </bpmn2:endEvent>
    <bpmn2:sequenceFlow id="SequenceFlow_1p9q5lw" sourceRef="ServiceTask_0c2h2xc" targetRef="EndEvent_1kadj6s"></bpmn2:sequenceFlow>
    <bpmn2:sequenceFlow id="SequenceFlow_0d5elhs" name="update_metadata" sourceRef="ExclusiveGateway_0d2lqbp" targetRef="ServiceTask_0c2h2xc">
      <conditionExpression xsi:type="tFormalExpression"><![CDATA[${action=='UPDATE_METADATA'}]]></conditionExpression>
    </bpmn2:sequenceFlow>
    <bpmn2:serviceTask id="ServiceTask_1733zcu" name="set_type" implementation="content.SET_TYPE">
      <bpmn2:incoming>SequenceFlow_0ir8tqh</bpmn2:incoming>
      <bpmn2:outgoing>SequenceFlow_0g9tzoa</bpmn2:outgoing>
    </bpmn2:serviceTask>
    <bpmn2:endEvent id="EndEvent_092arq8">
      <bpmn2:incoming>SequenceFlow_0g9tzoa</bpmn2:incoming>
    </bpmn2:endEvent>
    <bpmn2:sequenceFlow id="SequenceFlow_0g9tzoa" sourceRef="ServiceTask_1733zcu" targetRef="EndEvent_092arq8"></bpmn2:sequenceFlow>
    <bpmn2:sequenceFlow id="SequenceFlow_0ir8tqh" name="set_type" sourceRef="ExclusiveGateway_0d2lqbp" targetRef="ServiceTask_1733zcu">
      <conditionExpression xsi:type="tFormalExpression"><![CDATA[${action=='SET_TYPE'}]]></conditionExpression>
    </bpmn2:sequenceFlow>
    <bpmn2:serviceTask id="ServiceTask_020zhzl" name="read_file_content" implementation="content.READ_FILE_CONTENT">
      <bpmn2:incoming>SequenceFlow_1wj5n2t</bpmn2:incoming>
      <bpmn2:outgoing>SequenceFlow_0jqpwwm</bpmn2:outgoing>
    </bpmn2:serviceTask>
    <bpmn2:sequenceFlow id="SequenceFlow_1wj5n2t" name="read_file_content" sourceRef="ExclusiveGateway_0d2lqbp" targetRef="ServiceTask_020zhzl">
      <conditionExpression xsi:type="tFormalExpression"><![CDATA[${action=='READ_FILE_CONTENT'}]]></conditionExpression>
    </bpmn2:sequenceFlow>
    <bpmn2:endEvent id="EndEvent_1x3jo5a">
      <bpmn2:incoming>SequenceFlow_0jqpwwm</bpmn2:incoming>
    </bpmn2:endEvent>
    <bpmn2:sequenceFlow id="SequenceFlow_0jqpwwm" sourceRef="ServiceTask_020zhzl" targetRef="EndEvent_1x3jo5a"></bpmn2:sequenceFlow>
    <bpmn2:serviceTask id="ServiceTask_0den5d3" name="update_file_content" implementation="content.UPDATE_FILE_CONTENT">
      <bpmn2:incoming>SequenceFlow_141ue2z</bpmn2:incoming>
      <bpmn2:outgoing>SequenceFlow_1hw9nwd</bpmn2:outgoing>
    </bpmn2:serviceTask>
    <bpmn2:endEvent id="EndEvent_1gs3lx0">
      <bpmn2:incoming>SequenceFlow_1hw9nwd</bpmn2:incoming>
    </bpmn2:endEvent>
    <bpmn2:sequenceFlow id="SequenceFlow_1hw9nwd" sourceRef="ServiceTask_0den5d3" targetRef="EndEvent_1gs3lx0"></bpmn2:sequenceFlow>
    <bpmn2:sequenceFlow id="SequenceFlow_141ue2z" name="update_file_content" sourceRef="ExclusiveGateway_0d2lqbp" targetRef="ServiceTask_0den5d3">
      <conditionExpression xsi:type="tFormalExpression"><![CDATA[${action=='UPDATE_FILE_CONTENT'}]]></conditionExpression>
    </bpmn2:sequenceFlow>
    <bpmn2:serviceTask id="ServiceTask_1d3nz24" name="copy_file" implementation="content.COPY_FILE">
      <bpmn2:incoming>SequenceFlow_1uzxmab</bpmn2:incoming>
      <bpmn2:outgoing>SequenceFlow_0jdgb46</bpmn2:outgoing>
    </bpmn2:serviceTask>
    <bpmn2:endEvent id="EndEvent_0m64dvg">
      <bpmn2:incoming>SequenceFlow_0jdgb46</bpmn2:incoming>
    </bpmn2:endEvent>
    <bpmn2:sequenceFlow id="SequenceFlow_0jdgb46" sourceRef="ServiceTask_1d3nz24" targetRef="EndEvent_0m64dvg"></bpmn2:sequenceFlow>
    <bpmn2:sequenceFlow id="SequenceFlow_1uzxmab" name="copy_file" sourceRef="ExclusiveGateway_0d2lqbp" targetRef="ServiceTask_1d3nz24">
      <conditionExpression xsi:type="tFormalExpression"><![CDATA[${action=='COPY_FILE'}]]></conditionExpression>
    </bpmn2:sequenceFlow>
    <bpmn2:serviceTask id="ServiceTask_0dqa3l3" name="copy_folder" implementation="content.COPY_FOLDER">
      <bpmn2:incoming>SequenceFlow_0b5t1e0</bpmn2:incoming>
      <bpmn2:outgoing>SequenceFlow_13vflt3</bpmn2:outgoing>
    </bpmn2:serviceTask>
    <bpmn2:endEvent id="EndEvent_030q7u5">
      <bpmn2:incoming>SequenceFlow_13vflt3</bpmn2:incoming>
    </bpmn2:endEvent>
    <bpmn2:sequenceFlow id="SequenceFlow_13vflt3" sourceRef="ServiceTask_0dqa3l3" targetRef="EndEvent_030q7u5"></bpmn2:sequenceFlow>
    <bpmn2:sequenceFlow id="SequenceFlow_0b5t1e0" name="copy_folder" sourceRef="ExclusiveGateway_0d2lqbp" targetRef="ServiceTask_0dqa3l3">
      <conditionExpression xsi:type="tFormalExpression"><![CDATA[${action=='COPY_FOLDER'}]]></conditionExpression>
    </bpmn2:sequenceFlow>
    <bpmn2:serviceTask id="ServiceTask_0ds3o9g" name="move_file" implementation="content.MOVE_FILE">
      <bpmn2:incoming>SequenceFlow_0imkv7g</bpmn2:incoming>
      <bpmn2:outgoing>SequenceFlow_0x2iw3q</bpmn2:outgoing>
    </bpmn2:serviceTask>
    <bpmn2:endEvent id="EndEvent_1fdymto">
      <bpmn2:incoming>SequenceFlow_0x2iw3q</bpmn2:incoming>
    </bpmn2:endEvent>
    <bpmn2:sequenceFlow id="SequenceFlow_0x2iw3q" sourceRef="ServiceTask_0ds3o9g" targetRef="EndEvent_1fdymto"></bpmn2:sequenceFlow>
    <bpmn2:sequenceFlow id="SequenceFlow_0imkv7g" name="move_file" sourceRef="ExclusiveGateway_0d2lqbp" targetRef="ServiceTask_0ds3o9g">
      <conditionExpression xsi:type="tFormalExpression"><![CDATA[${action=='MOVE_FILE'}]]></conditionExpression>
    </bpmn2:sequenceFlow>
    <bpmn2:serviceTask id="ServiceTask_033ppcv" name="move_folder" implementation="content.MOVE_FOLDER">
      <bpmn2:incoming>SequenceFlow_0l5fx6v</bpmn2:incoming>
      <bpmn2:outgoing>SequenceFlow_1bc0ovv</bpmn2:outgoing>
    </bpmn2:serviceTask>
    <bpmn2:endEvent id="EndEvent_03lr340">
      <bpmn2:incoming>SequenceFlow_1bc0ovv</bpmn2:incoming>
    </bpmn2:endEvent>
    <bpmn2:sequenceFlow id="SequenceFlow_1bc0ovv" sourceRef="ServiceTask_033ppcv" targetRef="EndEvent_03lr340"></bpmn2:sequenceFlow>
    <bpmn2:sequenceFlow id="SequenceFlow_0l5fx6v" name="move_folder" sourceRef="ExclusiveGateway_0d2lqbp" targetRef="ServiceTask_033ppcv">
      <conditionExpression xsi:type="tFormalExpression"><![CDATA[${action=='MOVE_FOLDER'}]]></conditionExpression>
    </bpmn2:sequenceFlow>
    <bpmn2:serviceTask id="ServiceTask_0iormwa" name="delete_file" implementation="content.DELETE_FILE">
      <bpmn2:incoming>SequenceFlow_1rumxg0</bpmn2:incoming>
      <bpmn2:outgoing>SequenceFlow_1iqv7j9</bpmn2:outgoing>
    </bpmn2:serviceTask>
    <bpmn2:endEvent id="EndEvent_1vnao58">
      <bpmn2:incoming>SequenceFlow_1iqv7j9</bpmn2:incoming>
    </bpmn2:endEvent>
    <bpmn2:sequenceFlow id="SequenceFlow_1iqv7j9" sourceRef="ServiceTask_0iormwa" targetRef="EndEvent_1vnao58"></bpmn2:sequenceFlow>
    <bpmn2:sequenceFlow id="SequenceFlow_1rumxg0" name="delete_file" sourceRef="ExclusiveGateway_0d2lqbp" targetRef="ServiceTask_0iormwa">
      <conditionExpression xsi:type="tFormalExpression"><![CDATA[${action=='DELETE_FILE'}]]></conditionExpression>
    </bpmn2:sequenceFlow>
    <bpmn2:serviceTask id="ServiceTask_1tmjbz7" name="delete_folder" implementation="content.DELETE_FOLDER">
      <bpmn2:incoming>SequenceFlow_18v4dng</bpmn2:incoming>
      <bpmn2:outgoing>SequenceFlow_1b08y8z</bpmn2:outgoing>
    </bpmn2:serviceTask>
    <bpmn2:endEvent id="EndEvent_1j2h3wb">
      <bpmn2:incoming>SequenceFlow_1b08y8z</bpmn2:incoming>
    </bpmn2:endEvent>
    <bpmn2:sequenceFlow id="SequenceFlow_1b08y8z" sourceRef="ServiceTask_1tmjbz7" targetRef="EndEvent_1j2h3wb"></bpmn2:sequenceFlow>
    <bpmn2:sequenceFlow id="SequenceFlow_18v4dng" name="delete_folder" sourceRef="ExclusiveGateway_0d2lqbp" targetRef="ServiceTask_1tmjbz7">
      <conditionExpression xsi:type="tFormalExpression"><![CDATA[${action=='DELETE_FOLDER'}]]></conditionExpression>
    </bpmn2:sequenceFlow>
    <bpmn2:serviceTask id="ServiceTask_0bu312z" name="update_tag" implementation="content.UPDATE_TAG">
      <bpmn2:incoming>SequenceFlow_0g3qxd0</bpmn2:incoming>
      <bpmn2:outgoing>SequenceFlow_1ye16wd</bpmn2:outgoing>
    </bpmn2:serviceTask>
    <bpmn2:sequenceFlow id="SequenceFlow_0g3qxd0" name="update_tag" sourceRef="ExclusiveGateway_0d2lqbp" targetRef="ServiceTask_0bu312z">
      <conditionExpression xsi:type="tFormalExpression"><![CDATA[${action=='UPDATE_TAG'}]]></conditionExpression>
    </bpmn2:sequenceFlow>
    <bpmn2:endEvent id="EndEvent_1hnqtys">
      <bpmn2:incoming>SequenceFlow_1ye16wd</bpmn2:incoming>
    </bpmn2:endEvent>
    <bpmn2:sequenceFlow id="SequenceFlow_1ye16wd" sourceRef="ServiceTask_0bu312z" targetRef="EndEvent_1hnqtys"></bpmn2:sequenceFlow>
    <bpmn2:serviceTask id="ServiceTask_16gsltp" name="lock_node" implementation="content.LOCK_NODE">
      <bpmn2:incoming>SequenceFlow_1a319n1</bpmn2:incoming>
      <bpmn2:outgoing>SequenceFlow_1vexlqr</bpmn2:outgoing>
    </bpmn2:serviceTask>
    <bpmn2:endEvent id="EndEvent_0k0s0ug">
      <bpmn2:incoming>SequenceFlow_1vexlqr</bpmn2:incoming>
    </bpmn2:endEvent>
    <bpmn2:sequenceFlow id="SequenceFlow_1vexlqr" sourceRef="ServiceTask_16gsltp" targetRef="EndEvent_0k0s0ug"></bpmn2:sequenceFlow>
    <bpmn2:sequenceFlow id="SequenceFlow_1a319n1" name="lock_node" sourceRef="ExclusiveGateway_0d2lqbp" targetRef="ServiceTask_16gsltp">
      <conditionExpression xsi:type="tFormalExpression"><![CDATA[${action=='LOCK_NODE'}]]></conditionExpression>
    </bpmn2:sequenceFlow>
    <bpmn2:serviceTask id="ServiceTask_0pssrxq" name="unlock_node" implementation="content.UNLOCK_NODE">
      <bpmn2:incoming>SequenceFlow_18picu6</bpmn2:incoming>
      <bpmn2:outgoing>SequenceFlow_1exek2n</bpmn2:outgoing>
    </bpmn2:serviceTask>
    <bpmn2:sequenceFlow id="SequenceFlow_18picu6" name="unlock_node" sourceRef="ExclusiveGateway_0d2lqbp" targetRef="ServiceTask_0pssrxq">
      <conditionExpression xsi:type="tFormalExpression"><![CDATA[${action=='UNLOCK_NODE'}]]></conditionExpression>
    </bpmn2:sequenceFlow>
    <bpmn2:endEvent id="EndEvent_1lwmlgs">
      <bpmn2:incoming>SequenceFlow_1exek2n</bpmn2:incoming>
    </bpmn2:endEvent>
    <bpmn2:sequenceFlow id="SequenceFlow_1exek2n" sourceRef="ServiceTask_0pssrxq" targetRef="EndEvent_1lwmlgs"></bpmn2:sequenceFlow>
    <bpmn2:serviceTask id="ServiceTask_1gnixbh" name="add_aspect" implementation="content.ADD_ASPECT">
      <bpmn2:incoming>SequenceFlow_0xyq3zm</bpmn2:incoming>
      <bpmn2:outgoing>SequenceFlow_0s9g3om</bpmn2:outgoing>
    </bpmn2:serviceTask>
    <bpmn2:endEvent id="EndEvent_0gwtdtq">
      <bpmn2:incoming>SequenceFlow_0s9g3om</bpmn2:incoming>
    </bpmn2:endEvent>
    <bpmn2:sequenceFlow id="SequenceFlow_0s9g3om" sourceRef="ServiceTask_1gnixbh" targetRef="EndEvent_0gwtdtq"></bpmn2:sequenceFlow>
    <bpmn2:sequenceFlow id="SequenceFlow_0xyq3zm" name="add_aspect" sourceRef="ExclusiveGateway_0d2lqbp" targetRef="ServiceTask_1gnixbh">
      <conditionExpression xsi:type="tFormalExpression"><![CDATA[${action=='ADD_ASPECT'}]]></conditionExpression>
    </bpmn2:sequenceFlow>
    <bpmn2:serviceTask id="ServiceTask_1x8hje8" name="remove_aspect" implementation="content.REMOVE_ASPECT">
      <bpmn2:incoming>SequenceFlow_1148irq</bpmn2:incoming>
      <bpmn2:outgoing>SequenceFlow_1j0exsw</bpmn2:outgoing>
    </bpmn2:serviceTask>
    <bpmn2:endEvent id="EndEvent_1hkm5l3">
      <bpmn2:incoming>SequenceFlow_1j0exsw</bpmn2:incoming>
    </bpmn2:endEvent>
    <bpmn2:sequenceFlow id="SequenceFlow_1j0exsw" sourceRef="ServiceTask_1x8hje8" targetRef="EndEvent_1hkm5l3"></bpmn2:sequenceFlow>
    <bpmn2:sequenceFlow id="SequenceFlow_1148irq" name="remove_aspect" sourceRef="ExclusiveGateway_0d2lqbp" targetRef="ServiceTask_1x8hje8">
      <conditionExpression xsi:type="tFormalExpression"><![CDATA[${action=='REMOVE_ASPECT'}]]></conditionExpression>
    </bpmn2:sequenceFlow>
    <bpmn2:serviceTask id="ServiceTask_0l8dr5v" name="set_permission" implementation="content.SET_PERMISSIONS">
      <bpmn2:incoming>SequenceFlow_00m75oj</bpmn2:incoming>
      <bpmn2:outgoing>SequenceFlow_1tyrms0</bpmn2:outgoing>
    </bpmn2:serviceTask>
    <bpmn2:endEvent id="EndEvent_10dredx">
      <bpmn2:incoming>SequenceFlow_1tyrms0</bpmn2:incoming>
    </bpmn2:endEvent>
    <bpmn2:sequenceFlow id="SequenceFlow_1tyrms0" sourceRef="ServiceTask_0l8dr5v" targetRef="EndEvent_10dredx"></bpmn2:sequenceFlow>
    <bpmn2:sequenceFlow id="SequenceFlow_00m75oj" name="set_permission" sourceRef="ExclusiveGateway_0d2lqbp" targetRef="ServiceTask_0l8dr5v">
      <conditionExpression xsi:type="tFormalExpression"><![CDATA[${action=='SET_PERMISSION'}]]></conditionExpression>
    </bpmn2:sequenceFlow>
    <bpmn2:subProcess id="SubProcess_0ev5sl3" name="subProcess" triggeredByEvent="true">
      <bpmn2:startEvent id="StartEvent_1rgvzrl" isInterrupting="true">
        <bpmn2:outgoing>SequenceFlow_15a6ah8</bpmn2:outgoing>
        <errorEventDefinition></errorEventDefinition>
      </bpmn2:startEvent>
      <bpmn2:endEvent id="EndEvent_1tsakmn">
        <bpmn2:incoming>SequenceFlow_15a6ah8</bpmn2:incoming>
      </bpmn2:endEvent>
      <bpmn2:sequenceFlow id="SequenceFlow_15a6ah8" sourceRef="StartEvent_1rgvzrl" targetRef="EndEvent_1tsakmn"></bpmn2:sequenceFlow>
    </bpmn2:subProcess>
    <bpmn2:serviceTask id="ServiceTask_0vsqarh" name="add_security_marks" implementation="content.ADD_SECURITY_MARKS">
      <bpmn2:incoming>SequenceFlow_1xp85we</bpmn2:incoming>
      <bpmn2:outgoing>SequenceFlow_0tk65h0</bpmn2:outgoing>
    </bpmn2:serviceTask>
    <bpmn2:endEvent id="EndEvent_0977wsk">
      <bpmn2:incoming>SequenceFlow_0tk65h0</bpmn2:incoming>
    </bpmn2:endEvent>
    <bpmn2:sequenceFlow id="SequenceFlow_0tk65h0" sourceRef="ServiceTask_0vsqarh" targetRef="EndEvent_0977wsk"></bpmn2:sequenceFlow>
    <bpmn2:sequenceFlow id="SequenceFlow_1xp85we" name="add_security_marks" sourceRef="ExclusiveGateway_0d2lqbp" targetRef="ServiceTask_0vsqarh">
      <conditionExpression xsi:type="tFormalExpression"><![CDATA[${action=='ADD_SECURITY_MARKS'}]]></conditionExpression>
    </bpmn2:sequenceFlow>
    <bpmn2:serviceTask id="ServiceTask_12neqq1" name="get_security_marks" implementation="content.GET_SECURITY_MARKS">
      <bpmn2:incoming>SequenceFlow_0abnxzp</bpmn2:incoming>
      <bpmn2:outgoing>SequenceFlow_0wwi2fl</bpmn2:outgoing>
    </bpmn2:serviceTask>
    <bpmn2:endEvent id="EndEvent_0c71fuv">
      <bpmn2:incoming>SequenceFlow_0wwi2fl</bpmn2:incoming>
    </bpmn2:endEvent>
    <bpmn2:sequenceFlow id="SequenceFlow_0wwi2fl" sourceRef="ServiceTask_12neqq1" targetRef="EndEvent_0c71fuv"></bpmn2:sequenceFlow>
    <bpmn2:sequenceFlow id="SequenceFlow_0abnxzp" name="get_security_marks" sourceRef="ExclusiveGateway_0d2lqbp" targetRef="ServiceTask_12neqq1">
      <conditionExpression xsi:type="tFormalExpression"><![CDATA[${action=='GET_SECURITY_MARKS'}]]></conditionExpression>
    </bpmn2:sequenceFlow>
    <bpmn2:serviceTask id="ServiceTask_0avv32j" name="execute_action" implementation="content.EXECUTE_ACTION">
      <bpmn2:incoming>SequenceFlow_1y7r0tq</bpmn2:incoming>
      <bpmn2:outgoing>SequenceFlow_1i2c0rf</bpmn2:outgoing>
    </bpmn2:serviceTask>
    <bpmn2:endEvent id="EndEvent_1oe8ume">
      <bpmn2:incoming>SequenceFlow_1i2c0rf</bpmn2:incoming>
    </bpmn2:endEvent>
    <bpmn2:sequenceFlow id="SequenceFlow_1i2c0rf" sourceRef="ServiceTask_0avv32j" targetRef="EndEvent_1oe8ume"></bpmn2:sequenceFlow>
    <bpmn2:sequenceFlow id="SequenceFlow_1y7r0tq" name="execute_action" sourceRef="ExclusiveGateway_0d2lqbp" targetRef="ServiceTask_0avv32j">
      <conditionExpression xsi:type="tFormalExpression"><![CDATA[${action=='EXECUTE_ACTION'}]]></conditionExpression>
    </bpmn2:sequenceFlow>
  </bpmn2:process>
  <error id="connector.comprehend_METHOD_NOT_ALLOWED" name="METHOD_NOT_ALLOWED" errorCode="METHOD_NOT_ALLOWED"></error>
  <error id="connector.comprehend_MISSING_INPUT" name="MISSING_INPUT" errorCode="MISSING_INPUT"></error>
  <error id="connector.docusign_UNKNOWN_ERROR" name="UNKNOWN_ERROR" errorCode="UNKNOWN_ERROR"></error>
  <error id="connector.rest_UNAUTHORIZED" name="UNAUTHORIZED" errorCode="UNAUTHORIZED"></error>
  <error id="connector.rest_BAD_REQUEST" name="BAD_REQUEST" errorCode="BAD_REQUEST"></error>
  <error id="connector.rest_CONFLICT" name="CONFLICT" errorCode="CONFLICT"></error>
  <error id="connector.rest_GONE" name="GONE" errorCode="GONE"></error>
  <error id="connector.content_UNPROCESSABLE_ENTITY" name="UNPROCESSABLE_ENTITY" errorCode="UNPROCESSABLE_ENTITY"></error>
  <error id="connector.content_LOCKED" name="LOCKED" errorCode="LOCKED"></error>
  <error id="connector.content_GATEWAY_TIMEOUT" name="GATEWAY_TIMEOUT" errorCode="GATEWAY_TIMEOUT"></error>
  <error id="connector.content_NOT_FOUND" name="NOT_FOUND" errorCode="NOT_FOUND"></error>
  <error id="connector.content_UNAUTHORIZED" name="UNAUTHORIZED" errorCode="UNAUTHORIZED"></error>
  <bpmndi:BPMNDiagram id="BPMNDiagram_Process_5i6rqYF9Q">
    <bpmndi:BPMNPlane bpmnElement="Process_5i6rqYF9Q" id="BPMNPlane_Process_5i6rqYF9Q">
      <bpmndi:BPMNShape bpmnElement="Event_1" id="BPMNShape_Event_1">
        <omgdc:Bounds height="36.0" width="36.0" x="232.0" y="1042.0"></omgdc:Bounds>
      </bpmndi:BPMNShape>
      <bpmndi:BPMNShape bpmnElement="ServiceTask_1wub52a" id="BPMNShape_ServiceTask_1wub52a">
        <omgdc:Bounds height="80.0" width="100.0" x="460.0" y="60.0"></omgdc:Bounds>
      </bpmndi:BPMNShape>
      <bpmndi:BPMNShape bpmnElement="ExclusiveGateway_0d2lqbp" id="BPMNShape_ExclusiveGateway_0d2lqbp">
        <omgdc:Bounds height="50.0" width="50.0" x="295.0" y="1035.0"></omgdc:Bounds>
      </bpmndi:BPMNShape>
      <bpmndi:BPMNShape bpmnElement="EndEvent_08lw204" id="BPMNShape_EndEvent_08lw204">
        <omgdc:Bounds height="36.0" width="36.0" x="622.0" y="82.0"></omgdc:Bounds>
      </bpmndi:BPMNShape>
      <bpmndi:BPMNShape bpmnElement="ServiceTask_0rh3wxq" id="BPMNShape_ServiceTask_0rh3wxq">
        <omgdc:Bounds height="80.0" width="100.0" x="460.0" y="140.0"></omgdc:Bounds>
      </bpmndi:BPMNShape>
      <bpmndi:BPMNShape bpmnElement="EndEvent_0h9melr" id="BPMNShape_EndEvent_0h9melr">
        <omgdc:Bounds height="36.0" width="36.0" x="622.0" y="162.0"></omgdc:Bounds>
      </bpmndi:BPMNShape>
      <bpmndi:BPMNShape bpmnElement="ServiceTask_0dwfzin" id="BPMNShape_ServiceTask_0dwfzin">
        <omgdc:Bounds height="80.0" width="100.0" x="460.0" y="220.0"></omgdc:Bounds>
      </bpmndi:BPMNShape>
      <bpmndi:BPMNShape bpmnElement="EndEvent_1dj0max" id="BPMNShape_EndEvent_1dj0max">
        <omgdc:Bounds height="36.0" width="36.0" x="622.0" y="242.0"></omgdc:Bounds>
      </bpmndi:BPMNShape>
      <bpmndi:BPMNShape bpmnElement="ServiceTask_0sxruza" id="BPMNShape_ServiceTask_0sxruza">
        <omgdc:Bounds height="80.0" width="100.0" x="460.0" y="300.0"></omgdc:Bounds>
      </bpmndi:BPMNShape>
      <bpmndi:BPMNShape bpmnElement="EndEvent_1e8q2vz" id="BPMNShape_EndEvent_1e8q2vz">
        <omgdc:Bounds height="36.0" width="36.0" x="622.0" y="322.0"></omgdc:Bounds>
      </bpmndi:BPMNShape>
      <bpmndi:BPMNShape bpmnElement="ServiceTask_184risz" id="BPMNShape_ServiceTask_184risz">
        <omgdc:Bounds height="80.0" width="100.0" x="460.0" y="380.0"></omgdc:Bounds>
      </bpmndi:BPMNShape>
      <bpmndi:BPMNShape bpmnElement="EndEvent_0hmh56w" id="BPMNShape_EndEvent_0hmh56w">
        <omgdc:Bounds height="36.0" width="36.0" x="622.0" y="402.0"></omgdc:Bounds>
      </bpmndi:BPMNShape>
      <bpmndi:BPMNShape bpmnElement="ServiceTask_0c2h2xc" id="BPMNShape_ServiceTask_0c2h2xc">
        <omgdc:Bounds height="80.0" width="100.0" x="460.0" y="460.0"></omgdc:Bounds>
      </bpmndi:BPMNShape>
      <bpmndi:BPMNShape bpmnElement="EndEvent_1kadj6s" id="BPMNShape_EndEvent_1kadj6s">
        <omgdc:Bounds height="36.0" width="36.0" x="622.0" y="482.0"></omgdc:Bounds>
      </bpmndi:BPMNShape>
      <bpmndi:BPMNShape bpmnElement="ServiceTask_1733zcu" id="BPMNShape_ServiceTask_1733zcu">
        <omgdc:Bounds height="80.0" width="100.0" x="460.0" y="540.0"></omgdc:Bounds>
      </bpmndi:BPMNShape>
      <bpmndi:BPMNShape bpmnElement="EndEvent_092arq8" id="BPMNShape_EndEvent_092arq8">
        <omgdc:Bounds height="36.0" width="36.0" x="622.0" y="562.0"></omgdc:Bounds>
      </bpmndi:BPMNShape>
      <bpmndi:BPMNShape bpmnElement="ServiceTask_020zhzl" id="BPMNShape_ServiceTask_020zhzl">
        <omgdc:Bounds height="80.0" width="100.0" x="460.0" y="620.0"></omgdc:Bounds>
      </bpmndi:BPMNShape>
      <bpmndi:BPMNShape bpmnElement="EndEvent_1x3jo5a" id="BPMNShape_EndEvent_1x3jo5a">
        <omgdc:Bounds height="36.0" width="36.0" x="622.0" y="642.0"></omgdc:Bounds>
      </bpmndi:BPMNShape>
      <bpmndi:BPMNShape bpmnElement="ServiceTask_0den5d3" id="BPMNShape_ServiceTask_0den5d3">
        <omgdc:Bounds height="80.0" width="100.0" x="460.0" y="700.0"></omgdc:Bounds>
      </bpmndi:BPMNShape>
      <bpmndi:BPMNShape bpmnElement="EndEvent_1gs3lx0" id="BPMNShape_EndEvent_1gs3lx0">
        <omgdc:Bounds height="36.0" width="36.0" x="622.0" y="722.0"></omgdc:Bounds>
      </bpmndi:BPMNShape>
      <bpmndi:BPMNShape bpmnElement="ServiceTask_1d3nz24" id="BPMNShape_ServiceTask_1d3nz24">
        <omgdc:Bounds height="80.0" width="100.0" x="460.0" y="780.0"></omgdc:Bounds>
      </bpmndi:BPMNShape>
      <bpmndi:BPMNShape bpmnElement="EndEvent_0m64dvg" id="BPMNShape_EndEvent_0m64dvg">
        <omgdc:Bounds height="36.0" width="36.0" x="622.0" y="802.0"></omgdc:Bounds>
      </bpmndi:BPMNShape>
      <bpmndi:BPMNShape bpmnElement="ServiceTask_0dqa3l3" id="BPMNShape_ServiceTask_0dqa3l3">
        <omgdc:Bounds height="80.0" width="100.0" x="460.0" y="860.0"></omgdc:Bounds>
      </bpmndi:BPMNShape>
      <bpmndi:BPMNShape bpmnElement="EndEvent_030q7u5" id="BPMNShape_EndEvent_030q7u5">
        <omgdc:Bounds height="36.0" width="36.0" x="622.0" y="882.0"></omgdc:Bounds>
      </bpmndi:BPMNShape>
      <bpmndi:BPMNShape bpmnElement="ServiceTask_0ds3o9g" id="BPMNShape_ServiceTask_0ds3o9g">
        <omgdc:Bounds height="80.0" width="100.0" x="460.0" y="940.0"></omgdc:Bounds>
      </bpmndi:BPMNShape>
      <bpmndi:BPMNShape bpmnElement="EndEvent_1fdymto" id="BPMNShape_EndEvent_1fdymto">
        <omgdc:Bounds height="36.0" width="36.0" x="622.0" y="962.0"></omgdc:Bounds>
      </bpmndi:BPMNShape>
      <bpmndi:BPMNShape bpmnElement="ServiceTask_033ppcv" id="BPMNShape_ServiceTask_033ppcv">
        <omgdc:Bounds height="80.0" width="100.0" x="460.0" y="1020.0"></omgdc:Bounds>
      </bpmndi:BPMNShape>
      <bpmndi:BPMNShape bpmnElement="EndEvent_03lr340" id="BPMNShape_EndEvent_03lr340">
        <omgdc:Bounds height="36.0" width="36.0" x="622.0" y="1042.0"></omgdc:Bounds>
      </bpmndi:BPMNShape>
      <bpmndi:BPMNShape bpmnElement="ServiceTask_0iormwa" id="BPMNShape_ServiceTask_0iormwa">
        <omgdc:Bounds height="80.0" width="100.0" x="460.0" y="1100.0"></omgdc:Bounds>
      </bpmndi:BPMNShape>
      <bpmndi:BPMNShape bpmnElement="EndEvent_1vnao58" id="BPMNShape_EndEvent_1vnao58">
        <omgdc:Bounds height="36.0" width="36.0" x="622.0" y="1122.0"></omgdc:Bounds>
      </bpmndi:BPMNShape>
      <bpmndi:BPMNShape bpmnElement="ServiceTask_1tmjbz7" id="BPMNShape_ServiceTask_1tmjbz7">
        <omgdc:Bounds height="80.0" width="100.0" x="460.0" y="1180.0"></omgdc:Bounds>
      </bpmndi:BPMNShape>
      <bpmndi:BPMNShape bpmnElement="EndEvent_1j2h3wb" id="BPMNShape_EndEvent_1j2h3wb">
        <omgdc:Bounds height="36.0" width="36.0" x="622.0" y="1202.0"></omgdc:Bounds>
      </bpmndi:BPMNShape>
      <bpmndi:BPMNShape bpmnElement="ServiceTask_0bu312z" id="BPMNShape_ServiceTask_0bu312z">
        <omgdc:Bounds height="80.0" width="100.0" x="460.0" y="1260.0"></omgdc:Bounds>
      </bpmndi:BPMNShape>
      <bpmndi:BPMNShape bpmnElement="EndEvent_1hnqtys" id="BPMNShape_EndEvent_1hnqtys">
        <omgdc:Bounds height="36.0" width="36.0" x="622.0" y="1282.0"></omgdc:Bounds>
      </bpmndi:BPMNShape>
      <bpmndi:BPMNShape bpmnElement="ServiceTask_16gsltp" id="BPMNShape_ServiceTask_16gsltp">
        <omgdc:Bounds height="80.0" width="100.0" x="460.0" y="1340.0"></omgdc:Bounds>
      </bpmndi:BPMNShape>
      <bpmndi:BPMNShape bpmnElement="EndEvent_0k0s0ug" id="BPMNShape_EndEvent_0k0s0ug">
        <omgdc:Bounds height="36.0" width="36.0" x="622.0" y="1362.0"></omgdc:Bounds>
      </bpmndi:BPMNShape>
      <bpmndi:BPMNShape bpmnElement="ServiceTask_0pssrxq" id="BPMNShape_ServiceTask_0pssrxq">
        <omgdc:Bounds height="80.0" width="100.0" x="460.0" y="1420.0"></omgdc:Bounds>
      </bpmndi:BPMNShape>
      <bpmndi:BPMNShape bpmnElement="EndEvent_1lwmlgs" id="BPMNShape_EndEvent_1lwmlgs">
        <omgdc:Bounds height="36.0" width="36.0" x="622.0" y="1442.0"></omgdc:Bounds>
      </bpmndi:BPMNShape>
      <bpmndi:BPMNShape bpmnElement="ServiceTask_1gnixbh" id="BPMNShape_ServiceTask_1gnixbh">
        <omgdc:Bounds height="80.0" width="100.0" x="460.0" y="1500.0"></omgdc:Bounds>
      </bpmndi:BPMNShape>
      <bpmndi:BPMNShape bpmnElement="EndEvent_0gwtdtq" id="BPMNShape_EndEvent_0gwtdtq">
        <omgdc:Bounds height="36.0" width="36.0" x="622.0" y="1522.0"></omgdc:Bounds>
      </bpmndi:BPMNShape>
      <bpmndi:BPMNShape bpmnElement="ServiceTask_1x8hje8" id="BPMNShape_ServiceTask_1x8hje8">
        <omgdc:Bounds height="80.0" width="100.0" x="460.0" y="1580.0"></omgdc:Bounds>
      </bpmndi:BPMNShape>
      <bpmndi:BPMNShape bpmnElement="EndEvent_1hkm5l3" id="BPMNShape_EndEvent_1hkm5l3">
        <omgdc:Bounds height="36.0" width="36.0" x="622.0" y="1602.0"></omgdc:Bounds>
      </bpmndi:BPMNShape>
      <bpmndi:BPMNShape bpmnElement="ServiceTask_0l8dr5v" id="BPMNShape_ServiceTask_0l8dr5v">
        <omgdc:Bounds height="80.0" width="100.0" x="460.0" y="1660.0"></omgdc:Bounds>
      </bpmndi:BPMNShape>
      <bpmndi:BPMNShape bpmnElement="EndEvent_10dredx" id="BPMNShape_EndEvent_10dredx">
        <omgdc:Bounds height="36.0" width="36.0" x="622.0" y="1682.0"></omgdc:Bounds>
      </bpmndi:BPMNShape>
      <bpmndi:BPMNShape bpmnElement="SubProcess_0ev5sl3" id="BPMNShape_SubProcess_0ev5sl3" isExpanded="true">
        <omgdc:Bounds height="200.0" width="350.0" x="760.0" y="1360.0"></omgdc:Bounds>
      </bpmndi:BPMNShape>
      <bpmndi:BPMNShape bpmnElement="StartEvent_1rgvzrl" id="BPMNShape_StartEvent_1rgvzrl">
        <omgdc:Bounds height="36.0" width="36.0" x="852.0" y="1442.0"></omgdc:Bounds>
      </bpmndi:BPMNShape>
      <bpmndi:BPMNShape bpmnElement="EndEvent_1tsakmn" id="BPMNShape_EndEvent_1tsakmn">
        <omgdc:Bounds height="36.0" width="36.0" x="962.0" y="1442.0"></omgdc:Bounds>
      </bpmndi:BPMNShape>
      <bpmndi:BPMNShape bpmnElement="ServiceTask_0vsqarh" id="BPMNShape_ServiceTask_0vsqarh">
        <omgdc:Bounds height="80.0" width="100.0" x="460.0" y="1760.0"></omgdc:Bounds>
      </bpmndi:BPMNShape>
      <bpmndi:BPMNShape bpmnElement="EndEvent_0977wsk" id="BPMNShape_EndEvent_0977wsk">
        <omgdc:Bounds height="36.0" width="36.0" x="622.0" y="1782.0"></omgdc:Bounds>
      </bpmndi:BPMNShape>
      <bpmndi:BPMNShape bpmnElement="ServiceTask_12neqq1" id="BPMNShape_ServiceTask_12neqq1">
        <omgdc:Bounds height="80.0" width="100.0" x="460.0" y="1870.0"></omgdc:Bounds>
      </bpmndi:BPMNShape>
      <bpmndi:BPMNShape bpmnElement="EndEvent_0c71fuv" id="BPMNShape_EndEvent_0c71fuv">
        <omgdc:Bounds height="36.0" width="36.0" x="622.0" y="1892.0"></omgdc:Bounds>
      </bpmndi:BPMNShape>
      <bpmndi:BPMNShape bpmnElement="ServiceTask_0avv32j" id="BPMNShape_ServiceTask_0avv32j">
        <omgdc:Bounds height="80.0" width="100.0" x="460.0" y="1990.0"></omgdc:Bounds>
      </bpmndi:BPMNShape>
      <bpmndi:BPMNShape bpmnElement="EndEvent_1oe8ume" id="BPMNShape_EndEvent_1oe8ume">
        <omgdc:Bounds height="36.0" width="36.0" x="622.0" y="2012.0"></omgdc:Bounds>
      </bpmndi:BPMNShape>
      <bpmndi:BPMNEdge bpmnElement="SequenceFlow_0qxd886" id="BPMNEdge_SequenceFlow_0qxd886">
        <omgdi:waypoint x="268.0" y="1060.0"></omgdi:waypoint>
        <omgdi:waypoint x="295.0" y="1060.0"></omgdi:waypoint>
      </bpmndi:BPMNEdge>
      <bpmndi:BPMNEdge bpmnElement="SequenceFlow_0o2hsw4" id="BPMNEdge_SequenceFlow_0o2hsw4">
        <omgdi:waypoint x="320.0" y="1035.0"></omgdi:waypoint>
        <omgdi:waypoint x="320.0" y="100.0"></omgdi:waypoint>
        <omgdi:waypoint x="460.0" y="100.0"></omgdi:waypoint>
        <bpmndi:BPMNLabel>
          <omgdc:Bounds height="14.0" width="49.0" x="360.0" y="73.0"></omgdc:Bounds>
        </bpmndi:BPMNLabel>
      </bpmndi:BPMNEdge>
      <bpmndi:BPMNEdge bpmnElement="SequenceFlow_1yij36s" id="BPMNEdge_SequenceFlow_1yij36s">
        <omgdi:waypoint x="560.0" y="100.0"></omgdi:waypoint>
        <omgdi:waypoint x="622.0" y="100.0"></omgdi:waypoint>
      </bpmndi:BPMNEdge>
      <bpmndi:BPMNEdge bpmnElement="SequenceFlow_07kt39x" id="BPMNEdge_SequenceFlow_07kt39x">
        <omgdi:waypoint x="560.0" y="180.0"></omgdi:waypoint>
        <omgdi:waypoint x="622.0" y="180.0"></omgdi:waypoint>
      </bpmndi:BPMNEdge>
      <bpmndi:BPMNEdge bpmnElement="SequenceFlow_0iy70p3" id="BPMNEdge_SequenceFlow_0iy70p3">
        <omgdi:waypoint x="320.0" y="1035.0"></omgdi:waypoint>
        <omgdi:waypoint x="320.0" y="180.0"></omgdi:waypoint>
        <omgdi:waypoint x="460.0" y="180.0"></omgdi:waypoint>
        <bpmndi:BPMNLabel>
          <omgdc:Bounds height="14.0" width="63.0" x="353.0" y="163.0"></omgdc:Bounds>
        </bpmndi:BPMNLabel>
      </bpmndi:BPMNEdge>
      <bpmndi:BPMNEdge bpmnElement="SequenceFlow_1whl5iz" id="BPMNEdge_SequenceFlow_1whl5iz">
        <omgdi:waypoint x="320.0" y="1035.0"></omgdi:waypoint>
        <omgdi:waypoint x="320.0" y="260.0"></omgdi:waypoint>
        <omgdi:waypoint x="460.0" y="260.0"></omgdi:waypoint>
        <bpmndi:BPMNLabel>
          <omgdc:Bounds height="14.0" width="51.0" x="359.0" y="243.0"></omgdc:Bounds>
        </bpmndi:BPMNLabel>
      </bpmndi:BPMNEdge>
      <bpmndi:BPMNEdge bpmnElement="SequenceFlow_1tr0hnm" id="BPMNEdge_SequenceFlow_1tr0hnm">
        <omgdi:waypoint x="560.0" y="260.0"></omgdi:waypoint>
        <omgdi:waypoint x="622.0" y="260.0"></omgdi:waypoint>
      </bpmndi:BPMNEdge>
      <bpmndi:BPMNEdge bpmnElement="SequenceFlow_0ollmmi" id="BPMNEdge_SequenceFlow_0ollmmi">
        <omgdi:waypoint x="320.0" y="1035.0"></omgdi:waypoint>
        <omgdi:waypoint x="320.0" y="340.0"></omgdi:waypoint>
        <omgdi:waypoint x="460.0" y="340.0"></omgdi:waypoint>
        <bpmndi:BPMNLabel>
          <omgdc:Bounds height="14.0" width="65.0" x="352.0" y="323.0"></omgdc:Bounds>
        </bpmndi:BPMNLabel>
      </bpmndi:BPMNEdge>
      <bpmndi:BPMNEdge bpmnElement="SequenceFlow_1rb2uwf" id="BPMNEdge_SequenceFlow_1rb2uwf">
        <omgdi:waypoint x="560.0" y="340.0"></omgdi:waypoint>
        <omgdi:waypoint x="622.0" y="340.0"></omgdi:waypoint>
      </bpmndi:BPMNEdge>
      <bpmndi:BPMNEdge bpmnElement="SequenceFlow_1b7x7ht" id="BPMNEdge_SequenceFlow_1b7x7ht">
        <omgdi:waypoint x="320.0" y="1035.0"></omgdi:waypoint>
        <omgdi:waypoint x="320.0" y="420.0"></omgdi:waypoint>
        <omgdi:waypoint x="460.0" y="420.0"></omgdi:waypoint>
        <bpmndi:BPMNLabel>
          <omgdc:Bounds height="14.0" width="81.0" x="344.0" y="403.0"></omgdc:Bounds>
        </bpmndi:BPMNLabel>
      </bpmndi:BPMNEdge>
      <bpmndi:BPMNEdge bpmnElement="SequenceFlow_1bfc6jm" id="BPMNEdge_SequenceFlow_1bfc6jm">
        <omgdi:waypoint x="560.0" y="420.0"></omgdi:waypoint>
        <omgdi:waypoint x="622.0" y="420.0"></omgdi:waypoint>
      </bpmndi:BPMNEdge>
      <bpmndi:BPMNEdge bpmnElement="SequenceFlow_1p9q5lw" id="BPMNEdge_SequenceFlow_1p9q5lw">
        <omgdi:waypoint x="560.0" y="500.0"></omgdi:waypoint>
        <omgdi:waypoint x="622.0" y="500.0"></omgdi:waypoint>
      </bpmndi:BPMNEdge>
      <bpmndi:BPMNEdge bpmnElement="SequenceFlow_0d5elhs" id="BPMNEdge_SequenceFlow_0d5elhs">
        <omgdi:waypoint x="320.0" y="1035.0"></omgdi:waypoint>
        <omgdi:waypoint x="320.0" y="500.0"></omgdi:waypoint>
        <omgdi:waypoint x="460.0" y="500.0"></omgdi:waypoint>
        <bpmndi:BPMNLabel>
          <omgdc:Bounds height="14.0" width="86.0" x="342.0" y="483.0"></omgdc:Bounds>
        </bpmndi:BPMNLabel>
      </bpmndi:BPMNEdge>
      <bpmndi:BPMNEdge bpmnElement="SequenceFlow_0g9tzoa" id="BPMNEdge_SequenceFlow_0g9tzoa">
        <omgdi:waypoint x="560.0" y="580.0"></omgdi:waypoint>
        <omgdi:waypoint x="622.0" y="580.0"></omgdi:waypoint>
      </bpmndi:BPMNEdge>
      <bpmndi:BPMNEdge bpmnElement="SequenceFlow_0ir8tqh" id="BPMNEdge_SequenceFlow_0ir8tqh">
        <omgdi:waypoint x="320.0" y="1035.0"></omgdi:waypoint>
        <omgdi:waypoint x="320.0" y="580.0"></omgdi:waypoint>
        <omgdi:waypoint x="460.0" y="580.0"></omgdi:waypoint>
        <bpmndi:BPMNLabel>
          <omgdc:Bounds height="14.0" width="42.0" x="364.0" y="563.0"></omgdc:Bounds>
        </bpmndi:BPMNLabel>
      </bpmndi:BPMNEdge>
      <bpmndi:BPMNEdge bpmnElement="SequenceFlow_1wj5n2t" id="BPMNEdge_SequenceFlow_1wj5n2t">
        <omgdi:waypoint x="320.0" y="1060.0"></omgdi:waypoint>
        <omgdi:waypoint x="320.0" y="660.0"></omgdi:waypoint>
        <omgdi:waypoint x="460.0" y="660.0"></omgdi:waypoint>
        <bpmndi:BPMNLabel>
          <omgdc:Bounds height="14.0" width="85.0" x="342.0" y="643.0"></omgdc:Bounds>
        </bpmndi:BPMNLabel>
      </bpmndi:BPMNEdge>
      <bpmndi:BPMNEdge bpmnElement="SequenceFlow_0jqpwwm" id="BPMNEdge_SequenceFlow_0jqpwwm">
        <omgdi:waypoint x="560.0" y="660.0"></omgdi:waypoint>
        <omgdi:waypoint x="622.0" y="660.0"></omgdi:waypoint>
      </bpmndi:BPMNEdge>
      <bpmndi:BPMNEdge bpmnElement="SequenceFlow_1hw9nwd" id="BPMNEdge_SequenceFlow_1hw9nwd">
        <omgdi:waypoint x="560.0" y="740.0"></omgdi:waypoint>
        <omgdi:waypoint x="622.0" y="740.0"></omgdi:waypoint>
      </bpmndi:BPMNEdge>
      <bpmndi:BPMNEdge bpmnElement="SequenceFlow_141ue2z" id="BPMNEdge_SequenceFlow_141ue2z">
        <omgdi:waypoint x="320.0" y="1035.0"></omgdi:waypoint>
        <omgdi:waypoint x="320.0" y="740.0"></omgdi:waypoint>
        <omgdi:waypoint x="460.0" y="740.0"></omgdi:waypoint>
        <bpmndi:BPMNLabel>
          <omgdc:Bounds height="27.0" width="87.0" x="341.0" y="706.0"></omgdc:Bounds>
        </bpmndi:BPMNLabel>
      </bpmndi:BPMNEdge>
      <bpmndi:BPMNEdge bpmnElement="SequenceFlow_0jdgb46" id="BPMNEdge_SequenceFlow_0jdgb46">
        <omgdi:waypoint x="560.0" y="820.0"></omgdi:waypoint>
        <omgdi:waypoint x="622.0" y="820.0"></omgdi:waypoint>
      </bpmndi:BPMNEdge>
      <bpmndi:BPMNEdge bpmnElement="SequenceFlow_1uzxmab" id="BPMNEdge_SequenceFlow_1uzxmab">
        <omgdi:waypoint x="320.0" y="1035.0"></omgdi:waypoint>
        <omgdi:waypoint x="320.0" y="820.0"></omgdi:waypoint>
        <omgdi:waypoint x="460.0" y="820.0"></omgdi:waypoint>
        <bpmndi:BPMNLabel>
          <omgdc:Bounds height="14.0" width="44.0" x="363.0" y="803.0"></omgdc:Bounds>
        </bpmndi:BPMNLabel>
      </bpmndi:BPMNEdge>
      <bpmndi:BPMNEdge bpmnElement="SequenceFlow_13vflt3" id="BPMNEdge_SequenceFlow_13vflt3">
        <omgdi:waypoint x="560.0" y="900.0"></omgdi:waypoint>
        <omgdi:waypoint x="622.0" y="900.0"></omgdi:waypoint>
      </bpmndi:BPMNEdge>
      <bpmndi:BPMNEdge bpmnElement="SequenceFlow_0b5t1e0" id="BPMNEdge_SequenceFlow_0b5t1e0">
        <omgdi:waypoint x="320.0" y="1035.0"></omgdi:waypoint>
        <omgdi:waypoint x="320.0" y="900.0"></omgdi:waypoint>
        <omgdi:waypoint x="460.0" y="900.0"></omgdi:waypoint>
        <bpmndi:BPMNLabel>
          <omgdc:Bounds height="14.0" width="58.0" x="356.0" y="883.0"></omgdc:Bounds>
        </bpmndi:BPMNLabel>
      </bpmndi:BPMNEdge>
      <bpmndi:BPMNEdge bpmnElement="SequenceFlow_0x2iw3q" id="BPMNEdge_SequenceFlow_0x2iw3q">
        <omgdi:waypoint x="560.0" y="980.0"></omgdi:waypoint>
        <omgdi:waypoint x="622.0" y="980.0"></omgdi:waypoint>
      </bpmndi:BPMNEdge>
      <bpmndi:BPMNEdge bpmnElement="SequenceFlow_0imkv7g" id="BPMNEdge_SequenceFlow_0imkv7g">
        <omgdi:waypoint x="320.0" y="1035.0"></omgdi:waypoint>
        <omgdi:waypoint x="320.0" y="980.0"></omgdi:waypoint>
        <omgdi:waypoint x="460.0" y="980.0"></omgdi:waypoint>
        <bpmndi:BPMNLabel>
          <omgdc:Bounds height="14.0" width="48.0" x="361.0" y="963.0"></omgdc:Bounds>
        </bpmndi:BPMNLabel>
      </bpmndi:BPMNEdge>
      <bpmndi:BPMNEdge bpmnElement="SequenceFlow_1bc0ovv" id="BPMNEdge_SequenceFlow_1bc0ovv">
        <omgdi:waypoint x="560.0" y="1060.0"></omgdi:waypoint>
        <omgdi:waypoint x="622.0" y="1060.0"></omgdi:waypoint>
      </bpmndi:BPMNEdge>
      <bpmndi:BPMNEdge bpmnElement="SequenceFlow_0l5fx6v" id="BPMNEdge_SequenceFlow_0l5fx6v">
        <omgdi:waypoint x="345.0" y="1060.0"></omgdi:waypoint>
        <omgdi:waypoint x="460.0" y="1060.0"></omgdi:waypoint>
        <bpmndi:BPMNLabel>
          <omgdc:Bounds height="14.0" width="61.0" x="354.0" y="1043.0"></omgdc:Bounds>
        </bpmndi:BPMNLabel>
      </bpmndi:BPMNEdge>
      <bpmndi:BPMNEdge bpmnElement="SequenceFlow_1iqv7j9" id="BPMNEdge_SequenceFlow_1iqv7j9">
        <omgdi:waypoint x="560.0" y="1140.0"></omgdi:waypoint>
        <omgdi:waypoint x="622.0" y="1140.0"></omgdi:waypoint>
      </bpmndi:BPMNEdge>
      <bpmndi:BPMNEdge bpmnElement="SequenceFlow_1rumxg0" id="BPMNEdge_SequenceFlow_1rumxg0">
        <omgdi:waypoint x="320.0" y="1085.0"></omgdi:waypoint>
        <omgdi:waypoint x="320.0" y="1140.0"></omgdi:waypoint>
        <omgdi:waypoint x="460.0" y="1140.0"></omgdi:waypoint>
        <bpmndi:BPMNLabel>
          <omgdc:Bounds height="14.0" width="51.0" x="359.0" y="1123.0"></omgdc:Bounds>
        </bpmndi:BPMNLabel>
      </bpmndi:BPMNEdge>
      <bpmndi:BPMNEdge bpmnElement="SequenceFlow_1b08y8z" id="BPMNEdge_SequenceFlow_1b08y8z">
        <omgdi:waypoint x="560.0" y="1220.0"></omgdi:waypoint>
        <omgdi:waypoint x="622.0" y="1220.0"></omgdi:waypoint>
      </bpmndi:BPMNEdge>
      <bpmndi:BPMNEdge bpmnElement="SequenceFlow_18v4dng" id="BPMNEdge_SequenceFlow_18v4dng">
        <omgdi:waypoint x="320.0" y="1085.0"></omgdi:waypoint>
        <omgdi:waypoint x="320.0" y="1220.0"></omgdi:waypoint>
        <omgdi:waypoint x="460.0" y="1220.0"></omgdi:waypoint>
        <bpmndi:BPMNLabel>
          <omgdc:Bounds height="14.0" width="64.0" x="353.0" y="1203.0"></omgdc:Bounds>
        </bpmndi:BPMNLabel>
      </bpmndi:BPMNEdge>
      <bpmndi:BPMNEdge bpmnElement="SequenceFlow_0g3qxd0" id="BPMNEdge_SequenceFlow_0g3qxd0">
        <omgdi:waypoint x="320.0" y="1085.0"></omgdi:waypoint>
        <omgdi:waypoint x="320.0" y="1300.0"></omgdi:waypoint>
        <omgdi:waypoint x="460.0" y="1300.0"></omgdi:waypoint>
        <bpmndi:BPMNLabel>
          <omgdc:Bounds height="14.0" width="56.0" x="357.0" y="1283.0"></omgdc:Bounds>
        </bpmndi:BPMNLabel>
      </bpmndi:BPMNEdge>
      <bpmndi:BPMNEdge bpmnElement="SequenceFlow_1ye16wd" id="BPMNEdge_SequenceFlow_1ye16wd">
        <omgdi:waypoint x="560.0" y="1300.0"></omgdi:waypoint>
        <omgdi:waypoint x="622.0" y="1300.0"></omgdi:waypoint>
      </bpmndi:BPMNEdge>
      <bpmndi:BPMNEdge bpmnElement="SequenceFlow_1vexlqr" id="BPMNEdge_SequenceFlow_1vexlqr">
        <omgdi:waypoint x="560.0" y="1380.0"></omgdi:waypoint>
        <omgdi:waypoint x="622.0" y="1380.0"></omgdi:waypoint>
      </bpmndi:BPMNEdge>
      <bpmndi:BPMNEdge bpmnElement="SequenceFlow_1a319n1" id="BPMNEdge_SequenceFlow_1a319n1">
        <omgdi:waypoint x="320.0" y="1085.0"></omgdi:waypoint>
        <omgdi:waypoint x="320.0" y="1380.0"></omgdi:waypoint>
        <omgdi:waypoint x="460.0" y="1380.0"></omgdi:waypoint>
        <bpmndi:BPMNLabel>
          <omgdc:Bounds height="14.0" width="51.0" x="359.0" y="1363.0"></omgdc:Bounds>
        </bpmndi:BPMNLabel>
      </bpmndi:BPMNEdge>
      <bpmndi:BPMNEdge bpmnElement="SequenceFlow_18picu6" id="BPMNEdge_SequenceFlow_18picu6">
        <omgdi:waypoint x="320.0" y="1085.0"></omgdi:waypoint>
        <omgdi:waypoint x="320.0" y="1460.0"></omgdi:waypoint>
        <omgdi:waypoint x="460.0" y="1460.0"></omgdi:waypoint>
        <bpmndi:BPMNLabel>
          <omgdc:Bounds height="14.0" width="63.0" x="353.0" y="1443.0"></omgdc:Bounds>
        </bpmndi:BPMNLabel>
      </bpmndi:BPMNEdge>
      <bpmndi:BPMNEdge bpmnElement="SequenceFlow_1exek2n" id="BPMNEdge_SequenceFlow_1exek2n">
        <omgdi:waypoint x="560.0" y="1460.0"></omgdi:waypoint>
        <omgdi:waypoint x="622.0" y="1460.0"></omgdi:waypoint>
      </bpmndi:BPMNEdge>
      <bpmndi:BPMNEdge bpmnElement="SequenceFlow_0s9g3om" id="BPMNEdge_SequenceFlow_0s9g3om">
        <omgdi:waypoint x="560.0" y="1540.0"></omgdi:waypoint>
        <omgdi:waypoint x="622.0" y="1540.0"></omgdi:waypoint>
      </bpmndi:BPMNEdge>
      <bpmndi:BPMNEdge bpmnElement="SequenceFlow_0xyq3zm" id="BPMNEdge_SequenceFlow_0xyq3zm">
        <omgdi:waypoint x="320.0" y="1085.0"></omgdi:waypoint>
        <omgdi:waypoint x="320.0" y="1540.0"></omgdi:waypoint>
        <omgdi:waypoint x="460.0" y="1540.0"></omgdi:waypoint>
        <bpmndi:BPMNLabel>
          <omgdc:Bounds height="14.0" width="57.0" x="356.0" y="1523.0"></omgdc:Bounds>
        </bpmndi:BPMNLabel>
      </bpmndi:BPMNEdge>
      <bpmndi:BPMNEdge bpmnElement="SequenceFlow_1j0exsw" id="BPMNEdge_SequenceFlow_1j0exsw">
        <omgdi:waypoint x="560.0" y="1620.0"></omgdi:waypoint>
        <omgdi:waypoint x="622.0" y="1620.0"></omgdi:waypoint>
      </bpmndi:BPMNEdge>
      <bpmndi:BPMNEdge bpmnElement="SequenceFlow_1148irq" id="BPMNEdge_SequenceFlow_1148irq">
        <omgdi:waypoint x="320.0" y="1085.0"></omgdi:waypoint>
        <omgdi:waypoint x="320.0" y="1620.0"></omgdi:waypoint>
        <omgdi:waypoint x="460.0" y="1620.0"></omgdi:waypoint>
        <bpmndi:BPMNLabel>
          <omgdc:Bounds height="14.0" width="76.0" x="347.0" y="1603.0"></omgdc:Bounds>
        </bpmndi:BPMNLabel>
      </bpmndi:BPMNEdge>
      <bpmndi:BPMNEdge bpmnElement="SequenceFlow_1tyrms0" id="BPMNEdge_SequenceFlow_1tyrms0">
        <omgdi:waypoint x="560.0" y="1700.0"></omgdi:waypoint>
        <omgdi:waypoint x="622.0" y="1700.0"></omgdi:waypoint>
      </bpmndi:BPMNEdge>
      <bpmndi:BPMNEdge bpmnElement="SequenceFlow_00m75oj" id="BPMNEdge_SequenceFlow_00m75oj">
        <omgdi:waypoint x="320.0" y="1085.0"></omgdi:waypoint>
        <omgdi:waypoint x="320.0" y="1700.0"></omgdi:waypoint>
        <omgdi:waypoint x="460.0" y="1700.0"></omgdi:waypoint>
        <bpmndi:BPMNLabel>
          <omgdc:Bounds height="14.0" width="74.0" x="348.0" y="1683.0"></omgdc:Bounds>
        </bpmndi:BPMNLabel>
      </bpmndi:BPMNEdge>
      <bpmndi:BPMNEdge bpmnElement="SequenceFlow_15a6ah8" id="BPMNEdge_SequenceFlow_15a6ah8">
        <omgdi:waypoint x="888.0" y="1460.0"></omgdi:waypoint>
        <omgdi:waypoint x="962.0" y="1460.0"></omgdi:waypoint>
      </bpmndi:BPMNEdge>
      <bpmndi:BPMNEdge bpmnElement="SequenceFlow_0tk65h0" id="BPMNEdge_SequenceFlow_0tk65h0">
        <omgdi:waypoint x="560.0" y="1800.0"></omgdi:waypoint>
        <omgdi:waypoint x="622.0" y="1800.0"></omgdi:waypoint>
      </bpmndi:BPMNEdge>
      <bpmndi:BPMNEdge bpmnElement="SequenceFlow_1xp85we" id="BPMNEdge_SequenceFlow_1xp85we">
        <omgdi:waypoint x="320.0" y="1085.0"></omgdi:waypoint>
        <omgdi:waypoint x="320.0" y="1800.0"></omgdi:waypoint>
        <omgdi:waypoint x="460.0" y="1800.0"></omgdi:waypoint>
        <bpmndi:BPMNLabel>
          <omgdc:Bounds height="27.0" width="84.0" x="343.0" y="1776.0"></omgdc:Bounds>
        </bpmndi:BPMNLabel>
      </bpmndi:BPMNEdge>
      <bpmndi:BPMNEdge bpmnElement="SequenceFlow_0wwi2fl" id="BPMNEdge_SequenceFlow_0wwi2fl">
        <omgdi:waypoint x="560.0" y="1910.0"></omgdi:waypoint>
        <omgdi:waypoint x="622.0" y="1910.0"></omgdi:waypoint>
      </bpmndi:BPMNEdge>
      <bpmndi:BPMNEdge bpmnElement="SequenceFlow_0abnxzp" id="BPMNEdge_SequenceFlow_0abnxzp">
        <omgdi:waypoint x="320.0" y="1085.0"></omgdi:waypoint>
        <omgdi:waypoint x="320.0" y="1910.0"></omgdi:waypoint>
        <omgdi:waypoint x="460.0" y="1910.0"></omgdi:waypoint>
        <bpmndi:BPMNLabel>
          <omgdc:Bounds height="27.0" width="85.0" x="342.0" y="1876.0"></omgdc:Bounds>
        </bpmndi:BPMNLabel>
      </bpmndi:BPMNEdge>
      <bpmndi:BPMNEdge bpmnElement="SequenceFlow_1i2c0rf" id="BPMNEdge_SequenceFlow_1i2c0rf">
        <omgdi:waypoint x="560.0" y="2030.0"></omgdi:waypoint>
        <omgdi:waypoint x="622.0" y="2030.0"></omgdi:waypoint>
      </bpmndi:BPMNEdge>
      <bpmndi:BPMNEdge bpmnElement="SequenceFlow_1y7r0tq" id="BPMNEdge_SequenceFlow_1y7r0tq">
        <omgdi:waypoint x="320.0" y="1085.0"></omgdi:waypoint>
        <omgdi:waypoint x="320.0" y="2030.0"></omgdi:waypoint>
        <omgdi:waypoint x="460.0" y="2030.0"></omgdi:waypoint>
        <bpmndi:BPMNLabel>
          <omgdc:Bounds height="14.0" width="74.0" x="348.0" y="2013.0"></omgdc:Bounds>
        </bpmndi:BPMNLabel>
      </bpmndi:BPMNEdge>
    </bpmndi:BPMNPlane>
  </bpmndi:BPMNDiagram>
</bpmn2:definitions>