{"id":"process-562f1a6f-3776-4217-bf12-2cf96930e0c0","type":"PROCESS","name":"content","extensions":{"Process_5i6rqYF9Q":{"constants":{},"mappings":{"ServiceTask_1wub52a":{"mappingType":"MAP_ALL"},"ServiceTask_0rh3wxq":{"mappingType":"MAP_ALL"},"ServiceTask_0dwfzin":{"mappingType":"MAP_ALL"},"ServiceTask_0sxruza":{"mappingType":"MAP_ALL"},"ServiceTask_184risz":{"mappingType":"MAP_ALL"},"ServiceTask_0c2h2xc":{"mappingType":"MAP_ALL"},"ServiceTask_1733zcu":{"mappingType":"MAP_ALL"},"ServiceTask_020zhzl":{"mappingType":"MAP_ALL"},"ServiceTask_0den5d3":{"mappingType":"MAP_ALL"},"ServiceTask_1d3nz24":{"mappingType":"MAP_ALL"},"ServiceTask_0dqa3l3":{"mappingType":"MAP_ALL"},"ServiceTask_0ds3o9g":{"mappingType":"MAP_ALL"},"ServiceTask_033ppcv":{"mappingType":"MAP_ALL"},"ServiceTask_0iormwa":{"mappingType":"MAP_ALL"},"ServiceTask_1tmjbz7":{"mappingType":"MAP_ALL"},"ServiceTask_0bu312z":{"mappingType":"MAP_ALL"},"ServiceTask_16gsltp":{"mappingType":"MAP_ALL"},"ServiceTask_0pssrxq":{"mappingType":"MAP_ALL"},"ServiceTask_1gnixbh":{"mappingType":"MAP_ALL"},"ServiceTask_1x8hje8":{"mappingType":"MAP_ALL"},"ServiceTask_0l8dr5v":{"mappingType":"MAP_ALL"},"ServiceTask_0vsqarh":{"mappingType":"MAP_ALL"},"ServiceTask_12neqq1":{"mappingType":"MAP_ALL"},"ServiceTask_0avv32j":{"mappingType":"MAP_ALL"}},"properties":{"eda9ebfe-5ed0-4bfb-a506-814f2138aa17":{"id":"eda9ebfe-5ed0-4bfb-a506-814f2138aa17","name":"action","type":"string","value":"","required":false}},"assignments":{}}}}