<?xml version="1.0" encoding="UTF-8"?>
<bpmn2:definitions xmlns="http://www.omg.org/spec/BPMN/20100524/MODEL" xmlns:bpmn2="http://www.omg.org/spec/BPMN/20100524/MODEL" xmlns:xsi="http://www.w3.org/2001/XMLSchema-instance" xmlns:xsd="http://www.w3.org/2001/XMLSchema" xmlns:activiti="http://activiti.org/bpmn" xmlns:bpmndi="http://www.omg.org/spec/BPMN/20100524/DI" xmlns:omgdc="http://www.omg.org/spec/DD/20100524/DC" xmlns:omgdi="http://www.omg.org/spec/DD/20100524/DI" typeLanguage="http://www.w3.org/2001/XMLSchema" expressionLanguage="http://www.w3.org/1999/XPath" targetNamespace="http://bpmn.io/schema/bpmn" id="model-baef6cf7-e54a-4e0c-a2db-90902ab26d9b" name="docusign" xsi:schemaLocation="http://www.omg.org/spec/BPMN/20100524/MODEL BPMN20.xsd">
  <bpmn2:process id="Process_tzgN-a1IK" name="docusign" isExecutable="true">
    <bpmn2:startEvent id="Event_1">
      <bpmn2:outgoing>SequenceFlow_1wacugd</bpmn2:outgoing>
    </bpmn2:startEvent>
    <bpmn2:endEvent id="EndEvent_0tses10">
      <bpmn2:incoming>SequenceFlow_09u1mew</bpmn2:incoming>
      <bpmn2:incoming>SequenceFlow_17r6tjx</bpmn2:incoming>
    </bpmn2:endEvent>
    <bpmn2:sequenceFlow id="SequenceFlow_09u1mew" sourceRef="ServiceTask_1qq8zkz" targetRef="EndEvent_0tses10"></bpmn2:sequenceFlow>
    <bpmn2:boundaryEvent id="IntermediateThrowEvent_0gvkmx3" attachedToRef="ServiceTask_1qq8zkz">
      <bpmn2:outgoing>SequenceFlow_17r6tjx</bpmn2:outgoing>
      <errorEventDefinition></errorEventDefinition>
    </bpmn2:boundaryEvent>
    <bpmn2:sequenceFlow id="SequenceFlow_17r6tjx" sourceRef="IntermediateThrowEvent_0gvkmx3" targetRef="EndEvent_0tses10"></bpmn2:sequenceFlow>
    <bpmn2:serviceTask id="ServiceTask_1qq8zkz" name="send_for_signature" implementation="docusign-connector.SEND_FOR_SIGNATURE">
      <bpmn2:incoming>SequenceFlow_06rywgu</bpmn2:incoming>
      <bpmn2:outgoing>SequenceFlow_09u1mew</bpmn2:outgoing>
    </bpmn2:serviceTask>
    <bpmn2:serviceTask id="ServiceTask_0wyrfoj" name="download_document" implementation="docusign-connector.DOWNLOAD_DOCUMENT">
      <bpmn2:incoming>SequenceFlow_1b245dm</bpmn2:incoming>
      <bpmn2:outgoing>SequenceFlow_1srd43i</bpmn2:outgoing>
    </bpmn2:serviceTask>
    <bpmn2:boundaryEvent id="BoundaryEvent_05c8l2d" attachedToRef="ServiceTask_0wyrfoj">
      <bpmn2:outgoing>SequenceFlow_01nowew</bpmn2:outgoing>
      <errorEventDefinition></errorEventDefinition>
    </bpmn2:boundaryEvent>
    <bpmn2:exclusiveGateway id="ExclusiveGateway_01lc11l">
      <bpmn2:incoming>SequenceFlow_1wacugd</bpmn2:incoming>
      <bpmn2:outgoing>SequenceFlow_1b245dm</bpmn2:outgoing>
      <bpmn2:outgoing>SequenceFlow_06rywgu</bpmn2:outgoing>
    </bpmn2:exclusiveGateway>
    <bpmn2:sequenceFlow id="SequenceFlow_1wacugd" sourceRef="Event_1" targetRef="ExclusiveGateway_01lc11l"></bpmn2:sequenceFlow>
    <bpmn2:sequenceFlow id="SequenceFlow_1b245dm" name="download_document" sourceRef="ExclusiveGateway_01lc11l" targetRef="ServiceTask_0wyrfoj">
      <conditionExpression xsi:type="tFormalExpression"><![CDATA[${(action eq "DOWNLOAD_DOCUMENT")}]]></conditionExpression>
    </bpmn2:sequenceFlow>
    <bpmn2:sequenceFlow id="SequenceFlow_06rywgu" name="send_for_signature" sourceRef="ExclusiveGateway_01lc11l" targetRef="ServiceTask_1qq8zkz">
      <conditionExpression xsi:type="tFormalExpression"><![CDATA[${(action eq "SEND_FOR_SIGNATURE")}]]></conditionExpression>
    </bpmn2:sequenceFlow>
    <bpmn2:endEvent id="EndEvent_1d1al39">
      <bpmn2:incoming>SequenceFlow_1srd43i</bpmn2:incoming>
      <bpmn2:incoming>SequenceFlow_01nowew</bpmn2:incoming>
    </bpmn2:endEvent>
    <bpmn2:sequenceFlow id="SequenceFlow_1srd43i" sourceRef="ServiceTask_0wyrfoj" targetRef="EndEvent_1d1al39"></bpmn2:sequenceFlow>
    <bpmn2:sequenceFlow id="SequenceFlow_01nowew" sourceRef="BoundaryEvent_05c8l2d" targetRef="EndEvent_1d1al39"></bpmn2:sequenceFlow>
  </bpmn2:process>
  <bpmndi:BPMNDiagram id="BPMNDiagram_Process_tzgN-a1IK">
    <bpmndi:BPMNPlane bpmnElement="Process_tzgN-a1IK" id="BPMNPlane_Process_tzgN-a1IK">
      <bpmndi:BPMNShape bpmnElement="Event_1" id="BPMNShape_Event_1">
        <omgdc:Bounds height="36.0" width="36.0" x="252.0" y="182.0"></omgdc:Bounds>
      </bpmndi:BPMNShape>
      <bpmndi:BPMNShape bpmnElement="EndEvent_0tses10" id="BPMNShape_EndEvent_0tses10">
        <omgdc:Bounds height="36.0" width="36.0" x="672.0" y="240.0"></omgdc:Bounds>
      </bpmndi:BPMNShape>
      <bpmndi:BPMNShape bpmnElement="IntermediateThrowEvent_0gvkmx3" id="BPMNShape_IntermediateThrowEvent_0gvkmx3">
        <omgdc:Bounds height="36.0" width="36.0" x="532.0" y="280.0"></omgdc:Bounds>
      </bpmndi:BPMNShape>
      <bpmndi:BPMNShape bpmnElement="ServiceTask_1qq8zkz" id="BPMNShape_ServiceTask_1qq8zkz">
        <omgdc:Bounds height="80.0" width="100.0" x="500.0" y="218.0"></omgdc:Bounds>
      </bpmndi:BPMNShape>
      <bpmndi:BPMNShape bpmnElement="ServiceTask_0wyrfoj" id="BPMNShape_ServiceTask_0wyrfoj">
        <omgdc:Bounds height="80.0" width="100.0" x="500.0" y="90.0"></omgdc:Bounds>
      </bpmndi:BPMNShape>
      <bpmndi:BPMNShape bpmnElement="BoundaryEvent_05c8l2d" id="BPMNShape_BoundaryEvent_05c8l2d">
        <omgdc:Bounds height="36.0" width="36.0" x="532.0" y="152.0"></omgdc:Bounds>
      </bpmndi:BPMNShape>
      <bpmndi:BPMNShape bpmnElement="ExclusiveGateway_01lc11l" id="BPMNShape_ExclusiveGateway_01lc11l">
        <omgdc:Bounds height="50.0" width="50.0" x="345.0" y="175.0"></omgdc:Bounds>
      </bpmndi:BPMNShape>
      <bpmndi:BPMNShape bpmnElement="EndEvent_1d1al39" id="BPMNShape_EndEvent_1d1al39">
        <omgdc:Bounds height="36.0" width="36.0" x="672.0" y="112.0"></omgdc:Bounds>
      </bpmndi:BPMNShape>
      <bpmndi:BPMNEdge bpmnElement="SequenceFlow_09u1mew" id="BPMNEdge_SequenceFlow_09u1mew">
        <omgdi:waypoint x="600.0" y="258.0"></omgdi:waypoint>
        <omgdi:waypoint x="672.0" y="258.0"></omgdi:waypoint>
      </bpmndi:BPMNEdge>
      <bpmndi:BPMNEdge bpmnElement="SequenceFlow_17r6tjx" id="BPMNEdge_SequenceFlow_17r6tjx">
        <omgdi:waypoint x="550.0" y="316.0"></omgdi:waypoint>
        <omgdi:waypoint x="550.0" y="336.0"></omgdi:waypoint>
        <omgdi:waypoint x="690.0" y="336.0"></omgdi:waypoint>
        <omgdi:waypoint x="690.0" y="276.0"></omgdi:waypoint>
      </bpmndi:BPMNEdge>
      <bpmndi:BPMNEdge bpmnElement="SequenceFlow_1wacugd" id="BPMNEdge_SequenceFlow_1wacugd">
        <omgdi:waypoint x="288.0" y="200.0"></omgdi:waypoint>
        <omgdi:waypoint x="345.0" y="200.0"></omgdi:waypoint>
      </bpmndi:BPMNEdge>
      <bpmndi:BPMNEdge bpmnElement="SequenceFlow_1b245dm" id="BPMNEdge_SequenceFlow_1b245dm">
        <omgdi:waypoint x="370.0" y="175.0"></omgdi:waypoint>
        <omgdi:waypoint x="370.0" y="130.0"></omgdi:waypoint>
        <omgdi:waypoint x="500.0" y="130.0"></omgdi:waypoint>
        <bpmndi:BPMNLabel>
          <omgdc:Bounds height="27.0" width="87.0" x="344.0" y="150.0"></omgdc:Bounds>
        </bpmndi:BPMNLabel>
      </bpmndi:BPMNEdge>
      <bpmndi:BPMNEdge bpmnElement="SequenceFlow_06rywgu" id="BPMNEdge_SequenceFlow_06rywgu">
        <omgdi:waypoint x="370.0" y="225.0"></omgdi:waypoint>
        <omgdi:waypoint x="370.0" y="280.0"></omgdi:waypoint>
        <omgdi:waypoint x="500.0" y="280.0"></omgdi:waypoint>
        <bpmndi:BPMNLabel>
          <omgdc:Bounds height="27.0" width="85.0" x="347.0" y="250.0"></omgdc:Bounds>
        </bpmndi:BPMNLabel>
      </bpmndi:BPMNEdge>
      <bpmndi:BPMNEdge bpmnElement="SequenceFlow_1srd43i" id="BPMNEdge_SequenceFlow_1srd43i">
        <omgdi:waypoint x="600.0" y="130.0"></omgdi:waypoint>
        <omgdi:waypoint x="672.0" y="130.0"></omgdi:waypoint>
      </bpmndi:BPMNEdge>
      <bpmndi:BPMNEdge bpmnElement="SequenceFlow_01nowew" id="BPMNEdge_SequenceFlow_01nowew">
        <omgdi:waypoint x="550.0" y="188.0"></omgdi:waypoint>
        <omgdi:waypoint x="550.0" y="208.0"></omgdi:waypoint>
        <omgdi:waypoint x="690.0" y="208.0"></omgdi:waypoint>
        <omgdi:waypoint x="690.0" y="148.0"></omgdi:waypoint>
      </bpmndi:BPMNEdge>
    </bpmndi:BPMNPlane>
  </bpmndi:BPMNDiagram>
</bpmn2:definitions>