<?xml version="1.0" encoding="UTF-8"?>
<bpmn2:definitions xmlns="http://www.omg.org/spec/BPMN/20100524/MODEL" xmlns:bpmn2="http://www.omg.org/spec/BPMN/20100524/MODEL" xmlns:xsi="http://www.w3.org/2001/XMLSchema-instance" xmlns:xsd="http://www.w3.org/2001/XMLSchema" xmlns:activiti="http://activiti.org/bpmn" xmlns:bpmndi="http://www.omg.org/spec/BPMN/20100524/DI" xmlns:omgdc="http://www.omg.org/spec/DD/20100524/DC" xmlns:omgdi="http://www.omg.org/spec/DD/20100524/DI" xmlns:dc="http://www.omg.org/spec/DD/20100524/DC" xmlns:di="http://www.omg.org/spec/DD/20100524/DI" typeLanguage="http://www.w3.org/2001/XMLSchema" expressionLanguage="http://www.w3.org/1999/XPath" targetNamespace="http://bpmn.io/schema/bpmn" id="model-23311c85-39a5-4f93-9f18-d9d50231f79f" name="email-service" xsi:schemaLocation="http://www.omg.org/spec/BPMN/20100524/MODEL BPMN20.xsd">
  <bpmn2:process id="Process_6OvUOzgOu" name="email-service" isExecutable="true">
    <bpmn2:startEvent id="Event_1">
      <bpmn2:outgoing>SequenceFlow_0u1z2bg</bpmn2:outgoing>
    </bpmn2:startEvent>
    <bpmn2:serviceTask id="ServiceTask_1ocihvv" name="email" implementation="email-service.SEND">
      <bpmn2:incoming>SequenceFlow_0u1z2bg</bpmn2:incoming>
      <bpmn2:outgoing>SequenceFlow_05kg6t4</bpmn2:outgoing>
    </bpmn2:serviceTask>
    <bpmn2:sequenceFlow id="SequenceFlow_0u1z2bg" sourceRef="Event_1" targetRef="ServiceTask_1ocihvv"></bpmn2:sequenceFlow>
    <bpmn2:endEvent id="EndEvent_0nrzsxo">
      <bpmn2:incoming>SequenceFlow_05kg6t4</bpmn2:incoming>
      <bpmn2:incoming>SequenceFlow_0cwip2c</bpmn2:incoming>
    </bpmn2:endEvent>
    <bpmn2:sequenceFlow id="SequenceFlow_05kg6t4" sourceRef="ServiceTask_1ocihvv" targetRef="EndEvent_0nrzsxo"></bpmn2:sequenceFlow>
    <bpmn2:boundaryEvent id="IntermediateThrowEvent_12eor6z" attachedToRef="ServiceTask_1ocihvv">
      <bpmn2:outgoing>SequenceFlow_0cwip2c</bpmn2:outgoing>
      <errorEventDefinition></errorEventDefinition>
    </bpmn2:boundaryEvent>
    <bpmn2:sequenceFlow id="SequenceFlow_0cwip2c" sourceRef="IntermediateThrowEvent_12eor6z" targetRef="EndEvent_0nrzsxo"></bpmn2:sequenceFlow>
  </bpmn2:process>
  <bpmndi:BPMNDiagram id="BPMNDiagram_Process_6OvUOzgOu">
    <bpmndi:BPMNPlane bpmnElement="Process_6OvUOzgOu" id="BPMNPlane_Process_6OvUOzgOu">
      <bpmndi:BPMNShape bpmnElement="Event_1" id="BPMNShape_Event_1">
        <omgdc:Bounds height="36.0" width="36.0" x="412.0" y="240.0"></omgdc:Bounds>
      </bpmndi:BPMNShape>
      <bpmndi:BPMNShape bpmnElement="ServiceTask_1ocihvv" id="BPMNShape_ServiceTask_1ocihvv">
        <omgdc:Bounds height="80.0" width="100.0" x="480.0" y="218.0"></omgdc:Bounds>
      </bpmndi:BPMNShape>
      <bpmndi:BPMNShape bpmnElement="EndEvent_0nrzsxo" id="BPMNShape_EndEvent_0nrzsxo">
        <omgdc:Bounds height="36.0" width="36.0" x="642.0" y="240.0"></omgdc:Bounds>
      </bpmndi:BPMNShape>
      <bpmndi:BPMNShape bpmnElement="IntermediateThrowEvent_12eor6z" id="BPMNShape_IntermediateThrowEvent_12eor6z">
        <omgdc:Bounds height="36.0" width="36.0" x="512.0" y="280.0"></omgdc:Bounds>
      </bpmndi:BPMNShape>
      <bpmndi:BPMNEdge bpmnElement="SequenceFlow_0u1z2bg" id="BPMNEdge_SequenceFlow_0u1z2bg">
        <omgdi:waypoint x="448.0" y="258.0"></omgdi:waypoint>
        <omgdi:waypoint x="480.0" y="258.0"></omgdi:waypoint>
      </bpmndi:BPMNEdge>
      <bpmndi:BPMNEdge bpmnElement="SequenceFlow_05kg6t4" id="BPMNEdge_SequenceFlow_05kg6t4">
        <omgdi:waypoint x="580.0" y="258.0"></omgdi:waypoint>
        <omgdi:waypoint x="642.0" y="258.0"></omgdi:waypoint>
      </bpmndi:BPMNEdge>
      <bpmndi:BPMNEdge bpmnElement="SequenceFlow_0cwip2c" id="BPMNEdge_SequenceFlow_0cwip2c">
        <omgdi:waypoint x="530.0" y="316.0"></omgdi:waypoint>
        <omgdi:waypoint x="530.0" y="336.0"></omgdi:waypoint>
        <omgdi:waypoint x="660.0" y="336.0"></omgdi:waypoint>
        <omgdi:waypoint x="660.0" y="276.0"></omgdi:waypoint>
      </bpmndi:BPMNEdge>
    </bpmndi:BPMNPlane>
  </bpmndi:BPMNDiagram>
</bpmn2:definitions>