<?xml version="1.0" encoding="UTF-8"?>
<bpmn2:definitions xmlns="http://www.omg.org/spec/BPMN/20100524/MODEL" xmlns:bpmn2="http://www.omg.org/spec/BPMN/20100524/MODEL" xmlns:xsi="http://www.w3.org/2001/XMLSchema-instance" xmlns:xsd="http://www.w3.org/2001/XMLSchema" xmlns:activiti="http://activiti.org/bpmn" xmlns:bpmndi="http://www.omg.org/spec/BPMN/20100524/DI" xmlns:omgdc="http://www.omg.org/spec/DD/20100524/DC" xmlns:omgdi="http://www.omg.org/spec/DD/20100524/DI" typeLanguage="http://www.w3.org/2001/XMLSchema" expressionLanguage="http://www.w3.org/1999/XPath" targetNamespace="http://bpmn.io/schema/bpmn" id="model-02404cdc-616c-44b3-b742-bf04de272746" name="lambda" xsi:schemaLocation="http://www.omg.org/spec/BPMN/20100524/MODEL BPMN20.xsd">
  <bpmn2:process id="Process_Vw55mXrDW" name="lambda" isExecutable="true">
    <bpmn2:startEvent id="Event_1">
      <bpmn2:outgoing>SequenceFlow_0cmcq4e</bpmn2:outgoing>
    </bpmn2:startEvent>
    <bpmn2:serviceTask id="ServiceTask_14mzs57" name="lambda" implementation="lambda.INVOKE">
      <bpmn2:incoming>SequenceFlow_0cmcq4e</bpmn2:incoming>
      <bpmn2:outgoing>SequenceFlow_1z1258c</bpmn2:outgoing>
    </bpmn2:serviceTask>
    <bpmn2:sequenceFlow id="SequenceFlow_0cmcq4e" sourceRef="Event_1" targetRef="ServiceTask_14mzs57"></bpmn2:sequenceFlow>
    <bpmn2:endEvent id="EndEvent_0pnsnls">
      <bpmn2:incoming>SequenceFlow_1z1258c</bpmn2:incoming>
      <bpmn2:incoming>SequenceFlow_1nvhg2w</bpmn2:incoming>
    </bpmn2:endEvent>
    <bpmn2:sequenceFlow id="SequenceFlow_1z1258c" sourceRef="ServiceTask_14mzs57" targetRef="EndEvent_0pnsnls"></bpmn2:sequenceFlow>
    <bpmn2:boundaryEvent id="IntermediateThrowEvent_14txx5g" attachedToRef="ServiceTask_14mzs57">
      <bpmn2:outgoing>SequenceFlow_1nvhg2w</bpmn2:outgoing>
      <errorEventDefinition></errorEventDefinition>
    </bpmn2:boundaryEvent>
    <bpmn2:sequenceFlow id="SequenceFlow_1nvhg2w" sourceRef="IntermediateThrowEvent_14txx5g" targetRef="EndEvent_0pnsnls"></bpmn2:sequenceFlow>
  </bpmn2:process>
  <bpmndi:BPMNDiagram id="BPMNDiagram_Process_Vw55mXrDW">
    <bpmndi:BPMNPlane bpmnElement="Process_Vw55mXrDW" id="BPMNPlane_Process_Vw55mXrDW">
      <bpmndi:BPMNShape bpmnElement="Event_1" id="BPMNShape_Event_1">
        <omgdc:Bounds height="36.0" width="36.0" x="412.0" y="240.0"></omgdc:Bounds>
      </bpmndi:BPMNShape>
      <bpmndi:BPMNShape bpmnElement="ServiceTask_14mzs57" id="BPMNShape_ServiceTask_14mzs57">
        <omgdc:Bounds height="80.0" width="100.0" x="520.0" y="218.0"></omgdc:Bounds>
      </bpmndi:BPMNShape>
      <bpmndi:BPMNShape bpmnElement="EndEvent_0pnsnls" id="BPMNShape_EndEvent_0pnsnls">
        <omgdc:Bounds height="36.0" width="36.0" x="692.0" y="240.0"></omgdc:Bounds>
      </bpmndi:BPMNShape>
      <bpmndi:BPMNShape bpmnElement="IntermediateThrowEvent_14txx5g" id="BPMNShape_IntermediateThrowEvent_14txx5g">
        <omgdc:Bounds height="36.0" width="36.0" x="552.0" y="280.0"></omgdc:Bounds>
      </bpmndi:BPMNShape>
      <bpmndi:BPMNEdge bpmnElement="SequenceFlow_0cmcq4e" id="BPMNEdge_SequenceFlow_0cmcq4e">
        <omgdi:waypoint x="448.0" y="258.0"></omgdi:waypoint>
        <omgdi:waypoint x="520.0" y="258.0"></omgdi:waypoint>
      </bpmndi:BPMNEdge>
      <bpmndi:BPMNEdge bpmnElement="SequenceFlow_1z1258c" id="BPMNEdge_SequenceFlow_1z1258c">
        <omgdi:waypoint x="620.0" y="258.0"></omgdi:waypoint>
        <omgdi:waypoint x="692.0" y="258.0"></omgdi:waypoint>
      </bpmndi:BPMNEdge>
      <bpmndi:BPMNEdge bpmnElement="SequenceFlow_1nvhg2w" id="BPMNEdge_SequenceFlow_1nvhg2w">
        <omgdi:waypoint x="570.0" y="316.0"></omgdi:waypoint>
        <omgdi:waypoint x="570.0" y="336.0"></omgdi:waypoint>
        <omgdi:waypoint x="710.0" y="336.0"></omgdi:waypoint>
        <omgdi:waypoint x="710.0" y="276.0"></omgdi:waypoint>
      </bpmndi:BPMNEdge>
    </bpmndi:BPMNPlane>
  </bpmndi:BPMNDiagram>
</bpmn2:definitions>