<?xml version="1.0" encoding="UTF-8"?>
<bpmn2:definitions xmlns="http://www.omg.org/spec/BPMN/20100524/MODEL" xmlns:bpmn2="http://www.omg.org/spec/BPMN/20100524/MODEL" xmlns:xsi="http://www.w3.org/2001/XMLSchema-instance" xmlns:xsd="http://www.w3.org/2001/XMLSchema" xmlns:activiti="http://activiti.org/bpmn" xmlns:bpmndi="http://www.omg.org/spec/BPMN/20100524/DI" xmlns:omgdc="http://www.omg.org/spec/DD/20100524/DC" xmlns:omgdi="http://www.omg.org/spec/DD/20100524/DI" typeLanguage="http://www.w3.org/2001/XMLSchema" expressionLanguage="http://www.w3.org/1999/XPath" targetNamespace="http://bpmn.io/schema/bpmn" id="model-4d0a4c04-4f1f-4343-b1fa-cbd9ebd026dd" name="mariadb-process" xsi:schemaLocation="http://www.omg.org/spec/BPMN/20100524/MODEL BPMN20.xsd">
  <bpmn2:process id="Process_nbVlZFrqx" name="mariadb-process" isExecutable="true">
    <bpmn2:startEvent id="Event_1">
      <bpmn2:outgoing>SequenceFlow_1c5n6nb</bpmn2:outgoing>
    </bpmn2:startEvent>
    <bpmn2:endEvent id="EndEvent_001isj9">
      <bpmn2:incoming>SequenceFlow_16zw0km</bpmn2:incoming>
    </bpmn2:endEvent>
    <bpmn2:exclusiveGateway id="Gateway_0gg8o43">
      <bpmn2:incoming>SequenceFlow_1c5n6nb</bpmn2:incoming>
      <bpmn2:outgoing>SequenceFlow_10vepcq</bpmn2:outgoing>
      <bpmn2:outgoing>SequenceFlow_02xpbgf</bpmn2:outgoing>
      <bpmn2:outgoing>SequenceFlow_01kr41n</bpmn2:outgoing>
      <bpmn2:outgoing>SequenceFlow_1m7r114</bpmn2:outgoing>
    </bpmn2:exclusiveGateway>
    <bpmn2:sequenceFlow id="SequenceFlow_1c5n6nb" sourceRef="Event_1" targetRef="Gateway_0gg8o43"></bpmn2:sequenceFlow>
    <bpmn2:sequenceFlow id="SequenceFlow_10vepcq" name="INSERT" sourceRef="Gateway_0gg8o43" targetRef="ServiceTask_19nkl5r">
      <conditionExpression xsi:type="tFormalExpression"><![CDATA[${action=='INSERT'}]]></conditionExpression>
    </bpmn2:sequenceFlow>
    <bpmn2:sequenceFlow id="SequenceFlow_02xpbgf" name="SELECT" sourceRef="Gateway_0gg8o43" targetRef="ServiceTask_0x1d1mu">
      <conditionExpression xsi:type="tFormalExpression"><![CDATA[${action=='SELECT'}]]></conditionExpression>
    </bpmn2:sequenceFlow>
    <bpmn2:endEvent id="EndEvent_1t3teqd">
      <bpmn2:incoming>SequenceFlow_14y2g96</bpmn2:incoming>
    </bpmn2:endEvent>
    <bpmn2:endEvent id="EndEvent_1yxv9f8">
      <bpmn2:incoming>SequenceFlow_05kzudb</bpmn2:incoming>
    </bpmn2:endEvent>
    <bpmn2:endEvent id="EndEvent_0fbfsd7">
      <bpmn2:incoming>SequenceFlow_0tdofta</bpmn2:incoming>
    </bpmn2:endEvent>
    <bpmn2:sequenceFlow id="SequenceFlow_01kr41n" name="DELETE" sourceRef="Gateway_0gg8o43" targetRef="ServiceTask_00069t6">
      <conditionExpression xsi:type="tFormalExpression"><![CDATA[${action=='DELETE'}]]></conditionExpression>
    </bpmn2:sequenceFlow>
    <bpmn2:sequenceFlow id="SequenceFlow_1m7r114" name="UPDATE" sourceRef="Gateway_0gg8o43" targetRef="ServiceTask_12eauex">
      <conditionExpression xsi:type="tFormalExpression"><![CDATA[${action=='UPDATE'}]]></conditionExpression>
    </bpmn2:sequenceFlow>
    <bpmn2:serviceTask id="ServiceTask_0x1d1mu" name="Select" implementation="mariadb.SELECT">
      <bpmn2:incoming>SequenceFlow_02xpbgf</bpmn2:incoming>
      <bpmn2:outgoing>SequenceFlow_14y2g96</bpmn2:outgoing>
    </bpmn2:serviceTask>
    <bpmn2:serviceTask id="ServiceTask_19nkl5r" name="Insert" implementation="mariadb.INSERT">
      <bpmn2:incoming>SequenceFlow_10vepcq</bpmn2:incoming>
      <bpmn2:outgoing>SequenceFlow_16zw0km</bpmn2:outgoing>
    </bpmn2:serviceTask>
    <bpmn2:serviceTask id="ServiceTask_00069t6" name="Delete" implementation="mariadb.DELETE">
      <bpmn2:incoming>SequenceFlow_01kr41n</bpmn2:incoming>
      <bpmn2:outgoing>SequenceFlow_05kzudb</bpmn2:outgoing>
    </bpmn2:serviceTask>
    <bpmn2:serviceTask id="ServiceTask_12eauex" name="Update" implementation="mariadb.UPDATE">
      <bpmn2:incoming>SequenceFlow_1m7r114</bpmn2:incoming>
      <bpmn2:outgoing>SequenceFlow_0tdofta</bpmn2:outgoing>
    </bpmn2:serviceTask>
    <bpmn2:sequenceFlow id="SequenceFlow_14y2g96" sourceRef="ServiceTask_0x1d1mu" targetRef="EndEvent_1t3teqd"></bpmn2:sequenceFlow>
    <bpmn2:sequenceFlow id="SequenceFlow_16zw0km" sourceRef="ServiceTask_19nkl5r" targetRef="EndEvent_001isj9"></bpmn2:sequenceFlow>
    <bpmn2:sequenceFlow id="SequenceFlow_05kzudb" sourceRef="ServiceTask_00069t6" targetRef="EndEvent_1yxv9f8"></bpmn2:sequenceFlow>
    <bpmn2:sequenceFlow id="SequenceFlow_0tdofta" sourceRef="ServiceTask_12eauex" targetRef="EndEvent_0fbfsd7"></bpmn2:sequenceFlow>
  </bpmn2:process>
  <bpmndi:BPMNDiagram id="BPMNDiagram_Process_nbVlZFrqx">
    <bpmndi:BPMNPlane bpmnElement="Process_nbVlZFrqx" id="BPMNPlane_Process_nbVlZFrqx">
      <bpmndi:BPMNShape bpmnElement="Event_1" id="BPMNShape_Event_1">
        <omgdc:Bounds height="36.0" width="36.0" x="262.0" y="240.0"></omgdc:Bounds>
      </bpmndi:BPMNShape>
      <bpmndi:BPMNShape bpmnElement="EndEvent_001isj9" id="BPMNShape_EndEvent_001isj9">
        <omgdc:Bounds height="36.0" width="36.0" x="632.0" y="240.0"></omgdc:Bounds>
      </bpmndi:BPMNShape>
      <bpmndi:BPMNShape bpmnElement="Gateway_0gg8o43" id="BPMNShape_Gateway_0gg8o43">
        <omgdc:Bounds height="50.0" width="50.0" x="345.0" y="233.0"></omgdc:Bounds>
      </bpmndi:BPMNShape>
      <bpmndi:BPMNShape bpmnElement="EndEvent_1t3teqd" id="BPMNShape_EndEvent_1t3teqd">
        <omgdc:Bounds height="36.0" width="36.0" x="632.0" y="132.0"></omgdc:Bounds>
      </bpmndi:BPMNShape>
      <bpmndi:BPMNShape bpmnElement="EndEvent_1yxv9f8" id="BPMNShape_EndEvent_1yxv9f8">
        <omgdc:Bounds height="36.0" width="36.0" x="632.0" y="342.0"></omgdc:Bounds>
      </bpmndi:BPMNShape>
      <bpmndi:BPMNShape bpmnElement="EndEvent_0fbfsd7" id="BPMNShape_EndEvent_0fbfsd7">
        <omgdc:Bounds height="36.0" width="36.0" x="632.0" y="452.0"></omgdc:Bounds>
      </bpmndi:BPMNShape>
      <bpmndi:BPMNShape bpmnElement="ServiceTask_0x1d1mu" id="BPMNShape_ServiceTask_0x1d1mu">
        <omgdc:Bounds height="80.0" width="100.0" x="480.0" y="110.0"></omgdc:Bounds>
      </bpmndi:BPMNShape>
      <bpmndi:BPMNShape bpmnElement="ServiceTask_19nkl5r" id="BPMNShape_ServiceTask_19nkl5r">
        <omgdc:Bounds height="80.0" width="100.0" x="480.0" y="218.0"></omgdc:Bounds>
      </bpmndi:BPMNShape>
      <bpmndi:BPMNShape bpmnElement="ServiceTask_00069t6" id="BPMNShape_ServiceTask_00069t6">
        <omgdc:Bounds height="80.0" width="100.0" x="480.0" y="320.0"></omgdc:Bounds>
      </bpmndi:BPMNShape>
      <bpmndi:BPMNShape bpmnElement="ServiceTask_12eauex" id="BPMNShape_ServiceTask_12eauex">
        <omgdc:Bounds height="80.0" width="100.0" x="480.0" y="430.0"></omgdc:Bounds>
      </bpmndi:BPMNShape>
      <bpmndi:BPMNEdge bpmnElement="SequenceFlow_1c5n6nb" id="BPMNEdge_SequenceFlow_1c5n6nb">
        <omgdi:waypoint x="298.0" y="258.0"></omgdi:waypoint>
        <omgdi:waypoint x="345.0" y="258.0"></omgdi:waypoint>
      </bpmndi:BPMNEdge>
      <bpmndi:BPMNEdge bpmnElement="SequenceFlow_10vepcq" id="BPMNEdge_SequenceFlow_10vepcq">
        <omgdi:waypoint x="395.0" y="258.0"></omgdi:waypoint>
        <omgdi:waypoint x="480.0" y="258.0"></omgdi:waypoint>
        <bpmndi:BPMNLabel>
          <omgdc:Bounds height="14.0" width="41.0" x="406.0" y="233.0"></omgdc:Bounds>
        </bpmndi:BPMNLabel>
      </bpmndi:BPMNEdge>
      <bpmndi:BPMNEdge bpmnElement="SequenceFlow_02xpbgf" id="BPMNEdge_SequenceFlow_02xpbgf">
        <omgdi:waypoint x="370.0" y="233.0"></omgdi:waypoint>
        <omgdi:waypoint x="370.0" y="150.0"></omgdi:waypoint>
        <omgdi:waypoint x="480.0" y="150.0"></omgdi:waypoint>
        <bpmndi:BPMNLabel>
          <omgdc:Bounds height="14.0" width="43.0" x="408.0" y="123.0"></omgdc:Bounds>
        </bpmndi:BPMNLabel>
      </bpmndi:BPMNEdge>
      <bpmndi:BPMNEdge bpmnElement="SequenceFlow_01kr41n" id="BPMNEdge_SequenceFlow_01kr41n">
        <omgdi:waypoint x="370.0" y="283.0"></omgdi:waypoint>
        <omgdi:waypoint x="370.0" y="360.0"></omgdi:waypoint>
        <omgdi:waypoint x="480.0" y="360.0"></omgdi:waypoint>
        <bpmndi:BPMNLabel>
          <omgdc:Bounds height="14.0" width="43.0" x="405.0" y="343.0"></omgdc:Bounds>
        </bpmndi:BPMNLabel>
      </bpmndi:BPMNEdge>
      <bpmndi:BPMNEdge bpmnElement="SequenceFlow_1m7r114" id="BPMNEdge_SequenceFlow_1m7r114">
        <omgdi:waypoint x="370.0" y="283.0"></omgdi:waypoint>
        <omgdi:waypoint x="370.0" y="470.0"></omgdi:waypoint>
        <omgdi:waypoint x="480.0" y="470.0"></omgdi:waypoint>
        <bpmndi:BPMNLabel>
          <omgdc:Bounds height="14.0" width="44.0" x="405.0" y="443.0"></omgdc:Bounds>
        </bpmndi:BPMNLabel>
      </bpmndi:BPMNEdge>
      <bpmndi:BPMNEdge bpmnElement="SequenceFlow_14y2g96" id="BPMNEdge_SequenceFlow_14y2g96">
        <omgdi:waypoint x="580.0" y="150.0"></omgdi:waypoint>
        <omgdi:waypoint x="632.0" y="150.0"></omgdi:waypoint>
      </bpmndi:BPMNEdge>
      <bpmndi:BPMNEdge bpmnElement="SequenceFlow_16zw0km" id="BPMNEdge_SequenceFlow_16zw0km">
        <omgdi:waypoint x="580.0" y="258.0"></omgdi:waypoint>
        <omgdi:waypoint x="632.0" y="258.0"></omgdi:waypoint>
      </bpmndi:BPMNEdge>
      <bpmndi:BPMNEdge bpmnElement="SequenceFlow_05kzudb" id="BPMNEdge_SequenceFlow_05kzudb">
        <omgdi:waypoint x="580.0" y="360.0"></omgdi:waypoint>
        <omgdi:waypoint x="632.0" y="360.0"></omgdi:waypoint>
      </bpmndi:BPMNEdge>
      <bpmndi:BPMNEdge bpmnElement="SequenceFlow_0tdofta" id="BPMNEdge_SequenceFlow_0tdofta">
        <omgdi:waypoint x="580.0" y="470.0"></omgdi:waypoint>
        <omgdi:waypoint x="632.0" y="470.0"></omgdi:waypoint>
      </bpmndi:BPMNEdge>
    </bpmndi:BPMNPlane>
  </bpmndi:BPMNDiagram>
</bpmn2:definitions>