<?xml version="1.0" encoding="UTF-8"?>
<bpmn2:definitions xmlns="http://www.omg.org/spec/BPMN/20100524/MODEL" xmlns:bpmn2="http://www.omg.org/spec/BPMN/20100524/MODEL" xmlns:xsi="http://www.w3.org/2001/XMLSchema-instance" xmlns:xsd="http://www.w3.org/2001/XMLSchema" xmlns:activiti="http://activiti.org/bpmn" xmlns:bpmndi="http://www.omg.org/spec/BPMN/20100524/DI" xmlns:omgdc="http://www.omg.org/spec/DD/20100524/DC" xmlns:omgdi="http://www.omg.org/spec/DD/20100524/DI" typeLanguage="http://www.w3.org/2001/XMLSchema" expressionLanguage="http://www.w3.org/1999/XPath" targetNamespace="http://bpmn.io/schema/bpmn" id="model-3817c02b-11dc-4d49-89d9-9b7fec8254c5" name="rekognition" xsi:schemaLocation="http://www.omg.org/spec/BPMN/20100524/MODEL BPMN20.xsd">
  <bpmn2:process id="Process_dvhQ9UTPP" name="rekognition" isExecutable="true">
    <bpmn2:startEvent id="Event_1">
      <bpmn2:outgoing>SequenceFlow_02r51qh</bpmn2:outgoing>
    </bpmn2:startEvent>
    <bpmn2:serviceTask id="ServiceTask_1brjttb" name="rekognition" implementation="rekognition.LABEL">
      <bpmn2:incoming>SequenceFlow_02r51qh</bpmn2:incoming>
      <bpmn2:outgoing>SequenceFlow_14ve5d8</bpmn2:outgoing>
    </bpmn2:serviceTask>
    <bpmn2:sequenceFlow id="SequenceFlow_02r51qh" sourceRef="Event_1" targetRef="ServiceTask_1brjttb"></bpmn2:sequenceFlow>
    <bpmn2:endEvent id="EndEvent_0cht155">
      <bpmn2:incoming>SequenceFlow_14ve5d8</bpmn2:incoming>
      <bpmn2:incoming>SequenceFlow_0dl4vey</bpmn2:incoming>
    </bpmn2:endEvent>
    <bpmn2:sequenceFlow id="SequenceFlow_14ve5d8" sourceRef="ServiceTask_1brjttb" targetRef="EndEvent_0cht155"></bpmn2:sequenceFlow>
    <bpmn2:boundaryEvent id="IntermediateThrowEvent_1vl0s95" attachedToRef="ServiceTask_1brjttb">
      <bpmn2:outgoing>SequenceFlow_0dl4vey</bpmn2:outgoing>
      <errorEventDefinition></errorEventDefinition>
    </bpmn2:boundaryEvent>
    <bpmn2:sequenceFlow id="SequenceFlow_0dl4vey" sourceRef="IntermediateThrowEvent_1vl0s95" targetRef="EndEvent_0cht155"></bpmn2:sequenceFlow>
  </bpmn2:process>
  <bpmndi:BPMNDiagram id="BPMNDiagram_Process_dvhQ9UTPP">
    <bpmndi:BPMNPlane bpmnElement="Process_dvhQ9UTPP" id="BPMNPlane_Process_dvhQ9UTPP">
      <bpmndi:BPMNShape bpmnElement="Event_1" id="BPMNShape_Event_1">
        <omgdc:Bounds height="36.0" width="36.0" x="412.0" y="240.0"></omgdc:Bounds>
      </bpmndi:BPMNShape>
      <bpmndi:BPMNShape bpmnElement="ServiceTask_1brjttb" id="BPMNShape_ServiceTask_1brjttb">
        <omgdc:Bounds height="80.0" width="100.0" x="500.0" y="218.0"></omgdc:Bounds>
      </bpmndi:BPMNShape>
      <bpmndi:BPMNShape bpmnElement="EndEvent_0cht155" id="BPMNShape_EndEvent_0cht155">
        <omgdc:Bounds height="36.0" width="36.0" x="652.0" y="240.0"></omgdc:Bounds>
      </bpmndi:BPMNShape>
      <bpmndi:BPMNShape bpmnElement="IntermediateThrowEvent_1vl0s95" id="BPMNShape_IntermediateThrowEvent_1vl0s95">
        <omgdc:Bounds height="36.0" width="36.0" x="532.0" y="280.0"></omgdc:Bounds>
      </bpmndi:BPMNShape>
      <bpmndi:BPMNEdge bpmnElement="SequenceFlow_02r51qh" id="BPMNEdge_SequenceFlow_02r51qh">
        <omgdi:waypoint x="448.0" y="258.0"></omgdi:waypoint>
        <omgdi:waypoint x="500.0" y="258.0"></omgdi:waypoint>
      </bpmndi:BPMNEdge>
      <bpmndi:BPMNEdge bpmnElement="SequenceFlow_14ve5d8" id="BPMNEdge_SequenceFlow_14ve5d8">
        <omgdi:waypoint x="600.0" y="258.0"></omgdi:waypoint>
        <omgdi:waypoint x="652.0" y="258.0"></omgdi:waypoint>
      </bpmndi:BPMNEdge>
      <bpmndi:BPMNEdge bpmnElement="SequenceFlow_0dl4vey" id="BPMNEdge_SequenceFlow_0dl4vey">
        <omgdi:waypoint x="550.0" y="316.0"></omgdi:waypoint>
        <omgdi:waypoint x="550.0" y="336.0"></omgdi:waypoint>
        <omgdi:waypoint x="670.0" y="336.0"></omgdi:waypoint>
        <omgdi:waypoint x="670.0" y="276.0"></omgdi:waypoint>
      </bpmndi:BPMNEdge>
    </bpmndi:BPMNPlane>
  </bpmndi:BPMNDiagram>
</bpmn2:definitions>