<?xml version="1.0" encoding="UTF-8"?>
<bpmn2:definitions xmlns="http://www.omg.org/spec/BPMN/20100524/MODEL" xmlns:bpmn2="http://www.omg.org/spec/BPMN/20100524/MODEL" xmlns:xsi="http://www.w3.org/2001/XMLSchema-instance" xmlns:xsd="http://www.w3.org/2001/XMLSchema" xmlns:activiti="http://activiti.org/bpmn" xmlns:bpmndi="http://www.omg.org/spec/BPMN/20100524/DI" xmlns:omgdc="http://www.omg.org/spec/DD/20100524/DC" xmlns:omgdi="http://www.omg.org/spec/DD/20100524/DI" typeLanguage="http://www.w3.org/2001/XMLSchema" expressionLanguage="http://www.w3.org/1999/XPath" targetNamespace="http://bpmn.io/schema/bpmn" id="model-2a6f16f7-77a1-451a-93ff-bac0b3591af6" name="rest" xsi:schemaLocation="http://www.omg.org/spec/BPMN/20100524/MODEL BPMN20.xsd">
  <bpmn2:process id="Process_N6G6aJUSe" name="rest" isExecutable="true">
    <bpmn2:startEvent id="Event_1">
      <bpmn2:outgoing>SequenceFlow_16alaa8</bpmn2:outgoing>
    </bpmn2:startEvent>
    <bpmn2:serviceTask id="ServiceTask_0hxi0z8" name="get" implementation="rest.GET">
      <bpmn2:incoming>SequenceFlow_19ghwth</bpmn2:incoming>
      <bpmn2:outgoing>SequenceFlow_0m3tcun</bpmn2:outgoing>
    </bpmn2:serviceTask>
    <bpmn2:serviceTask id="ServiceTask_19dancs" name="post" implementation="rest.POST">
      <bpmn2:incoming>SequenceFlow_0j3okts</bpmn2:incoming>
      <bpmn2:outgoing>SequenceFlow_1ib9s8t</bpmn2:outgoing>
    </bpmn2:serviceTask>
    <bpmn2:serviceTask id="ServiceTask_0usuijc" name="put" implementation="rest.PUT">
      <bpmn2:incoming>SequenceFlow_0d39d9h</bpmn2:incoming>
      <bpmn2:outgoing>SequenceFlow_1erp6vw</bpmn2:outgoing>
    </bpmn2:serviceTask>
    <bpmn2:serviceTask id="ServiceTask_1hdl4lr" name="patch" implementation="rest.PATCH">
      <bpmn2:incoming>SequenceFlow_1yoattv</bpmn2:incoming>
      <bpmn2:outgoing>SequenceFlow_0fvcppk</bpmn2:outgoing>
    </bpmn2:serviceTask>
    <bpmn2:serviceTask id="ServiceTask_0b7s67d" name="delete" implementation="rest.DELETE">
      <bpmn2:incoming>SequenceFlow_095v6zp</bpmn2:incoming>
      <bpmn2:outgoing>SequenceFlow_06nvach</bpmn2:outgoing>
    </bpmn2:serviceTask>
    <bpmn2:serviceTask id="ServiceTask_1g9y4f3" name="head" implementation="rest.HEAD">
      <bpmn2:incoming>SequenceFlow_1cq7yzg</bpmn2:incoming>
      <bpmn2:outgoing>SequenceFlow_1nwml0e</bpmn2:outgoing>
    </bpmn2:serviceTask>
    <bpmn2:serviceTask id="ServiceTask_11rxjf8" name="options" implementation="rest.OPTIONS">
      <bpmn2:incoming>SequenceFlow_1snq5o1</bpmn2:incoming>
      <bpmn2:outgoing>SequenceFlow_1cx98c3</bpmn2:outgoing>
    </bpmn2:serviceTask>
    <bpmn2:serviceTask id="ServiceTask_0id5pgz" name="trace" implementation="rest.TRACE">
      <bpmn2:incoming>SequenceFlow_14902qo</bpmn2:incoming>
      <bpmn2:outgoing>SequenceFlow_17scwh4</bpmn2:outgoing>
    </bpmn2:serviceTask>
    <bpmn2:sequenceFlow id="SequenceFlow_16alaa8" sourceRef="Event_1" targetRef="Gateway_13xo2sk"></bpmn2:sequenceFlow>
    <bpmn2:sequenceFlow id="SequenceFlow_1yoattv" name="patch" sourceRef="Gateway_13xo2sk" targetRef="ServiceTask_1hdl4lr">
      <conditionExpression xsi:type="tFormalExpression"><![CDATA[${action=='PATCH'}]]></conditionExpression>
    </bpmn2:sequenceFlow>
    <bpmn2:exclusiveGateway id="Gateway_13xo2sk" name="action" default="SequenceFlow_19ghwth">
      <bpmn2:incoming>SequenceFlow_16alaa8</bpmn2:incoming>
      <bpmn2:outgoing>SequenceFlow_1yoattv</bpmn2:outgoing>
      <bpmn2:outgoing>SequenceFlow_19ghwth</bpmn2:outgoing>
      <bpmn2:outgoing>SequenceFlow_0j3okts</bpmn2:outgoing>
      <bpmn2:outgoing>SequenceFlow_0d39d9h</bpmn2:outgoing>
      <bpmn2:outgoing>SequenceFlow_095v6zp</bpmn2:outgoing>
      <bpmn2:outgoing>SequenceFlow_1cq7yzg</bpmn2:outgoing>
      <bpmn2:outgoing>SequenceFlow_1snq5o1</bpmn2:outgoing>
      <bpmn2:outgoing>SequenceFlow_14902qo</bpmn2:outgoing>
    </bpmn2:exclusiveGateway>
    <bpmn2:sequenceFlow id="SequenceFlow_19ghwth" name="get" sourceRef="Gateway_13xo2sk" targetRef="ServiceTask_0hxi0z8"></bpmn2:sequenceFlow>
    <bpmn2:sequenceFlow id="SequenceFlow_0j3okts" name="post" sourceRef="Gateway_13xo2sk" targetRef="ServiceTask_19dancs">
      <conditionExpression xsi:type="tFormalExpression"><![CDATA[${action=='POST'}]]></conditionExpression>
    </bpmn2:sequenceFlow>
    <bpmn2:sequenceFlow id="SequenceFlow_0d39d9h" name="put" sourceRef="Gateway_13xo2sk" targetRef="ServiceTask_0usuijc">
      <conditionExpression xsi:type="tFormalExpression"><![CDATA[${action=='PUT'}]]></conditionExpression>
    </bpmn2:sequenceFlow>
    <bpmn2:sequenceFlow id="SequenceFlow_095v6zp" name="delete" sourceRef="Gateway_13xo2sk" targetRef="ServiceTask_0b7s67d">
      <conditionExpression xsi:type="tFormalExpression"><![CDATA[${action=='DELETE'}]]></conditionExpression>
    </bpmn2:sequenceFlow>
    <bpmn2:sequenceFlow id="SequenceFlow_1cq7yzg" name="head" sourceRef="Gateway_13xo2sk" targetRef="ServiceTask_1g9y4f3">
      <conditionExpression xsi:type="tFormalExpression"><![CDATA[${action=='HEAD'}]]></conditionExpression>
    </bpmn2:sequenceFlow>
    <bpmn2:sequenceFlow id="SequenceFlow_1snq5o1" name="options" sourceRef="Gateway_13xo2sk" targetRef="ServiceTask_11rxjf8">
      <conditionExpression xsi:type="tFormalExpression"><![CDATA[${action=='OPTIONS'}]]></conditionExpression>
    </bpmn2:sequenceFlow>
    <bpmn2:sequenceFlow id="SequenceFlow_14902qo" name="trace" sourceRef="Gateway_13xo2sk" targetRef="ServiceTask_0id5pgz">
      <conditionExpression xsi:type="tFormalExpression"><![CDATA[${action=='TRACE'}]]></conditionExpression>
    </bpmn2:sequenceFlow>
    <bpmn2:endEvent id="EndEvent_0isf6m9">
      <bpmn2:incoming>SequenceFlow_0m3tcun</bpmn2:incoming>
    </bpmn2:endEvent>
    <bpmn2:sequenceFlow id="SequenceFlow_0m3tcun" sourceRef="ServiceTask_0hxi0z8" targetRef="EndEvent_0isf6m9"></bpmn2:sequenceFlow>
    <bpmn2:endEvent id="EndEvent_1xkdf3z">
      <bpmn2:incoming>SequenceFlow_1ib9s8t</bpmn2:incoming>
    </bpmn2:endEvent>
    <bpmn2:sequenceFlow id="SequenceFlow_1ib9s8t" sourceRef="ServiceTask_19dancs" targetRef="EndEvent_1xkdf3z"></bpmn2:sequenceFlow>
    <bpmn2:endEvent id="EndEvent_110zz10">
      <bpmn2:incoming>SequenceFlow_1erp6vw</bpmn2:incoming>
    </bpmn2:endEvent>
    <bpmn2:sequenceFlow id="SequenceFlow_1erp6vw" sourceRef="ServiceTask_0usuijc" targetRef="EndEvent_110zz10"></bpmn2:sequenceFlow>
    <bpmn2:endEvent id="EndEvent_105r2q1">
      <bpmn2:incoming>SequenceFlow_0fvcppk</bpmn2:incoming>
    </bpmn2:endEvent>
    <bpmn2:sequenceFlow id="SequenceFlow_0fvcppk" sourceRef="ServiceTask_1hdl4lr" targetRef="EndEvent_105r2q1"></bpmn2:sequenceFlow>
    <bpmn2:endEvent id="EndEvent_1otz9q7">
      <bpmn2:incoming>SequenceFlow_06nvach</bpmn2:incoming>
    </bpmn2:endEvent>
    <bpmn2:sequenceFlow id="SequenceFlow_06nvach" sourceRef="ServiceTask_0b7s67d" targetRef="EndEvent_1otz9q7"></bpmn2:sequenceFlow>
    <bpmn2:endEvent id="EndEvent_0jgad1a">
      <bpmn2:incoming>SequenceFlow_1nwml0e</bpmn2:incoming>
    </bpmn2:endEvent>
    <bpmn2:sequenceFlow id="SequenceFlow_1nwml0e" sourceRef="ServiceTask_1g9y4f3" targetRef="EndEvent_0jgad1a"></bpmn2:sequenceFlow>
    <bpmn2:endEvent id="EndEvent_0du5evs">
      <bpmn2:incoming>SequenceFlow_1cx98c3</bpmn2:incoming>
    </bpmn2:endEvent>
    <bpmn2:sequenceFlow id="SequenceFlow_1cx98c3" sourceRef="ServiceTask_11rxjf8" targetRef="EndEvent_0du5evs"></bpmn2:sequenceFlow>
    <bpmn2:endEvent id="EndEvent_1luv770">
      <bpmn2:incoming>SequenceFlow_17scwh4</bpmn2:incoming>
    </bpmn2:endEvent>
    <bpmn2:sequenceFlow id="SequenceFlow_17scwh4" sourceRef="ServiceTask_0id5pgz" targetRef="EndEvent_1luv770"></bpmn2:sequenceFlow>
    <bpmn2:subProcess id="SubProcess_06n1ogg" name="subProcess" triggeredByEvent="true">
      <bpmn2:startEvent id="StartEvent_0yosoqj" isInterrupting="true">
        <bpmn2:outgoing>SequenceFlow_02cfu7k</bpmn2:outgoing>
        <errorEventDefinition></errorEventDefinition>
      </bpmn2:startEvent>
      <bpmn2:endEvent id="EndEvent_0030l8o">
        <bpmn2:incoming>SequenceFlow_02cfu7k</bpmn2:incoming>
      </bpmn2:endEvent>
      <bpmn2:sequenceFlow id="SequenceFlow_02cfu7k" sourceRef="StartEvent_0yosoqj" targetRef="EndEvent_0030l8o"></bpmn2:sequenceFlow>
    </bpmn2:subProcess>
  </bpmn2:process>
  <bpmndi:BPMNDiagram id="BPMNDiagram_Process_N6G6aJUSe">
    <bpmndi:BPMNPlane bpmnElement="Process_N6G6aJUSe" id="BPMNPlane_Process_N6G6aJUSe">
      <bpmndi:BPMNShape bpmnElement="Event_1" id="BPMNShape_Event_1">
        <omgdc:Bounds height="36.0" width="36.0" x="362.0" y="302.0"></omgdc:Bounds>
      </bpmndi:BPMNShape>
      <bpmndi:BPMNShape bpmnElement="ServiceTask_0hxi0z8" id="BPMNShape_ServiceTask_0hxi0z8">
        <omgdc:Bounds height="80.0" width="100.0" x="630.0" y="40.0"></omgdc:Bounds>
      </bpmndi:BPMNShape>
      <bpmndi:BPMNShape bpmnElement="ServiceTask_19dancs" id="BPMNShape_ServiceTask_19dancs">
        <omgdc:Bounds height="80.0" width="100.0" x="630.0" y="120.0"></omgdc:Bounds>
      </bpmndi:BPMNShape>
      <bpmndi:BPMNShape bpmnElement="ServiceTask_0usuijc" id="BPMNShape_ServiceTask_0usuijc">
        <omgdc:Bounds height="80.0" width="100.0" x="630.0" y="200.0"></omgdc:Bounds>
      </bpmndi:BPMNShape>
      <bpmndi:BPMNShape bpmnElement="ServiceTask_1hdl4lr" id="BPMNShape_ServiceTask_1hdl4lr">
        <omgdc:Bounds height="80.0" width="100.0" x="630.0" y="280.0"></omgdc:Bounds>
      </bpmndi:BPMNShape>
      <bpmndi:BPMNShape bpmnElement="ServiceTask_0b7s67d" id="BPMNShape_ServiceTask_0b7s67d">
        <omgdc:Bounds height="80.0" width="100.0" x="630.0" y="360.0"></omgdc:Bounds>
      </bpmndi:BPMNShape>
      <bpmndi:BPMNShape bpmnElement="ServiceTask_1g9y4f3" id="BPMNShape_ServiceTask_1g9y4f3">
        <omgdc:Bounds height="80.0" width="100.0" x="630.0" y="440.0"></omgdc:Bounds>
      </bpmndi:BPMNShape>
      <bpmndi:BPMNShape bpmnElement="ServiceTask_11rxjf8" id="BPMNShape_ServiceTask_11rxjf8">
        <omgdc:Bounds height="80.0" width="100.0" x="630.0" y="520.0"></omgdc:Bounds>
      </bpmndi:BPMNShape>
      <bpmndi:BPMNShape bpmnElement="ServiceTask_0id5pgz" id="BPMNShape_ServiceTask_0id5pgz">
        <omgdc:Bounds height="80.0" width="100.0" x="630.0" y="600.0"></omgdc:Bounds>
      </bpmndi:BPMNShape>
      <bpmndi:BPMNShape bpmnElement="Gateway_13xo2sk" id="BPMNShape_Gateway_13xo2sk">
        <omgdc:Bounds height="50.0" width="50.0" x="465.0" y="295.0"></omgdc:Bounds>
      </bpmndi:BPMNShape>
      <bpmndi:BPMNShape bpmnElement="EndEvent_0isf6m9" id="BPMNShape_EndEvent_0isf6m9">
        <omgdc:Bounds height="36.0" width="36.0" x="852.0" y="62.0"></omgdc:Bounds>
      </bpmndi:BPMNShape>
      <bpmndi:BPMNShape bpmnElement="EndEvent_1xkdf3z" id="BPMNShape_EndEvent_1xkdf3z">
        <omgdc:Bounds height="36.0" width="36.0" x="852.0" y="142.0"></omgdc:Bounds>
      </bpmndi:BPMNShape>
      <bpmndi:BPMNShape bpmnElement="EndEvent_110zz10" id="BPMNShape_EndEvent_110zz10">
        <omgdc:Bounds height="36.0" width="36.0" x="852.0" y="222.0"></omgdc:Bounds>
      </bpmndi:BPMNShape>
      <bpmndi:BPMNShape bpmnElement="EndEvent_105r2q1" id="BPMNShape_EndEvent_105r2q1">
        <omgdc:Bounds height="36.0" width="36.0" x="852.0" y="302.0"></omgdc:Bounds>
      </bpmndi:BPMNShape>
      <bpmndi:BPMNShape bpmnElement="EndEvent_1otz9q7" id="BPMNShape_EndEvent_1otz9q7">
        <omgdc:Bounds height="36.0" width="36.0" x="852.0" y="382.0"></omgdc:Bounds>
      </bpmndi:BPMNShape>
      <bpmndi:BPMNShape bpmnElement="EndEvent_0jgad1a" id="BPMNShape_EndEvent_0jgad1a">
        <omgdc:Bounds height="36.0" width="36.0" x="852.0" y="462.0"></omgdc:Bounds>
      </bpmndi:BPMNShape>
      <bpmndi:BPMNShape bpmnElement="EndEvent_0du5evs" id="BPMNShape_EndEvent_0du5evs">
        <omgdc:Bounds height="36.0" width="36.0" x="852.0" y="542.0"></omgdc:Bounds>
      </bpmndi:BPMNShape>
      <bpmndi:BPMNShape bpmnElement="EndEvent_1luv770" id="BPMNShape_EndEvent_1luv770">
        <omgdc:Bounds height="36.0" width="36.0" x="852.0" y="622.0"></omgdc:Bounds>
      </bpmndi:BPMNShape>
      <bpmndi:BPMNShape bpmnElement="SubProcess_06n1ogg" id="BPMNShape_SubProcess_06n1ogg" isExpanded="true">
        <omgdc:Bounds height="200.0" width="350.0" x="1060.0" y="230.0"></omgdc:Bounds>
      </bpmndi:BPMNShape>
      <bpmndi:BPMNShape bpmnElement="StartEvent_0yosoqj" id="BPMNShape_StartEvent_0yosoqj">
        <omgdc:Bounds height="36.0" width="36.0" x="1112.0" y="302.0"></omgdc:Bounds>
      </bpmndi:BPMNShape>
      <bpmndi:BPMNShape bpmnElement="EndEvent_0030l8o" id="BPMNShape_EndEvent_0030l8o">
        <omgdc:Bounds height="36.0" width="36.0" x="1202.0" y="302.0"></omgdc:Bounds>
      </bpmndi:BPMNShape>
      <bpmndi:BPMNEdge bpmnElement="SequenceFlow_16alaa8" id="BPMNEdge_SequenceFlow_16alaa8">
        <omgdi:waypoint x="398.0" y="320.0"></omgdi:waypoint>
        <omgdi:waypoint x="465.0" y="320.0"></omgdi:waypoint>
      </bpmndi:BPMNEdge>
      <bpmndi:BPMNEdge bpmnElement="SequenceFlow_1yoattv" id="BPMNEdge_SequenceFlow_1yoattv">
        <omgdi:waypoint x="515.0" y="320.0"></omgdi:waypoint>
        <omgdi:waypoint x="630.0" y="320.0"></omgdi:waypoint>
        <bpmndi:BPMNLabel>
          <omgdc:Bounds height="14.0" width="27.0" x="516.0" y="295.0"></omgdc:Bounds>
        </bpmndi:BPMNLabel>
      </bpmndi:BPMNEdge>
      <bpmndi:BPMNEdge bpmnElement="SequenceFlow_19ghwth" id="BPMNEdge_SequenceFlow_19ghwth">
        <omgdi:waypoint x="490.0" y="295.0"></omgdi:waypoint>
        <omgdi:waypoint x="490.0" y="80.0"></omgdi:waypoint>
        <omgdi:waypoint x="630.0" y="80.0"></omgdi:waypoint>
        <bpmndi:BPMNLabel>
          <omgdc:Bounds height="14.0" width="16.0" x="512.0" y="63.0"></omgdc:Bounds>
        </bpmndi:BPMNLabel>
      </bpmndi:BPMNEdge>
      <bpmndi:BPMNEdge bpmnElement="SequenceFlow_0j3okts" id="BPMNEdge_SequenceFlow_0j3okts">
        <omgdi:waypoint x="490.0" y="295.0"></omgdi:waypoint>
        <omgdi:waypoint x="490.0" y="160.0"></omgdi:waypoint>
        <omgdi:waypoint x="630.0" y="160.0"></omgdi:waypoint>
        <bpmndi:BPMNLabel>
          <omgdc:Bounds height="14.0" width="21.0" x="509.0" y="143.0"></omgdc:Bounds>
        </bpmndi:BPMNLabel>
      </bpmndi:BPMNEdge>
      <bpmndi:BPMNEdge bpmnElement="SequenceFlow_0d39d9h" id="BPMNEdge_SequenceFlow_0d39d9h">
        <omgdi:waypoint x="490.0" y="295.0"></omgdi:waypoint>
        <omgdi:waypoint x="490.0" y="240.0"></omgdi:waypoint>
        <omgdi:waypoint x="630.0" y="240.0"></omgdi:waypoint>
        <bpmndi:BPMNLabel>
          <omgdc:Bounds height="14.0" width="16.0" x="512.0" y="223.0"></omgdc:Bounds>
        </bpmndi:BPMNLabel>
      </bpmndi:BPMNEdge>
      <bpmndi:BPMNEdge bpmnElement="SequenceFlow_095v6zp" id="BPMNEdge_SequenceFlow_095v6zp">
        <omgdi:waypoint x="490.0" y="345.0"></omgdi:waypoint>
        <omgdi:waypoint x="490.0" y="400.0"></omgdi:waypoint>
        <omgdi:waypoint x="630.0" y="400.0"></omgdi:waypoint>
        <bpmndi:BPMNLabel>
          <omgdc:Bounds height="14.0" width="30.0" x="515.0" y="383.0"></omgdc:Bounds>
        </bpmndi:BPMNLabel>
      </bpmndi:BPMNEdge>
      <bpmndi:BPMNEdge bpmnElement="SequenceFlow_1cq7yzg" id="BPMNEdge_SequenceFlow_1cq7yzg">
        <omgdi:waypoint x="490.0" y="345.0"></omgdi:waypoint>
        <omgdi:waypoint x="490.0" y="480.0"></omgdi:waypoint>
        <omgdi:waypoint x="630.0" y="480.0"></omgdi:waypoint>
        <bpmndi:BPMNLabel>
          <omgdc:Bounds height="14.0" width="25.0" x="517.0" y="463.0"></omgdc:Bounds>
        </bpmndi:BPMNLabel>
      </bpmndi:BPMNEdge>
      <bpmndi:BPMNEdge bpmnElement="SequenceFlow_1snq5o1" id="BPMNEdge_SequenceFlow_1snq5o1">
        <omgdi:waypoint x="490.0" y="345.0"></omgdi:waypoint>
        <omgdi:waypoint x="490.0" y="560.0"></omgdi:waypoint>
        <omgdi:waypoint x="630.0" y="560.0"></omgdi:waypoint>
        <bpmndi:BPMNLabel>
          <omgdc:Bounds height="14.0" width="36.0" x="512.0" y="543.0"></omgdc:Bounds>
        </bpmndi:BPMNLabel>
      </bpmndi:BPMNEdge>
      <bpmndi:BPMNEdge bpmnElement="SequenceFlow_14902qo" id="BPMNEdge_SequenceFlow_14902qo">
        <omgdi:waypoint x="490.0" y="345.0"></omgdi:waypoint>
        <omgdi:waypoint x="490.0" y="640.0"></omgdi:waypoint>
        <omgdi:waypoint x="630.0" y="640.0"></omgdi:waypoint>
        <bpmndi:BPMNLabel>
          <omgdc:Bounds height="14.0" width="25.0" x="517.0" y="623.0"></omgdc:Bounds>
        </bpmndi:BPMNLabel>
      </bpmndi:BPMNEdge>
      <bpmndi:BPMNEdge bpmnElement="SequenceFlow_0m3tcun" id="BPMNEdge_SequenceFlow_0m3tcun">
        <omgdi:waypoint x="730.0" y="80.0"></omgdi:waypoint>
        <omgdi:waypoint x="852.0" y="80.0"></omgdi:waypoint>
      </bpmndi:BPMNEdge>
      <bpmndi:BPMNEdge bpmnElement="SequenceFlow_1ib9s8t" id="BPMNEdge_SequenceFlow_1ib9s8t">
        <omgdi:waypoint x="730.0" y="160.0"></omgdi:waypoint>
        <omgdi:waypoint x="852.0" y="160.0"></omgdi:waypoint>
      </bpmndi:BPMNEdge>
      <bpmndi:BPMNEdge bpmnElement="SequenceFlow_1erp6vw" id="BPMNEdge_SequenceFlow_1erp6vw">
        <omgdi:waypoint x="730.0" y="240.0"></omgdi:waypoint>
        <omgdi:waypoint x="852.0" y="240.0"></omgdi:waypoint>
      </bpmndi:BPMNEdge>
      <bpmndi:BPMNEdge bpmnElement="SequenceFlow_0fvcppk" id="BPMNEdge_SequenceFlow_0fvcppk">
        <omgdi:waypoint x="730.0" y="320.0"></omgdi:waypoint>
        <omgdi:waypoint x="852.0" y="320.0"></omgdi:waypoint>
      </bpmndi:BPMNEdge>
      <bpmndi:BPMNEdge bpmnElement="SequenceFlow_06nvach" id="BPMNEdge_SequenceFlow_06nvach">
        <omgdi:waypoint x="730.0" y="400.0"></omgdi:waypoint>
        <omgdi:waypoint x="852.0" y="400.0"></omgdi:waypoint>
      </bpmndi:BPMNEdge>
      <bpmndi:BPMNEdge bpmnElement="SequenceFlow_1nwml0e" id="BPMNEdge_SequenceFlow_1nwml0e">
        <omgdi:waypoint x="730.0" y="480.0"></omgdi:waypoint>
        <omgdi:waypoint x="852.0" y="480.0"></omgdi:waypoint>
      </bpmndi:BPMNEdge>
      <bpmndi:BPMNEdge bpmnElement="SequenceFlow_1cx98c3" id="BPMNEdge_SequenceFlow_1cx98c3">
        <omgdi:waypoint x="730.0" y="560.0"></omgdi:waypoint>
        <omgdi:waypoint x="852.0" y="560.0"></omgdi:waypoint>
      </bpmndi:BPMNEdge>
      <bpmndi:BPMNEdge bpmnElement="SequenceFlow_17scwh4" id="BPMNEdge_SequenceFlow_17scwh4">
        <omgdi:waypoint x="730.0" y="640.0"></omgdi:waypoint>
        <omgdi:waypoint x="852.0" y="640.0"></omgdi:waypoint>
      </bpmndi:BPMNEdge>
      <bpmndi:BPMNEdge bpmnElement="SequenceFlow_02cfu7k" id="BPMNEdge_SequenceFlow_02cfu7k">
        <omgdi:waypoint x="1148.0" y="320.0"></omgdi:waypoint>
        <omgdi:waypoint x="1202.0" y="320.0"></omgdi:waypoint>
      </bpmndi:BPMNEdge>
    </bpmndi:BPMNPlane>
  </bpmndi:BPMNDiagram>
</bpmn2:definitions>