{"id":"process-3c50d522-0ede-4688-a290-732c4ce463d8","type":"PROCESS","name":"rest","extensions":{"Process_N6G6aJUSe":{"constants":{},"mappings":{"ServiceTask_0hxi0z8":{"mappingType":"MAP_ALL"},"ServiceTask_19dancs":{"mappingType":"MAP_ALL"},"ServiceTask_0usuijc":{"mappingType":"MAP_ALL"},"ServiceTask_1hdl4lr":{"mappingType":"MAP_ALL"},"ServiceTask_0b7s67d":{"mappingType":"MAP_ALL"},"ServiceTask_1g9y4f3":{"mappingType":"MAP_ALL"},"ServiceTask_11rxjf8":{"mappingType":"MAP_ALL"},"ServiceTask_0id5pgz":{"mappingType":"MAP_ALL"}},"properties":{"98f7bffb-c770-4536-90bc-21b0a042d2d2":{"id":"98f7bffb-c770-4536-90bc-21b0a042d2d2","name":"action","type":"string","value":"","required":false}},"assignments":{}}}}