<?xml version="1.0" encoding="UTF-8"?>
<bpmn2:definitions xmlns="http://www.omg.org/spec/BPMN/20100524/MODEL" xmlns:bpmn2="http://www.omg.org/spec/BPMN/20100524/MODEL" xmlns:xsi="http://www.w3.org/2001/XMLSchema-instance" xmlns:xsd="http://www.w3.org/2001/XMLSchema" xmlns:activiti="http://activiti.org/bpmn" xmlns:bpmndi="http://www.omg.org/spec/BPMN/20100524/DI" xmlns:omgdc="http://www.omg.org/spec/DD/20100524/DC" xmlns:omgdi="http://www.omg.org/spec/DD/20100524/DI" xmlns:dc="http://www.omg.org/spec/DD/20100524/DC" xmlns:di="http://www.omg.org/spec/DD/20100524/DI" typeLanguage="http://www.w3.org/2001/XMLSchema" expressionLanguage="http://www.w3.org/1999/XPath" targetNamespace="http://bpmn.io/schema/bpmn" id="model-f5d4db73-8e19-44ec-95c8-cf21907589a8" name="salesforce" xsi:schemaLocation="http://www.omg.org/spec/BPMN/20100524/MODEL BPMN20.xsd">
  <bpmn2:process id="Process_vXKxSr2_X" name="salesforce" isExecutable="true">
    <bpmn2:startEvent id="Event_1">
      <bpmn2:outgoing>SequenceFlow_1yusk51</bpmn2:outgoing>
    </bpmn2:startEvent>
    <bpmn2:serviceTask id="ServiceTask_0wteecl" name="query" implementation="salesforce-connector.QUERY">
      <bpmn2:incoming>SequenceFlow_1yxi6m3</bpmn2:incoming>
      <bpmn2:outgoing>SequenceFlow_1fbdftb</bpmn2:outgoing>
    </bpmn2:serviceTask>
    <bpmn2:exclusiveGateway id="Gateway_1j8mmm4">
      <bpmn2:incoming>SequenceFlow_1yusk51</bpmn2:incoming>
      <bpmn2:outgoing>SequenceFlow_1yxi6m3</bpmn2:outgoing>
      <bpmn2:outgoing>SequenceFlow_0yai9hc</bpmn2:outgoing>
      <bpmn2:outgoing>SequenceFlow_0jlcujp</bpmn2:outgoing>
      <bpmn2:outgoing>SequenceFlow_0rk6szy</bpmn2:outgoing>
      <bpmn2:outgoing>SequenceFlow_0c4dtgd</bpmn2:outgoing>
      <bpmn2:outgoing>SequenceFlow_1gtwxp7</bpmn2:outgoing>
      <bpmn2:outgoing>SequenceFlow_08xtxtm</bpmn2:outgoing>
      <bpmn2:outgoing>SequenceFlow_1wu4lin</bpmn2:outgoing>
      <bpmn2:outgoing>SequenceFlow_0p3snwj</bpmn2:outgoing>
      <bpmn2:outgoing>SequenceFlow_1khuqvt</bpmn2:outgoing>
    </bpmn2:exclusiveGateway>
    <bpmn2:sequenceFlow id="SequenceFlow_1yusk51" sourceRef="Event_1" targetRef="Gateway_1j8mmm4"></bpmn2:sequenceFlow>
    <bpmn2:sequenceFlow id="SequenceFlow_1yxi6m3" name="QUERY" sourceRef="Gateway_1j8mmm4" targetRef="ServiceTask_0wteecl">
      <conditionExpression xsi:type="tFormalExpression"><![CDATA[${(action eq "QUERY")}]]></conditionExpression>
    </bpmn2:sequenceFlow>
    <bpmn2:endEvent id="EndEvent_0ilz2av">
      <bpmn2:incoming>SequenceFlow_1fbdftb</bpmn2:incoming>
    </bpmn2:endEvent>
    <bpmn2:sequenceFlow id="SequenceFlow_1fbdftb" sourceRef="ServiceTask_0wteecl" targetRef="EndEvent_0ilz2av"></bpmn2:sequenceFlow>
    <bpmn2:serviceTask id="ServiceTask_0ubo1fj" name="get" implementation="salesforce-connector.GET">
      <bpmn2:incoming>SequenceFlow_0yai9hc</bpmn2:incoming>
      <bpmn2:outgoing>SequenceFlow_0xrt2as</bpmn2:outgoing>
    </bpmn2:serviceTask>
    <bpmn2:sequenceFlow id="SequenceFlow_0yai9hc" name="GET" sourceRef="Gateway_1j8mmm4" targetRef="ServiceTask_0ubo1fj">
      <conditionExpression xsi:type="tFormalExpression"><![CDATA[${(action eq "GET")}]]></conditionExpression>
    </bpmn2:sequenceFlow>
    <bpmn2:endEvent id="EndEvent_0yrj23x">
      <bpmn2:incoming>SequenceFlow_0xrt2as</bpmn2:incoming>
    </bpmn2:endEvent>
    <bpmn2:sequenceFlow id="SequenceFlow_0xrt2as" sourceRef="ServiceTask_0ubo1fj" targetRef="EndEvent_0yrj23x"></bpmn2:sequenceFlow>
    <bpmn2:serviceTask id="ServiceTask_153lxvm" name="create" implementation="salesforce-connector.CREATE">
      <bpmn2:incoming>SequenceFlow_0jlcujp</bpmn2:incoming>
      <bpmn2:outgoing>SequenceFlow_11fu13s</bpmn2:outgoing>
    </bpmn2:serviceTask>
    <bpmn2:sequenceFlow id="SequenceFlow_0jlcujp" name="CREATE" sourceRef="Gateway_1j8mmm4" targetRef="ServiceTask_153lxvm">
      <conditionExpression xsi:type="tFormalExpression"><![CDATA[${(action eq "CREATE")}]]></conditionExpression>
    </bpmn2:sequenceFlow>
    <bpmn2:endEvent id="EndEvent_0hqmo3e">
      <bpmn2:incoming>SequenceFlow_11fu13s</bpmn2:incoming>
    </bpmn2:endEvent>
    <bpmn2:sequenceFlow id="SequenceFlow_11fu13s" sourceRef="ServiceTask_153lxvm" targetRef="EndEvent_0hqmo3e"></bpmn2:sequenceFlow>
    <bpmn2:serviceTask id="ServiceTask_1dhg81t" name="update" implementation="salesforce-connector.UPDATE">
      <bpmn2:incoming>SequenceFlow_0rk6szy</bpmn2:incoming>
      <bpmn2:outgoing>SequenceFlow_1ifobb1</bpmn2:outgoing>
    </bpmn2:serviceTask>
    <bpmn2:endEvent id="EndEvent_1e1hno7">
      <bpmn2:incoming>SequenceFlow_1ifobb1</bpmn2:incoming>
    </bpmn2:endEvent>
    <bpmn2:sequenceFlow id="SequenceFlow_1ifobb1" sourceRef="ServiceTask_1dhg81t" targetRef="EndEvent_1e1hno7"></bpmn2:sequenceFlow>
    <bpmn2:sequenceFlow id="SequenceFlow_0rk6szy" name="UPDATE" sourceRef="Gateway_1j8mmm4" targetRef="ServiceTask_1dhg81t">
      <conditionExpression xsi:type="tFormalExpression"><![CDATA[${(action eq "UPDATE")}]]></conditionExpression>
    </bpmn2:sequenceFlow>
    <bpmn2:serviceTask id="ServiceTask_1tvhlp8" name="delete" implementation="salesforce-connector.DELETE">
      <bpmn2:incoming>SequenceFlow_0c4dtgd</bpmn2:incoming>
      <bpmn2:outgoing>SequenceFlow_0awriac</bpmn2:outgoing>
    </bpmn2:serviceTask>
    <bpmn2:endEvent id="EndEvent_09bmdty">
      <bpmn2:incoming>SequenceFlow_0awriac</bpmn2:incoming>
    </bpmn2:endEvent>
    <bpmn2:sequenceFlow id="SequenceFlow_0awriac" sourceRef="ServiceTask_1tvhlp8" targetRef="EndEvent_09bmdty"></bpmn2:sequenceFlow>
    <bpmn2:sequenceFlow id="SequenceFlow_0c4dtgd" name="DELETE" sourceRef="Gateway_1j8mmm4" targetRef="ServiceTask_1tvhlp8">
      <conditionExpression xsi:type="tFormalExpression"><![CDATA[${(action eq "DELETE")}]]></conditionExpression>
    </bpmn2:sequenceFlow>
    <bpmn2:serviceTask id="ServiceTask_0fyf0s4" name="approvalList" implementation="salesforce-connector.APPROVAL_LIST">
      <bpmn2:incoming>SequenceFlow_1gtwxp7</bpmn2:incoming>
      <bpmn2:outgoing>SequenceFlow_1he2tf2</bpmn2:outgoing>
    </bpmn2:serviceTask>
    <bpmn2:endEvent id="EndEvent_0qinfru">
      <bpmn2:incoming>SequenceFlow_1he2tf2</bpmn2:incoming>
    </bpmn2:endEvent>
    <bpmn2:sequenceFlow id="SequenceFlow_1he2tf2" sourceRef="ServiceTask_0fyf0s4" targetRef="EndEvent_0qinfru"></bpmn2:sequenceFlow>
    <bpmn2:sequenceFlow id="SequenceFlow_1gtwxp7" name="APPROVAL_LIST" sourceRef="Gateway_1j8mmm4" targetRef="ServiceTask_0fyf0s4">
      <conditionExpression xsi:type="tFormalExpression"><![CDATA[${(action eq "APPROVAL_LIST")}]]></conditionExpression>
    </bpmn2:sequenceFlow>
    <bpmn2:serviceTask id="ServiceTask_1cabvcz" name="approvalSubmit" implementation="salesforce-connector.APPROVAL_SUBMIT">
      <bpmn2:incoming>SequenceFlow_08xtxtm</bpmn2:incoming>
      <bpmn2:outgoing>SequenceFlow_1vpifly</bpmn2:outgoing>
    </bpmn2:serviceTask>
    <bpmn2:endEvent id="EndEvent_0r3ijiz">
      <bpmn2:incoming>SequenceFlow_1vpifly</bpmn2:incoming>
    </bpmn2:endEvent>
    <bpmn2:sequenceFlow id="SequenceFlow_1vpifly" sourceRef="ServiceTask_1cabvcz" targetRef="EndEvent_0r3ijiz"></bpmn2:sequenceFlow>
    <bpmn2:sequenceFlow id="SequenceFlow_08xtxtm" name="APPROVAL_SUBMIT" sourceRef="Gateway_1j8mmm4" targetRef="ServiceTask_1cabvcz">
      <conditionExpression xsi:type="tFormalExpression"><![CDATA[${(action eq "APPROVAL_SUBMIT")}]]></conditionExpression>
    </bpmn2:sequenceFlow>
    <bpmn2:serviceTask id="ServiceTask_1k7aiwo" name="approvalApprove" implementation="salesforce-connector.APPROVAL_APPROVE">
      <bpmn2:incoming>SequenceFlow_1wu4lin</bpmn2:incoming>
      <bpmn2:outgoing>SequenceFlow_1k31o0e</bpmn2:outgoing>
    </bpmn2:serviceTask>
    <bpmn2:endEvent id="EndEvent_1lzdbv5">
      <bpmn2:incoming>SequenceFlow_1k31o0e</bpmn2:incoming>
    </bpmn2:endEvent>
    <bpmn2:sequenceFlow id="SequenceFlow_1k31o0e" sourceRef="ServiceTask_1k7aiwo" targetRef="EndEvent_1lzdbv5"></bpmn2:sequenceFlow>
    <bpmn2:sequenceFlow id="SequenceFlow_1wu4lin" name="APPROVAL_APPROVE" sourceRef="Gateway_1j8mmm4" targetRef="ServiceTask_1k7aiwo">
      <conditionExpression xsi:type="tFormalExpression"><![CDATA[${(action eq "APPROVAL_APPROVE")}]]></conditionExpression>
    </bpmn2:sequenceFlow>
    <bpmn2:serviceTask id="ServiceTask_0akn3d1" name="approvalReject" implementation="salesforce-connector.APPROVAL_REJECT">
      <bpmn2:incoming>SequenceFlow_0p3snwj</bpmn2:incoming>
      <bpmn2:outgoing>SequenceFlow_1ouvvxq</bpmn2:outgoing>
    </bpmn2:serviceTask>
    <bpmn2:endEvent id="EndEvent_11uerwh">
      <bpmn2:incoming>SequenceFlow_1ouvvxq</bpmn2:incoming>
    </bpmn2:endEvent>
    <bpmn2:sequenceFlow id="SequenceFlow_1ouvvxq" sourceRef="ServiceTask_0akn3d1" targetRef="EndEvent_11uerwh"></bpmn2:sequenceFlow>
    <bpmn2:sequenceFlow id="SequenceFlow_0p3snwj" name="APPROVAL_REJECT" sourceRef="Gateway_1j8mmm4" targetRef="ServiceTask_0akn3d1">
      <conditionExpression xsi:type="tFormalExpression"><![CDATA[${(action eq "APPROVAL_REJECT")}]]></conditionExpression>
    </bpmn2:sequenceFlow>
    <bpmn2:serviceTask id="ServiceTask_03574k6" name="customObjectCreate" implementation="salesforce-connector.CUSTOM_OBJECT_CREATE">
      <bpmn2:incoming>SequenceFlow_1khuqvt</bpmn2:incoming>
      <bpmn2:outgoing>SequenceFlow_0s8woui</bpmn2:outgoing>
    </bpmn2:serviceTask>
    <bpmn2:endEvent id="EndEvent_07yyeja">
      <bpmn2:incoming>SequenceFlow_0s8woui</bpmn2:incoming>
    </bpmn2:endEvent>
    <bpmn2:sequenceFlow id="SequenceFlow_0s8woui" sourceRef="ServiceTask_03574k6" targetRef="EndEvent_07yyeja"></bpmn2:sequenceFlow>
    <bpmn2:sequenceFlow id="SequenceFlow_1khuqvt" name="CUSTOM_OBJECT_CREATE" sourceRef="Gateway_1j8mmm4" targetRef="ServiceTask_03574k6">
      <conditionExpression xsi:type="tFormalExpression"><![CDATA[${(action eq "CUSTOM_OBJECT_CREATE")}]]></conditionExpression>
    </bpmn2:sequenceFlow>
  </bpmn2:process>
  <bpmndi:BPMNDiagram id="BPMNDiagram_Process_vXKxSr2_X">
    <bpmndi:BPMNPlane bpmnElement="Process_vXKxSr2_X" id="BPMNPlane_Process_vXKxSr2_X">
      <bpmndi:BPMNShape bpmnElement="Event_1" id="BPMNShape_Event_1">
        <omgdc:Bounds height="36.0" width="36.0" x="142.0" y="232.0"></omgdc:Bounds>
      </bpmndi:BPMNShape>
      <bpmndi:BPMNShape bpmnElement="ServiceTask_0wteecl" id="BPMNShape_ServiceTask_0wteecl">
        <omgdc:Bounds height="80.0" width="100.0" x="380.0" y="10.0"></omgdc:Bounds>
      </bpmndi:BPMNShape>
      <bpmndi:BPMNShape bpmnElement="Gateway_1j8mmm4" id="BPMNShape_Gateway_1j8mmm4">
        <omgdc:Bounds height="50.0" width="50.0" x="225.0" y="225.0"></omgdc:Bounds>
      </bpmndi:BPMNShape>
      <bpmndi:BPMNShape bpmnElement="EndEvent_0ilz2av" id="BPMNShape_EndEvent_0ilz2av">
        <omgdc:Bounds height="36.0" width="36.0" x="552.0" y="32.0"></omgdc:Bounds>
      </bpmndi:BPMNShape>
      <bpmndi:BPMNShape bpmnElement="ServiceTask_0ubo1fj" id="BPMNShape_ServiceTask_0ubo1fj">
        <omgdc:Bounds height="80.0" width="100.0" x="380.0" y="100.0"></omgdc:Bounds>
      </bpmndi:BPMNShape>
      <bpmndi:BPMNShape bpmnElement="EndEvent_0yrj23x" id="BPMNShape_EndEvent_0yrj23x">
        <omgdc:Bounds height="36.0" width="36.0" x="552.0" y="122.0"></omgdc:Bounds>
      </bpmndi:BPMNShape>
      <bpmndi:BPMNShape bpmnElement="ServiceTask_153lxvm" id="BPMNShape_ServiceTask_153lxvm">
        <omgdc:Bounds height="80.0" width="100.0" x="380.0" y="190.0"></omgdc:Bounds>
      </bpmndi:BPMNShape>
      <bpmndi:BPMNShape bpmnElement="EndEvent_0hqmo3e" id="BPMNShape_EndEvent_0hqmo3e">
        <omgdc:Bounds height="36.0" width="36.0" x="552.0" y="212.0"></omgdc:Bounds>
      </bpmndi:BPMNShape>
      <bpmndi:BPMNShape bpmnElement="ServiceTask_1dhg81t" id="BPMNShape_ServiceTask_1dhg81t">
        <omgdc:Bounds height="80.0" width="100.0" x="380.0" y="280.0"></omgdc:Bounds>
      </bpmndi:BPMNShape>
      <bpmndi:BPMNShape bpmnElement="EndEvent_1e1hno7" id="BPMNShape_EndEvent_1e1hno7">
        <omgdc:Bounds height="36.0" width="36.0" x="552.0" y="302.0"></omgdc:Bounds>
      </bpmndi:BPMNShape>
      <bpmndi:BPMNShape bpmnElement="ServiceTask_1tvhlp8" id="BPMNShape_ServiceTask_1tvhlp8">
        <omgdc:Bounds height="80.0" width="100.0" x="380.0" y="370.0"></omgdc:Bounds>
      </bpmndi:BPMNShape>
      <bpmndi:BPMNShape bpmnElement="EndEvent_09bmdty" id="BPMNShape_EndEvent_09bmdty">
        <omgdc:Bounds height="36.0" width="36.0" x="552.0" y="392.0"></omgdc:Bounds>
      </bpmndi:BPMNShape>
      <bpmndi:BPMNShape bpmnElement="ServiceTask_0fyf0s4" id="BPMNShape_ServiceTask_0fyf0s4">
        <omgdc:Bounds height="80.0" width="100.0" x="380.0" y="460.0"></omgdc:Bounds>
      </bpmndi:BPMNShape>
      <bpmndi:BPMNShape bpmnElement="EndEvent_0qinfru" id="BPMNShape_EndEvent_0qinfru">
        <omgdc:Bounds height="36.0" width="36.0" x="552.0" y="482.0"></omgdc:Bounds>
      </bpmndi:BPMNShape>
      <bpmndi:BPMNShape bpmnElement="ServiceTask_1cabvcz" id="BPMNShape_ServiceTask_1cabvcz">
        <omgdc:Bounds height="80.0" width="100.0" x="380.0" y="550.0"></omgdc:Bounds>
      </bpmndi:BPMNShape>
      <bpmndi:BPMNShape bpmnElement="EndEvent_0r3ijiz" id="BPMNShape_EndEvent_0r3ijiz">
        <omgdc:Bounds height="36.0" width="36.0" x="552.0" y="572.0"></omgdc:Bounds>
      </bpmndi:BPMNShape>
      <bpmndi:BPMNShape bpmnElement="ServiceTask_1k7aiwo" id="BPMNShape_ServiceTask_1k7aiwo">
        <omgdc:Bounds height="80.0" width="100.0" x="380.0" y="640.0"></omgdc:Bounds>
      </bpmndi:BPMNShape>
      <bpmndi:BPMNShape bpmnElement="EndEvent_1lzdbv5" id="BPMNShape_EndEvent_1lzdbv5">
        <omgdc:Bounds height="36.0" width="36.0" x="562.0" y="662.0"></omgdc:Bounds>
      </bpmndi:BPMNShape>
      <bpmndi:BPMNShape bpmnElement="ServiceTask_0akn3d1" id="BPMNShape_ServiceTask_0akn3d1">
        <omgdc:Bounds height="80.0" width="100.0" x="380.0" y="730.0"></omgdc:Bounds>
      </bpmndi:BPMNShape>
      <bpmndi:BPMNShape bpmnElement="EndEvent_11uerwh" id="BPMNShape_EndEvent_11uerwh">
        <omgdc:Bounds height="36.0" width="36.0" x="562.0" y="752.0"></omgdc:Bounds>
      </bpmndi:BPMNShape>
      <bpmndi:BPMNShape bpmnElement="ServiceTask_03574k6" id="BPMNShape_ServiceTask_03574k6">
        <omgdc:Bounds height="80.0" width="100.0" x="380.0" y="820.0"></omgdc:Bounds>
      </bpmndi:BPMNShape>
      <bpmndi:BPMNShape bpmnElement="EndEvent_07yyeja" id="BPMNShape_EndEvent_07yyeja">
        <omgdc:Bounds height="36.0" width="36.0" x="562.0" y="842.0"></omgdc:Bounds>
      </bpmndi:BPMNShape>
      <bpmndi:BPMNEdge bpmnElement="SequenceFlow_1yusk51" id="BPMNEdge_SequenceFlow_1yusk51">
        <omgdi:waypoint x="178.0" y="250.0"></omgdi:waypoint>
        <omgdi:waypoint x="225.0" y="250.0"></omgdi:waypoint>
      </bpmndi:BPMNEdge>
      <bpmndi:BPMNEdge bpmnElement="SequenceFlow_1yxi6m3" id="BPMNEdge_SequenceFlow_1yxi6m3">
        <omgdi:waypoint x="250.0" y="225.0"></omgdi:waypoint>
        <omgdi:waypoint x="250.0" y="50.0"></omgdi:waypoint>
        <omgdi:waypoint x="380.0" y="50.0"></omgdi:waypoint>
        <bpmndi:BPMNLabel>
          <omgdc:Bounds height="14.0" width="39.0" x="290.0" y="23.0"></omgdc:Bounds>
        </bpmndi:BPMNLabel>
      </bpmndi:BPMNEdge>
      <bpmndi:BPMNEdge bpmnElement="SequenceFlow_1fbdftb" id="BPMNEdge_SequenceFlow_1fbdftb">
        <omgdi:waypoint x="480.0" y="50.0"></omgdi:waypoint>
        <omgdi:waypoint x="552.0" y="50.0"></omgdi:waypoint>
      </bpmndi:BPMNEdge>
      <bpmndi:BPMNEdge bpmnElement="SequenceFlow_0yai9hc" id="BPMNEdge_SequenceFlow_0yai9hc">
        <omgdi:waypoint x="250.0" y="225.0"></omgdi:waypoint>
        <omgdi:waypoint x="250.0" y="140.0"></omgdi:waypoint>
        <omgdi:waypoint x="380.0" y="140.0"></omgdi:waypoint>
        <bpmndi:BPMNLabel>
          <omgdc:Bounds height="14.0" width="23.0" x="298.0" y="123.0"></omgdc:Bounds>
        </bpmndi:BPMNLabel>
      </bpmndi:BPMNEdge>
      <bpmndi:BPMNEdge bpmnElement="SequenceFlow_0xrt2as" id="BPMNEdge_SequenceFlow_0xrt2as">
        <omgdi:waypoint x="480.0" y="140.0"></omgdi:waypoint>
        <omgdi:waypoint x="552.0" y="140.0"></omgdi:waypoint>
      </bpmndi:BPMNEdge>
      <bpmndi:BPMNEdge bpmnElement="SequenceFlow_0jlcujp" id="BPMNEdge_SequenceFlow_0jlcujp">
        <omgdi:waypoint x="275.0" y="250.0"></omgdi:waypoint>
        <omgdi:waypoint x="328.0" y="250.0"></omgdi:waypoint>
        <omgdi:waypoint x="328.0" y="230.0"></omgdi:waypoint>
        <omgdi:waypoint x="380.0" y="230.0"></omgdi:waypoint>
        <bpmndi:BPMNLabel>
          <omgdc:Bounds height="14.0" width="44.0" x="288.0" y="213.0"></omgdc:Bounds>
        </bpmndi:BPMNLabel>
      </bpmndi:BPMNEdge>
      <bpmndi:BPMNEdge bpmnElement="SequenceFlow_11fu13s" id="BPMNEdge_SequenceFlow_11fu13s">
        <omgdi:waypoint x="480.0" y="230.0"></omgdi:waypoint>
        <omgdi:waypoint x="552.0" y="230.0"></omgdi:waypoint>
      </bpmndi:BPMNEdge>
      <bpmndi:BPMNEdge bpmnElement="SequenceFlow_1ifobb1" id="BPMNEdge_SequenceFlow_1ifobb1">
        <omgdi:waypoint x="480.0" y="320.0"></omgdi:waypoint>
        <omgdi:waypoint x="552.0" y="320.0"></omgdi:waypoint>
      </bpmndi:BPMNEdge>
      <bpmndi:BPMNEdge bpmnElement="SequenceFlow_0rk6szy" id="BPMNEdge_SequenceFlow_0rk6szy">
        <omgdi:waypoint x="250.0" y="275.0"></omgdi:waypoint>
        <omgdi:waypoint x="250.0" y="320.0"></omgdi:waypoint>
        <omgdi:waypoint x="380.0" y="320.0"></omgdi:waypoint>
        <bpmndi:BPMNLabel>
          <omgdc:Bounds height="14.0" width="44.0" x="288.0" y="295.0"></omgdc:Bounds>
        </bpmndi:BPMNLabel>
      </bpmndi:BPMNEdge>
      <bpmndi:BPMNEdge bpmnElement="SequenceFlow_0awriac" id="BPMNEdge_SequenceFlow_0awriac">
        <omgdi:waypoint x="480.0" y="410.0"></omgdi:waypoint>
        <omgdi:waypoint x="552.0" y="410.0"></omgdi:waypoint>
      </bpmndi:BPMNEdge>
      <bpmndi:BPMNEdge bpmnElement="SequenceFlow_0c4dtgd" id="BPMNEdge_SequenceFlow_0c4dtgd">
        <omgdi:waypoint x="250.0" y="275.0"></omgdi:waypoint>
        <omgdi:waypoint x="250.0" y="410.0"></omgdi:waypoint>
        <omgdi:waypoint x="380.0" y="410.0"></omgdi:waypoint>
        <bpmndi:BPMNLabel>
          <omgdc:Bounds height="14.0" width="43.0" x="288.0" y="393.0"></omgdc:Bounds>
        </bpmndi:BPMNLabel>
      </bpmndi:BPMNEdge>
      <bpmndi:BPMNEdge bpmnElement="SequenceFlow_1he2tf2" id="BPMNEdge_SequenceFlow_1he2tf2">
        <omgdi:waypoint x="480.0" y="500.0"></omgdi:waypoint>
        <omgdi:waypoint x="552.0" y="500.0"></omgdi:waypoint>
      </bpmndi:BPMNEdge>
      <bpmndi:BPMNEdge bpmnElement="SequenceFlow_1gtwxp7" id="BPMNEdge_SequenceFlow_1gtwxp7">
        <omgdi:waypoint x="250.0" y="275.0"></omgdi:waypoint>
        <omgdi:waypoint x="250.0" y="500.0"></omgdi:waypoint>
        <omgdi:waypoint x="380.0" y="500.0"></omgdi:waypoint>
        <bpmndi:BPMNLabel>
          <omgdc:Bounds height="14.0" width="88.0" x="266.0" y="473.0"></omgdc:Bounds>
        </bpmndi:BPMNLabel>
      </bpmndi:BPMNEdge>
      <bpmndi:BPMNEdge bpmnElement="SequenceFlow_1vpifly" id="BPMNEdge_SequenceFlow_1vpifly">
        <omgdi:waypoint x="480.0" y="590.0"></omgdi:waypoint>
        <omgdi:waypoint x="552.0" y="590.0"></omgdi:waypoint>
      </bpmndi:BPMNEdge>
      <bpmndi:BPMNEdge bpmnElement="SequenceFlow_08xtxtm" id="BPMNEdge_SequenceFlow_08xtxtm">
        <omgdi:waypoint x="250.0" y="275.0"></omgdi:waypoint>
        <omgdi:waypoint x="250.0" y="590.0"></omgdi:waypoint>
        <omgdi:waypoint x="380.0" y="590.0"></omgdi:waypoint>
        <bpmndi:BPMNLabel>
          <omgdc:Bounds height="27.0" width="88.0" x="266.0" y="556.0"></omgdc:Bounds>
        </bpmndi:BPMNLabel>
      </bpmndi:BPMNEdge>
      <bpmndi:BPMNEdge bpmnElement="SequenceFlow_1k31o0e" id="BPMNEdge_SequenceFlow_1k31o0e">
        <omgdi:waypoint x="480.0" y="680.0"></omgdi:waypoint>
        <omgdi:waypoint x="562.0" y="680.0"></omgdi:waypoint>
      </bpmndi:BPMNEdge>
      <bpmndi:BPMNEdge bpmnElement="SequenceFlow_1wu4lin" id="BPMNEdge_SequenceFlow_1wu4lin">
        <omgdi:waypoint x="250.0" y="275.0"></omgdi:waypoint>
        <omgdi:waypoint x="250.0" y="680.0"></omgdi:waypoint>
        <omgdi:waypoint x="380.0" y="680.0"></omgdi:waypoint>
        <bpmndi:BPMNLabel>
          <omgdc:Bounds height="27.0" width="80.0" x="270.0" y="636.0"></omgdc:Bounds>
        </bpmndi:BPMNLabel>
      </bpmndi:BPMNEdge>
      <bpmndi:BPMNEdge bpmnElement="SequenceFlow_1ouvvxq" id="BPMNEdge_SequenceFlow_1ouvvxq">
        <omgdi:waypoint x="480.0" y="770.0"></omgdi:waypoint>
        <omgdi:waypoint x="562.0" y="770.0"></omgdi:waypoint>
      </bpmndi:BPMNEdge>
      <bpmndi:BPMNEdge bpmnElement="SequenceFlow_0p3snwj" id="BPMNEdge_SequenceFlow_0p3snwj">
        <omgdi:waypoint x="250.0" y="275.0"></omgdi:waypoint>
        <omgdi:waypoint x="250.0" y="770.0"></omgdi:waypoint>
        <omgdi:waypoint x="380.0" y="770.0"></omgdi:waypoint>
        <bpmndi:BPMNLabel>
          <omgdc:Bounds height="27.0" width="86.0" x="267.0" y="726.0"></omgdc:Bounds>
        </bpmndi:BPMNLabel>
      </bpmndi:BPMNEdge>
      <bpmndi:BPMNEdge bpmnElement="SequenceFlow_0s8woui" id="BPMNEdge_SequenceFlow_0s8woui">
        <omgdi:waypoint x="480.0" y="860.0"></omgdi:waypoint>
        <omgdi:waypoint x="562.0" y="860.0"></omgdi:waypoint>
      </bpmndi:BPMNEdge>
      <bpmndi:BPMNEdge bpmnElement="SequenceFlow_1khuqvt" id="BPMNEdge_SequenceFlow_1khuqvt">
        <omgdi:waypoint x="250.0" y="275.0"></omgdi:waypoint>
        <omgdi:waypoint x="250.0" y="860.0"></omgdi:waypoint>
        <omgdi:waypoint x="380.0" y="860.0"></omgdi:waypoint>
        <bpmndi:BPMNLabel>
          <omgdc:Bounds height="27.0" width="83.0" x="268.0" y="816.0"></omgdc:Bounds>
        </bpmndi:BPMNLabel>
      </bpmndi:BPMNEdge>
    </bpmndi:BPMNPlane>
  </bpmndi:BPMNDiagram>
</bpmn2:definitions>