{"id":"process-053d8c30-4924-4f22-a19e-c37bd9798bf4","type":"PROCESS","name":"salesforce","extensions":{"Process_vXKxSr2_X":{"constants":{},"mappings":{"ServiceTask_0wteecl":{"mappingType":"MAP_ALL"},"ServiceTask_0ubo1fj":{"mappingType":"MAP_ALL"},"ServiceTask_153lxvm":{"mappingType":"MAP_ALL"},"ServiceTask_1dhg81t":{"mappingType":"MAP_ALL"},"ServiceTask_1tvhlp8":{"mappingType":"MAP_ALL"},"ServiceTask_0fyf0s4":{"mappingType":"MAP_ALL"},"ServiceTask_1cabvcz":{"mappingType":"MAP_ALL"},"ServiceTask_1k7aiwo":{"mappingType":"MAP_ALL"},"ServiceTask_0akn3d1":{"mappingType":"MAP_ALL"},"ServiceTask_03574k6":{"mappingType":"MAP_ALL"}},"properties":{"803b201d-766f-4f76-8f9a-15c9f5143739":{"id":"803b201d-766f-4f76-8f9a-15c9f5143739","name":"action","type":"string","value":"","required":false}},"assignments":{}}}}