<?xml version="1.0" encoding="UTF-8"?>
<bpmn2:definitions xmlns="http://www.omg.org/spec/BPMN/20100524/MODEL" xmlns:bpmn2="http://www.omg.org/spec/BPMN/20100524/MODEL" xmlns:xsi="http://www.w3.org/2001/XMLSchema-instance" xmlns:xsd="http://www.w3.org/2001/XMLSchema" xmlns:activiti="http://activiti.org/bpmn" xmlns:bpmndi="http://www.omg.org/spec/BPMN/20100524/DI" xmlns:omgdc="http://www.omg.org/spec/DD/20100524/DC" xmlns:omgdi="http://www.omg.org/spec/DD/20100524/DI" typeLanguage="http://www.w3.org/2001/XMLSchema" expressionLanguage="http://www.w3.org/1999/XPath" targetNamespace="http://bpmn.io/schema/bpmn" id="model-46ea476b-1774-4490-82a5-61a7868431ce" name="slack" xsi:schemaLocation="http://www.omg.org/spec/BPMN/20100524/MODEL BPMN20.xsd">
  <bpmn2:process id="Process_Wyk4fS0_G" name="slack" isExecutable="true">
    <bpmn2:startEvent id="Event_1">
      <bpmn2:outgoing>SequenceFlow_1cj02en</bpmn2:outgoing>
    </bpmn2:startEvent>
    <bpmn2:sequenceFlow id="SequenceFlow_1cj02en" sourceRef="Event_1" targetRef="Gateway_0utclws"></bpmn2:sequenceFlow>
    <bpmn2:serviceTask id="ServiceTask_186kfrt" name="send-message" implementation="slack.SEND_MESSAGE">
      <bpmn2:incoming>SequenceFlow_18pwuco</bpmn2:incoming>
      <bpmn2:outgoing>SequenceFlow_1r0n3c4</bpmn2:outgoing>
    </bpmn2:serviceTask>
    <bpmn2:sequenceFlow id="SequenceFlow_18pwuco" name="send" sourceRef="Gateway_0utclws" targetRef="ServiceTask_186kfrt"></bpmn2:sequenceFlow>
    <bpmn2:endEvent id="EndEvent_06o5h53">
      <bpmn2:incoming>SequenceFlow_1r0n3c4</bpmn2:incoming>
      <bpmn2:incoming>SequenceFlow_1poefiq</bpmn2:incoming>
    </bpmn2:endEvent>
    <bpmn2:sequenceFlow id="SequenceFlow_1r0n3c4" sourceRef="ServiceTask_186kfrt" targetRef="EndEvent_06o5h53"></bpmn2:sequenceFlow>
    <bpmn2:serviceTask id="ServiceTask_1fk6t17" name="create-channel" implementation="slack.CREATE_CHANNEL">
      <bpmn2:incoming>SequenceFlow_0ohilnh</bpmn2:incoming>
      <bpmn2:outgoing>SequenceFlow_1adp63k</bpmn2:outgoing>
    </bpmn2:serviceTask>
    <bpmn2:sequenceFlow id="SequenceFlow_0ohilnh" name="create" sourceRef="Gateway_0utclws" targetRef="ServiceTask_1fk6t17">
      <conditionExpression xsi:type="tFormalExpression"><![CDATA[${action=='CREATE_CHANNEL'}]]></conditionExpression>
    </bpmn2:sequenceFlow>
    <bpmn2:endEvent id="EndEvent_0ath0e6">
      <bpmn2:incoming>SequenceFlow_1adp63k</bpmn2:incoming>
      <bpmn2:incoming>SequenceFlow_1p4cr1o</bpmn2:incoming>
    </bpmn2:endEvent>
    <bpmn2:sequenceFlow id="SequenceFlow_1adp63k" sourceRef="ServiceTask_1fk6t17" targetRef="EndEvent_0ath0e6"></bpmn2:sequenceFlow>
    <bpmn2:exclusiveGateway id="Gateway_0utclws" name="action" default="SequenceFlow_18pwuco">
      <bpmn2:incoming>SequenceFlow_1cj02en</bpmn2:incoming>
      <bpmn2:outgoing>SequenceFlow_18pwuco</bpmn2:outgoing>
      <bpmn2:outgoing>SequenceFlow_0ohilnh</bpmn2:outgoing>
    </bpmn2:exclusiveGateway>
    <bpmn2:boundaryEvent id="IntermediateThrowEvent_1fdgxwd" attachedToRef="ServiceTask_186kfrt">
      <bpmn2:outgoing>SequenceFlow_1poefiq</bpmn2:outgoing>
      <errorEventDefinition></errorEventDefinition>
    </bpmn2:boundaryEvent>
    <bpmn2:sequenceFlow id="SequenceFlow_1poefiq" sourceRef="IntermediateThrowEvent_1fdgxwd" targetRef="EndEvent_06o5h53"></bpmn2:sequenceFlow>
    <bpmn2:boundaryEvent id="IntermediateThrowEvent_16wo9t5" attachedToRef="ServiceTask_1fk6t17">
      <bpmn2:outgoing>SequenceFlow_1p4cr1o</bpmn2:outgoing>
      <errorEventDefinition></errorEventDefinition>
    </bpmn2:boundaryEvent>
    <bpmn2:sequenceFlow id="SequenceFlow_1p4cr1o" sourceRef="IntermediateThrowEvent_16wo9t5" targetRef="EndEvent_0ath0e6"></bpmn2:sequenceFlow>
  </bpmn2:process>
  <bpmndi:BPMNDiagram id="BPMNDiagram_Process_Wyk4fS0_G">
    <bpmndi:BPMNPlane bpmnElement="Process_Wyk4fS0_G" id="BPMNPlane_Process_Wyk4fS0_G">
      <bpmndi:BPMNShape bpmnElement="Event_1" id="BPMNShape_Event_1">
        <omgdc:Bounds height="36.0" width="36.0" x="342.0" y="240.0"></omgdc:Bounds>
      </bpmndi:BPMNShape>
      <bpmndi:BPMNShape bpmnElement="ServiceTask_186kfrt" id="BPMNShape_ServiceTask_186kfrt">
        <omgdc:Bounds height="80.0" width="100.0" x="580.0" y="80.0"></omgdc:Bounds>
      </bpmndi:BPMNShape>
      <bpmndi:BPMNShape bpmnElement="EndEvent_06o5h53" id="BPMNShape_EndEvent_06o5h53">
        <omgdc:Bounds height="36.0" width="36.0" x="792.0" y="102.0"></omgdc:Bounds>
      </bpmndi:BPMNShape>
      <bpmndi:BPMNShape bpmnElement="ServiceTask_1fk6t17" id="BPMNShape_ServiceTask_1fk6t17">
        <omgdc:Bounds height="80.0" width="100.0" x="580.0" y="360.0"></omgdc:Bounds>
      </bpmndi:BPMNShape>
      <bpmndi:BPMNShape bpmnElement="EndEvent_0ath0e6" id="BPMNShape_EndEvent_0ath0e6">
        <omgdc:Bounds height="36.0" width="36.0" x="792.0" y="382.0"></omgdc:Bounds>
      </bpmndi:BPMNShape>
      <bpmndi:BPMNShape bpmnElement="Gateway_0utclws" id="BPMNShape_Gateway_0utclws">
        <omgdc:Bounds height="50.0" width="50.0" x="425.0" y="233.0"></omgdc:Bounds>
      </bpmndi:BPMNShape>
      <bpmndi:BPMNShape bpmnElement="IntermediateThrowEvent_1fdgxwd" id="BPMNShape_IntermediateThrowEvent_1fdgxwd">
        <omgdc:Bounds height="36.0" width="36.0" x="612.0" y="142.0"></omgdc:Bounds>
      </bpmndi:BPMNShape>
      <bpmndi:BPMNShape bpmnElement="IntermediateThrowEvent_16wo9t5" id="BPMNShape_IntermediateThrowEvent_16wo9t5">
        <omgdc:Bounds height="36.0" width="36.0" x="612.0" y="342.0"></omgdc:Bounds>
      </bpmndi:BPMNShape>
      <bpmndi:BPMNEdge bpmnElement="SequenceFlow_1cj02en" id="BPMNEdge_SequenceFlow_1cj02en">
        <omgdi:waypoint x="378.0" y="258.0"></omgdi:waypoint>
        <omgdi:waypoint x="425.0" y="258.0"></omgdi:waypoint>
      </bpmndi:BPMNEdge>
      <bpmndi:BPMNEdge bpmnElement="SequenceFlow_18pwuco" id="BPMNEdge_SequenceFlow_18pwuco">
        <omgdi:waypoint x="450.0" y="233.0"></omgdi:waypoint>
        <omgdi:waypoint x="450.0" y="120.0"></omgdi:waypoint>
        <omgdi:waypoint x="580.0" y="120.0"></omgdi:waypoint>
      </bpmndi:BPMNEdge>
      <bpmndi:BPMNEdge bpmnElement="SequenceFlow_1r0n3c4" id="BPMNEdge_SequenceFlow_1r0n3c4">
        <omgdi:waypoint x="680.0" y="120.0"></omgdi:waypoint>
        <omgdi:waypoint x="792.0" y="120.0"></omgdi:waypoint>
      </bpmndi:BPMNEdge>
      <bpmndi:BPMNEdge bpmnElement="SequenceFlow_0ohilnh" id="BPMNEdge_SequenceFlow_0ohilnh">
        <omgdi:waypoint x="450.0" y="283.0"></omgdi:waypoint>
        <omgdi:waypoint x="450.0" y="400.0"></omgdi:waypoint>
        <omgdi:waypoint x="580.0" y="400.0"></omgdi:waypoint>
      </bpmndi:BPMNEdge>
      <bpmndi:BPMNEdge bpmnElement="SequenceFlow_1adp63k" id="BPMNEdge_SequenceFlow_1adp63k">
        <omgdi:waypoint x="680.0" y="400.0"></omgdi:waypoint>
        <omgdi:waypoint x="792.0" y="400.0"></omgdi:waypoint>
      </bpmndi:BPMNEdge>
      <bpmndi:BPMNEdge bpmnElement="SequenceFlow_1poefiq" id="BPMNEdge_SequenceFlow_1poefiq">
        <omgdi:waypoint x="630.0" y="178.0"></omgdi:waypoint>
        <omgdi:waypoint x="630.0" y="198.0"></omgdi:waypoint>
        <omgdi:waypoint x="810.0" y="198.0"></omgdi:waypoint>
        <omgdi:waypoint x="810.0" y="138.0"></omgdi:waypoint>
      </bpmndi:BPMNEdge>
      <bpmndi:BPMNEdge bpmnElement="SequenceFlow_1p4cr1o" id="BPMNEdge_SequenceFlow_1p4cr1o">
        <omgdi:waypoint x="630.0" y="342.0"></omgdi:waypoint>
        <omgdi:waypoint x="630.0" y="322.0"></omgdi:waypoint>
        <omgdi:waypoint x="810.0" y="322.0"></omgdi:waypoint>
        <omgdi:waypoint x="810.0" y="382.0"></omgdi:waypoint>
      </bpmndi:BPMNEdge>
    </bpmndi:BPMNPlane>
  </bpmndi:BPMNDiagram>
</bpmn2:definitions>