<?xml version="1.0" encoding="UTF-8"?>
<bpmn2:definitions xmlns="http://www.omg.org/spec/BPMN/20100524/MODEL" xmlns:bpmn2="http://www.omg.org/spec/BPMN/20100524/MODEL" xmlns:xsi="http://www.w3.org/2001/XMLSchema-instance" xmlns:xsd="http://www.w3.org/2001/XMLSchema" xmlns:activiti="http://activiti.org/bpmn" xmlns:bpmndi="http://www.omg.org/spec/BPMN/20100524/DI" xmlns:omgdc="http://www.omg.org/spec/DD/20100524/DC" xmlns:omgdi="http://www.omg.org/spec/DD/20100524/DI" xmlns:dc="http://www.omg.org/spec/DD/20100524/DC" xmlns:di="http://www.omg.org/spec/DD/20100524/DI" typeLanguage="http://www.w3.org/2001/XMLSchema" expressionLanguage="http://www.w3.org/1999/XPath" targetNamespace="http://bpmn.io/schema/bpmn" id="model-4722575a-269a-49f8-96f9-faa64569080e" name="teams" xsi:schemaLocation="http://www.omg.org/spec/BPMN/20100524/MODEL BPMN20.xsd">
  <bpmn2:process id="Process_RejU7lb1O" name="teams" isExecutable="true">
    <bpmn2:startEvent id="Event_1">
      <bpmn2:outgoing>SequenceFlow_0d96g7q</bpmn2:outgoing>
    </bpmn2:startEvent>
    <bpmn2:serviceTask id="ServiceTask_0ehcl4p" name="create_channel" implementation="teams.CREATE_CHANNEL">
      <bpmn2:incoming>SequenceFlow_0brkmla</bpmn2:incoming>
      <bpmn2:outgoing>SequenceFlow_1szjog5</bpmn2:outgoing>
    </bpmn2:serviceTask>
    <bpmn2:endEvent id="EndEvent_0wajyea">
      <bpmn2:incoming>SequenceFlow_1szjog5</bpmn2:incoming>
    </bpmn2:endEvent>
    <bpmn2:sequenceFlow id="SequenceFlow_1szjog5" sourceRef="ServiceTask_0ehcl4p" targetRef="EndEvent_0wajyea"></bpmn2:sequenceFlow>
    <bpmn2:exclusiveGateway id="Gateway_0fpmi38">
      <bpmn2:incoming>SequenceFlow_0d96g7q</bpmn2:incoming>
      <bpmn2:outgoing>SequenceFlow_0brkmla</bpmn2:outgoing>
      <bpmn2:outgoing>SequenceFlow_1up3sik</bpmn2:outgoing>
      <bpmn2:outgoing>SequenceFlow_1cicrhl</bpmn2:outgoing>
    </bpmn2:exclusiveGateway>
    <bpmn2:sequenceFlow id="SequenceFlow_0d96g7q" sourceRef="Event_1" targetRef="Gateway_0fpmi38"></bpmn2:sequenceFlow>
    <bpmn2:sequenceFlow id="SequenceFlow_0brkmla" name="create_channel" sourceRef="Gateway_0fpmi38" targetRef="ServiceTask_0ehcl4p">
      <conditionExpression xsi:type="tFormalExpression"><![CDATA[${(action eq 'CREATE_CHANNEL')}]]></conditionExpression>
    </bpmn2:sequenceFlow>
    <bpmn2:serviceTask id="ServiceTask_14bvyyv" name="get_teams" implementation="teams.GET_TEAMS">
      <bpmn2:incoming>SequenceFlow_1up3sik</bpmn2:incoming>
      <bpmn2:outgoing>SequenceFlow_1mv8ded</bpmn2:outgoing>
    </bpmn2:serviceTask>
    <bpmn2:serviceTask id="ServiceTask_03ldyjx" name="get_channels" implementation="teams.GET_CHANNELS">
      <bpmn2:incoming>SequenceFlow_1cicrhl</bpmn2:incoming>
      <bpmn2:outgoing>SequenceFlow_1it0hib</bpmn2:outgoing>
    </bpmn2:serviceTask>
    <bpmn2:sequenceFlow id="SequenceFlow_1up3sik" name="get_teams" sourceRef="Gateway_0fpmi38" targetRef="ServiceTask_14bvyyv">
      <conditionExpression xsi:type="tFormalExpression"><![CDATA[${(action eq 'GET_TEAMS')}]]></conditionExpression>
    </bpmn2:sequenceFlow>
    <bpmn2:sequenceFlow id="SequenceFlow_1cicrhl" name="get_channels" sourceRef="Gateway_0fpmi38" targetRef="ServiceTask_03ldyjx">
      <conditionExpression xsi:type="tFormalExpression"><![CDATA[${(action eq 'GET_CHANNELS')}]]></conditionExpression>
    </bpmn2:sequenceFlow>
    <bpmn2:endEvent id="EndEvent_0eegczb">
      <bpmn2:incoming>SequenceFlow_1mv8ded</bpmn2:incoming>
    </bpmn2:endEvent>
    <bpmn2:sequenceFlow id="SequenceFlow_1mv8ded" sourceRef="ServiceTask_14bvyyv" targetRef="EndEvent_0eegczb"></bpmn2:sequenceFlow>
    <bpmn2:endEvent id="EndEvent_1lbhper">
      <bpmn2:incoming>SequenceFlow_1it0hib</bpmn2:incoming>
    </bpmn2:endEvent>
    <bpmn2:sequenceFlow id="SequenceFlow_1it0hib" sourceRef="ServiceTask_03ldyjx" targetRef="EndEvent_1lbhper"></bpmn2:sequenceFlow>
  </bpmn2:process>
  <bpmndi:BPMNDiagram id="BPMNDiagram_Process_RejU7lb1O">
    <bpmndi:BPMNPlane bpmnElement="Process_RejU7lb1O" id="BPMNPlane_Process_RejU7lb1O">
      <bpmndi:BPMNShape bpmnElement="Event_1" id="BPMNShape_Event_1">
        <omgdc:Bounds height="36.0" width="36.0" x="252.0" y="240.0"></omgdc:Bounds>
      </bpmndi:BPMNShape>
      <bpmndi:BPMNShape bpmnElement="ServiceTask_0ehcl4p" id="BPMNShape_ServiceTask_0ehcl4p">
        <omgdc:Bounds height="80.0" width="100.0" x="490.0" y="80.0"></omgdc:Bounds>
      </bpmndi:BPMNShape>
      <bpmndi:BPMNShape bpmnElement="EndEvent_0wajyea" id="BPMNShape_EndEvent_0wajyea">
        <omgdc:Bounds height="36.0" width="36.0" x="662.0" y="102.0"></omgdc:Bounds>
      </bpmndi:BPMNShape>
      <bpmndi:BPMNShape bpmnElement="Gateway_0fpmi38" id="BPMNShape_Gateway_0fpmi38">
        <omgdc:Bounds height="50.0" width="50.0" x="355.0" y="233.0"></omgdc:Bounds>
      </bpmndi:BPMNShape>
      <bpmndi:BPMNShape bpmnElement="ServiceTask_14bvyyv" id="BPMNShape_ServiceTask_14bvyyv">
        <omgdc:Bounds height="80.0" width="100.0" x="490.0" y="218.0"></omgdc:Bounds>
      </bpmndi:BPMNShape>
      <bpmndi:BPMNShape bpmnElement="ServiceTask_03ldyjx" id="BPMNShape_ServiceTask_03ldyjx">
        <omgdc:Bounds height="80.0" width="100.0" x="490.0" y="350.0"></omgdc:Bounds>
      </bpmndi:BPMNShape>
      <bpmndi:BPMNShape bpmnElement="EndEvent_0eegczb" id="BPMNShape_EndEvent_0eegczb">
        <omgdc:Bounds height="36.0" width="36.0" x="662.0" y="240.0"></omgdc:Bounds>
      </bpmndi:BPMNShape>
      <bpmndi:BPMNShape bpmnElement="EndEvent_1lbhper" id="BPMNShape_EndEvent_1lbhper">
        <omgdc:Bounds height="36.0" width="36.0" x="662.0" y="372.0"></omgdc:Bounds>
      </bpmndi:BPMNShape>
      <bpmndi:BPMNEdge bpmnElement="SequenceFlow_1szjog5" id="BPMNEdge_SequenceFlow_1szjog5">
        <omgdi:waypoint x="590.0" y="120.0"></omgdi:waypoint>
        <omgdi:waypoint x="662.0" y="120.0"></omgdi:waypoint>
      </bpmndi:BPMNEdge>
      <bpmndi:BPMNEdge bpmnElement="SequenceFlow_0d96g7q" id="BPMNEdge_SequenceFlow_0d96g7q">
        <omgdi:waypoint x="288.0" y="258.0"></omgdi:waypoint>
        <omgdi:waypoint x="355.0" y="258.0"></omgdi:waypoint>
      </bpmndi:BPMNEdge>
      <bpmndi:BPMNEdge bpmnElement="SequenceFlow_0brkmla" id="BPMNEdge_SequenceFlow_0brkmla">
        <omgdi:waypoint x="380.0" y="233.0"></omgdi:waypoint>
        <omgdi:waypoint x="380.0" y="120.0"></omgdi:waypoint>
        <omgdi:waypoint x="490.0" y="120.0"></omgdi:waypoint>
        <bpmndi:BPMNLabel>
          <omgdc:Bounds height="14.0" width="76.0" x="379.0" y="103.0"></omgdc:Bounds>
        </bpmndi:BPMNLabel>
      </bpmndi:BPMNEdge>
      <bpmndi:BPMNEdge bpmnElement="SequenceFlow_1up3sik" id="BPMNEdge_SequenceFlow_1up3sik">
        <omgdi:waypoint x="405.0" y="258.0"></omgdi:waypoint>
        <omgdi:waypoint x="490.0" y="258.0"></omgdi:waypoint>
        <bpmndi:BPMNLabel>
          <omgdc:Bounds height="14.0" width="52.0" x="422.0" y="240.0"></omgdc:Bounds>
        </bpmndi:BPMNLabel>
      </bpmndi:BPMNEdge>
      <bpmndi:BPMNEdge bpmnElement="SequenceFlow_1cicrhl" id="BPMNEdge_SequenceFlow_1cicrhl">
        <omgdi:waypoint x="380.0" y="283.0"></omgdi:waypoint>
        <omgdi:waypoint x="380.0" y="390.0"></omgdi:waypoint>
        <omgdi:waypoint x="490.0" y="390.0"></omgdi:waypoint>
        <bpmndi:BPMNLabel>
          <omgdc:Bounds height="14.0" width="66.0" x="407.0" y="373.0"></omgdc:Bounds>
        </bpmndi:BPMNLabel>
      </bpmndi:BPMNEdge>
      <bpmndi:BPMNEdge bpmnElement="SequenceFlow_1mv8ded" id="BPMNEdge_SequenceFlow_1mv8ded">
        <omgdi:waypoint x="590.0" y="258.0"></omgdi:waypoint>
        <omgdi:waypoint x="662.0" y="258.0"></omgdi:waypoint>
      </bpmndi:BPMNEdge>
      <bpmndi:BPMNEdge bpmnElement="SequenceFlow_1it0hib" id="BPMNEdge_SequenceFlow_1it0hib">
        <omgdi:waypoint x="590.0" y="390.0"></omgdi:waypoint>
        <omgdi:waypoint x="662.0" y="390.0"></omgdi:waypoint>
      </bpmndi:BPMNEdge>
    </bpmndi:BPMNPlane>
  </bpmndi:BPMNDiagram>
</bpmn2:definitions>