<?xml version="1.0" encoding="UTF-8"?>
<bpmn2:definitions xmlns="http://www.omg.org/spec/BPMN/20100524/MODEL" xmlns:bpmn2="http://www.omg.org/spec/BPMN/20100524/MODEL" xmlns:xsi="http://www.w3.org/2001/XMLSchema-instance" xmlns:xsd="http://www.w3.org/2001/XMLSchema" xmlns:activiti="http://activiti.org/bpmn" xmlns:bpmndi="http://www.omg.org/spec/BPMN/20100524/DI" xmlns:omgdc="http://www.omg.org/spec/DD/20100524/DC" xmlns:omgdi="http://www.omg.org/spec/DD/20100524/DI" typeLanguage="http://www.w3.org/2001/XMLSchema" expressionLanguage="http://www.w3.org/1999/XPath" targetNamespace="http://bpmn.io/schema/bpmn" id="model-d7308360-f2db-49ff-88af-6b66b050483e" name="textract" xsi:schemaLocation="http://www.omg.org/spec/BPMN/20100524/MODEL BPMN20.xsd">
  <bpmn2:process id="Process_3_yAE57Vv" name="textract" isExecutable="true">
    <bpmn2:startEvent id="Event_1">
      <bpmn2:outgoing>SequenceFlow_1re1xrq</bpmn2:outgoing>
    </bpmn2:startEvent>
    <bpmn2:serviceTask id="ServiceTask_1eb0xje" name="textract" implementation="textract.EXTRACT">
      <bpmn2:incoming>SequenceFlow_1re1xrq</bpmn2:incoming>
      <bpmn2:outgoing>SequenceFlow_0vac3jz</bpmn2:outgoing>
    </bpmn2:serviceTask>
    <bpmn2:sequenceFlow id="SequenceFlow_1re1xrq" sourceRef="Event_1" targetRef="ServiceTask_1eb0xje"></bpmn2:sequenceFlow>
    <bpmn2:endEvent id="EndEvent_02edzq0">
      <bpmn2:incoming>SequenceFlow_0vac3jz</bpmn2:incoming>
      <bpmn2:incoming>SequenceFlow_006nma1</bpmn2:incoming>
    </bpmn2:endEvent>
    <bpmn2:sequenceFlow id="SequenceFlow_0vac3jz" sourceRef="ServiceTask_1eb0xje" targetRef="EndEvent_02edzq0"></bpmn2:sequenceFlow>
    <bpmn2:boundaryEvent id="IntermediateThrowEvent_0j865fh" attachedToRef="ServiceTask_1eb0xje">
      <bpmn2:outgoing>SequenceFlow_006nma1</bpmn2:outgoing>
      <errorEventDefinition></errorEventDefinition>
    </bpmn2:boundaryEvent>
    <bpmn2:sequenceFlow id="SequenceFlow_006nma1" sourceRef="IntermediateThrowEvent_0j865fh" targetRef="EndEvent_02edzq0"></bpmn2:sequenceFlow>
  </bpmn2:process>
  <bpmndi:BPMNDiagram id="BPMNDiagram_Process_3_yAE57Vv">
    <bpmndi:BPMNPlane bpmnElement="Process_3_yAE57Vv" id="BPMNPlane_Process_3_yAE57Vv">
      <bpmndi:BPMNShape bpmnElement="Event_1" id="BPMNShape_Event_1">
        <omgdc:Bounds height="36.0" width="36.0" x="402.0" y="240.0"></omgdc:Bounds>
      </bpmndi:BPMNShape>
      <bpmndi:BPMNShape bpmnElement="ServiceTask_1eb0xje" id="BPMNShape_ServiceTask_1eb0xje">
        <omgdc:Bounds height="80.0" width="100.0" x="490.0" y="218.0"></omgdc:Bounds>
      </bpmndi:BPMNShape>
      <bpmndi:BPMNShape bpmnElement="EndEvent_02edzq0" id="BPMNShape_EndEvent_02edzq0">
        <omgdc:Bounds height="36.0" width="36.0" x="642.0" y="240.0"></omgdc:Bounds>
      </bpmndi:BPMNShape>
      <bpmndi:BPMNShape bpmnElement="IntermediateThrowEvent_0j865fh" id="BPMNShape_IntermediateThrowEvent_0j865fh">
        <omgdc:Bounds height="36.0" width="36.0" x="522.0" y="280.0"></omgdc:Bounds>
      </bpmndi:BPMNShape>
      <bpmndi:BPMNEdge bpmnElement="SequenceFlow_1re1xrq" id="BPMNEdge_SequenceFlow_1re1xrq">
        <omgdi:waypoint x="438.0" y="258.0"></omgdi:waypoint>
        <omgdi:waypoint x="490.0" y="258.0"></omgdi:waypoint>
      </bpmndi:BPMNEdge>
      <bpmndi:BPMNEdge bpmnElement="SequenceFlow_0vac3jz" id="BPMNEdge_SequenceFlow_0vac3jz">
        <omgdi:waypoint x="590.0" y="258.0"></omgdi:waypoint>
        <omgdi:waypoint x="642.0" y="258.0"></omgdi:waypoint>
      </bpmndi:BPMNEdge>
      <bpmndi:BPMNEdge bpmnElement="SequenceFlow_006nma1" id="BPMNEdge_SequenceFlow_006nma1">
        <omgdi:waypoint x="540.0" y="316.0"></omgdi:waypoint>
        <omgdi:waypoint x="540.0" y="336.0"></omgdi:waypoint>
        <omgdi:waypoint x="660.0" y="336.0"></omgdi:waypoint>
        <omgdi:waypoint x="660.0" y="276.0"></omgdi:waypoint>
      </bpmndi:BPMNEdge>
    </bpmndi:BPMNPlane>
  </bpmndi:BPMNDiagram>
</bpmn2:definitions>