<?xml version="1.0" encoding="UTF-8"?>
<bpmn2:definitions xmlns="http://www.omg.org/spec/BPMN/20100524/MODEL" xmlns:bpmn2="http://www.omg.org/spec/BPMN/20100524/MODEL" xmlns:xsi="http://www.w3.org/2001/XMLSchema-instance" xmlns:xsd="http://www.w3.org/2001/XMLSchema" xmlns:activiti="http://activiti.org/bpmn" xmlns:bpmndi="http://www.omg.org/spec/BPMN/20100524/DI" xmlns:omgdc="http://www.omg.org/spec/DD/20100524/DC" xmlns:omgdi="http://www.omg.org/spec/DD/20100524/DI" xmlns:dc="http://www.omg.org/spec/DD/20100524/DC" xmlns:di="http://www.omg.org/spec/DD/20100524/DI" typeLanguage="http://www.w3.org/2001/XMLSchema" expressionLanguage="http://www.w3.org/1999/XPath" targetNamespace="http://bpmn.io/schema/bpmn" id="model-b20b1576-85b4-4e05-b191-191366e85f20" name="transcribe" xsi:schemaLocation="http://www.omg.org/spec/BPMN/20100524/MODEL BPMN20.xsd">
  <bpmn2:process id="Process_ksdABzjUN" name="transcribe" isExecutable="true">
    <bpmn2:startEvent id="Event_1">
      <bpmn2:outgoing>SequenceFlow_1m8kqft</bpmn2:outgoing>
    </bpmn2:startEvent>
    <bpmn2:serviceTask id="ServiceTask_0lhk4nv" name="transcribe" implementation="transcribe.TRANSCRIBE">
      <bpmn2:incoming>SequenceFlow_1m8kqft</bpmn2:incoming>
      <bpmn2:outgoing>SequenceFlow_0d3efez</bpmn2:outgoing>
    </bpmn2:serviceTask>
    <bpmn2:sequenceFlow id="SequenceFlow_1m8kqft" sourceRef="Event_1" targetRef="ServiceTask_0lhk4nv"></bpmn2:sequenceFlow>
    <bpmn2:endEvent id="EndEvent_0f4d4am">
      <bpmn2:incoming>SequenceFlow_0d3efez</bpmn2:incoming>
      <bpmn2:incoming>SequenceFlow_190sn62</bpmn2:incoming>
    </bpmn2:endEvent>
    <bpmn2:sequenceFlow id="SequenceFlow_0d3efez" sourceRef="ServiceTask_0lhk4nv" targetRef="EndEvent_0f4d4am"></bpmn2:sequenceFlow>
    <bpmn2:boundaryEvent id="BoundaryEvent_0odfd02" attachedToRef="ServiceTask_0lhk4nv">
      <bpmn2:outgoing>SequenceFlow_190sn62</bpmn2:outgoing>
      <errorEventDefinition></errorEventDefinition>
    </bpmn2:boundaryEvent>
    <bpmn2:sequenceFlow id="SequenceFlow_190sn62" sourceRef="BoundaryEvent_0odfd02" targetRef="EndEvent_0f4d4am"></bpmn2:sequenceFlow>
  </bpmn2:process>
  <bpmndi:BPMNDiagram id="BPMNDiagram_Process_ksdABzjUN">
    <bpmndi:BPMNPlane bpmnElement="Process_ksdABzjUN" id="BPMNPlane_Process_ksdABzjUN">
      <bpmndi:BPMNShape bpmnElement="Event_1" id="BPMNShape_Event_1">
        <omgdc:Bounds height="36.0" width="36.0" x="412.0" y="240.0"></omgdc:Bounds>
      </bpmndi:BPMNShape>
      <bpmndi:BPMNShape bpmnElement="ServiceTask_0lhk4nv" id="BPMNShape_ServiceTask_0lhk4nv">
        <omgdc:Bounds height="80.0" width="100.0" x="490.0" y="218.0"></omgdc:Bounds>
      </bpmndi:BPMNShape>
      <bpmndi:BPMNShape bpmnElement="EndEvent_0f4d4am" id="BPMNShape_EndEvent_0f4d4am">
        <omgdc:Bounds height="36.0" width="36.0" x="652.0" y="240.0"></omgdc:Bounds>
      </bpmndi:BPMNShape>
      <bpmndi:BPMNShape bpmnElement="BoundaryEvent_0odfd02" id="BPMNShape_BoundaryEvent_0odfd02">
        <omgdc:Bounds height="36.0" width="36.0" x="522.0" y="280.0"></omgdc:Bounds>
      </bpmndi:BPMNShape>
      <bpmndi:BPMNEdge bpmnElement="SequenceFlow_1m8kqft" id="BPMNEdge_SequenceFlow_1m8kqft">
        <omgdi:waypoint x="448.0" y="258.0"></omgdi:waypoint>
        <omgdi:waypoint x="490.0" y="258.0"></omgdi:waypoint>
      </bpmndi:BPMNEdge>
      <bpmndi:BPMNEdge bpmnElement="SequenceFlow_0d3efez" id="BPMNEdge_SequenceFlow_0d3efez">
        <omgdi:waypoint x="590.0" y="258.0"></omgdi:waypoint>
        <omgdi:waypoint x="652.0" y="258.0"></omgdi:waypoint>
      </bpmndi:BPMNEdge>
      <bpmndi:BPMNEdge bpmnElement="SequenceFlow_190sn62" id="BPMNEdge_SequenceFlow_190sn62">
        <omgdi:waypoint x="540.0" y="316.0"></omgdi:waypoint>
        <omgdi:waypoint x="540.0" y="336.0"></omgdi:waypoint>
        <omgdi:waypoint x="670.0" y="336.0"></omgdi:waypoint>
        <omgdi:waypoint x="670.0" y="276.0"></omgdi:waypoint>
      </bpmndi:BPMNEdge>
    </bpmndi:BPMNPlane>
  </bpmndi:BPMNDiagram>
</bpmn2:definitions>