{"id":"process-573ee6d3-5630-4fc3-a875-840497a4d7fd","type":"PROCESS","name":"triggers-new","extensions":{"Process_pgpYL6-VQ":{"constants":{},"mappings":{},"properties":{"5355d221-89f8-4202-9161-cbbfb46e3034":{"id":"5355d221-89f8-4202-9161-cbbfb46e3034","name":"from","type":"string","value":"","required":false},"aa9d1c93-a6b6-4277-a7cf-ba383bdf4338":{"id":"aa9d1c93-a6b6-4277-a7cf-ba383bdf4338","name":"to","type":"string","value":"","required":false},"c9b730d6-a7e9-47d4-9c53-823ec10d6e7c":{"id":"c9b730d6-a7e9-47d4-9c53-823ec10d6e7c","name":"message","type":"string","value":"","required":false},"301b73eb-0953-4a81-8b21-39e93b4c0c82":{"id":"301b73eb-0953-4a81-8b21-39e93b4c0c82","name":"matchinGroups","type":"json","required":false}},"assignments":{}}}}