{"id":"process-08d993fe-0bae-4b2d-bc26-3d221fa7c17c","type":"PROCESS","name":"triggers","extensions":{"Process_8AhbwV1Z-":{"constants":{},"mappings":{},"properties":{"f3f8af0a-a86e-4262-86df-ba127a4aece2":{"id":"f3f8af0a-a86e-4262-86df-ba127a4aece2","name":"file","type":"file","required":false},"0466232c-8d79-48f3-a063-f5e1d19050a6":{"id":"0466232c-8d79-48f3-a063-f5e1d19050a6","name":"event","type":"json","required":false},"7efac926-721d-4091-86a2-4e0cbd005691":{"id":"7efac926-721d-4091-86a2-4e0cbd005691","name":"source","type":"string","value":"","required":false},"a399d7a7-bf21-4821-9bf7-d9ba7095c452":{"id":"a399d7a7-bf21-4821-9bf7-d9ba7095c452","name":"folder","type":"folder","required":false},"28100645-600f-4abd-9e83-c893b0226580":{"id":"28100645-600f-4abd-9e83-c893b0226580","name":"channelId","type":"string","value":"","required":false},"96c55a50-9775-40d6-8d8b-1b8437663fd5":{"id":"96c55a50-9775-40d6-8d8b-1b8437663fd5","name":"userId","type":"string","value":"","required":false},"8ccbd8be-b595-4219-ad06-db824a42ba9c":{"id":"8ccbd8be-b595-4219-ad06-db824a42ba9c","name":"text","type":"string","value":"","required":false},"13ac40c4-680d-4222-8e0a-2a3a618b7f0b":{"id":"13ac40c4-680d-4222-8e0a-2a3a618b7f0b","name":"emailFrom","type":"string","value":"","required":false},"ccc0d787-438c-4c08-bcf4-50c1cd908c7a":{"id":"ccc0d787-438c-4c08-bcf4-50c1cd908c7a","name":"emailTo","type":"string","value":"","required":false},"25b16728-c0cd-4203-b6d1-115dfcecbb7d":{"id":"25b16728-c0cd-4203-b6d1-115dfcecbb7d","name":"emailSubject","type":"string","value":"","required":false},"2587db6c-9d3f-4329-93d2-20560e6065f8":{"id":"2587db6c-9d3f-4329-93d2-20560e6065f8","name":"emailBody","type":"string","value":"","required":false}},"assignments":{}}}}