{"formRepresentation":{"id":"form-dd036246-0966-49ea-9d5a-def07a5e9fec","name":"upload-localfile-form","description":"","version":0,"standAlone":true,"formDefinition":{"tabs":[],"fields":[{"id":"d5516783-e4fb-4d48-bea0-43af9a214649","name":"Label","type":"container","tab":null,"numberOfColumns":2,"fields":{"1":[{"id":"UploadLocalFile","name":"Attach file","type":"upload","required":false,"colspan":1,"visibilityCondition":null,"params":{"existingColspan":1,"maxColspan":2,"fileSource":{"serviceId":"local-file","name":"Local File"},"multiple":false,"link":false}}],"2":[]}}],"outcomes":[],"metadata":{},"variables":[]}}}