<?xml version='1.0' encoding='UTF-8'?>
<definitions xmlns="http://www.omg.org/spec/BPMN/20100524/MODEL" xmlns:xsi="http://www.w3.org/2001/XMLSchema-instance" xmlns:xsd="http://www.w3.org/2001/XMLSchema" xmlns:activiti="http://activiti.org/bpmn" xmlns:bpmndi="http://www.omg.org/spec/BPMN/20100524/DI" xmlns:omgdc="http://www.omg.org/spec/DD/20100524/DC" xmlns:omgdi="http://www.omg.org/spec/DD/20100524/DI" typeLanguage="http://www.w3.org/2001/XMLSchema" expressionLanguage="http://www.w3.org/1999/XPath" targetNamespace="http://www.activiti.org/processdef" xmlns:modeler="http://activiti.com/modeler" modeler:version="1.0en" modeler:exportDateTime="20180911153500751" modeler:modelId="231" modeler:modelVersion="4" modeler:modelLastUpdated="1536680036245">
  <process id="DynamicTableProcess" name="DynamicTableProcess" isExecutable="true">
    <startEvent id="startEvent1" activiti:formKey="230">
      <extensionElements>
        <modeler:form-reference-id><![CDATA[230]]></modeler:form-reference-id>
        <modeler:form-reference-name><![CDATA[Dynamic Table]]></modeler:form-reference-name>
        <modeler:editor-resource-id><![CDATA[startEvent1]]></modeler:editor-resource-id>
      </extensionElements>
    </startEvent>
    <sequenceFlow id="sid-83B06F3F-D7EF-4B25-B670-E7CA156C9727" sourceRef="startEvent1" targetRef="sid-F868CD87-CE65-4599-A4B2-D4504ED055A7">
      <extensionElements>
        <modeler:editor-resource-id><![CDATA[sid-83B06F3F-D7EF-4B25-B670-E7CA156C9727]]></modeler:editor-resource-id>
      </extensionElements>
    </sequenceFlow>
    <endEvent id="sid-F868CD87-CE65-4599-A4B2-D4504ED055A7">
      <extensionElements>
        <modeler:editor-resource-id><![CDATA[sid-F868CD87-CE65-4599-A4B2-D4504ED055A7]]></modeler:editor-resource-id>
      </extensionElements>
    </endEvent>
  </process>
  <bpmndi:BPMNDiagram id="BPMNDiagram_DynamicTableProcess">
    <bpmndi:BPMNPlane bpmnElement="DynamicTableProcess" id="BPMNPlane_DynamicTableProcess">
      <bpmndi:BPMNShape bpmnElement="startEvent1" id="BPMNShape_startEvent1">
        <omgdc:Bounds height="30.0" width="30.0" x="100.0" y="163.0"/>
      </bpmndi:BPMNShape>
      <bpmndi:BPMNShape bpmnElement="sid-F868CD87-CE65-4599-A4B2-D4504ED055A7" id="BPMNShape_sid-F868CD87-CE65-4599-A4B2-D4504ED055A7">
        <omgdc:Bounds height="28.0" width="28.0" x="320.0" y="164.0"/>
      </bpmndi:BPMNShape>
      <bpmndi:BPMNEdge bpmnElement="sid-83B06F3F-D7EF-4B25-B670-E7CA156C9727" id="BPMNEdge_sid-83B06F3F-D7EF-4B25-B670-E7CA156C9727">
        <omgdi:waypoint x="130.0" y="178.0"/>
        <omgdi:waypoint x="320.0" y="178.0"/>
      </bpmndi:BPMNEdge>
    </bpmndi:BPMNPlane>
  </bpmndi:BPMNDiagram>
</definitions>