{"resourceId":231,"properties":{"process_id":"DynamicTableProcess","name":"DynamicTableProcess","documentation":"","process_author":"","process_version":"","process_namespace":"http://www.activiti.org/processdef","executionlisteners":"","eventlisteners":"","signaldefinitions":"","messagedefinitions":"","executionvariables":"","metadata":""},"stencil":{"id":"BPMNDiagram"},"childShapes":[{"resourceId":"startEvent1","properties":{"overrideid":"","name":"","documentation":"","executionlisteners":"","initiator":"","formkeydefinition":"","formreference":{"id":230,"name":"Dynamic Table","referenceId":null,"variablesmapping":[]},"fieldstovariables":"","formproperties":""},"stencil":{"id":"StartNoneEvent"},"childShapes":[],"outgoing":[{"resourceId":"sid-83B06F3F-D7EF-4B25-B670-E7CA156C9727"}],"bounds":{"lowerRight":{"x":130,"y":193},"upperLeft":{"x":100,"y":163}},"dockers":[]},{"resourceId":"sid-83B06F3F-D7EF-4B25-B670-E7CA156C9727","properties":{"overrideid":"","name":"","documentation":"","conditionsequenceflow":"","executionlisteners":"","defaultflow":"false","showdiamondmarker":false},"stencil":{"id":"SequenceFlow"},"childShapes":[],"outgoing":[{"resourceId":"sid-F868CD87-CE65-4599-A4B2-D4504ED055A7"}],"bounds":{"lowerRight":{"x":319.3125,"y":178},"upperLeft":{"x":130.54296875,"y":178}},"dockers":[{"x":15,"y":15},{"x":14,"y":14}],"target":{"resourceId":"sid-F868CD87-CE65-4599-A4B2-D4504ED055A7"}},{"resourceId":"sid-F868CD87-CE65-4599-A4B2-D4504ED055A7","properties":{"overrideid":"","name":"","documentation":"","executionlisteners":""},"stencil":{"id":"EndNoneEvent"},"childShapes":[],"outgoing":[],"bounds":{"lowerRight":{"x":348,"y":192},"upperLeft":{"x":320,"y":164}},"dockers":[]}],"bounds":{"lowerRight":{"x":1200,"y":1050},"upperLeft":{"x":0,"y":0}},"stencilset":{"url":"stencilsets/bpmn2.0/bpmn2.0.json","namespace":"http://b3mn.org/stencilset/bpmn2.0#"},"ssextensions":[]}