{
  "id": "ui-ce2ec6d0-d7e2-4cb5-934d-4897d911ac6a",
  "name": "audit",
  "description": "",
  "adf-template": "content",
  "plugins": [ ],
  "extension": {
    "$id": "ui-ce2ec6d0-d7e2-4cb5-934d-4897d911ac6a",
    "$name": "audit",
    "$description": "",
    "$version": "0.0.2",
    "$vendor": "",
    "$license": "",
    "actions": [
      {
        "id": "updateFlag",
        "type": "MODELED_EVENT",
        "payload": {
          "eventName": "updateFlag",
          "nodes": "$(context.selection.nodes)"
        }
      },
      {
        "id": "updateComment",
        "type": "MODELED_FORM",
        "payload": {
          "formDefinitionId": "form-92d9f036-c2d3-4ab0-be53-3a2c38b942e6",
          "nodes": "$(context.selection.nodes)"
        }
      },
      {
        "id": "failAction",
        "type": "MODELED_EVENT",
        "payload": {
          "eventName": "failAction",
          "nodes": "$(context.selection.nodes)"
        }
      }
    ],
    "rules": [
      {
        "type": "core.every",
        "id": "contentSelected",
        "parameters": [
          {
            "id": "55d6594d-fd64-4733-9206-4642d7bca5fd",
            "type": "rule",
            "value": "app.selection.notEmpty"
          }
        ]
      }
    ],
    "features": {
      "toolbar": [
        {
          "id": "b2574556-a442-4ed9-9671-1ad874ed034f",
          "type": "separator",
          "order": 100,
          "rules": {
            "visible": "contentSelected"
          }
        },
        {
          "title": "Update flag",
          "description": "Update flag",
          "icon": "flag",
          "order": 101,
          "disabled": false,
          "id": "380df807-ad06-41e6-9b71-e10aa92296a0",
          "actions": {
            "click": "updateFlag"
          },
          "rules": {
            "visible": "contentSelected",
            "enabled": "contentSelected"
          }
        },
        {
          "title": "Update comment",
          "description": "Update comment",
          "icon": "comment",
          "order": 102,
          "disabled": false,
          "id": "faca872b-f078-41af-82eb-1a3211690847",
          "actions": {
            "click": "updateComment"
          },
          "rules": {
            "visible": "contentSelected",
            "enabled": "contentSelected"
          }
        },
        {
          "title": "Fail",
          "description": "Fail",
          "icon": "warning",
          "order": 103,
          "disabled": false,
          "id": "717e675e-241e-41ae-a295-8340e102153e",
          "actions": {
            "click": "failAction"
          },
          "rules": {
            "visible": "contentSelected",
            "enabled": "contentSelected"
          }
        },
        {
          "id": "18bda5c6-3da3-48a4-b741-c0096e85d6cf",
          "type": "separator",
          "order": 105,
          "rules": {
            "visible": "contentSelected"
          }
        }
      ]
    }
  }
}