<?xml version="1.0" encoding="UTF-8"?>
<definitions xmlns="http://www.omg.org/spec/BPMN/20100524/MODEL" xmlns:xsi="http://www.w3.org/2001/XMLSchema-instance" xmlns:activiti="http://activiti.org/bpmn" xmlns:bpmndi="http://www.omg.org/spec/BPMN/20100524/DI" xmlns:omgdc="http://www.omg.org/spec/DD/20100524/DC" xmlns:omgdi="http://www.omg.org/spec/DD/20100524/DI" xmlns:xsd="http://www.w3.org/2001/XMLSchema" id="model-089dbe0b-705b-46bd-b22f-fe37346c81f2" name="candidategroupprocess" targetNamespace="http://bpmn.io/schema/bpmn" xsi:schemaLocation="http://www.omg.org/spec/BPMN/20100524/MODEL BPMN20.xsd">
  <process id="Process_Hve-FKNn" name="candidategroupprocess" isExecutable="true">
    <startEvent id="StartEvent_1">
      <outgoing>SequenceFlow_0piii2x</outgoing>
    </startEvent>
    <userTask id="UserTask_1wcv9q0" name="candidateGroupTask" activiti:candidateGroups="hr" />
    <endEvent id="EndEvent_0hadct6">
      <incoming>SequenceFlow_128iykz</incoming>
    </endEvent>
    <sequenceFlow id="SequenceFlow_0piii2x" sourceRef="StartEvent_1" targetRef="UserTask_1wcv9q0" />
    <sequenceFlow id="SequenceFlow_128iykz" sourceRef="UserTask_1wcv9q0" targetRef="EndEvent_0hadct6" />
  </process>
  <bpmndi:BPMNDiagram id="BPMNDiagram_Process_Hve-FKNn">
    <bpmndi:BPMNPlane id="BPMNPlane_Process_Hve-FKNn" bpmnElement="Process_Hve-FKNn">
      <bpmndi:BPMNShape id="BPMNShape_StartEvent_1" bpmnElement="StartEvent_1">
        <omgdc:Bounds x="412" y="240" width="36" height="36" />
      </bpmndi:BPMNShape>
      <bpmndi:BPMNShape id="BPMNShape_UserTask_1wcv9q0" bpmnElement="UserTask_1wcv9q0">
        <omgdc:Bounds x="513" y="218" width="100" height="80" />
      </bpmndi:BPMNShape>
      <bpmndi:BPMNShape id="BPMNShape_EndEvent_0hadct6" bpmnElement="EndEvent_0hadct6">
        <omgdc:Bounds x="694" y="240" width="36" height="36" />
      </bpmndi:BPMNShape>
      <bpmndi:BPMNEdge id="BPMNEdge_SequenceFlow_0piii2x" bpmnElement="SequenceFlow_0piii2x">
        <omgdi:waypoint x="448" y="258" />
        <omgdi:waypoint x="513" y="258" />
      </bpmndi:BPMNEdge>
      <bpmndi:BPMNEdge id="BPMNEdge_SequenceFlow_128iykz" bpmnElement="SequenceFlow_128iykz">
        <omgdi:waypoint x="613" y="258" />
        <omgdi:waypoint x="694" y="258" />
      </bpmndi:BPMNEdge>
    </bpmndi:BPMNPlane>
  </bpmndi:BPMNDiagram>
</definitions>
