<?xml version="1.0" encoding="UTF-8"?>
<definitions xmlns="http://www.omg.org/spec/BPMN/20100524/MODEL" xmlns:xsi="http://www.w3.org/2001/XMLSchema-instance" xmlns:activiti="http://activiti.org/bpmn" xmlns:bpmndi="http://www.omg.org/spec/BPMN/20100524/DI" xmlns:omgdc="http://www.omg.org/spec/DD/20100524/DC" xmlns:omgdi="http://www.omg.org/spec/DD/20100524/DI" xmlns:xsd="http://www.w3.org/2001/XMLSchema" id="model-f1179987-703e-4b40-8acd-5abc70f2bf1c" name="processwithstarteventform" targetNamespace="http://bpmn.io/schema/bpmn" xsi:schemaLocation="http://www.omg.org/spec/BPMN/20100524/MODEL BPMN20.xsd">
  <process id="Process_jUEqd9mR" name="processwithstarteventform" isExecutable="true">
    <startEvent id="StartEvent_1" activiti:formKey="form-041011ea-56a9-4307-97fd-49c01e4a9b5d">
      <outgoing>SequenceFlow_1to7ma9</outgoing>
    </startEvent>
    <userTask id="UserTask_0qii8md" name="StartEventFormTask" activiti:candidateGroups="hr" />
    <endEvent id="EndEvent_1rqygop">
      <incoming>SequenceFlow_13k3l5u</incoming>
    </endEvent>
    <sequenceFlow id="SequenceFlow_1to7ma9" sourceRef="StartEvent_1" targetRef="UserTask_0qii8md" />
    <sequenceFlow id="SequenceFlow_13k3l5u" sourceRef="UserTask_0qii8md" targetRef="EndEvent_1rqygop" />
  </process>
  <bpmndi:BPMNDiagram id="BPMNDiagram_Process_jUEqd9mR">
    <bpmndi:BPMNPlane id="BPMNPlane_Process_jUEqd9mR" bpmnElement="Process_jUEqd9mR">
      <bpmndi:BPMNShape id="BPMNShape_StartEvent_1" bpmnElement="StartEvent_1">
        <omgdc:Bounds x="412" y="240" width="36" height="36" />
      </bpmndi:BPMNShape>
      <bpmndi:BPMNShape id="BPMNShape_UserTask_0qii8md" bpmnElement="UserTask_0qii8md">
        <omgdc:Bounds x="503" y="218" width="100" height="80" />
      </bpmndi:BPMNShape>
      <bpmndi:BPMNShape id="BPMNShape_EndEvent_1rqygop" bpmnElement="EndEvent_1rqygop">
        <omgdc:Bounds x="649" y="240" width="36" height="36" />
      </bpmndi:BPMNShape>
      <bpmndi:BPMNEdge id="BPMNEdge_SequenceFlow_1to7ma9" bpmnElement="SequenceFlow_1to7ma9">
        <omgdi:waypoint x="448" y="258" />
        <omgdi:waypoint x="503" y="258" />
      </bpmndi:BPMNEdge>
      <bpmndi:BPMNEdge id="BPMNEdge_SequenceFlow_13k3l5u" bpmnElement="SequenceFlow_13k3l5u">
        <omgdi:waypoint x="603" y="258" />
        <omgdi:waypoint x="649" y="258" />
      </bpmndi:BPMNEdge>
    </bpmndi:BPMNPlane>
  </bpmndi:BPMNDiagram>
</definitions>
