{"name":"WidgetApps","description":"","definition":{"models":[{"id":24935,"name":"TextWidgetProcess","version":2,"modelType":0,"description":"","stencilSetId":null,"createdByFullName":"Dharan g","createdBy":738,"lastUpdatedByFullName":"Dharan g","lastUpdatedBy":738,"lastUpdated":"2020-04-14T12:07:06.645+0000"},{"id":24934,"name":"type-ahead-process","version":2,"modelType":0,"description":"","stencilSetId":null,"createdByFullName":"Dharan g","createdBy":738,"lastUpdatedByFullName":"Dharan g","lastUpdatedBy":738,"lastUpdated":"2020-04-14T12:07:06.660+0000"},{"id":24933,"name":"ALL_WIDGETS","version":2,"modelType":0,"description":null,"stencilSetId":null,"createdByFullName":"Dharan g","createdBy":738,"lastUpdatedByFullName":"Dharan g","lastUpdatedBy":738,"lastUpdated":"2020-04-14T12:07:06.676+0000"},{"id":24932,"name":"DateTimeProcess","version":2,"modelType":0,"description":"","stencilSetId":null,"createdByFullName":"Dharan g","createdBy":738,"lastUpdatedByFullName":"Dharan g","lastUpdatedBy":738,"lastUpdated":"2020-04-14T12:07:06.692+0000"},{"id":24931,"name":"DropdownProcess","version":2,"modelType":0,"description":"","stencilSetId":null,"createdByFullName":"Dharan g","createdBy":738,"lastUpdatedByFullName":"Dharan g","lastUpdatedBy":738,"lastUpdated":"2020-04-14T12:07:06.707+0000"},{"id":24930,"name":"visibility-process","version":2,"modelType":0,"description":"","stencilSetId":null,"createdByFullName":"Dharan g","createdBy":738,"lastUpdatedByFullName":"Dharan g","lastUpdatedBy":738,"lastUpdated":"2020-04-14T12:07:06.722+0000"},{"id":24929,"name":"attach folder","version":2,"modelType":0,"description":"","stencilSetId":null,"createdByFullName":"Dharan g","createdBy":738,"lastUpdatedByFullName":"Dharan g","lastUpdatedBy":738,"lastUpdated":"2020-04-14T12:07:06.737+0000"},{"id":24928,"name":"NumberProcess","version":2,"modelType":0,"description":"","stencilSetId":null,"createdByFullName":"Dharan g","createdBy":738,"lastUpdatedByFullName":"Dharan g","lastUpdatedBy":738,"lastUpdated":"2020-04-14T12:07:06.751+0000"},{"id":24927,"name":"DynamicTableProcess","version":2,"modelType":0,"description":null,"stencilSetId":null,"createdByFullName":"Dharan g","createdBy":738,"lastUpdatedByFullName":"Dharan g","lastUpdatedBy":738,"lastUpdated":"2020-04-14T12:07:06.765+0000"},{"id":24926,"name":"CheckboxVisibilityProcess","version":2,"modelType":0,"description":"","stencilSetId":null,"createdByFullName":"Dharan g","createdBy":738,"lastUpdatedByFullName":"Dharan g","lastUpdatedBy":738,"lastUpdated":"2020-04-14T12:07:06.780+0000"},{"id":24925,"name":"CheckboxWidgetProcess","version":2,"modelType":0,"description":"","stencilSetId":null,"createdByFullName":"Dharan g","createdBy":738,"lastUpdatedByFullName":"Dharan g","lastUpdatedBy":738,"lastUpdated":"2020-04-14T12:07:06.795+0000"},{"id":24924,"name":"RadioButtonsWidgetProcess","version":2,"modelType":0,"description":"","stencilSetId":null,"createdByFullName":"Dharan g","createdBy":738,"lastUpdatedByFullName":"Dharan g","lastUpdatedBy":738,"lastUpdated":"2020-04-14T12:07:06.809+0000"},{"id":24923,"name":"AmountProcess","version":2,"modelType":0,"description":"","stencilSetId":null,"createdByFullName":"Dharan g","createdBy":738,"lastUpdatedByFullName":"Dharan g","lastUpdatedBy":738,"lastUpdated":"2020-04-14T12:07:06.825+0000"},{"id":24922,"name":"DateWidgetProcess","version":2,"modelType":0,"description":"","stencilSetId":null,"createdByFullName":"Dharan g","createdBy":738,"lastUpdatedByFullName":"Dharan g","lastUpdatedBy":738,"lastUpdated":"2020-04-14T12:07:06.840+0000"},{"id":24921,"name":"UploadFolderProcess","version":2,"modelType":0,"description":"","stencilSetId":null,"createdByFullName":"Dharan g","createdBy":738,"lastUpdatedByFullName":"Dharan g","lastUpdatedBy":738,"lastUpdated":"2020-04-14T12:07:06.854+0000"},{"id":24920,"name":"AttachDocumentProcess","version":2,"modelType":0,"description":"","stencilSetId":null,"createdByFullName":"Dharan g","createdBy":738,"lastUpdatedByFullName":"Dharan g","lastUpdatedBy":738,"lastUpdated":"2020-04-14T12:07:06.869+0000"},{"id":24919,"name":"AddPeopleProcess","version":2,"modelType":0,"description":"","stencilSetId":null,"createdByFullName":"Dharan g","createdBy":738,"lastUpdatedByFullName":"Dharan g","lastUpdatedBy":738,"lastUpdated":"2020-04-14T12:07:06.884+0000"},{"id":24918,"name":"HyperlinkWidgetProcess","version":2,"modelType":0,"description":"","stencilSetId":null,"createdByFullName":"Dharan g","createdBy":738,"lastUpdatedByFullName":"Dharan g","lastUpdatedBy":738,"lastUpdated":"2020-04-14T12:07:06.899+0000"},{"id":24917,"name":"dynamic-table-custom-validation","version":2,"modelType":0,"description":"","stencilSetId":null,"createdByFullName":"Dharan g","createdBy":738,"lastUpdatedByFullName":"Dharan g","lastUpdatedBy":738,"lastUpdated":"2020-04-14T12:07:06.914+0000"},{"id":24916,"name":"MultiWidgetProcess","version":2,"modelType":0,"description":"","stencilSetId":null,"createdByFullName":"Dharan g","createdBy":738,"lastUpdatedByFullName":"Dharan g","lastUpdatedBy":738,"lastUpdated":"2020-04-14T12:07:06.930+0000"},{"id":24915,"name":"HeaderProcess","version":2,"modelType":0,"description":"","stencilSetId":null,"createdByFullName":"Dharan g","createdBy":738,"lastUpdatedByFullName":"Dharan g","lastUpdatedBy":738,"lastUpdated":"2020-04-14T12:07:06.945+0000"},{"id":24914,"name":"DynamicWidgetFormProcess","version":2,"modelType":0,"description":"","stencilSetId":null,"createdByFullName":"Dharan g","createdBy":738,"lastUpdatedByFullName":"Dharan g","lastUpdatedBy":738,"lastUpdated":"2020-04-14T12:07:06.960+0000"},{"id":24891,"name":"Attach folder from CS","version":2,"modelType":0,"description":"","stencilSetId":0,"createdByFullName":"Dharan g","createdBy":738,"lastUpdatedByFullName":"Dharan g","lastUpdatedBy":738,"lastUpdated":"2020-04-14T12:07:06.975+0000"}],"theme":"theme-5","icon":"glyphicon-cutlery","publishIdentityInfo":[]}}