{"name":"WidgetApps","description":"","definition":{"models":[{"id":5028,"name":"DynamicWidgetFormProcess","version":4,"modelType":0,"description":"","stencilSetId":0,"createdByFullName":"David Cano","createdBy":2,"lastUpdatedByFullName":"David Cano","lastUpdatedBy":2,"lastUpdated":"2018-10-19T11:32:39.975+0000"},{"id":5017,"name":"RadioButtonsWidgetProcess","version":8,"modelType":0,"description":"","stencilSetId":0,"createdByFullName":"David Cano","createdBy":2,"lastUpdatedByFullName":"David Cano","lastUpdatedBy":2,"lastUpdated":"2018-10-19T11:32:40.022+0000"},{"id":5013,"name":"NumberProcess","version":11,"modelType":0,"description":"","stencilSetId":0,"createdByFullName":"David Cano","createdBy":2,"lastUpdatedByFullName":"David Cano","lastUpdatedBy":2,"lastUpdated":"2018-10-19T11:32:40.038+0000"},{"id":5010,"name":"DropdownProcess","version":13,"modelType":0,"description":"","stencilSetId":0,"createdByFullName":"David Cano","createdBy":2,"lastUpdatedByFullName":"David Cano","lastUpdatedBy":2,"lastUpdated":"2018-10-19T11:32:40.066+0000"},{"id":4023,"name":"DateWidgetProcess","version":16,"modelType":0,"description":"","stencilSetId":0,"createdByFullName":"David Cano","createdBy":2,"lastUpdatedByFullName":"David Cano","lastUpdatedBy":2,"lastUpdated":"2018-10-19T11:32:40.081+0000"},{"id":4019,"name":"CheckboxWidgetProcess","version":21,"modelType":0,"description":"","stencilSetId":0,"createdByFullName":"David Cano","createdBy":2,"lastUpdatedByFullName":"David Cano","lastUpdatedBy":2,"lastUpdated":"2018-10-19T11:32:40.097+0000"},{"id":2008,"name":"AttachDocumentProcess","version":25,"modelType":0,"description":"","stencilSetId":null,"createdByFullName":"David Cano","createdBy":2,"lastUpdatedByFullName":"David Cano","lastUpdatedBy":2,"lastUpdated":"2018-10-19T11:32:40.108+0000"},{"id":4009,"name":"DynamicTableProcess","version":24,"modelType":0,"description":null,"stencilSetId":0,"createdByFullName":"David Cano","createdBy":2,"lastUpdatedByFullName":"David Cano","lastUpdatedBy":2,"lastUpdated":"2018-10-19T11:32:40.123+0000"},{"id":4014,"name":"HeaderProcess","version":24,"modelType":0,"description":"","stencilSetId":0,"createdByFullName":"David Cano","createdBy":2,"lastUpdatedByFullName":"David Cano","lastUpdatedBy":2,"lastUpdated":"2018-10-19T11:32:40.139+0000"},{"id":4016,"name":"UploadFolderProcess","version":24,"modelType":0,"description":"","stencilSetId":0,"createdByFullName":"David Cano","createdBy":2,"lastUpdatedByFullName":"David Cano","lastUpdatedBy":2,"lastUpdated":"2018-10-19T11:32:40.161+0000"},{"id":3004,"name":"AddPeopleProcess","version":24,"modelType":0,"description":"","stencilSetId":0,"createdByFullName":"David Cano","createdBy":2,"lastUpdatedByFullName":"David Cano","lastUpdatedBy":2,"lastUpdated":"2018-10-19T11:32:40.172+0000"},{"id":4007,"name":"TextWidgetProcess","version":25,"modelType":0,"description":"","stencilSetId":null,"createdByFullName":"David Cano","createdBy":2,"lastUpdatedByFullName":"David Cano","lastUpdatedBy":2,"lastUpdated":"2018-10-19T11:32:40.183+0000"},{"id":4006,"name":"MultiWidgetProcess","version":25,"modelType":0,"description":"","stencilSetId":null,"createdByFullName":"David Cano","createdBy":2,"lastUpdatedByFullName":"David Cano","lastUpdatedBy":2,"lastUpdated":"2018-10-19T11:32:40.193+0000"},{"id":4021,"name":"CheckboxVisibilityProcess","version":19,"modelType":0,"description":"","stencilSetId":0,"createdByFullName":"David Cano","createdBy":2,"lastUpdatedByFullName":"David Cano","lastUpdatedBy":2,"lastUpdated":"2018-10-19T11:32:40.205+0000"},{"id":5007,"name":"DateTimeProcess","version":15,"modelType":0,"description":"","stencilSetId":0,"createdByFullName":"David Cano","createdBy":2,"lastUpdatedByFullName":"David Cano","lastUpdatedBy":2,"lastUpdated":"2018-10-19T11:32:40.215+0000"},{"id":5015,"name":"AmountProcess","version":9,"modelType":0,"description":"","stencilSetId":0,"createdByFullName":"David Cano","createdBy":2,"lastUpdatedByFullName":"David Cano","lastUpdatedBy":2,"lastUpdated":"2018-10-19T11:32:40.227+0000"},{"id":5021,"name":"HyperlinkWidgetProcess","version":5,"modelType":0,"description":"","stencilSetId":0,"createdByFullName":"David Cano","createdBy":2,"lastUpdatedByFullName":"David Cano","lastUpdatedBy":2,"lastUpdated":"2018-10-19T11:32:40.236+0000"}],"theme":"theme-6","icon":"glyphicon-cutlery","publishIdentityInfo":[]}}