{"name":"WidgetApps","description":"","definition":{"models":[{"id":5017,"name":"RadioButtonsWidgetProcess","version":2,"modelType":0,"description":"","stencilSetId":0,"createdByFullName":"David Cano","createdBy":2,"lastUpdatedByFullName":"David Cano","lastUpdatedBy":2,"lastUpdated":"2018-10-18T11:04:52.960+0000"},{"id":5013,"name":"NumberProcess","version":5,"modelType":0,"description":"","stencilSetId":0,"createdByFullName":"David Cano","createdBy":2,"lastUpdatedByFullName":"David Cano","lastUpdatedBy":2,"lastUpdated":"2018-10-18T11:04:52.973+0000"},{"id":5010,"name":"DropdownProcess","version":7,"modelType":0,"description":"","stencilSetId":0,"createdByFullName":"David Cano","createdBy":2,"lastUpdatedByFullName":"David Cano","lastUpdatedBy":2,"lastUpdated":"2018-10-18T11:04:52.983+0000"},{"id":4023,"name":"DateWidgetProcess","version":10,"modelType":0,"description":"","stencilSetId":0,"createdByFullName":"David Cano","createdBy":2,"lastUpdatedByFullName":"David Cano","lastUpdatedBy":2,"lastUpdated":"2018-10-18T11:04:53.003+0000"},{"id":4019,"name":"CheckboxWidgetProcess","version":15,"modelType":0,"description":"","stencilSetId":0,"createdByFullName":"David Cano","createdBy":2,"lastUpdatedByFullName":"David Cano","lastUpdatedBy":2,"lastUpdated":"2018-10-18T11:04:53.013+0000"},{"id":2008,"name":"AttachDocumentProcess","version":19,"modelType":0,"description":"","stencilSetId":null,"createdByFullName":"David Cano","createdBy":2,"lastUpdatedByFullName":"David Cano","lastUpdatedBy":2,"lastUpdated":"2018-10-18T11:04:53.023+0000"},{"id":4012,"name":"HyperlinkProcess","version":18,"modelType":0,"description":"","stencilSetId":0,"createdByFullName":"David Cano","createdBy":2,"lastUpdatedByFullName":"David Cano","lastUpdatedBy":2,"lastUpdated":"2018-10-18T11:04:53.036+0000"},{"id":4009,"name":"DynamicTableProcess","version":18,"modelType":0,"description":"","stencilSetId":0,"createdByFullName":"David Cano","createdBy":2,"lastUpdatedByFullName":"David Cano","lastUpdatedBy":2,"lastUpdated":"2018-10-18T11:04:53.046+0000"},{"id":4014,"name":"HeaderProcess","version":18,"modelType":0,"description":"","stencilSetId":0,"createdByFullName":"David Cano","createdBy":2,"lastUpdatedByFullName":"David Cano","lastUpdatedBy":2,"lastUpdated":"2018-10-18T11:04:53.056+0000"},{"id":4016,"name":"UploadFolderProcess","version":18,"modelType":0,"description":"","stencilSetId":0,"createdByFullName":"David Cano","createdBy":2,"lastUpdatedByFullName":"David Cano","lastUpdatedBy":2,"lastUpdated":"2018-10-18T11:04:53.068+0000"},{"id":3004,"name":"AddPeopleProcess","version":18,"modelType":0,"description":"","stencilSetId":0,"createdByFullName":"David Cano","createdBy":2,"lastUpdatedByFullName":"David Cano","lastUpdatedBy":2,"lastUpdated":"2018-10-18T11:04:53.079+0000"},{"id":4007,"name":"TextWidgetProcess","version":19,"modelType":0,"description":"","stencilSetId":null,"createdByFullName":"David Cano","createdBy":2,"lastUpdatedByFullName":"David Cano","lastUpdatedBy":2,"lastUpdated":"2018-10-18T11:04:53.089+0000"},{"id":4006,"name":"MultiWidgetProcess","version":19,"modelType":0,"description":"","stencilSetId":null,"createdByFullName":"David Cano","createdBy":2,"lastUpdatedByFullName":"David Cano","lastUpdatedBy":2,"lastUpdated":"2018-10-18T11:04:53.098+0000"},{"id":4021,"name":"CheckboxVisibilityProcess","version":13,"modelType":0,"description":"","stencilSetId":0,"createdByFullName":"David Cano","createdBy":2,"lastUpdatedByFullName":"David Cano","lastUpdatedBy":2,"lastUpdated":"2018-10-18T11:04:53.115+0000"},{"id":5007,"name":"DateTimeProcess","version":9,"modelType":0,"description":"","stencilSetId":0,"createdByFullName":"David Cano","createdBy":2,"lastUpdatedByFullName":"David Cano","lastUpdatedBy":2,"lastUpdated":"2018-10-18T11:04:53.126+0000"},{"id":5015,"name":"AmountProcess","version":3,"modelType":0,"description":"","stencilSetId":0,"createdByFullName":"David Cano","createdBy":2,"lastUpdatedByFullName":"David Cano","lastUpdatedBy":2,"lastUpdated":"2018-10-18T11:04:53.137+0000"}],"theme":"theme-6","icon":"glyphicon-cutlery","publishIdentityInfo":[]}}