{"name":"WidgetApps","description":"","definition":{"models":[{"id":4916,"name":"visibility-process","version":1,"modelType":0,"description":"","stencilSetId":0,"createdByFullName":" Administrator","createdBy":1,"lastUpdatedByFullName":" Administrator","lastUpdatedBy":1,"lastUpdated":"2019-07-11T12:46:59.595+0000"},{"id":4913,"name":"DynamicTableProcess","version":1,"modelType":0,"description":null,"stencilSetId":null,"createdByFullName":" Administrator","createdBy":1,"lastUpdatedByFullName":" Administrator","lastUpdatedBy":1,"lastUpdated":"2019-07-11T11:27:10.319+0000"},{"id":4912,"name":"CheckboxWidgetProcess","version":1,"modelType":0,"description":"","stencilSetId":null,"createdByFullName":" Administrator","createdBy":1,"lastUpdatedByFullName":" Administrator","lastUpdatedBy":1,"lastUpdated":"2019-07-11T11:27:10.299+0000"},{"id":4911,"name":"DateWidgetProcess","version":1,"modelType":0,"description":"","stencilSetId":null,"createdByFullName":" Administrator","createdBy":1,"lastUpdatedByFullName":" Administrator","lastUpdatedBy":1,"lastUpdated":"2019-07-11T11:27:10.277+0000"},{"id":4910,"name":"DateTimeProcess","version":1,"modelType":0,"description":"","stencilSetId":null,"createdByFullName":" Administrator","createdBy":1,"lastUpdatedByFullName":" Administrator","lastUpdatedBy":1,"lastUpdated":"2019-07-11T11:27:10.256+0000"},{"id":4909,"name":"DynamicWidgetFormProcess","version":1,"modelType":0,"description":"","stencilSetId":null,"createdByFullName":" Administrator","createdBy":1,"lastUpdatedByFullName":" Administrator","lastUpdatedBy":1,"lastUpdated":"2019-07-11T11:27:10.234+0000"},{"id":4908,"name":"DropdownProcess","version":1,"modelType":0,"description":"","stencilSetId":null,"createdByFullName":" Administrator","createdBy":1,"lastUpdatedByFullName":" Administrator","lastUpdatedBy":1,"lastUpdated":"2019-07-11T11:27:10.214+0000"},{"id":4907,"name":"TextWidgetProcess","version":1,"modelType":0,"description":"","stencilSetId":null,"createdByFullName":" Administrator","createdBy":1,"lastUpdatedByFullName":" Administrator","lastUpdatedBy":1,"lastUpdated":"2019-07-11T11:27:10.190+0000"},{"id":4906,"name":"CheckboxVisibilityProcess","version":1,"modelType":0,"description":"","stencilSetId":null,"createdByFullName":" Administrator","createdBy":1,"lastUpdatedByFullName":" Administrator","lastUpdatedBy":1,"lastUpdated":"2019-07-11T11:27:10.169+0000"},{"id":4905,"name":"AddPeopleProcess","version":1,"modelType":0,"description":"","stencilSetId":null,"createdByFullName":" Administrator","createdBy":1,"lastUpdatedByFullName":" Administrator","lastUpdatedBy":1,"lastUpdated":"2019-07-11T11:27:10.141+0000"},{"id":4904,"name":"RadioButtonsWidgetProcess","version":1,"modelType":0,"description":"","stencilSetId":null,"createdByFullName":" Administrator","createdBy":1,"lastUpdatedByFullName":" Administrator","lastUpdatedBy":1,"lastUpdated":"2019-07-11T11:27:10.114+0000"},{"id":4903,"name":"HeaderProcess","version":1,"modelType":0,"description":"","stencilSetId":null,"createdByFullName":" Administrator","createdBy":1,"lastUpdatedByFullName":" Administrator","lastUpdatedBy":1,"lastUpdated":"2019-07-11T11:27:10.090+0000"},{"id":4902,"name":"HyperlinkWidgetProcess","version":1,"modelType":0,"description":"","stencilSetId":null,"createdByFullName":" Administrator","createdBy":1,"lastUpdatedByFullName":" Administrator","lastUpdatedBy":1,"lastUpdated":"2019-07-11T11:27:10.060+0000"},{"id":4901,"name":"NumberProcess","version":1,"modelType":0,"description":"","stencilSetId":null,"createdByFullName":" Administrator","createdBy":1,"lastUpdatedByFullName":" Administrator","lastUpdatedBy":1,"lastUpdated":"2019-07-11T11:27:10.037+0000"},{"id":4900,"name":"AmountProcess","version":1,"modelType":0,"description":"","stencilSetId":null,"createdByFullName":" Administrator","createdBy":1,"lastUpdatedByFullName":" Administrator","lastUpdatedBy":1,"lastUpdated":"2019-07-11T11:27:10.015+0000"},{"id":4899,"name":"AttachDocumentProcess","version":1,"modelType":0,"description":"","stencilSetId":null,"createdByFullName":" Administrator","createdBy":1,"lastUpdatedByFullName":" Administrator","lastUpdatedBy":1,"lastUpdated":"2019-07-11T11:27:09.988+0000"},{"id":4898,"name":"UploadFolderProcess","version":1,"modelType":0,"description":"","stencilSetId":null,"createdByFullName":" Administrator","createdBy":1,"lastUpdatedByFullName":" Administrator","lastUpdatedBy":1,"lastUpdated":"2019-07-11T11:27:09.968+0000"},{"id":4897,"name":"MultiWidgetProcess","version":1,"modelType":0,"description":"","stencilSetId":null,"createdByFullName":" Administrator","createdBy":1,"lastUpdatedByFullName":" Administrator","lastUpdatedBy":1,"lastUpdated":"2019-07-11T11:27:09.948+0000"},{"id":4896,"name":"ALL_WIDGETS","version":1,"modelType":0,"description":null,"stencilSetId":null,"createdByFullName":" Administrator","createdBy":1,"lastUpdatedByFullName":" Administrator","lastUpdatedBy":1,"lastUpdated":"2019-07-11T11:27:09.924+0000"}],"theme":"theme-5","icon":"glyphicon-cutlery","publishIdentityInfo":[]}}