{"name":"WidgetApps","description":"","definition":{"models":[{"id":80206,"name":"MultiWidgetProcess","version":4,"modelType":0,"description":"","stencilSetId":null,"createdByFullName":"Dharan g","createdBy":344,"lastUpdatedByFullName":"Dharan g","lastUpdatedBy":344,"lastUpdated":"2020-03-10T18:22:49.697+0000"},{"id":80205,"name":"DateTimeProcess","version":4,"modelType":0,"description":"","stencilSetId":null,"createdByFullName":"Dharan g","createdBy":344,"lastUpdatedByFullName":"Dharan g","lastUpdatedBy":344,"lastUpdated":"2020-03-10T18:22:49.727+0000"},{"id":80204,"name":"visibility-process","version":4,"modelType":0,"description":"","stencilSetId":null,"createdByFullName":"Dharan g","createdBy":344,"lastUpdatedByFullName":"Dharan g","lastUpdatedBy":344,"lastUpdated":"2020-03-10T18:22:49.757+0000"},{"id":80203,"name":"AmountProcess","version":4,"modelType":0,"description":"","stencilSetId":null,"createdByFullName":"Dharan g","createdBy":344,"lastUpdatedByFullName":"Dharan g","lastUpdatedBy":344,"lastUpdated":"2020-03-10T18:22:49.788+0000"},{"id":80202,"name":"ALL_WIDGETS","version":4,"modelType":0,"description":null,"stencilSetId":null,"createdByFullName":"Dharan g","createdBy":344,"lastUpdatedByFullName":"Dharan g","lastUpdatedBy":344,"lastUpdated":"2020-03-10T18:22:49.818+0000"},{"id":80201,"name":"CheckboxVisibilityProcess","version":4,"modelType":0,"description":"","stencilSetId":null,"createdByFullName":"Dharan g","createdBy":344,"lastUpdatedByFullName":"Dharan g","lastUpdatedBy":344,"lastUpdated":"2020-03-10T18:22:49.848+0000"},{"id":80200,"name":"DropdownProcess","version":4,"modelType":0,"description":"","stencilSetId":null,"createdByFullName":"Dharan g","createdBy":344,"lastUpdatedByFullName":"Dharan g","lastUpdatedBy":344,"lastUpdated":"2020-03-10T18:22:49.892+0000"},{"id":80199,"name":"DynamicWidgetFormProcess","version":4,"modelType":0,"description":"","stencilSetId":null,"createdByFullName":"Dharan g","createdBy":344,"lastUpdatedByFullName":"Dharan g","lastUpdatedBy":344,"lastUpdated":"2020-03-10T18:22:49.923+0000"},{"id":80198,"name":"DateWidgetProcess","version":4,"modelType":0,"description":"","stencilSetId":null,"createdByFullName":"Dharan g","createdBy":344,"lastUpdatedByFullName":"Dharan g","lastUpdatedBy":344,"lastUpdated":"2020-03-10T18:22:49.953+0000"},{"id":80197,"name":"TextWidgetProcess","version":4,"modelType":0,"description":"","stencilSetId":null,"createdByFullName":"Dharan g","createdBy":344,"lastUpdatedByFullName":"Dharan g","lastUpdatedBy":344,"lastUpdated":"2020-03-10T18:22:49.983+0000"},{"id":80196,"name":"HeaderProcess","version":4,"modelType":0,"description":"","stencilSetId":null,"createdByFullName":"Dharan g","createdBy":344,"lastUpdatedByFullName":"Dharan g","lastUpdatedBy":344,"lastUpdated":"2020-03-10T18:22:50.041+0000"},{"id":80195,"name":"HyperlinkWidgetProcess","version":4,"modelType":0,"description":"","stencilSetId":null,"createdByFullName":"Dharan g","createdBy":344,"lastUpdatedByFullName":"Dharan g","lastUpdatedBy":344,"lastUpdated":"2020-03-10T18:22:50.102+0000"},{"id":80194,"name":"AddPeopleProcess","version":4,"modelType":0,"description":"","stencilSetId":null,"createdByFullName":"Dharan g","createdBy":344,"lastUpdatedByFullName":"Dharan g","lastUpdatedBy":344,"lastUpdated":"2020-03-10T18:22:50.141+0000"},{"id":80193,"name":"CheckboxWidgetProcess","version":4,"modelType":0,"description":"","stencilSetId":null,"createdByFullName":"Dharan g","createdBy":344,"lastUpdatedByFullName":"Dharan g","lastUpdatedBy":344,"lastUpdated":"2020-03-10T18:22:50.185+0000"},{"id":80192,"name":"NumberProcess","version":4,"modelType":0,"description":"","stencilSetId":null,"createdByFullName":"Dharan g","createdBy":344,"lastUpdatedByFullName":"Dharan g","lastUpdatedBy":344,"lastUpdated":"2020-03-10T18:22:50.217+0000"},{"id":80191,"name":"AttachDocumentProcess","version":4,"modelType":0,"description":"","stencilSetId":null,"createdByFullName":"Dharan g","createdBy":344,"lastUpdatedByFullName":"Dharan g","lastUpdatedBy":344,"lastUpdated":"2020-03-10T18:22:50.248+0000"},{"id":80190,"name":"RadioButtonsWidgetProcess","version":4,"modelType":0,"description":"","stencilSetId":null,"createdByFullName":"Dharan g","createdBy":344,"lastUpdatedByFullName":"Dharan g","lastUpdatedBy":344,"lastUpdated":"2020-03-10T18:22:50.278+0000"},{"id":80189,"name":"DynamicTableProcess","version":4,"modelType":0,"description":null,"stencilSetId":null,"createdByFullName":"Dharan g","createdBy":344,"lastUpdatedByFullName":"Dharan g","lastUpdatedBy":344,"lastUpdated":"2020-03-10T18:22:50.309+0000"},{"id":80188,"name":"UploadFolderProcess","version":4,"modelType":0,"description":"","stencilSetId":null,"createdByFullName":"Dharan g","createdBy":344,"lastUpdatedByFullName":"Dharan g","lastUpdatedBy":344,"lastUpdated":"2020-03-10T18:22:50.350+0000"},{"id":80167,"name":"custom-validation","version":5,"modelType":0,"description":"","stencilSetId":null,"createdByFullName":"Dharan g","createdBy":344,"lastUpdatedByFullName":"Dharan g","lastUpdatedBy":344,"lastUpdated":"2020-03-10T18:22:50.383+0000"},{"id":80169,"name":"type-ahead-process","version":4,"modelType":0,"description":"","stencilSetId":0,"createdByFullName":"Dharan g","createdBy":344,"lastUpdatedByFullName":"Dharan g","lastUpdatedBy":344,"lastUpdated":"2020-03-10T18:22:50.413+0000"}],"theme":"theme-5","icon":"glyphicon-cutlery","publishIdentityInfo":[]}}