{"name":"WidgetApps","description":"","definition":{"models":[{"id":5010,"name":"DropdownProcess","version":3,"modelType":0,"description":"","stencilSetId":0,"createdByFullName":"David Cano","createdBy":2,"lastUpdatedByFullName":"David Cano","lastUpdatedBy":2,"lastUpdated":"2018-10-17T15:31:26.141+0000"},{"id":5007,"name":"DateTimeProcess","version":5,"modelType":0,"description":"","stencilSetId":0,"createdByFullName":"David Cano","createdBy":2,"lastUpdatedByFullName":"David Cano","lastUpdatedBy":2,"lastUpdated":"2018-10-17T15:28:26.109+0000"},{"id":4021,"name":"CheckboxVisibilityProcess","version":9,"modelType":0,"description":"","stencilSetId":0,"createdByFullName":"David Cano","createdBy":2,"lastUpdatedByFullName":"David Cano","lastUpdatedBy":2,"lastUpdated":"2018-10-17T15:28:26.120+0000"},{"id":4006,"name":"MultiWidgetProcess","version":15,"modelType":0,"description":"","stencilSetId":null,"createdByFullName":"David Cano","createdBy":2,"lastUpdatedByFullName":"David Cano","lastUpdatedBy":2,"lastUpdated":"2018-10-17T15:28:26.137+0000"},{"id":4007,"name":"TextWidgetProcess","version":15,"modelType":0,"description":"","stencilSetId":null,"createdByFullName":"David Cano","createdBy":2,"lastUpdatedByFullName":"David Cano","lastUpdatedBy":2,"lastUpdated":"2018-10-17T15:28:26.152+0000"},{"id":3004,"name":"AddPeopleProcess","version":14,"modelType":0,"description":"","stencilSetId":0,"createdByFullName":"David Cano","createdBy":2,"lastUpdatedByFullName":"David Cano","lastUpdatedBy":2,"lastUpdated":"2018-10-17T15:28:26.162+0000"},{"id":4016,"name":"UploadFolderProcess","version":14,"modelType":0,"description":"","stencilSetId":0,"createdByFullName":"David Cano","createdBy":2,"lastUpdatedByFullName":"David Cano","lastUpdatedBy":2,"lastUpdated":"2018-10-17T15:28:26.173+0000"},{"id":4014,"name":"HeaderProcess","version":14,"modelType":0,"description":"","stencilSetId":0,"createdByFullName":"David Cano","createdBy":2,"lastUpdatedByFullName":"David Cano","lastUpdatedBy":2,"lastUpdated":"2018-10-17T15:28:26.183+0000"},{"id":4009,"name":"DynamicTableProcess","version":14,"modelType":0,"description":"","stencilSetId":0,"createdByFullName":"David Cano","createdBy":2,"lastUpdatedByFullName":"David Cano","lastUpdatedBy":2,"lastUpdated":"2018-10-17T15:28:26.193+0000"},{"id":4012,"name":"HyperlinkProcess","version":14,"modelType":0,"description":"","stencilSetId":0,"createdByFullName":"David Cano","createdBy":2,"lastUpdatedByFullName":"David Cano","lastUpdatedBy":2,"lastUpdated":"2018-10-17T15:28:26.203+0000"},{"id":2008,"name":"AttachDocumentProcess","version":15,"modelType":0,"description":"","stencilSetId":null,"createdByFullName":"David Cano","createdBy":2,"lastUpdatedByFullName":"David Cano","lastUpdatedBy":2,"lastUpdated":"2018-10-17T15:28:26.214+0000"},{"id":4019,"name":"CheckboxWidgetProcess","version":11,"modelType":0,"description":"","stencilSetId":0,"createdByFullName":"David Cano","createdBy":2,"lastUpdatedByFullName":"David Cano","lastUpdatedBy":2,"lastUpdated":"2018-10-17T15:28:26.226+0000"},{"id":4023,"name":"DateWidgetProcess","version":6,"modelType":0,"description":"","stencilSetId":0,"createdByFullName":"David Cano","createdBy":2,"lastUpdatedByFullName":"David Cano","lastUpdatedBy":2,"lastUpdated":"2018-10-17T15:28:26.237+0000"}],"theme":"theme-6","icon":"glyphicon-cutlery","publishIdentityInfo":[]}}