{"name":"WidgetApps","description":"","definition":{"models":[{"id":24935,"name":"TextWidgetProcess","version":6,"modelType":0,"description":"","stencilSetId":null,"createdByFullName":"Dharan g","createdBy":738,"lastUpdatedByFullName":"Dharan g","lastUpdatedBy":738,"lastUpdated":"2020-04-16T06:47:20.104+0000"},{"id":24934,"name":"type-ahead-process","version":6,"modelType":0,"description":"","stencilSetId":null,"createdByFullName":"Dharan g","createdBy":738,"lastUpdatedByFullName":"Dharan g","lastUpdatedBy":738,"lastUpdated":"2020-04-16T06:47:20.131+0000"},{"id":24933,"name":"ALL_WIDGETS","version":6,"modelType":0,"description":null,"stencilSetId":null,"createdByFullName":"Dharan g","createdBy":738,"lastUpdatedByFullName":"Dharan g","lastUpdatedBy":738,"lastUpdated":"2020-04-16T06:47:20.156+0000"},{"id":24932,"name":"DateTimeProcess","version":6,"modelType":0,"description":"","stencilSetId":null,"createdByFullName":"Dharan g","createdBy":738,"lastUpdatedByFullName":"Dharan g","lastUpdatedBy":738,"lastUpdated":"2020-04-16T06:47:20.179+0000"},{"id":24931,"name":"DropdownProcess","version":6,"modelType":0,"description":"","stencilSetId":null,"createdByFullName":"Dharan g","createdBy":738,"lastUpdatedByFullName":"Dharan g","lastUpdatedBy":738,"lastUpdated":"2020-04-16T06:47:20.203+0000"},{"id":24930,"name":"visibility-process","version":6,"modelType":0,"description":"","stencilSetId":null,"createdByFullName":"Dharan g","createdBy":738,"lastUpdatedByFullName":"Dharan g","lastUpdatedBy":738,"lastUpdated":"2020-04-16T06:47:20.227+0000"},{"id":24929,"name":"attach folder","version":6,"modelType":0,"description":"","stencilSetId":null,"createdByFullName":"Dharan g","createdBy":738,"lastUpdatedByFullName":"Dharan g","lastUpdatedBy":738,"lastUpdated":"2020-04-16T06:47:20.251+0000"},{"id":24928,"name":"NumberProcess","version":6,"modelType":0,"description":"","stencilSetId":null,"createdByFullName":"Dharan g","createdBy":738,"lastUpdatedByFullName":"Dharan g","lastUpdatedBy":738,"lastUpdated":"2020-04-16T06:47:20.274+0000"},{"id":24927,"name":"DynamicTableProcess","version":6,"modelType":0,"description":null,"stencilSetId":null,"createdByFullName":"Dharan g","createdBy":738,"lastUpdatedByFullName":"Dharan g","lastUpdatedBy":738,"lastUpdated":"2020-04-16T06:47:20.298+0000"},{"id":24926,"name":"CheckboxVisibilityProcess","version":6,"modelType":0,"description":"","stencilSetId":null,"createdByFullName":"Dharan g","createdBy":738,"lastUpdatedByFullName":"Dharan g","lastUpdatedBy":738,"lastUpdated":"2020-04-16T06:47:20.322+0000"},{"id":24925,"name":"CheckboxWidgetProcess","version":6,"modelType":0,"description":"","stencilSetId":null,"createdByFullName":"Dharan g","createdBy":738,"lastUpdatedByFullName":"Dharan g","lastUpdatedBy":738,"lastUpdated":"2020-04-16T06:47:20.347+0000"},{"id":24924,"name":"RadioButtonsWidgetProcess","version":6,"modelType":0,"description":"","stencilSetId":null,"createdByFullName":"Dharan g","createdBy":738,"lastUpdatedByFullName":"Dharan g","lastUpdatedBy":738,"lastUpdated":"2020-04-16T06:47:20.372+0000"},{"id":24923,"name":"AmountProcess","version":6,"modelType":0,"description":"","stencilSetId":null,"createdByFullName":"Dharan g","createdBy":738,"lastUpdatedByFullName":"Dharan g","lastUpdatedBy":738,"lastUpdated":"2020-04-16T06:47:20.397+0000"},{"id":24922,"name":"DateWidgetProcess","version":6,"modelType":0,"description":"","stencilSetId":null,"createdByFullName":"Dharan g","createdBy":738,"lastUpdatedByFullName":"Dharan g","lastUpdatedBy":738,"lastUpdated":"2020-04-16T06:47:20.420+0000"},{"id":24921,"name":"UploadFolderProcess","version":6,"modelType":0,"description":"","stencilSetId":null,"createdByFullName":"Dharan g","createdBy":738,"lastUpdatedByFullName":"Dharan g","lastUpdatedBy":738,"lastUpdated":"2020-04-16T06:47:20.444+0000"},{"id":24920,"name":"AttachDocumentProcess","version":6,"modelType":0,"description":"","stencilSetId":null,"createdByFullName":"Dharan g","createdBy":738,"lastUpdatedByFullName":"Dharan g","lastUpdatedBy":738,"lastUpdated":"2020-04-16T06:47:20.468+0000"},{"id":24919,"name":"AddPeopleProcess","version":6,"modelType":0,"description":"","stencilSetId":null,"createdByFullName":"Dharan g","createdBy":738,"lastUpdatedByFullName":"Dharan g","lastUpdatedBy":738,"lastUpdated":"2020-04-16T06:47:20.492+0000"},{"id":24918,"name":"HyperlinkWidgetProcess","version":6,"modelType":0,"description":"","stencilSetId":null,"createdByFullName":"Dharan g","createdBy":738,"lastUpdatedByFullName":"Dharan g","lastUpdatedBy":738,"lastUpdated":"2020-04-16T06:47:20.515+0000"},{"id":24917,"name":"dynamic-table-custom-validation","version":6,"modelType":0,"description":"","stencilSetId":null,"createdByFullName":"Dharan g","createdBy":738,"lastUpdatedByFullName":"Dharan g","lastUpdatedBy":738,"lastUpdated":"2020-04-16T06:47:20.539+0000"},{"id":24916,"name":"MultiWidgetProcess","version":6,"modelType":0,"description":"","stencilSetId":null,"createdByFullName":"Dharan g","createdBy":738,"lastUpdatedByFullName":"Dharan g","lastUpdatedBy":738,"lastUpdated":"2020-04-16T06:47:20.566+0000"},{"id":24915,"name":"HeaderProcess","version":6,"modelType":0,"description":"","stencilSetId":null,"createdByFullName":"Dharan g","createdBy":738,"lastUpdatedByFullName":"Dharan g","lastUpdatedBy":738,"lastUpdated":"2020-04-16T06:47:20.591+0000"},{"id":24914,"name":"DynamicWidgetFormProcess","version":6,"modelType":0,"description":"","stencilSetId":null,"createdByFullName":"Dharan g","createdBy":738,"lastUpdatedByFullName":"Dharan g","lastUpdatedBy":738,"lastUpdated":"2020-04-16T06:47:20.615+0000"},{"id":24891,"name":"Attach folder from CS","version":6,"modelType":0,"description":"","stencilSetId":0,"createdByFullName":"Dharan g","createdBy":738,"lastUpdatedByFullName":"Dharan g","lastUpdatedBy":738,"lastUpdated":"2020-04-16T06:47:20.639+0000"},{"id":45404,"name":"AttachFile-TwoAlfrescoRepositories","version":6,"modelType":0,"description":"","stencilSetId":null,"createdByFullName":"Dharan g","createdBy":738,"lastUpdatedByFullName":"Dharan g","lastUpdatedBy":738,"lastUpdated":"2020-04-16T06:47:20.664+0000"},{"id":53859,"name":"upload multiple files - process","version":2,"modelType":0,"description":"","stencilSetId":0,"createdByFullName":"Dharan g","createdBy":738,"lastUpdatedByFullName":"Dharan g","lastUpdatedBy":738,"lastUpdated":"2020-04-16T06:47:20.687+0000"}],"theme":"theme-5","icon":"glyphicon-cutlery","publishIdentityInfo":[]}}