{"name":"WidgetApps","description":"","definition":{"models":[{"id":41,"name":"ALL_WIDGETS","version":2,"modelType":0,"description":null,"stencilSetId":null,"createdByFullName":"David Cano","createdBy":2,"lastUpdatedByFullName":"David Cano","lastUpdatedBy":2,"lastUpdated":"2018-10-24T09:49:29.633+0000"},{"id":22,"name":"HyperlinkWidgetProcess","version":3,"modelType":0,"description":"","stencilSetId":null,"createdByFullName":"David Cano","createdBy":2,"lastUpdatedByFullName":"David Cano","lastUpdatedBy":2,"lastUpdated":"2018-10-24T09:49:29.686+0000"},{"id":37,"name":"AmountProcess","version":3,"modelType":0,"description":"","stencilSetId":null,"createdByFullName":"David Cano","createdBy":2,"lastUpdatedByFullName":"David Cano","lastUpdatedBy":2,"lastUpdated":"2018-10-24T09:49:29.723+0000"},{"id":38,"name":"DateTimeProcess","version":3,"modelType":0,"description":"","stencilSetId":null,"createdByFullName":"David Cano","createdBy":2,"lastUpdatedByFullName":"David Cano","lastUpdatedBy":2,"lastUpdated":"2018-10-24T09:49:29.741+0000"},{"id":24,"name":"CheckboxVisibilityProcess","version":3,"modelType":0,"description":"","stencilSetId":null,"createdByFullName":"David Cano","createdBy":2,"lastUpdatedByFullName":"David Cano","lastUpdatedBy":2,"lastUpdated":"2018-10-24T09:49:29.760+0000"},{"id":35,"name":"MultiWidgetProcess","version":3,"modelType":0,"description":"","stencilSetId":null,"createdByFullName":"David Cano","createdBy":2,"lastUpdatedByFullName":"David Cano","lastUpdatedBy":2,"lastUpdated":"2018-10-24T09:49:29.778+0000"},{"id":34,"name":"TextWidgetProcess","version":3,"modelType":0,"description":"","stencilSetId":null,"createdByFullName":"David Cano","createdBy":2,"lastUpdatedByFullName":"David Cano","lastUpdatedBy":2,"lastUpdated":"2018-10-24T09:49:29.797+0000"},{"id":36,"name":"AddPeopleProcess","version":3,"modelType":0,"description":"","stencilSetId":null,"createdByFullName":"David Cano","createdBy":2,"lastUpdatedByFullName":"David Cano","lastUpdatedBy":2,"lastUpdated":"2018-10-24T09:49:29.817+0000"},{"id":33,"name":"UploadFolderProcess","version":3,"modelType":0,"description":"","stencilSetId":null,"createdByFullName":"David Cano","createdBy":2,"lastUpdatedByFullName":"David Cano","lastUpdatedBy":2,"lastUpdated":"2018-10-24T09:49:29.835+0000"},{"id":32,"name":"HeaderProcess","version":3,"modelType":0,"description":"","stencilSetId":null,"createdByFullName":"David Cano","createdBy":2,"lastUpdatedByFullName":"David Cano","lastUpdatedBy":2,"lastUpdated":"2018-10-24T09:49:29.873+0000"},{"id":30,"name":"DynamicTableProcess","version":3,"modelType":0,"description":null,"stencilSetId":null,"createdByFullName":"David Cano","createdBy":2,"lastUpdatedByFullName":"David Cano","lastUpdatedBy":2,"lastUpdated":"2018-10-24T09:49:29.891+0000"},{"id":29,"name":"AttachDocumentProcess","version":3,"modelType":0,"description":"","stencilSetId":null,"createdByFullName":"David Cano","createdBy":2,"lastUpdatedByFullName":"David Cano","lastUpdatedBy":2,"lastUpdated":"2018-10-24T09:49:29.920+0000"},{"id":28,"name":"CheckboxWidgetProcess","version":3,"modelType":0,"description":"","stencilSetId":null,"createdByFullName":"David Cano","createdBy":2,"lastUpdatedByFullName":"David Cano","lastUpdatedBy":2,"lastUpdated":"2018-10-24T09:49:29.941+0000"},{"id":27,"name":"DateWidgetProcess","version":3,"modelType":0,"description":"","stencilSetId":null,"createdByFullName":"David Cano","createdBy":2,"lastUpdatedByFullName":"David Cano","lastUpdatedBy":2,"lastUpdated":"2018-10-24T09:49:29.957+0000"},{"id":25,"name":"DropdownProcess","version":3,"modelType":0,"description":"","stencilSetId":null,"createdByFullName":"David Cano","createdBy":2,"lastUpdatedByFullName":"David Cano","lastUpdatedBy":2,"lastUpdated":"2018-10-24T09:49:29.972+0000"},{"id":23,"name":"NumberProcess","version":3,"modelType":0,"description":"","stencilSetId":null,"createdByFullName":"David Cano","createdBy":2,"lastUpdatedByFullName":"David Cano","lastUpdatedBy":2,"lastUpdated":"2018-10-24T09:49:29.988+0000"},{"id":31,"name":"RadioButtonsWidgetProcess","version":3,"modelType":0,"description":"","stencilSetId":null,"createdByFullName":"David Cano","createdBy":2,"lastUpdatedByFullName":"David Cano","lastUpdatedBy":2,"lastUpdated":"2018-10-24T09:49:30.092+0000"},{"id":26,"name":"DynamicWidgetFormProcess","version":3,"modelType":0,"description":"","stencilSetId":null,"createdByFullName":"David Cano","createdBy":2,"lastUpdatedByFullName":"David Cano","lastUpdatedBy":2,"lastUpdated":"2018-10-24T09:49:30.163+0000"}],"theme":"theme-5","icon":"glyphicon-cutlery","publishIdentityInfo":[]}}