{"name":"WidgetApps","description":"","definition":{"models":[{"id":14033,"name":"TextWidgetProcess","version":3,"modelType":0,"description":"","stencilSetId":0,"createdByFullName":"Test User","createdBy":791,"lastUpdatedByFullName":"Test User","lastUpdatedBy":791,"lastUpdated":"2018-10-10T17:04:53.437+0000"},{"id":14037,"name":"MultiWidgetProcess","version":3,"modelType":0,"description":"","stencilSetId":0,"createdByFullName":"Test User","createdBy":791,"lastUpdatedByFullName":"Test User","lastUpdatedBy":791,"lastUpdated":"2018-10-10T17:04:53.448+0000"}],"theme":"theme-6","icon":"glyphicon-cutlery","publishIdentityInfo":[]}}