{"name":"WidgetApps","description":"","definition":{"models":[{"id":84102,"name":"dynamic-table-custom-validation","version":3,"modelType":0,"description":"","stencilSetId":0,"createdByFullName":" Abbc","createdBy":8193,"lastUpdatedByFullName":" Abbc","lastUpdatedBy":8193,"lastUpdated":"2020-03-11T11:22:35.990+0000"},{"id":84101,"name":"type-ahead-process","version":3,"modelType":0,"description":"","stencilSetId":0,"createdByFullName":" Abbc","createdBy":8193,"lastUpdatedByFullName":" Abbc","lastUpdatedBy":8193,"lastUpdated":"2020-03-11T11:22:36.042+0000"},{"id":83473,"name":"MultiWidgetProcess","version":3,"modelType":0,"description":"","stencilSetId":null,"createdByFullName":" Abbc","createdBy":8193,"lastUpdatedByFullName":" Abbc","lastUpdatedBy":8193,"lastUpdated":"2020-03-11T11:22:36.078+0000"},{"id":83472,"name":"DateTimeProcess","version":3,"modelType":0,"description":"","stencilSetId":null,"createdByFullName":" Abbc","createdBy":8193,"lastUpdatedByFullName":" Abbc","lastUpdatedBy":8193,"lastUpdated":"2020-03-11T11:22:36.113+0000"},{"id":83471,"name":"visibility-process","version":3,"modelType":0,"description":"","stencilSetId":null,"createdByFullName":" Abbc","createdBy":8193,"lastUpdatedByFullName":" Abbc","lastUpdatedBy":8193,"lastUpdated":"2020-03-11T11:22:36.156+0000"},{"id":83470,"name":"AmountProcess","version":3,"modelType":0,"description":"","stencilSetId":null,"createdByFullName":" Abbc","createdBy":8193,"lastUpdatedByFullName":" Abbc","lastUpdatedBy":8193,"lastUpdated":"2020-03-11T11:22:36.196+0000"},{"id":83469,"name":"ALL_WIDGETS","version":3,"modelType":0,"description":null,"stencilSetId":null,"createdByFullName":" Abbc","createdBy":8193,"lastUpdatedByFullName":" Abbc","lastUpdatedBy":8193,"lastUpdated":"2020-03-11T11:22:36.230+0000"},{"id":83468,"name":"CheckboxVisibilityProcess","version":3,"modelType":0,"description":"","stencilSetId":null,"createdByFullName":" Abbc","createdBy":8193,"lastUpdatedByFullName":" Abbc","lastUpdatedBy":8193,"lastUpdated":"2020-03-11T11:22:36.277+0000"},{"id":83467,"name":"DropdownProcess","version":3,"modelType":0,"description":"","stencilSetId":null,"createdByFullName":" Abbc","createdBy":8193,"lastUpdatedByFullName":" Abbc","lastUpdatedBy":8193,"lastUpdated":"2020-03-11T11:22:36.340+0000"},{"id":83466,"name":"DynamicWidgetFormProcess","version":3,"modelType":0,"description":"","stencilSetId":null,"createdByFullName":" Abbc","createdBy":8193,"lastUpdatedByFullName":" Abbc","lastUpdatedBy":8193,"lastUpdated":"2020-03-11T11:22:36.377+0000"},{"id":83465,"name":"DateWidgetProcess","version":3,"modelType":0,"description":"","stencilSetId":null,"createdByFullName":" Abbc","createdBy":8193,"lastUpdatedByFullName":" Abbc","lastUpdatedBy":8193,"lastUpdated":"2020-03-11T11:22:36.410+0000"},{"id":83464,"name":"TextWidgetProcess","version":3,"modelType":0,"description":"","stencilSetId":null,"createdByFullName":" Abbc","createdBy":8193,"lastUpdatedByFullName":" Abbc","lastUpdatedBy":8193,"lastUpdated":"2020-03-11T11:22:36.443+0000"},{"id":83463,"name":"HeaderProcess","version":3,"modelType":0,"description":"","stencilSetId":null,"createdByFullName":" Abbc","createdBy":8193,"lastUpdatedByFullName":" Abbc","lastUpdatedBy":8193,"lastUpdated":"2020-03-11T11:22:36.489+0000"},{"id":83462,"name":"HyperlinkWidgetProcess","version":3,"modelType":0,"description":"","stencilSetId":null,"createdByFullName":" Abbc","createdBy":8193,"lastUpdatedByFullName":" Abbc","lastUpdatedBy":8193,"lastUpdated":"2020-03-11T11:22:36.529+0000"},{"id":83461,"name":"AddPeopleProcess","version":3,"modelType":0,"description":"","stencilSetId":null,"createdByFullName":" Abbc","createdBy":8193,"lastUpdatedByFullName":" Abbc","lastUpdatedBy":8193,"lastUpdated":"2020-03-11T11:22:36.561+0000"},{"id":83460,"name":"CheckboxWidgetProcess","version":3,"modelType":0,"description":"","stencilSetId":null,"createdByFullName":" Abbc","createdBy":8193,"lastUpdatedByFullName":" Abbc","lastUpdatedBy":8193,"lastUpdated":"2020-03-11T11:22:36.593+0000"},{"id":83459,"name":"NumberProcess","version":3,"modelType":0,"description":"","stencilSetId":null,"createdByFullName":" Abbc","createdBy":8193,"lastUpdatedByFullName":" Abbc","lastUpdatedBy":8193,"lastUpdated":"2020-03-11T11:22:36.625+0000"},{"id":83458,"name":"AttachDocumentProcess","version":3,"modelType":0,"description":"","stencilSetId":null,"createdByFullName":" Abbc","createdBy":8193,"lastUpdatedByFullName":" Abbc","lastUpdatedBy":8193,"lastUpdated":"2020-03-11T11:22:36.660+0000"},{"id":83457,"name":"RadioButtonsWidgetProcess","version":3,"modelType":0,"description":"","stencilSetId":null,"createdByFullName":" Abbc","createdBy":8193,"lastUpdatedByFullName":" Abbc","lastUpdatedBy":8193,"lastUpdated":"2020-03-11T11:22:36.694+0000"},{"id":83456,"name":"DynamicTableProcess","version":3,"modelType":0,"description":null,"stencilSetId":null,"createdByFullName":" Abbc","createdBy":8193,"lastUpdatedByFullName":" Abbc","lastUpdatedBy":8193,"lastUpdated":"2020-03-11T11:22:36.732+0000"},{"id":83455,"name":"UploadFolderProcess","version":3,"modelType":0,"description":"","stencilSetId":null,"createdByFullName":" Abbc","createdBy":8193,"lastUpdatedByFullName":" Abbc","lastUpdatedBy":8193,"lastUpdated":"2020-03-11T11:22:36.765+0000"}],"theme":"theme-5","icon":"glyphicon-cutlery","publishIdentityInfo":[]}}