{"name":"WidgetApps","description":"","definition":{"models":[{"id":11712,"name":"TextWidgetProcess","version":5,"modelType":0,"description":"","stencilSetId":0,"createdByFullName":"Test User","createdBy":651,"lastUpdatedByFullName":"Test User","lastUpdatedBy":651,"lastUpdated":"2018-10-15T14:51:08.077+0000"},{"id":11713,"name":"MultiWidgetProcess","version":5,"modelType":0,"description":"","stencilSetId":0,"createdByFullName":"Test User","createdBy":651,"lastUpdatedByFullName":"Test User","lastUpdatedBy":651,"lastUpdated":"2018-10-15T14:51:08.089+0000"}],"theme":"theme-6","icon":"glyphicon-cutlery","publishIdentityInfo":[]}}