{"id":"trigger-16ccc9e3-25ca-4a68-b88b-56ac85444fbb","name":"email-received","description":"","event":{"source":"email-service.EMAIL_RECEIVED","inputs":{"pattern":"triggerTest(?<text>.*)","echo":"OK ${text}","echoError":"NOK"}},"action":{"source":"command-consumer","payload":{"payloadType":"StartProcessPayload","processDefinitionKey":"Process_pgpYL6-VQ","variables":{"source":"email","emailBody":"${emailBody}","emailFrom":"${emailFrom}","emailSubject":"${emailSubject}","emailTo":"${emailTo}","event":"${matchGroups}","from":"${emailFrom}","to":"${emailTo}","message":"${emailBody}","matchinGroups":"${matchGroups}"}}}}