{"id":"trigger-7e8d215e-a01a-4f8d-b965-0f57de64fd3f","name":"file-updated","description":"","event":{"source":"content.FILE_UPDATED","inputs":{"parentFolder":"/Sites/connector-regression/documentLibrary/updated","nodeType":"ixr02:connector_testing_type","properties":{"ixr02:string_prop":"a.+"}}},"action":{"payload":{"payloadType":"StartProcessPayload","processDefinitionKey":"Process_8AhbwV1Z-","variables":{"event":"${resourceAfter}","file":"${file}","source":"updated"}},"source":"command-consumer"}}