{"id":"trigger-269139f7-cc4c-48ef-8edf-f2f234c55ea1","name":"folder-moved","description":"","event":{"source":"content.FOLDER_MOVED","inputs":{"parentFolder":"/Sites/connector-tests/documentLibrary/moved","sourceFolder":"/Sites/connector-regression/documentLibrary","targetFolder":"/Sites/connector-regression/documentLibrary/moved","nodeType":"cm:folder"}},"action":{"source":"command-consumer","payload":{"payloadType":"StartProcessPayload","processDefinitionKey":"Process_8AhbwV1Z-","variables":{"event":"${resourceAfter}","folder":"${folder}","source":"moved"}}}}