{"id":"trigger-c5e188ca-065b-4ce8-b1c4-2c03a2ddd64a","name":"slack-mention","description":"","event":{"source":"connector.slack.MESSAGE_RECEIVED","inputs":{"pattern":"trigger (?<text>.+)","echo":"OK, processing your request ${text}","echoError":"NOK, an error occurred","channelTypes":["mention"]}},"action":{"source":"command-consumer","payload":{"businessKey":"${slackChannelId}","name":"${slackChannelId}","payloadType":"StartProcessPayload","processDefinitionKey":"Process_8AhbwV1Z-","variables":{"channelId":"${slackChannelId}","userId":"${slackUserId}","text":"${originalMessage}"}}}}