{"id":"trigger-b13c1890-c6e5-4744-b5cf-7d21f9a96d33","name":"slack-message","description":"","event":{"source":"connector.slack.MESSAGE_RECEIVED","inputs":{"pattern":"triggerTest(?<text>.*)","echo":"OK ${text}","echoError":"NOK","channelTypes":["public-channel","direct-message","private-channel","mention"]}},"action":{"source":"command-consumer","payload":{"payloadType":"StartProcessPayload","processDefinitionKey":"Process_pgpYL6-VQ","variables":{"source":"slack","event":"${matchGroups}","text":"${originalMessage}","userId":"${slackUserId}","channelId":"${slackChannelId}","from":"${slackUserId}","to":"${slackChannelId}","message":"${originalMessage}","matchinGroups":"${matchGroups}"}}}}