{"id":"trigger-6798c9cf-28d3-4767-9975-e1887f9ba515","name":"sms-received","description":"","event":{"source":"connector.twilio.SMS_RECEIVED","inputs":{"pattern":"ALF (?<text>.+)","echo":"Thanks for your SMS. We are checking ${text}","echoError":"An error occurred"}},"action":{"source":"command-consumer","payload":{"businessKey":"${from}","name":"${from}","payloadType":"StartProcessPayload","processDefinitionKey":"Process_8AhbwV1Z-","variables":{"text":"${originalMessage}","event":"${matchGroups}","emailFrom":"${from}","emailTo":"${to}","emailSubject":"${originalMessage}"}}}}