<?xml version="1.0" encoding="UTF-8"?>
<model 
  xmlns="http://www.alfresco.org/model/dictionary/1.0" name="ixr02:ixr02">
  <description>
    <![CDATA[]]>
  </description>
  <author>superadminuser</author>
  <version>1.0</version>
  <imports>
    <import uri="http://www.alfresco.org/model/dictionary/1.0" prefix="d"/>
    <import uri="http://www.alfresco.org/model/content/1.0" prefix="cm"/></imports>
  <namespaces>
    <namespace uri="http://www.alfresco.org/model/ixr02" prefix="ixr02"/></namespaces>
  <constraints>
    <constraint name="ixr02:allowedString_prop" type="LENGTH">
      <parameter name="minLength">
        <value>0</value>
      </parameter>
      <parameter name="maxLength">
        <value>25</value>
      </parameter>
    </constraint>
    <constraint name="ixr02:allowedString_multi_prop" type="LIST">
      <parameter name="allowedValues">
        <list>
          <value>op1</value>
          <value>op2</value>
          <value>op3</value>
          <value>op4</value>
          <value>op5</value>
        </list>
      </parameter>
      <parameter name="sorted">
        <value>false</value>
      </parameter>
    </constraint>
    <constraint name="ixr02:allowedInt_prop" type="MINMAX">
      <parameter name="minValue">
        <value>0</value>
      </parameter>
      <parameter name="maxValue">
        <value>256</value>
      </parameter>
    </constraint>
    <constraint name="ixr02:allowedAsp_string_prop" type="REGEX">
      <parameter name="expression">
        <value>
          <![CDATA[[a-z]*]]>
        </value>
      </parameter>
      <parameter name="requiresMatch">
        <value>true</value>
      </parameter>
    </constraint>
  </constraints>
  <types>
    <type name="ixr02:connector_testing_type">
      <title>Connector Testing Type</title>
      <description/>
      <parent>cm:content</parent>
      <properties>
        <property name="ixr02:string_prop">
          <title>String Prop</title>
          <type>d:text</type>
          <index enabled="true">
            <tokenised>true</tokenised>
            <facetable>false</facetable>
          </index>
          <constraints>
            <constraint ref="ixr02:allowedString_prop"/></constraints>
        </property>
        <property name="ixr02:string_multi_prop">
          <title>String Multi Prop</title>
          <type>d:text</type>
          <multiple>true</multiple>
          <index enabled="true">
            <tokenised>false</tokenised>
            <facetable>true</facetable>
          </index>
          <constraints>
            <constraint ref="ixr02:allowedString_multi_prop"/></constraints>
        </property>
        <property name="ixr02:int_prop">
          <title>Integer Prop</title>
          <type>d:int</type>
          <constraints>
            <constraint ref="ixr02:allowedInt_prop"/></constraints>
        </property>
        <property name="ixr02:boolean_prop">
          <title>Boolean Property</title>
          <type>d:boolean</type>
          <default>true</default>
        </property>
        <property name="ixr02:date_time_prop">
          <title>Date Time Property</title>
          <type>d:datetime</type>
        </property>
        <property name="ixr02:date_prop">
          <title>Date Property</title>
          <type>d:date</type>
        </property>
        <property name="ixr02:long_prop">
          <title>Long Property</title>
          <type>d:long</type>
        </property>
        <property name="ixr02:float_prop">
          <title>Float Property</title>
          <type>d:float</type>
        </property>
        <property name="ixr02:double_prop">
          <title>Double Property</title>
          <type>d:double</type>
        </property>
      </properties>
    </type>
  </types>
  <aspects>
    <aspect name="ixr02:connector_testing_aspect">
      <title>Connector Testing Aspect</title>
      <description/>
      <parent/>
      <properties>
        <property name="ixr02:asp_string_prop">
          <title>String Prop</title>
          <type>d:text</type>
          <index enabled="true">
            <tokenised>true</tokenised>
            <facetable>false</facetable>
          </index>
          <constraints>
            <constraint ref="ixr02:allowedAsp_string_prop"/></constraints>
        </property>
        <property name="ixr02:asp_int_prop">
          <title>Aspect Integer Property</title>
          <type>d:int</type>
        </property>
      </properties>
    </aspect>
  </aspects>
</model>