<?xml version='1.0' encoding='UTF-8'?>
<definitions xmlns="http://www.omg.org/spec/BPMN/20100524/MODEL" xmlns:xsi="http://www.w3.org/2001/XMLSchema-instance" xmlns:xsd="http://www.w3.org/2001/XMLSchema" xmlns:activiti="http://activiti.org/bpmn" xmlns:bpmndi="http://www.omg.org/spec/BPMN/20100524/DI" xmlns:omgdc="http://www.omg.org/spec/DD/20100524/DC" xmlns:omgdi="http://www.omg.org/spec/DD/20100524/DI" typeLanguage="http://www.w3.org/2001/XMLSchema" expressionLanguage="http://www.w3.org/1999/XPath" targetNamespace="http://www.activiti.org/processdef" xmlns:modeler="http://activiti.com/modeler" modeler:version="1.0en" modeler:exportDateTime="20200310203833222" modeler:modelId="81176" modeler:modelVersion="4" modeler:modelLastUpdated="1583872710906" modeler:modelStencilSet="1">
  <process id="stencil_process" name="stencil_process" isExecutable="true">
    <startEvent id="startEvent1">
      <extensionElements>
        <modeler:editor-resource-id><![CDATA[startEvent1]]></modeler:editor-resource-id>
      </extensionElements>
    </startEvent>
    <userTask id="sid-938DA389-4394-4BAD-BD0C-161600C474C8" name="stencil task" activiti:assignee="$INITIATOR">
      <extensionElements>
        <modeler:allow-send-email><![CDATA[true]]></modeler:allow-send-email>
        <modeler:activiti-idm-initiator><![CDATA[true]]></modeler:activiti-idm-initiator>
        <modeler:initiator-can-complete><![CDATA[false]]></modeler:initiator-can-complete>
        <modeler:editor-resource-id><![CDATA[sid-938DA389-4394-4BAD-BD0C-161600C474C8]]></modeler:editor-resource-id>
      </extensionElements>
    </userTask>
    <sequenceFlow id="sid-A06DFEA9-F482-43D0-AC94-9313C7AF674F" sourceRef="startEvent1" targetRef="sid-938DA389-4394-4BAD-BD0C-161600C474C8">
      <extensionElements>
        <modeler:editor-resource-id><![CDATA[sid-A06DFEA9-F482-43D0-AC94-9313C7AF674F]]></modeler:editor-resource-id>
      </extensionElements>
    </sequenceFlow>
    <endEvent id="sid-F99ADE78-C73F-4CD0-8A05-3F93C286F927">
      <extensionElements>
        <modeler:editor-resource-id><![CDATA[sid-F99ADE78-C73F-4CD0-8A05-3F93C286F927]]></modeler:editor-resource-id>
      </extensionElements>
    </endEvent>
    <sequenceFlow id="sid-8C2E2D4D-CEFD-45F6-9DD6-06937E99B5B1" sourceRef="sid-938DA389-4394-4BAD-BD0C-161600C474C8" targetRef="sid-F99ADE78-C73F-4CD0-8A05-3F93C286F927">
      <extensionElements>
        <modeler:editor-resource-id><![CDATA[sid-8C2E2D4D-CEFD-45F6-9DD6-06937E99B5B1]]></modeler:editor-resource-id>
      </extensionElements>
    </sequenceFlow>
  </process>
  <bpmndi:BPMNDiagram id="BPMNDiagram_stencil_process">
    <bpmndi:BPMNPlane bpmnElement="stencil_process" id="BPMNPlane_stencil_process">
      <bpmndi:BPMNShape bpmnElement="startEvent1" id="BPMNShape_startEvent1">
        <omgdc:Bounds height="30.0" width="30.0" x="100.0" y="163.0"/>
      </bpmndi:BPMNShape>
      <bpmndi:BPMNShape bpmnElement="sid-938DA389-4394-4BAD-BD0C-161600C474C8" id="BPMNShape_sid-938DA389-4394-4BAD-BD0C-161600C474C8">
        <omgdc:Bounds height="80.0" width="100.0" x="224.0" y="139.0"/>
      </bpmndi:BPMNShape>
      <bpmndi:BPMNShape bpmnElement="sid-F99ADE78-C73F-4CD0-8A05-3F93C286F927" id="BPMNShape_sid-F99ADE78-C73F-4CD0-8A05-3F93C286F927">
        <omgdc:Bounds height="28.0" width="28.0" x="369.0" y="165.0"/>
      </bpmndi:BPMNShape>
      <bpmndi:BPMNEdge bpmnElement="sid-8C2E2D4D-CEFD-45F6-9DD6-06937E99B5B1" id="BPMNEdge_sid-8C2E2D4D-CEFD-45F6-9DD6-06937E99B5B1">
        <omgdi:waypoint x="324.0" y="179.0"/>
        <omgdi:waypoint x="369.0" y="179.0"/>
      </bpmndi:BPMNEdge>
      <bpmndi:BPMNEdge bpmnElement="sid-A06DFEA9-F482-43D0-AC94-9313C7AF674F" id="BPMNEdge_sid-A06DFEA9-F482-43D0-AC94-9313C7AF674F">
        <omgdi:waypoint x="129.99970334332073" y="178.09433775687623"/>
        <omgdi:waypoint x="224.0" y="178.68553459119497"/>
      </bpmndi:BPMNEdge>
    </bpmndi:BPMNPlane>
  </bpmndi:BPMNDiagram>
</definitions>