{"resourceId":81176,"properties":{"process_id":"stencil_process","name":"stencil_process","documentation":"","process_author":"","process_version":"","process_namespace":"http://www.activiti.org/processdef","executionlisteners":"{\"executionListeners\":[]}","eventlisteners":"{\"eventListeners\":[]}","signaldefinitions":"[]","messagedefinitions":"[]","executionvariables":"","metadata":""},"stencil":{"id":"BPMNDiagram"},"childShapes":[{"resourceId":"startEvent1","properties":{"overrideid":"startEvent1","name":"","documentation":"","executionlisteners":{"executionListeners":[]},"initiator":"","formkeydefinition":"","formreference":"","fieldstovariables":"","formproperties":"","asynchronousdefinition":false,"exclusivedefinition":false},"stencil":{"id":"StartNoneEvent"},"childShapes":[],"outgoing":[{"resourceId":"sid-A06DFEA9-F482-43D0-AC94-9313C7AF674F"}],"bounds":{"lowerRight":{"x":130,"y":193},"upperLeft":{"x":100,"y":163}},"dockers":[]},{"resourceId":"sid-938DA389-4394-4BAD-BD0C-161600C474C8","properties":{"overrideid":"sid-938DA389-4394-4BAD-BD0C-161600C474C8","name":"stencil task","documentation":"","asynchronousdefinition":false,"exclusivedefinition":false,"executionlisteners":{"executionListeners":[]},"multiinstance_type":"None","multiinstance_cardinality":"","multiinstance_collection":"","multiinstance_variable":"","multiinstance_condition":"","isforcompensation":false,"usertasksendemail":true,"usertaskassignment":{"assignment":{"type":"idm","idm":{"type":"initiator"}}},"formkeydefinition":"","formreference":"","fieldstovariables":"","duedatedefinition":"","prioritydefinition":"","categorydefinition":"","formproperties":"","tasklisteners":{"taskListeners":[]},"emailtemplate":""},"stencil":{"id":"UserTask"},"childShapes":[],"outgoing":[{"resourceId":"sid-8C2E2D4D-CEFD-45F6-9DD6-06937E99B5B1"}],"bounds":{"lowerRight":{"x":324,"y":219},"upperLeft":{"x":224,"y":139}},"dockers":[]},{"resourceId":"sid-A06DFEA9-F482-43D0-AC94-9313C7AF674F","properties":{"overrideid":"sid-A06DFEA9-F482-43D0-AC94-9313C7AF674F","name":"","documentation":"","conditionsequenceflow":"","executionlisteners":{"executionListeners":[]},"defaultflow":"false"},"stencil":{"id":"SequenceFlow"},"childShapes":[],"outgoing":[{"resourceId":"sid-938DA389-4394-4BAD-BD0C-161600C474C8"}],"bounds":{"lowerRight":{"x":223.31251977711196,"y":178.68121081620825},"upperLeft":{"x":130.90623022288804,"y":178.10003918379175}},"dockers":[{"x":15,"y":15},{"x":50,"y":40}],"target":{"resourceId":"sid-938DA389-4394-4BAD-BD0C-161600C474C8"}},{"resourceId":"sid-F99ADE78-C73F-4CD0-8A05-3F93C286F927","properties":{"overrideid":"sid-F99ADE78-C73F-4CD0-8A05-3F93C286F927","name":"","documentation":"","executionlisteners":{"executionListeners":[]},"asynchronousdefinition":false,"exclusivedefinition":false},"stencil":{"id":"EndNoneEvent"},"childShapes":[],"outgoing":[],"bounds":{"lowerRight":{"x":397,"y":193},"upperLeft":{"x":369,"y":165}},"dockers":[]},{"resourceId":"sid-8C2E2D4D-CEFD-45F6-9DD6-06937E99B5B1","properties":{"overrideid":"sid-8C2E2D4D-CEFD-45F6-9DD6-06937E99B5B1","name":"","documentation":"","conditionsequenceflow":"","executionlisteners":{"executionListeners":[]},"defaultflow":"false"},"stencil":{"id":"SequenceFlow"},"childShapes":[],"outgoing":[{"resourceId":"sid-F99ADE78-C73F-4CD0-8A05-3F93C286F927"}],"bounds":{"lowerRight":{"x":368.375,"y":179},"upperLeft":{"x":324.390625,"y":179}},"dockers":[{"x":50,"y":40},{"x":14,"y":14}],"target":{"resourceId":"sid-F99ADE78-C73F-4CD0-8A05-3F93C286F927"}}],"bounds":{"lowerRight":{"x":1200,"y":1050},"upperLeft":{"x":0,"y":0}},"stencilset":{"url":"stencilsets/bpmn2.0/bpmn2.0.json","namespace":"http://b3mn.org/stencilset/bpmn2.0#"},"ssextensions":[]}