<?xml version="1.0" encoding="UTF-8"?>
<bpmn2:definitions xmlns:xsi="http://www.w3.org/2001/XMLSchema-instance" xmlns:bpmn2="http://www.omg.org/spec/BPMN/20100524/MODEL" xmlns:bpmndi="http://www.omg.org/spec/BPMN/20100524/DI" xmlns:dc="http://www.omg.org/spec/DD/20100524/DC" xmlns:di="http://www.omg.org/spec/DD/20100524/DI" id="sample-diagram" targetNamespace="http://bpmn.io/schema/bpmn" xsi:schemaLocation="http://www.omg.org/spec/BPMN/20100524/MODEL BPMN20.xsd">
  <bpmn2:process id="process-b02cc1a0-5f0b-4c08-8066-9684b15c1c14" name="processwithvariables" isExecutable="true">
    <bpmn2:documentation />
    <bpmn2:callActivity id="CallActivity_0yv8ly5">
      <bpmn2:incoming>SequenceFlow_0quqiv8</bpmn2:incoming>
      <bpmn2:outgoing>SequenceFlow_031ygt3</bpmn2:outgoing>
    </bpmn2:callActivity>
    <bpmn2:endEvent id="EndEvent_02fpbxh">
      <bpmn2:incoming>SequenceFlow_031ygt3</bpmn2:incoming>
    </bpmn2:endEvent>
    <bpmn2:sequenceFlow id="SequenceFlow_031ygt3" sourceRef="CallActivity_0yv8ly5" targetRef="EndEvent_02fpbxh" />
    <bpmn2:startEvent id="StartEvent_0q6ztux">
      <bpmn2:outgoing>SequenceFlow_0quqiv8</bpmn2:outgoing>
    </bpmn2:startEvent>
    <bpmn2:sequenceFlow id="SequenceFlow_0quqiv8" sourceRef="StartEvent_0q6ztux" targetRef="CallActivity_0yv8ly5" />
  </bpmn2:process>
  <bpmndi:BPMNDiagram id="BPMNDiagram_1">
    <bpmndi:BPMNPlane id="BPMNPlane_1" bpmnElement="process-b02cc1a0-5f0b-4c08-8066-9684b15c1c14">
      <bpmndi:BPMNShape id="CallActivity_0yv8ly5_di" bpmnElement="CallActivity_0yv8ly5">
        <dc:Bounds x="103" y="182" width="100" height="80" />
      </bpmndi:BPMNShape>
      <bpmndi:BPMNShape id="EndEvent_02fpbxh_di" bpmnElement="EndEvent_02fpbxh">
        <dc:Bounds x="250" y="90" width="36" height="36" />
      </bpmndi:BPMNShape>
      <bpmndi:BPMNEdge id="SequenceFlow_031ygt3_di" bpmnElement="SequenceFlow_031ygt3">
        <di:waypoint x="203" y="222" />
        <di:waypoint x="227" y="222" />
        <di:waypoint x="227" y="108" />
        <di:waypoint x="250" y="108" />
      </bpmndi:BPMNEdge>
      <bpmndi:BPMNShape id="StartEvent_0q6ztux_di" bpmnElement="StartEvent_0q6ztux">
        <dc:Bounds x="-19" y="172" width="36" height="36" />
      </bpmndi:BPMNShape>
      <bpmndi:BPMNEdge id="SequenceFlow_0quqiv8_di" bpmnElement="SequenceFlow_0quqiv8">
        <di:waypoint x="17" y="190" />
        <di:waypoint x="60" y="190" />
        <di:waypoint x="60" y="222" />
        <di:waypoint x="103" y="222" />
      </bpmndi:BPMNEdge>
    </bpmndi:BPMNPlane>
  </bpmndi:BPMNDiagram>
</bpmn2:definitions>
